--bd_testrefs

delete from md_db_relation where startattrid in (select id from md_property where classid in ('affb8f4c-2ebe-4d6d-b005-dca59fddcc36','@@@@' ) )  and starttableid in ('qc_contactortype','@@@@');
delete from md_ORMap where ATTRIBUTEID in(select id from md_property where classid in ('affb8f4c-2ebe-4d6d-b005-dca59fddcc36','@@@@' ) )  and tableid in ('qc_contactortype','@@@@') ;
delete from md_table where id not in (select distinct tableid from md_ormap );
delete from md_column where  tableid in('qc_contactortype','@@@@') and id not in(select distinct columnid from md_ormap) and (nvl(groupid ,'~')='~' or groupid = id )  and name <> 'extend_bean_tag' ;
delete from md_column where tableid in ('qc_contactortype','@@@@')and groupid is not null and groupid not in( select distinct id from md_column where tableid in ('qc_contactortype','@@@@') ) ;
delete from md_db_relation where starttableid not in (select id from md_table);
delete from md_property where classID in (select distinct id from md_class where componentID='9dfdee27-1f38-46f7-902d-38f10d262acb'  )  ;
delete from md_association where componentID = '9dfdee27-1f38-46f7-902d-38f10d262acb'  ;
delete from md_bizItfMap where classID in (select distinct id from md_class where componentID='9dfdee27-1f38-46f7-902d-38f10d262acb'  );
delete from md_bizItfMap where classID in ( select id from md_opInterface where componentID = '9dfdee27-1f38-46f7-902d-38f10d262acb'  );
delete from md_accessorPara where id in (select distinct id from md_class where componentID='9dfdee27-1f38-46f7-902d-38f10d262acb'  );
delete from md_enumValue where id in (select distinct id from md_class where componentID='9dfdee27-1f38-46f7-902d-38f10d262acb'  ) ;
delete from md_class where componentID = '9dfdee27-1f38-46f7-902d-38f10d262acb'  ;
delete from md_component where id = '9dfdee27-1f38-46f7-902d-38f10d262acb' ;
delete from md_table where (id='qc_contactortype');
delete from md_column where (id='qc_contactortype@@PK@@');
delete from md_column where (id='qc_contactortype@@@creator');
delete from md_column where (id='qc_contactortype@@@creationtime');
delete from md_column where (id='qc_contactortype@@@modifier');
delete from md_column where (id='qc_contactortype@@@modifiedtime');
delete from md_column where (id='qc_contactortype@@@code');
delete from md_column where (id='qc_contactortype@@@name');
delete from md_column where (id='qc_contactortype@@@pk_group');
delete from md_column where (id='qc_contactortype@@@pk_org');
delete from md_column where (id='qc_contactortype@@@pk_productserial');


insert into md_component ( createtime, creator, description, displayname, dr, fromsourcebmf, help, id, industry, isbizmodel, modifier, modifytime, name, namespace, ownmodule, preload, resid, resmodule, ts, version, versiontype ) values (  '2018-11-12 10:45:57', 'yonyouBQ', null, '触点类型',0, 'Y', null, '9dfdee27-1f38-46f7-902d-38f10d262acb', '0', 'N', 'yonyouBQ', '2018-11-12 18:50:45', 'qccontactortype', 'qcco', 'qcco', null, null, 'qccontactortype', '2018-11-12 21:59:37', '7',0 ) ;
insert into md_class ( id, accessorclassname, classtype, componentid, createtime, creator, description, displayname, dr, fullclassname, help, isactive, keyattribute, modifier, modifytime, name, parentclassid, precise, refmodelname, returntype, ts, versiontype, isprimary, defaulttablename, stereotype, isauthen, resid, bizitfimpclassname, modinfoclassname, iscreatesql, isextendbean, userdefclassname, industry, fixedlength ) values (  'affb8f4c-2ebe-4d6d-b005-dca59fddcc36', 'nc.md.model.access.javamap.NCBeanStyle',201, '9dfdee27-1f38-46f7-902d-38f10d262acb', '2018-11-12 10:46:10', 'yonyouBQ', null, '触点类型',0, 'nc.vo.qcco.qccontactortype.ContactorTypeVO', null, null, '0b207f12-a1b7-4d37-b945-83a2cdb03cb4', 'yonyouBQ', '2018-11-12 18:51:50', 'contactortype', null,null, null, null, '2018-11-12 21:59:37',0, 'Y', 'qc_contactortype', null, 'Y', null, null, null, 'Y', null, null, '0', null ) ;
insert into md_property ( id, accessorclassname, classid, createtime, creator, datatype, datatypestyle, defaultvalue, description, displayname, dr, help, isactive, hided, nullable, readonly, attrlength, attrmaxvalue, attrminvalue, modifier, modifytime, name, precise, refmodelname, attrsequence, ts, visibility, versiontype, fixedlength, calculation, isauthen, resid, customattr, notserialize, dynamicattr, dynamictable, accesspower, accesspowergroup, industry ) values (  '0b207f12-a1b7-4d37-b945-83a2cdb03cb4', null, 'affb8f4c-2ebe-4d6d-b005-dca59fddcc36', null, null, 'BS000010000100001051',300, null, null, '主键',0, null, 'Y', 'N', 'N', 'N',20, null, null, null, null, 'pk_contactortype',0, null,0, '2018-11-12 21:59:37',0,0, 'N', 'N', 'Y', null, 'N', 'N', 'N', null, 'N', null, '0' ) ;
insert into md_property ( id, accessorclassname, classid, createtime, creator, datatype, datatypestyle, defaultvalue, description, displayname, dr, help, isactive, hided, nullable, readonly, attrlength, attrmaxvalue, attrminvalue, modifier, modifytime, name, precise, refmodelname, attrsequence, ts, visibility, versiontype, fixedlength, calculation, isauthen, resid, customattr, notserialize, dynamicattr, dynamictable, accesspower, accesspowergroup, industry ) values (  '718ee781-f3e8-4379-9e03-b310acda8fac', null, 'affb8f4c-2ebe-4d6d-b005-dca59fddcc36', null, null, 'f6f9a473-56c0-432f-8bc7-fbf8fde54fee',305, null, null, '创建人',0, null, 'Y', 'N', 'Y', 'N',20, null, null, null, null, 'creator',0, '用户',1, '2018-11-12 21:59:37',0,0, 'N', 'N', 'Y', null, 'N', 'N', 'N', null, 'N', null, '0' ) ;
insert into md_property ( id, accessorclassname, classid, createtime, creator, datatype, datatypestyle, defaultvalue, description, displayname, dr, help, isactive, hided, nullable, readonly, attrlength, attrmaxvalue, attrminvalue, modifier, modifytime, name, precise, refmodelname, attrsequence, ts, visibility, versiontype, fixedlength, calculation, isauthen, resid, customattr, notserialize, dynamicattr, dynamictable, accesspower, accesspowergroup, industry ) values (  '89958cbc-039c-45c7-a3c9-7df4c062869a', null, 'affb8f4c-2ebe-4d6d-b005-dca59fddcc36', null, null, 'BS000010000100001034',300, null, null, '创建时间',0, null, 'Y', 'N', 'Y', 'N',19, null, null, null, null, 'creationtime',0, null,2, '2018-11-12 21:59:37',0,0, 'N', 'N', 'Y', null, 'N', 'N', 'N', null, 'N', null, '0' ) ;
insert into md_property ( id, accessorclassname, classid, createtime, creator, datatype, datatypestyle, defaultvalue, description, displayname, dr, help, isactive, hided, nullable, readonly, attrlength, attrmaxvalue, attrminvalue, modifier, modifytime, name, precise, refmodelname, attrsequence, ts, visibility, versiontype, fixedlength, calculation, isauthen, resid, customattr, notserialize, dynamicattr, dynamictable, accesspower, accesspowergroup, industry ) values (  '53500e39-a4c2-464d-adbf-d9fc24eb3811', null, 'affb8f4c-2ebe-4d6d-b005-dca59fddcc36', null, null, 'f6f9a473-56c0-432f-8bc7-fbf8fde54fee',305, null, null, '修改人',0, null, 'Y', 'N', 'Y', 'N',20, null, null, null, null, 'modifier',0, '用户',3, '2018-11-12 21:59:37',0,0, 'N', 'N', 'Y', null, 'N', 'N', 'N', null, 'N', null, '0' ) ;
insert into md_property ( id, accessorclassname, classid, createtime, creator, datatype, datatypestyle, defaultvalue, description, displayname, dr, help, isactive, hided, nullable, readonly, attrlength, attrmaxvalue, attrminvalue, modifier, modifytime, name, precise, refmodelname, attrsequence, ts, visibility, versiontype, fixedlength, calculation, isauthen, resid, customattr, notserialize, dynamicattr, dynamictable, accesspower, accesspowergroup, industry ) values (  '037c7ff3-930f-4cf9-8bb7-b94e1df9f88e', null, 'affb8f4c-2ebe-4d6d-b005-dca59fddcc36', null, null, 'BS000010000100001034',300, null, null, '修改时间',0, null, 'Y', 'N', 'Y', 'N',19, null, null, null, null, 'modifiedtime',0, null,4, '2018-11-12 21:59:37',0,0, 'N', 'N', 'Y', null, 'N', 'N', 'N', null, 'N', null, '0' ) ;
insert into md_property ( id, accessorclassname, classid, createtime, creator, datatype, datatypestyle, defaultvalue, description, displayname, dr, help, isactive, hided, nullable, readonly, attrlength, attrmaxvalue, attrminvalue, modifier, modifytime, name, precise, refmodelname, attrsequence, ts, visibility, versiontype, fixedlength, calculation, isauthen, resid, customattr, notserialize, dynamicattr, dynamictable, accesspower, accesspowergroup, industry ) values (  '342f7da6-c808-441d-92c1-380fd233ea77', null, 'affb8f4c-2ebe-4d6d-b005-dca59fddcc36', null, null, 'BS000010000100001001',300, null, null, '编码',0, null, 'Y', 'N', 'Y', 'N',50, null, null, null, null, 'code',0, null,5, '2018-11-12 21:59:37',0,0, 'N', 'N', 'Y', null, 'N', 'N', 'N', null, 'N', null, '0' ) ;
insert into md_property ( id, accessorclassname, classid, createtime, creator, datatype, datatypestyle, defaultvalue, description, displayname, dr, help, isactive, hided, nullable, readonly, attrlength, attrmaxvalue, attrminvalue, modifier, modifytime, name, precise, refmodelname, attrsequence, ts, visibility, versiontype, fixedlength, calculation, isauthen, resid, customattr, notserialize, dynamicattr, dynamictable, accesspower, accesspowergroup, industry ) values (  '20dd7b33-ebc5-4f1b-b1a9-6f48a5c8682f', null, 'affb8f4c-2ebe-4d6d-b005-dca59fddcc36', null, null, 'BS000010000100001001',300, null, null, '名称',0, null, 'Y', 'N', 'Y', 'N',50, null, null, null, null, 'name',0, null,6, '2018-11-12 21:59:37',0,0, 'N', 'N', 'Y', null, 'N', 'N', 'N', null, 'N', null, '0' ) ;
insert into md_property ( id, accessorclassname, classid, createtime, creator, datatype, datatypestyle, defaultvalue, description, displayname, dr, help, isactive, hided, nullable, readonly, attrlength, attrmaxvalue, attrminvalue, modifier, modifytime, name, precise, refmodelname, attrsequence, ts, visibility, versiontype, fixedlength, calculation, isauthen, resid, customattr, notserialize, dynamicattr, dynamictable, accesspower, accesspowergroup, industry ) values (  '48494dab-8da5-445c-a1a8-94244f68ca35', null, 'affb8f4c-2ebe-4d6d-b005-dca59fddcc36', null, null, '3b6dd171-2900-47f3-bfbe-41e4483a2a65',305, null, null, '集团',0, null, 'Y', 'N', 'Y', 'N',20, null, null, null, null, 'pk_group',0, null,7, '2018-11-12 21:59:37',0,0, 'N', 'N', 'Y', null, 'N', 'N', 'N', null, 'N', null, '0' ) ;
insert into md_property ( id, accessorclassname, classid, createtime, creator, datatype, datatypestyle, defaultvalue, description, displayname, dr, help, isactive, hided, nullable, readonly, attrlength, attrmaxvalue, attrminvalue, modifier, modifytime, name, precise, refmodelname, attrsequence, ts, visibility, versiontype, fixedlength, calculation, isauthen, resid, customattr, notserialize, dynamicattr, dynamictable, accesspower, accesspowergroup, industry ) values (  '5454bcaa-771c-46af-809c-76e4fc0822c5', null, 'affb8f4c-2ebe-4d6d-b005-dca59fddcc36', null, null, '985be8a4-3a36-4778-8afe-2d8ed3902659',305, null, null, '组织',0, null, 'Y', 'N', 'Y', 'N',20, null, null, null, null, 'pk_org',0, null,8, '2018-11-12 21:59:37',0,0, 'N', 'N', 'Y', null, 'N', 'N', 'N', null, 'N', null, '0' ) ;
insert into md_property ( id, accessorclassname, classid, createtime, creator, datatype, datatypestyle, defaultvalue, description, displayname, dr, help, isactive, hided, nullable, readonly, attrlength, attrmaxvalue, attrminvalue, modifier, modifytime, name, precise, refmodelname, attrsequence, ts, visibility, versiontype, fixedlength, calculation, isauthen, resid, customattr, notserialize, dynamicattr, dynamictable, accesspower, accesspowergroup, industry ) values (  'a49fbd93-54d5-408f-b305-4931cb522017', null, 'affb8f4c-2ebe-4d6d-b005-dca59fddcc36', null, null, '1001AA100000000001H7',305, null, null, '产品系列',0, null, 'Y', 'N', 'Y', 'N',20, null, null, null, null, 'pk_productserial',0, '产品系列(自定义档案)',9, '2018-11-12 21:59:37',0,0, 'N', 'N', 'Y', null, 'N', 'N', 'N', null, 'N', null, '0' ) ;
insert into md_bizItfMap ( bizinterfaceid, intattrid, classid, classattrid, bizitfimpclassname, classattrpath, dr, ts ) values (  '2b226ae1-aad9-4abe-a405-36bcacaa94a8', 'e5a2aef6-8d58-416a-b8b7-4dd10e13d788', 'affb8f4c-2ebe-4d6d-b005-dca59fddcc36', '718ee781-f3e8-4379-9e03-b310acda8fac', null, null,0, '2018-11-12 21:59:37' ) ;
insert into md_bizItfMap ( bizinterfaceid, intattrid, classid, classattrid, bizitfimpclassname, classattrpath, dr, ts ) values (  '2b226ae1-aad9-4abe-a405-36bcacaa94a8', '49b6b1ae-cd5b-4b54-99cd-a6bb9fee7343', 'affb8f4c-2ebe-4d6d-b005-dca59fddcc36', '89958cbc-039c-45c7-a3c9-7df4c062869a', null, null,0, '2018-11-12 21:59:37' ) ;
insert into md_bizItfMap ( bizinterfaceid, intattrid, classid, classattrid, bizitfimpclassname, classattrpath, dr, ts ) values (  '2b226ae1-aad9-4abe-a405-36bcacaa94a8', '54c42368-5a43-4295-a7d4-74d276eed522', 'affb8f4c-2ebe-4d6d-b005-dca59fddcc36', '53500e39-a4c2-464d-adbf-d9fc24eb3811', null, null,0, '2018-11-12 21:59:37' ) ;
insert into md_bizItfMap ( bizinterfaceid, intattrid, classid, classattrid, bizitfimpclassname, classattrpath, dr, ts ) values (  '2b226ae1-aad9-4abe-a405-36bcacaa94a8', '0abfd569-b9cf-4c44-a8d9-45979c083b08', 'affb8f4c-2ebe-4d6d-b005-dca59fddcc36', '037c7ff3-930f-4cf9-8bb7-b94e1df9f88e', null, null,0, '2018-11-12 21:59:37' ) ;
insert into md_bizItfMap ( bizinterfaceid, intattrid, classid, classattrid, bizitfimpclassname, classattrpath, dr, ts ) values (  '6c8722b9-911a-489b-8d0d-18bd3734fcf6', '5dd3c721-22ad-42b1-9c10-4351c236bc77', 'affb8f4c-2ebe-4d6d-b005-dca59fddcc36', '0b207f12-a1b7-4d37-b945-83a2cdb03cb4', null, null,0, '2018-11-12 21:59:37' ) ;
insert into md_bizItfMap ( bizinterfaceid, intattrid, classid, classattrid, bizitfimpclassname, classattrpath, dr, ts ) values (  '6c8722b9-911a-489b-8d0d-18bd3734fcf6', 'c8334364-7ab9-4266-8d4b-e74537935e46', 'affb8f4c-2ebe-4d6d-b005-dca59fddcc36', null, null, null,0, '2018-11-12 21:59:37' ) ;
insert into md_bizItfMap ( bizinterfaceid, intattrid, classid, classattrid, bizitfimpclassname, classattrpath, dr, ts ) values (  '6c8722b9-911a-489b-8d0d-18bd3734fcf6', 'ecf1b76a-6e44-42e2-a55e-87596504775b', 'affb8f4c-2ebe-4d6d-b005-dca59fddcc36', '5454bcaa-771c-46af-809c-76e4fc0822c5', null, null,0, '2018-11-12 21:59:37' ) ;
insert into md_bizItfMap ( bizinterfaceid, intattrid, classid, classattrid, bizitfimpclassname, classattrpath, dr, ts ) values (  '6c8722b9-911a-489b-8d0d-18bd3734fcf6', 'd32cc17b-f415-415a-923f-0764443eb102', 'affb8f4c-2ebe-4d6d-b005-dca59fddcc36', '342f7da6-c808-441d-92c1-380fd233ea77', null, null,0, '2018-11-12 21:59:37' ) ;
insert into md_bizItfMap ( bizinterfaceid, intattrid, classid, classattrid, bizitfimpclassname, classattrpath, dr, ts ) values (  '6c8722b9-911a-489b-8d0d-18bd3734fcf6', '89578a97-42fe-439b-827c-8eabd9e3604c', 'affb8f4c-2ebe-4d6d-b005-dca59fddcc36', '20dd7b33-ebc5-4f1b-b1a9-6f48a5c8682f', null, null,0, '2018-11-12 21:59:37' ) ;
insert into md_bizItfMap ( bizinterfaceid, intattrid, classid, classattrid, bizitfimpclassname, classattrpath, dr, ts ) values (  '6c8722b9-911a-489b-8d0d-18bd3734fcf6', 'a47e6cda-09e4-480b-923f-ec6f41e3e06c', 'affb8f4c-2ebe-4d6d-b005-dca59fddcc36', '48494dab-8da5-445c-a1a8-94244f68ca35', null, null,0, '2018-11-12 21:59:37' ) ;
insert into md_association ( id, componentid, creator, createtime, dr, endcardinality, startbeanid, endelementid, isactive, modifier, modifytime, name, startcardinality, startelementid, ts, type, versiontype, industry ) values (  '8baa4e61-1f59-4d16-ab9b-f77a91709016', '9dfdee27-1f38-46f7-902d-38f10d262acb', null, null,0, '1', 'affb8f4c-2ebe-4d6d-b005-dca59fddcc36', 'f6f9a473-56c0-432f-8bc7-fbf8fde54fee', 'Y', null, null, 'contactortype_creator', '1', '718ee781-f3e8-4379-9e03-b310acda8fac', '2018-11-12 21:59:37',3,0, '0' ) ;
insert into md_association ( id, componentid, creator, createtime, dr, endcardinality, startbeanid, endelementid, isactive, modifier, modifytime, name, startcardinality, startelementid, ts, type, versiontype, industry ) values (  '382ce021-0563-468e-9fc5-fb1759bacedd', '9dfdee27-1f38-46f7-902d-38f10d262acb', null, null,0, '1', 'affb8f4c-2ebe-4d6d-b005-dca59fddcc36', 'f6f9a473-56c0-432f-8bc7-fbf8fde54fee', 'Y', null, null, 'contactortype_modifier', '1', '53500e39-a4c2-464d-adbf-d9fc24eb3811', '2018-11-12 21:59:37',3,0, '0' ) ;
insert into md_association ( id, componentid, creator, createtime, dr, endcardinality, startbeanid, endelementid, isactive, modifier, modifytime, name, startcardinality, startelementid, ts, type, versiontype, industry ) values (  'fcc34355-1c16-4718-8d71-799a681e5952', '9dfdee27-1f38-46f7-902d-38f10d262acb', null, null,0, '1', 'affb8f4c-2ebe-4d6d-b005-dca59fddcc36', '3b6dd171-2900-47f3-bfbe-41e4483a2a65', 'Y', null, null, 'contactortype_pk_group', '1', '48494dab-8da5-445c-a1a8-94244f68ca35', '2018-11-12 21:59:37',3,0, '0' ) ;
insert into md_association ( id, componentid, creator, createtime, dr, endcardinality, startbeanid, endelementid, isactive, modifier, modifytime, name, startcardinality, startelementid, ts, type, versiontype, industry ) values (  '287ae1b9-20be-40ef-a1d8-0bc97fff4961', '9dfdee27-1f38-46f7-902d-38f10d262acb', null, null,0, '1', 'affb8f4c-2ebe-4d6d-b005-dca59fddcc36', '985be8a4-3a36-4778-8afe-2d8ed3902659', 'Y', null, null, 'contactortype_pk_org', '1', '5454bcaa-771c-46af-809c-76e4fc0822c5', '2018-11-12 21:59:37',3,0, '0' ) ;
insert into md_association ( id, componentid, creator, createtime, dr, endcardinality, startbeanid, endelementid, isactive, modifier, modifytime, name, startcardinality, startelementid, ts, type, versiontype, industry ) values (  'fe96de7d-15e7-44e2-96d0-47ef4dfb86b3', '9dfdee27-1f38-46f7-902d-38f10d262acb', null, null,0, '1', 'affb8f4c-2ebe-4d6d-b005-dca59fddcc36', '1001AA100000000001H7', 'Y', null, null, 'contactortype_pk_productserial', '1', 'a49fbd93-54d5-408f-b305-4931cb522017', '2018-11-12 21:59:37',3,0, '0' ) ;
insert into md_table ( id, createtime, creator, databaseid, description, displayname, dr, help, isactive, fromsourcebmf, modifier, modifytime, name, ts, versiontype, resmodule, resid, parenttable, isextendtable, industry ) values (  'qc_contactortype', '2018-11-12 10:46:10', 'yonyouBQ', null, null, '触点类型',0, null, null, 'Y', 'yonyouBQ', '2018-11-12 18:51:50', 'qc_contactortype', '2018-11-12 21:59:37',0, 'qccontactortype', null, null, null, '0' ) ;
insert into md_column ( id, sqldatetype, createtime, creator, defaultvalue, description, displayname, dr, help, incrementseed, incrementstep, isactive, identitied, pkey, nullable, columnlength, modifier, modifytime, name, precise, columnsequence, tableid, ts, versiontype, resid, groupid, columntype, forlocale ) values (  'qc_contactortype@@PK@@', 'char', null, null, null, null, '主键',0, null,null,null, 'Y', null, 'Y', 'N',20, null, null, 'pk_contactortype',0,0, 'qc_contactortype', '2018-11-12 21:59:37',0, null, null,0, 'N' ) ;
insert into md_column ( id, sqldatetype, createtime, creator, defaultvalue, description, displayname, dr, help, incrementseed, incrementstep, isactive, identitied, pkey, nullable, columnlength, modifier, modifytime, name, precise, columnsequence, tableid, ts, versiontype, resid, groupid, columntype, forlocale ) values (  'qc_contactortype@@@creator', 'varchar', null, null, '*~', null, '创建人',0, null,null,null, 'Y', null, 'N', 'Y',20, null, null, 'creator',0,1, 'qc_contactortype', '2018-11-12 21:59:37',0, null, null,0, 'N' ) ;
insert into md_column ( id, sqldatetype, createtime, creator, defaultvalue, description, displayname, dr, help, incrementseed, incrementstep, isactive, identitied, pkey, nullable, columnlength, modifier, modifytime, name, precise, columnsequence, tableid, ts, versiontype, resid, groupid, columntype, forlocale ) values (  'qc_contactortype@@@creationtime', 'char', null, null, null, null, '创建时间',0, null,null,null, 'Y', null, 'N', 'Y',19, null, null, 'creationtime',0,2, 'qc_contactortype', '2018-11-12 21:59:37',0, null, null,0, 'N' ) ;
insert into md_column ( id, sqldatetype, createtime, creator, defaultvalue, description, displayname, dr, help, incrementseed, incrementstep, isactive, identitied, pkey, nullable, columnlength, modifier, modifytime, name, precise, columnsequence, tableid, ts, versiontype, resid, groupid, columntype, forlocale ) values (  'qc_contactortype@@@modifier', 'varchar', null, null, '*~', null, '修改人',0, null,null,null, 'Y', null, 'N', 'Y',20, null, null, 'modifier',0,3, 'qc_contactortype', '2018-11-12 21:59:37',0, null, null,0, 'N' ) ;
insert into md_column ( id, sqldatetype, createtime, creator, defaultvalue, description, displayname, dr, help, incrementseed, incrementstep, isactive, identitied, pkey, nullable, columnlength, modifier, modifytime, name, precise, columnsequence, tableid, ts, versiontype, resid, groupid, columntype, forlocale ) values (  'qc_contactortype@@@modifiedtime', 'char', null, null, null, null, '修改时间',0, null,null,null, 'Y', null, 'N', 'Y',19, null, null, 'modifiedtime',0,4, 'qc_contactortype', '2018-11-12 21:59:37',0, null, null,0, 'N' ) ;
insert into md_column ( id, sqldatetype, createtime, creator, defaultvalue, description, displayname, dr, help, incrementseed, incrementstep, isactive, identitied, pkey, nullable, columnlength, modifier, modifytime, name, precise, columnsequence, tableid, ts, versiontype, resid, groupid, columntype, forlocale ) values (  'qc_contactortype@@@code', 'varchar', null, null, null, null, '编码',0, null,null,null, 'Y', null, 'N', 'Y',50, null, null, 'code',0,5, 'qc_contactortype', '2018-11-12 21:59:37',0, null, null,0, 'N' ) ;
insert into md_column ( id, sqldatetype, createtime, creator, defaultvalue, description, displayname, dr, help, incrementseed, incrementstep, isactive, identitied, pkey, nullable, columnlength, modifier, modifytime, name, precise, columnsequence, tableid, ts, versiontype, resid, groupid, columntype, forlocale ) values (  'qc_contactortype@@@name', 'varchar', null, null, null, null, '名称',0, null,null,null, 'Y', null, 'N', 'Y',50, null, null, 'name',0,6, 'qc_contactortype', '2018-11-12 21:59:37',0, null, null,0, 'N' ) ;
insert into md_column ( id, sqldatetype, createtime, creator, defaultvalue, description, displayname, dr, help, incrementseed, incrementstep, isactive, identitied, pkey, nullable, columnlength, modifier, modifytime, name, precise, columnsequence, tableid, ts, versiontype, resid, groupid, columntype, forlocale ) values (  'qc_contactortype@@@pk_group', 'varchar', null, null, '*~', null, '集团',0, null,null,null, 'Y', null, 'N', 'Y',20, null, null, 'pk_group',0,7, 'qc_contactortype', '2018-11-12 21:59:37',0, null, null,0, 'N' ) ;
insert into md_column ( id, sqldatetype, createtime, creator, defaultvalue, description, displayname, dr, help, incrementseed, incrementstep, isactive, identitied, pkey, nullable, columnlength, modifier, modifytime, name, precise, columnsequence, tableid, ts, versiontype, resid, groupid, columntype, forlocale ) values (  'qc_contactortype@@@pk_org', 'varchar', null, null, '*~', null, '组织',0, null,null,null, 'Y', null, 'N', 'Y',20, null, null, 'pk_org',0,8, 'qc_contactortype', '2018-11-12 21:59:37',0, null, null,0, 'N' ) ;
insert into md_column ( id, sqldatetype, createtime, creator, defaultvalue, description, displayname, dr, help, incrementseed, incrementstep, isactive, identitied, pkey, nullable, columnlength, modifier, modifytime, name, precise, columnsequence, tableid, ts, versiontype, resid, groupid, columntype, forlocale ) values (  'qc_contactortype@@@pk_productserial', 'varchar', null, null, '*~', null, '产品系列',0, null,null,null, 'Y', null, 'N', 'Y',20, null, null, 'pk_productserial',0,9, 'qc_contactortype', '2018-11-12 21:59:37',0, null, null,0, 'N' ) ;
insert into md_ORMap ( attributeid, classid, columnid, dr, tableid, ts ) values (  '20dd7b33-ebc5-4f1b-b1a9-6f48a5c8682f', 'affb8f4c-2ebe-4d6d-b005-dca59fddcc36', 'qc_contactortype@@@name',0, 'qc_contactortype', '2018-11-12 21:59:37' ) ;
insert into md_ORMap ( attributeid, classid, columnid, dr, tableid, ts ) values (  '037c7ff3-930f-4cf9-8bb7-b94e1df9f88e', 'affb8f4c-2ebe-4d6d-b005-dca59fddcc36', 'qc_contactortype@@@modifiedtime',0, 'qc_contactortype', '2018-11-12 21:59:37' ) ;
insert into md_ORMap ( attributeid, classid, columnid, dr, tableid, ts ) values (  '48494dab-8da5-445c-a1a8-94244f68ca35', 'affb8f4c-2ebe-4d6d-b005-dca59fddcc36', 'qc_contactortype@@@pk_group',0, 'qc_contactortype', '2018-11-12 21:59:37' ) ;
insert into md_ORMap ( attributeid, classid, columnid, dr, tableid, ts ) values (  '342f7da6-c808-441d-92c1-380fd233ea77', 'affb8f4c-2ebe-4d6d-b005-dca59fddcc36', 'qc_contactortype@@@code',0, 'qc_contactortype', '2018-11-12 21:59:37' ) ;
insert into md_ORMap ( attributeid, classid, columnid, dr, tableid, ts ) values (  '0b207f12-a1b7-4d37-b945-83a2cdb03cb4', 'affb8f4c-2ebe-4d6d-b005-dca59fddcc36', 'qc_contactortype@@PK@@',0, 'qc_contactortype', '2018-11-12 21:59:37' ) ;
insert into md_ORMap ( attributeid, classid, columnid, dr, tableid, ts ) values (  '5454bcaa-771c-46af-809c-76e4fc0822c5', 'affb8f4c-2ebe-4d6d-b005-dca59fddcc36', 'qc_contactortype@@@pk_org',0, 'qc_contactortype', '2018-11-12 21:59:37' ) ;
insert into md_ORMap ( attributeid, classid, columnid, dr, tableid, ts ) values (  '53500e39-a4c2-464d-adbf-d9fc24eb3811', 'affb8f4c-2ebe-4d6d-b005-dca59fddcc36', 'qc_contactortype@@@modifier',0, 'qc_contactortype', '2018-11-12 21:59:37' ) ;
insert into md_ORMap ( attributeid, classid, columnid, dr, tableid, ts ) values (  '718ee781-f3e8-4379-9e03-b310acda8fac', 'affb8f4c-2ebe-4d6d-b005-dca59fddcc36', 'qc_contactortype@@@creator',0, 'qc_contactortype', '2018-11-12 21:59:37' ) ;
insert into md_ORMap ( attributeid, classid, columnid, dr, tableid, ts ) values (  'a49fbd93-54d5-408f-b305-4931cb522017', 'affb8f4c-2ebe-4d6d-b005-dca59fddcc36', 'qc_contactortype@@@pk_productserial',0, 'qc_contactortype', '2018-11-12 21:59:37' ) ;
insert into md_ORMap ( attributeid, classid, columnid, dr, tableid, ts ) values (  '89958cbc-039c-45c7-a3c9-7df4c062869a', 'affb8f4c-2ebe-4d6d-b005-dca59fddcc36', 'qc_contactortype@@@creationtime',0, 'qc_contactortype', '2018-11-12 21:59:37' ) ;


create table bd_testrefs (
pk_testrefs char(20) NOT NULL,
creator varchar(20) default '~' NULL,
creationtime char(19) NULL,
modifier varchar(20) default '~' NULL,
modifiedtime char(19) NULL,
pk_group varchar(20) default '~' NULL,
pk_org varchar(20) default '~' NULL,
code varchar(50) NULL,
name varchar(50) NULL,
stdminvalue decimal(28,8) NULL,
stdmaxvalue decimal(28,8) NULL,
pk_unit varchar(20) default '~' NULL,
pk_productserial varchar(20) default '~' NULL,
pk_entstandard varchar(20) default '~' NULL,
pk_modelno varchar(20) default '~' NULL,
pk_structtype varchar(20) default '~' NULL,
pk_contactortype varchar(20) default '~' NULL,
pk_testtemp varchar(20) default '~' NULL,
parameterways int NOT NULL,
CONSTRAINT PK_BD_TESTREFS PRIMARY KEY (pk_testrefs),
ts char(19) NULL,
dr smallint default 0 
);


--qc_analysemethod
delete from md_db_relation where startattrid in (select id from md_property where classid in ('48bf60f8-75c2-42cf-b409-688b26458f06','b66ada77-7f51-43aa-8a55-75b8e0b23fac','@@@@' ) )  and starttableid in ('qc_analysemethod','qc_analysecondition','@@@@');
delete from md_ORMap where ATTRIBUTEID in(select id from md_property where classid in ('48bf60f8-75c2-42cf-b409-688b26458f06','b66ada77-7f51-43aa-8a55-75b8e0b23fac','@@@@' ) )  and tableid in ('qc_analysemethod','qc_analysecondition','@@@@') ;
delete from md_table where id not in (select distinct tableid from md_ormap );
delete from md_column where  tableid in('qc_analysemethod','qc_analysecondition','@@@@') and id not in(select distinct columnid from md_ormap) and (nvl(groupid ,'~')='~' or groupid = id )  and name <> 'extend_bean_tag' ;
delete from md_column where tableid in ('qc_analysemethod','qc_analysecondition','@@@@')and groupid is not null and groupid not in( select distinct id from md_column where tableid in ('qc_analysemethod','qc_analysecondition','@@@@') ) ;
delete from md_db_relation where starttableid not in (select id from md_table);
delete from md_property where classID in (select distinct id from md_class where componentID='ef1bb346-23d1-4ab6-b5f8-ef85f0846183'  )  ;
delete from md_association where componentID = 'ef1bb346-23d1-4ab6-b5f8-ef85f0846183'  ;
delete from md_bizItfMap where classID in (select distinct id from md_class where componentID='ef1bb346-23d1-4ab6-b5f8-ef85f0846183'  );
delete from md_bizItfMap where classID in ( select id from md_opInterface where componentID = 'ef1bb346-23d1-4ab6-b5f8-ef85f0846183'  );
delete from md_accessorPara where id in (select distinct id from md_class where componentID='ef1bb346-23d1-4ab6-b5f8-ef85f0846183'  );
delete from md_enumValue where id in (select distinct id from md_class where componentID='ef1bb346-23d1-4ab6-b5f8-ef85f0846183'  ) ;
delete from md_class where componentID = 'ef1bb346-23d1-4ab6-b5f8-ef85f0846183'  ;
delete from md_component where id = 'ef1bb346-23d1-4ab6-b5f8-ef85f0846183' ;
delete from md_table where (id='qc_analysemethod');
delete from md_table where (id='qc_analysecondition');
delete from md_column where (id='qc_analysemethod@@PK@@');
delete from md_column where (id='qc_analysemethod@@@pk_group');
delete from md_column where (id='qc_analysemethod@@@pk_org');
delete from md_column where (id='qc_analysemethod@@@pk_org_v');
delete from md_column where (id='qc_analysemethod@@@creator');
delete from md_column where (id='qc_analysemethod@@@creationtime');
delete from md_column where (id='qc_analysemethod@@@modifier');
delete from md_column where (id='qc_analysemethod@@@modifiedtime');
delete from md_column where (id='qc_analysemethod@@@code');
delete from md_column where (id='qc_analysemethod@@@name');
delete from md_column where (id='qc_analysemethod@@@pk_analyzetype');
delete from md_column where (id='qc_analysemethod@@@maketime');
delete from md_column where (id='qc_analysemethod@@@lastmaketime');
delete from md_column where (id='qc_analysemethod@@@dmakedate');
delete from md_column where (id='qc_analysemethod@@@pk_productserial');
delete from md_column where (id='qc_analysemethod@@@pk_entstandard');
delete from md_column where (id='qc_analysemethod@@@pk_testlist');
delete from md_column where (id='qc_analysemethod@@@pk_reportedname');
delete from md_column where (id='qc_analysemethod@@@pk_tanalysismethod');
delete from md_column where (id='qc_analysemethod@@@description');
delete from md_column where (id='qc_analysecondition@@PK@@');
delete from md_column where (id='qc_analysecondition@@@name');
delete from md_column where (id='qc_analysecondition@@@pk_valuetype');
delete from md_column where (id='qc_analysecondition@@@rowno');
delete from md_column where (id='qc_analysecondition@@@valuestring');
delete from md_column where (id='qc_analysecondition@@@pk_analysemethod');


insert into md_component ( createtime, creator, description, displayname, dr, fromsourcebmf, help, id, industry, isbizmodel, modifier, modifytime, name, namespace, ownmodule, preload, resid, resmodule, ts, version, versiontype ) values (  '2018-11-17 16:38:58', 'yonyouBQ', null, '分析方法',0, 'Y', null, 'ef1bb346-23d1-4ab6-b5f8-ef85f0846183', '0', 'N', 'yonyouBQ', '2018-11-24 11:22:42', 'qcanalysemethod', 'qcco', 'qcco', null, null, 'qcanalysemethod', '2018-11-24 14:01:58', '27',0 ) ;
insert into md_class ( id, accessorclassname, classtype, componentid, createtime, creator, description, displayname, dr, fullclassname, help, isactive, keyattribute, modifier, modifytime, name, parentclassid, precise, refmodelname, returntype, ts, versiontype, isprimary, defaulttablename, stereotype, isauthen, resid, bizitfimpclassname, modinfoclassname, iscreatesql, isextendbean, userdefclassname, industry, fixedlength ) values (  '48bf60f8-75c2-42cf-b409-688b26458f06', 'nc.md.model.access.javamap.AggVOStyle',201, 'ef1bb346-23d1-4ab6-b5f8-ef85f0846183', '2018-11-17 16:39:10', 'yonyouBQ', null, '分析方法',0, 'nc.vo.qcco.qcanalysemethod.AnalyseMethodHVO', null, null, 'c988b379-c43e-4293-a33a-5024d8d759c2', 'yonyouBQ', '2018-11-24 12:50:22', 'analysemethod', null,null, null, null, '2018-11-24 14:01:58',0, 'Y', 'qc_analysemethod', null, 'Y', null, null, null, 'Y', null, null, '0', null ) ;
insert into md_class ( id, accessorclassname, classtype, componentid, createtime, creator, description, displayname, dr, fullclassname, help, isactive, keyattribute, modifier, modifytime, name, parentclassid, precise, refmodelname, returntype, ts, versiontype, isprimary, defaulttablename, stereotype, isauthen, resid, bizitfimpclassname, modinfoclassname, iscreatesql, isextendbean, userdefclassname, industry, fixedlength ) values (  'b66ada77-7f51-43aa-8a55-75b8e0b23fac', 'nc.md.model.access.javamap.POJOStyle',201, 'ef1bb346-23d1-4ab6-b5f8-ef85f0846183', '2018-11-17 16:45:44', 'yonyouBQ', null, '测试条件',0, 'nc.vo.qcco.qcanalysemethod.AnalyseConditionBVO', null, null, '6d77e11a-774c-464c-a9bd-bf3ca6df1d82', 'yonyouBQ', '2018-11-24 12:50:22', 'analysecondition', null,null, null, null, '2018-11-24 14:01:58',0, 'N', 'qc_analysecondition', null, 'Y', null, null, null, 'Y', null, null, '0', null ) ;
insert into md_property ( id, accessorclassname, classid, createtime, creator, datatype, datatypestyle, defaultvalue, description, displayname, dr, help, isactive, hided, nullable, readonly, attrlength, attrmaxvalue, attrminvalue, modifier, modifytime, name, precise, refmodelname, attrsequence, ts, visibility, versiontype, fixedlength, calculation, isauthen, resid, customattr, notserialize, dynamicattr, dynamictable, accesspower, accesspowergroup, industry ) values (  'c988b379-c43e-4293-a33a-5024d8d759c2', null, '48bf60f8-75c2-42cf-b409-688b26458f06', null, null, 'BS000010000100001051',300, null, null, '主键',0, null, 'Y', 'N', 'N', 'N',20, null, null, null, null, 'pk_analysemethod',0, null,0, '2018-11-24 14:01:58',0,0, 'N', 'N', 'Y', null, 'N', 'N', 'N', null, 'N', null, '0' ) ;
insert into md_property ( id, accessorclassname, classid, createtime, creator, datatype, datatypestyle, defaultvalue, description, displayname, dr, help, isactive, hided, nullable, readonly, attrlength, attrmaxvalue, attrminvalue, modifier, modifytime, name, precise, refmodelname, attrsequence, ts, visibility, versiontype, fixedlength, calculation, isauthen, resid, customattr, notserialize, dynamicattr, dynamictable, accesspower, accesspowergroup, industry ) values (  '71064d18-c6fd-4301-a91f-8ea5a64d5050', 'nc.md.model.access.BodyOfAggVOAccessor', '48bf60f8-75c2-42cf-b409-688b26458f06', null, null, 'b66ada77-7f51-43aa-8a55-75b8e0b23fac',301, null, null, '测试条件主键',0, null, 'Y', 'N', 'Y', 'N',0, null, null, null, null, 'pk_analysecondition',0, null,1, '2018-11-24 14:01:58',0,0, 'N', 'N', 'Y', null, 'N', 'N', 'N', null, 'N', null, '0' ) ;
insert into md_property ( id, accessorclassname, classid, createtime, creator, datatype, datatypestyle, defaultvalue, description, displayname, dr, help, isactive, hided, nullable, readonly, attrlength, attrmaxvalue, attrminvalue, modifier, modifytime, name, precise, refmodelname, attrsequence, ts, visibility, versiontype, fixedlength, calculation, isauthen, resid, customattr, notserialize, dynamicattr, dynamictable, accesspower, accesspowergroup, industry ) values (  'e36549c3-f28a-4ef8-9cc9-1b585323d2c4', null, '48bf60f8-75c2-42cf-b409-688b26458f06', null, null, '3b6dd171-2900-47f3-bfbe-41e4483a2a65',305, null, null, '集团',0, null, 'Y', 'N', 'Y', 'N',20, null, null, null, null, 'pk_group',0, null,2, '2018-11-24 14:01:58',0,0, 'N', 'N', 'Y', null, 'N', 'N', 'N', null, 'N', null, '0' ) ;
insert into md_property ( id, accessorclassname, classid, createtime, creator, datatype, datatypestyle, defaultvalue, description, displayname, dr, help, isactive, hided, nullable, readonly, attrlength, attrmaxvalue, attrminvalue, modifier, modifytime, name, precise, refmodelname, attrsequence, ts, visibility, versiontype, fixedlength, calculation, isauthen, resid, customattr, notserialize, dynamicattr, dynamictable, accesspower, accesspowergroup, industry ) values (  '75054ad1-7ee3-4233-b8b1-2277b02104cc', null, '48bf60f8-75c2-42cf-b409-688b26458f06', null, null, '985be8a4-3a36-4778-8afe-2d8ed3902659',305, null, null, '组织',0, null, 'Y', 'N', 'Y', 'N',20, null, null, null, null, 'pk_org',0, null,3, '2018-11-24 14:01:58',0,0, 'N', 'N', 'Y', null, 'N', 'N', 'N', null, 'N', null, '0' ) ;
insert into md_property ( id, accessorclassname, classid, createtime, creator, datatype, datatypestyle, defaultvalue, description, displayname, dr, help, isactive, hided, nullable, readonly, attrlength, attrmaxvalue, attrminvalue, modifier, modifytime, name, precise, refmodelname, attrsequence, ts, visibility, versiontype, fixedlength, calculation, isauthen, resid, customattr, notserialize, dynamicattr, dynamictable, accesspower, accesspowergroup, industry ) values (  'eb8cb1be-51e4-4215-8f9d-fc93d3bde172', null, '48bf60f8-75c2-42cf-b409-688b26458f06', null, null, 'da7bba89-9a59-42d6-a262-c13ef459dbd9',305, null, null, '组织版本',0, null, 'Y', 'N', 'Y', 'N',20, null, null, null, null, 'pk_org_v',0, null,4, '2018-11-24 14:01:58',0,0, 'N', 'N', 'Y', null, 'N', 'N', 'N', null, 'N', null, '0' ) ;
insert into md_property ( id, accessorclassname, classid, createtime, creator, datatype, datatypestyle, defaultvalue, description, displayname, dr, help, isactive, hided, nullable, readonly, attrlength, attrmaxvalue, attrminvalue, modifier, modifytime, name, precise, refmodelname, attrsequence, ts, visibility, versiontype, fixedlength, calculation, isauthen, resid, customattr, notserialize, dynamicattr, dynamictable, accesspower, accesspowergroup, industry ) values (  '94faa8e6-1cbf-4083-83f7-2518a8212305', null, '48bf60f8-75c2-42cf-b409-688b26458f06', null, null, 'f6f9a473-56c0-432f-8bc7-fbf8fde54fee',305, null, null, '创建人',0, null, 'Y', 'N', 'Y', 'N',20, null, null, null, null, 'creator',0, '用户',5, '2018-11-24 14:01:58',0,0, 'N', 'N', 'Y', null, 'N', 'N', 'N', null, 'N', null, '0' ) ;
insert into md_property ( id, accessorclassname, classid, createtime, creator, datatype, datatypestyle, defaultvalue, description, displayname, dr, help, isactive, hided, nullable, readonly, attrlength, attrmaxvalue, attrminvalue, modifier, modifytime, name, precise, refmodelname, attrsequence, ts, visibility, versiontype, fixedlength, calculation, isauthen, resid, customattr, notserialize, dynamicattr, dynamictable, accesspower, accesspowergroup, industry ) values (  '6cb99576-ea06-475d-9514-90a2398a7a00', null, '48bf60f8-75c2-42cf-b409-688b26458f06', null, null, 'BS000010000100001034',300, null, null, '创建时间',0, null, 'Y', 'N', 'Y', 'N',19, null, null, null, null, 'creationtime',0, null,6, '2018-11-24 14:01:58',0,0, 'N', 'N', 'Y', null, 'N', 'N', 'N', null, 'N', null, '0' ) ;
insert into md_property ( id, accessorclassname, classid, createtime, creator, datatype, datatypestyle, defaultvalue, description, displayname, dr, help, isactive, hided, nullable, readonly, attrlength, attrmaxvalue, attrminvalue, modifier, modifytime, name, precise, refmodelname, attrsequence, ts, visibility, versiontype, fixedlength, calculation, isauthen, resid, customattr, notserialize, dynamicattr, dynamictable, accesspower, accesspowergroup, industry ) values (  '29d5f0e9-ddb0-4af0-9480-407aaed056de', null, '48bf60f8-75c2-42cf-b409-688b26458f06', null, null, 'f6f9a473-56c0-432f-8bc7-fbf8fde54fee',305, null, null, '修改人',0, null, 'Y', 'N', 'Y', 'N',20, null, null, null, null, 'modifier',0, '用户',7, '2018-11-24 14:01:58',0,0, 'N', 'N', 'Y', null, 'N', 'N', 'N', null, 'N', null, '0' ) ;
insert into md_property ( id, accessorclassname, classid, createtime, creator, datatype, datatypestyle, defaultvalue, description, displayname, dr, help, isactive, hided, nullable, readonly, attrlength, attrmaxvalue, attrminvalue, modifier, modifytime, name, precise, refmodelname, attrsequence, ts, visibility, versiontype, fixedlength, calculation, isauthen, resid, customattr, notserialize, dynamicattr, dynamictable, accesspower, accesspowergroup, industry ) values (  '739abc09-4185-4ffb-88e4-575f4d546856', null, '48bf60f8-75c2-42cf-b409-688b26458f06', null, null, 'BS000010000100001034',300, null, null, '修改时间',0, null, 'Y', 'N', 'Y', 'N',19, null, null, null, null, 'modifiedtime',0, null,8, '2018-11-24 14:01:58',0,0, 'N', 'N', 'Y', null, 'N', 'N', 'N', null, 'N', null, '0' ) ;
insert into md_property ( id, accessorclassname, classid, createtime, creator, datatype, datatypestyle, defaultvalue, description, displayname, dr, help, isactive, hided, nullable, readonly, attrlength, attrmaxvalue, attrminvalue, modifier, modifytime, name, precise, refmodelname, attrsequence, ts, visibility, versiontype, fixedlength, calculation, isauthen, resid, customattr, notserialize, dynamicattr, dynamictable, accesspower, accesspowergroup, industry ) values (  'bbcd3084-56f3-4b80-9d25-66deafd29249', null, '48bf60f8-75c2-42cf-b409-688b26458f06', null, null, 'BS000010000100001001',300, null, null, '编码',0, null, 'Y', 'N', 'Y', 'N',50, null, null, null, null, 'code',0, null,9, '2018-11-24 14:01:58',0,0, 'N', 'N', 'Y', null, 'N', 'N', 'N', null, 'N', null, '0' ) ;
insert into md_property ( id, accessorclassname, classid, createtime, creator, datatype, datatypestyle, defaultvalue, description, displayname, dr, help, isactive, hided, nullable, readonly, attrlength, attrmaxvalue, attrminvalue, modifier, modifytime, name, precise, refmodelname, attrsequence, ts, visibility, versiontype, fixedlength, calculation, isauthen, resid, customattr, notserialize, dynamicattr, dynamictable, accesspower, accesspowergroup, industry ) values (  'dda395eb-199d-48c0-9f66-438ca5e3681b', null, '48bf60f8-75c2-42cf-b409-688b26458f06', null, null, 'BS000010000100001001',300, null, null, '名称',0, null, 'Y', 'N', 'Y', 'N',50, null, null, null, null, 'name',0, null,10, '2018-11-24 14:01:58',0,0, 'N', 'N', 'Y', null, 'N', 'N', 'N', null, 'N', null, '0' ) ;
insert into md_property ( id, accessorclassname, classid, createtime, creator, datatype, datatypestyle, defaultvalue, description, displayname, dr, help, isactive, hided, nullable, readonly, attrlength, attrmaxvalue, attrminvalue, modifier, modifytime, name, precise, refmodelname, attrsequence, ts, visibility, versiontype, fixedlength, calculation, isauthen, resid, customattr, notserialize, dynamicattr, dynamictable, accesspower, accesspowergroup, industry ) values (  'c3d5bab9-2d90-43be-b49e-65e38745b9ff', null, '48bf60f8-75c2-42cf-b409-688b26458f06', null, null, '1001AA10000000000O12',305, null, null, '分析类型',0, null, 'Y', 'N', 'Y', 'N',20, null, null, null, null, 'pk_analyzetype',0, '分析类型(自定义档案)',11, '2018-11-24 14:01:58',0,0, 'N', 'N', 'Y', null, 'N', 'N', 'N', null, 'N', null, '0' ) ;
insert into md_property ( id, accessorclassname, classid, createtime, creator, datatype, datatypestyle, defaultvalue, description, displayname, dr, help, isactive, hided, nullable, readonly, attrlength, attrmaxvalue, attrminvalue, modifier, modifytime, name, precise, refmodelname, attrsequence, ts, visibility, versiontype, fixedlength, calculation, isauthen, resid, customattr, notserialize, dynamicattr, dynamictable, accesspower, accesspowergroup, industry ) values (  'e58080f8-15b3-4676-9508-f48f12fa7054', null, '48bf60f8-75c2-42cf-b409-688b26458f06', null, null, 'BS000010000100001034',300, null, null, '制单时间',0, null, 'Y', 'N', 'Y', 'N',19, null, null, null, null, 'maketime',0, null,12, '2018-11-24 14:01:58',0,0, 'N', 'N', 'Y', null, 'N', 'N', 'N', null, 'N', null, '0' ) ;
insert into md_property ( id, accessorclassname, classid, createtime, creator, datatype, datatypestyle, defaultvalue, description, displayname, dr, help, isactive, hided, nullable, readonly, attrlength, attrmaxvalue, attrminvalue, modifier, modifytime, name, precise, refmodelname, attrsequence, ts, visibility, versiontype, fixedlength, calculation, isauthen, resid, customattr, notserialize, dynamicattr, dynamictable, accesspower, accesspowergroup, industry ) values (  'da938e9c-b894-4dd1-9aee-7353e0ac856a', null, '48bf60f8-75c2-42cf-b409-688b26458f06', null, null, 'BS000010000100001034',300, null, null, '最后修改时间',0, null, 'Y', 'N', 'Y', 'N',19, null, null, null, null, 'lastmaketime',0, null,13, '2018-11-24 14:01:58',0,0, 'N', 'N', 'Y', null, 'N', 'N', 'N', null, 'N', null, '0' ) ;
insert into md_property ( id, accessorclassname, classid, createtime, creator, datatype, datatypestyle, defaultvalue, description, displayname, dr, help, isactive, hided, nullable, readonly, attrlength, attrmaxvalue, attrminvalue, modifier, modifytime, name, precise, refmodelname, attrsequence, ts, visibility, versiontype, fixedlength, calculation, isauthen, resid, customattr, notserialize, dynamicattr, dynamictable, accesspower, accesspowergroup, industry ) values (  '4d753967-fc3b-4bc6-9d1d-d56611f1832f', null, '48bf60f8-75c2-42cf-b409-688b26458f06', null, null, 'BS000010000100001033',300, null, null, '制单日期',0, null, 'Y', 'N', 'Y', 'N',19, null, null, null, null, 'dmakedate',0, null,14, '2018-11-24 14:01:58',0,0, 'N', 'N', 'Y', null, 'N', 'N', 'N', null, 'N', null, '0' ) ;
insert into md_property ( id, accessorclassname, classid, createtime, creator, datatype, datatypestyle, defaultvalue, description, displayname, dr, help, isactive, hided, nullable, readonly, attrlength, attrmaxvalue, attrminvalue, modifier, modifytime, name, precise, refmodelname, attrsequence, ts, visibility, versiontype, fixedlength, calculation, isauthen, resid, customattr, notserialize, dynamicattr, dynamictable, accesspower, accesspowergroup, industry ) values (  '5885490e-4761-4d34-a011-d38bafda0d84', null, '48bf60f8-75c2-42cf-b409-688b26458f06', null, null, '1001AA100000000001H7',305, null, null, '产品系列',0, null, 'Y', 'N', 'Y', 'N',20, null, null, null, null, 'pk_productserial',0, '产品系列(自定义档案)',15, '2018-11-24 14:01:58',0,0, 'N', 'N', 'Y', null, 'N', 'N', 'N', null, 'N', null, '0' ) ;
insert into md_property ( id, accessorclassname, classid, createtime, creator, datatype, datatypestyle, defaultvalue, description, displayname, dr, help, isactive, hided, nullable, readonly, attrlength, attrmaxvalue, attrminvalue, modifier, modifytime, name, precise, refmodelname, attrsequence, ts, visibility, versiontype, fixedlength, calculation, isauthen, resid, customattr, notserialize, dynamicattr, dynamictable, accesspower, accesspowergroup, industry ) values (  '15afcbfe-9979-48cb-a300-7ad5bbeeb149', null, '48bf60f8-75c2-42cf-b409-688b26458f06', null, null, '5a60d728-ef33-4b77-a7f7-d763f34112e1',305, null, null, '企业标准',0, null, 'Y', 'N', 'Y', 'N',20, null, null, null, null, 'pk_entstandard',0, null,16, '2018-11-24 14:01:58',0,0, 'N', 'N', 'Y', null, 'N', 'N', 'N', null, 'N', null, '0' ) ;
insert into md_property ( id, accessorclassname, classid, createtime, creator, datatype, datatypestyle, defaultvalue, description, displayname, dr, help, isactive, hided, nullable, readonly, attrlength, attrmaxvalue, attrminvalue, modifier, modifytime, name, precise, refmodelname, attrsequence, ts, visibility, versiontype, fixedlength, calculation, isauthen, resid, customattr, notserialize, dynamicattr, dynamictable, accesspower, accesspowergroup, industry ) values (  'cbb47732-5295-4e9c-82c9-d7bfba9e749b', null, '48bf60f8-75c2-42cf-b409-688b26458f06', null, null, '1001AA10000000002IAC',305, null, null, 'TestList',0, null, 'Y', 'N', 'Y', 'N',20, null, null, null, null, 'pk_testlist',0, 'TestList(自定义档案)',17, '2018-11-24 14:01:58',0,0, 'N', 'N', 'Y', null, 'N', 'N', 'N', null, 'N', null, '0' ) ;
insert into md_property ( id, accessorclassname, classid, createtime, creator, datatype, datatypestyle, defaultvalue, description, displayname, dr, help, isactive, hided, nullable, readonly, attrlength, attrmaxvalue, attrminvalue, modifier, modifytime, name, precise, refmodelname, attrsequence, ts, visibility, versiontype, fixedlength, calculation, isauthen, resid, customattr, notserialize, dynamicattr, dynamictable, accesspower, accesspowergroup, industry ) values (  '00026a7d-c1c4-43f4-9c3d-829ab0bb4b4d', null, '48bf60f8-75c2-42cf-b409-688b26458f06', null, null, '1001AA10000000002IBL',305, null, null, 'ReportedName',0, null, 'Y', 'N', 'Y', 'N',20, null, null, null, null, 'pk_reportedname',0, 'ReportedName(自定义档案)',18, '2018-11-24 14:01:58',0,0, 'N', 'N', 'Y', null, 'N', 'N', 'N', null, 'N', null, '0' ) ;
insert into md_property ( id, accessorclassname, classid, createtime, creator, datatype, datatypestyle, defaultvalue, description, displayname, dr, help, isactive, hided, nullable, readonly, attrlength, attrmaxvalue, attrminvalue, modifier, modifytime, name, precise, refmodelname, attrsequence, ts, visibility, versiontype, fixedlength, calculation, isauthen, resid, customattr, notserialize, dynamicattr, dynamictable, accesspower, accesspowergroup, industry ) values (  'dc0ceb70-a79d-4684-ab85-1d082ede8b18', null, '48bf60f8-75c2-42cf-b409-688b26458f06', null, null, '1001AA10000000002ICU',305, null, null, 'TAnalysisMethod',0, null, 'Y', 'N', 'Y', 'N',20, null, null, null, null, 'pk_tanalysismethod',0, 'TAnalysisMethod(自定义档案)',19, '2018-11-24 14:01:58',0,0, 'N', 'N', 'Y', null, 'N', 'N', 'N', null, 'N', null, '0' ) ;
insert into md_property ( id, accessorclassname, classid, createtime, creator, datatype, datatypestyle, defaultvalue, description, displayname, dr, help, isactive, hided, nullable, readonly, attrlength, attrmaxvalue, attrminvalue, modifier, modifytime, name, precise, refmodelname, attrsequence, ts, visibility, versiontype, fixedlength, calculation, isauthen, resid, customattr, notserialize, dynamicattr, dynamictable, accesspower, accesspowergroup, industry ) values (  '802b903e-4533-4faa-a61b-8587d1341d9b', null, '48bf60f8-75c2-42cf-b409-688b26458f06', null, null, 'BS000010000100001030',300, null, null, '描述',0, null, 'Y', 'N', 'Y', 'N',200, null, null, null, null, 'description',0, null,20, '2018-11-24 14:01:58',0,0, 'N', 'N', 'Y', null, 'N', 'N', 'N', null, 'N', null, '0' ) ;
insert into md_property ( id, accessorclassname, classid, createtime, creator, datatype, datatypestyle, defaultvalue, description, displayname, dr, help, isactive, hided, nullable, readonly, attrlength, attrmaxvalue, attrminvalue, modifier, modifytime, name, precise, refmodelname, attrsequence, ts, visibility, versiontype, fixedlength, calculation, isauthen, resid, customattr, notserialize, dynamicattr, dynamictable, accesspower, accesspowergroup, industry ) values (  '6d77e11a-774c-464c-a9bd-bf3ca6df1d82', null, 'b66ada77-7f51-43aa-8a55-75b8e0b23fac', null, null, 'BS000010000100001051',300, null, null, '子表主键',0, null, 'Y', 'N', 'N', 'N',20, null, null, null, null, 'pk_analysecondition',0, null,0, '2018-11-24 14:01:58',0,0, 'N', 'N', 'Y', null, 'N', 'N', 'N', null, 'N', null, '0' ) ;
insert into md_property ( id, accessorclassname, classid, createtime, creator, datatype, datatypestyle, defaultvalue, description, displayname, dr, help, isactive, hided, nullable, readonly, attrlength, attrmaxvalue, attrminvalue, modifier, modifytime, name, precise, refmodelname, attrsequence, ts, visibility, versiontype, fixedlength, calculation, isauthen, resid, customattr, notserialize, dynamicattr, dynamictable, accesspower, accesspowergroup, industry ) values (  '6d73024c-9667-46fd-bcb8-adf8f8d4d254', null, 'b66ada77-7f51-43aa-8a55-75b8e0b23fac', null, null, 'BS000010000100001001',300, null, null, '测试条件名称',0, null, 'Y', 'N', 'Y', 'N',200, null, null, null, null, 'name',0, null,1, '2018-11-24 14:01:58',0,0, 'N', 'N', 'Y', null, 'N', 'N', 'N', null, 'N', null, '0' ) ;
insert into md_property ( id, accessorclassname, classid, createtime, creator, datatype, datatypestyle, defaultvalue, description, displayname, dr, help, isactive, hided, nullable, readonly, attrlength, attrmaxvalue, attrminvalue, modifier, modifytime, name, precise, refmodelname, attrsequence, ts, visibility, versiontype, fixedlength, calculation, isauthen, resid, customattr, notserialize, dynamicattr, dynamictable, accesspower, accesspowergroup, industry ) values (  'fa03c9bf-9e23-4108-9c0a-00d82dd86a0c', null, 'b66ada77-7f51-43aa-8a55-75b8e0b23fac', null, null, '32f9293c-8094-4e7b-ba8a-21bbcfb17a5d',305, null, null, '值类型',0, null, 'Y', 'N', 'Y', 'N',20, null, null, null, null, 'pk_valuetype',0, null,2, '2018-11-24 14:01:58',0,0, 'N', 'N', 'Y', null, 'N', 'N', 'N', null, 'N', null, '0' ) ;
insert into md_property ( id, accessorclassname, classid, createtime, creator, datatype, datatypestyle, defaultvalue, description, displayname, dr, help, isactive, hided, nullable, readonly, attrlength, attrmaxvalue, attrminvalue, modifier, modifytime, name, precise, refmodelname, attrsequence, ts, visibility, versiontype, fixedlength, calculation, isauthen, resid, customattr, notserialize, dynamicattr, dynamictable, accesspower, accesspowergroup, industry ) values (  '1004caed-38ba-407f-918f-28edf64ee6e0', null, 'b66ada77-7f51-43aa-8a55-75b8e0b23fac', null, null, 'BS000010000100001001',300, null, null, '行号',0, null, 'Y', 'N', 'Y', 'N',50, null, null, null, null, 'rowno',0, null,3, '2018-11-24 14:01:58',0,0, 'N', 'N', 'Y', null, 'N', 'N', 'N', null, 'N', null, '0' ) ;
insert into md_property ( id, accessorclassname, classid, createtime, creator, datatype, datatypestyle, defaultvalue, description, displayname, dr, help, isactive, hided, nullable, readonly, attrlength, attrmaxvalue, attrminvalue, modifier, modifytime, name, precise, refmodelname, attrsequence, ts, visibility, versiontype, fixedlength, calculation, isauthen, resid, customattr, notserialize, dynamicattr, dynamictable, accesspower, accesspowergroup, industry ) values (  'd29eab3d-0466-4278-8237-7b3b8a3a1c91', null, 'b66ada77-7f51-43aa-8a55-75b8e0b23fac', null, null, 'BS000010000100001001',300, null, null, '取值显示',0, null, 'Y', 'N', 'Y', 'N',50, null, null, null, null, 'valuestring',0, null,4, '2018-11-24 14:01:58',0,0, 'N', 'N', 'Y', null, 'N', 'N', 'N', null, 'N', null, '0' ) ;
insert into md_accessorPara ( id, dr, paravalue, assosequence, ts, versiontype, industry ) values (  '48bf60f8-75c2-42cf-b409-688b26458f06',0, 'nc.vo.qcco.qcanalysemethod.AggAnalyseMethodHVO',0, '2018-11-24 14:01:58',null, null ) ;
insert into md_bizItfMap ( bizinterfaceid, intattrid, classid, classattrid, bizitfimpclassname, classattrpath, dr, ts ) values (  'ede1e93f-a86e-4588-b441-9db78f30219f', '72145ab5-b7fa-448e-ad62-8e13cd547191', '48bf60f8-75c2-42cf-b409-688b26458f06', '75054ad1-7ee3-4233-b8b1-2277b02104cc', null, null,0, '2018-11-24 14:01:58' ) ;
insert into md_bizItfMap ( bizinterfaceid, intattrid, classid, classattrid, bizitfimpclassname, classattrpath, dr, ts ) values (  'ede1e93f-a86e-4588-b441-9db78f30219f', '0c37faa9-6e38-4e27-b596-dabc8d5ad732', '48bf60f8-75c2-42cf-b409-688b26458f06', 'eb8cb1be-51e4-4215-8f9d-fc93d3bde172', null, null,0, '2018-11-24 14:01:58' ) ;
insert into md_bizItfMap ( bizinterfaceid, intattrid, classid, classattrid, bizitfimpclassname, classattrpath, dr, ts ) values (  '2b226ae1-aad9-4abe-a405-36bcacaa94a8', 'e5a2aef6-8d58-416a-b8b7-4dd10e13d788', '48bf60f8-75c2-42cf-b409-688b26458f06', '94faa8e6-1cbf-4083-83f7-2518a8212305', null, null,0, '2018-11-24 14:01:58' ) ;
insert into md_bizItfMap ( bizinterfaceid, intattrid, classid, classattrid, bizitfimpclassname, classattrpath, dr, ts ) values (  '2b226ae1-aad9-4abe-a405-36bcacaa94a8', '49b6b1ae-cd5b-4b54-99cd-a6bb9fee7343', '48bf60f8-75c2-42cf-b409-688b26458f06', '6cb99576-ea06-475d-9514-90a2398a7a00', null, null,0, '2018-11-24 14:01:58' ) ;
insert into md_bizItfMap ( bizinterfaceid, intattrid, classid, classattrid, bizitfimpclassname, classattrpath, dr, ts ) values (  '2b226ae1-aad9-4abe-a405-36bcacaa94a8', '54c42368-5a43-4295-a7d4-74d276eed522', '48bf60f8-75c2-42cf-b409-688b26458f06', '29d5f0e9-ddb0-4af0-9480-407aaed056de', null, null,0, '2018-11-24 14:01:58' ) ;
insert into md_bizItfMap ( bizinterfaceid, intattrid, classid, classattrid, bizitfimpclassname, classattrpath, dr, ts ) values (  '2b226ae1-aad9-4abe-a405-36bcacaa94a8', '0abfd569-b9cf-4c44-a8d9-45979c083b08', '48bf60f8-75c2-42cf-b409-688b26458f06', '739abc09-4185-4ffb-88e4-575f4d546856', null, null,0, '2018-11-24 14:01:58' ) ;
insert into md_bizItfMap ( bizinterfaceid, intattrid, classid, classattrid, bizitfimpclassname, classattrpath, dr, ts ) values (  '6c8722b9-911a-489b-8d0d-18bd3734fcf6', '5dd3c721-22ad-42b1-9c10-4351c236bc77', '48bf60f8-75c2-42cf-b409-688b26458f06', 'c988b379-c43e-4293-a33a-5024d8d759c2', null, null,0, '2018-11-24 14:01:58' ) ;
insert into md_bizItfMap ( bizinterfaceid, intattrid, classid, classattrid, bizitfimpclassname, classattrpath, dr, ts ) values (  '6c8722b9-911a-489b-8d0d-18bd3734fcf6', 'c8334364-7ab9-4266-8d4b-e74537935e46', '48bf60f8-75c2-42cf-b409-688b26458f06', null, null, null,0, '2018-11-24 14:01:58' ) ;
insert into md_bizItfMap ( bizinterfaceid, intattrid, classid, classattrid, bizitfimpclassname, classattrpath, dr, ts ) values (  '6c8722b9-911a-489b-8d0d-18bd3734fcf6', 'ecf1b76a-6e44-42e2-a55e-87596504775b', '48bf60f8-75c2-42cf-b409-688b26458f06', '75054ad1-7ee3-4233-b8b1-2277b02104cc', null, null,0, '2018-11-24 14:01:58' ) ;
insert into md_bizItfMap ( bizinterfaceid, intattrid, classid, classattrid, bizitfimpclassname, classattrpath, dr, ts ) values (  '6c8722b9-911a-489b-8d0d-18bd3734fcf6', 'd32cc17b-f415-415a-923f-0764443eb102', '48bf60f8-75c2-42cf-b409-688b26458f06', 'bbcd3084-56f3-4b80-9d25-66deafd29249', null, null,0, '2018-11-24 14:01:58' ) ;
insert into md_bizItfMap ( bizinterfaceid, intattrid, classid, classattrid, bizitfimpclassname, classattrpath, dr, ts ) values (  '6c8722b9-911a-489b-8d0d-18bd3734fcf6', '89578a97-42fe-439b-827c-8eabd9e3604c', '48bf60f8-75c2-42cf-b409-688b26458f06', 'dda395eb-199d-48c0-9f66-438ca5e3681b', null, null,0, '2018-11-24 14:01:58' ) ;
insert into md_bizItfMap ( bizinterfaceid, intattrid, classid, classattrid, bizitfimpclassname, classattrpath, dr, ts ) values (  '6c8722b9-911a-489b-8d0d-18bd3734fcf6', 'a47e6cda-09e4-480b-923f-ec6f41e3e06c', '48bf60f8-75c2-42cf-b409-688b26458f06', 'e36549c3-f28a-4ef8-9cc9-1b585323d2c4', null, null,0, '2018-11-24 14:01:58' ) ;
insert into md_bizItfMap ( bizinterfaceid, intattrid, classid, classattrid, bizitfimpclassname, classattrpath, dr, ts ) values (  'cc8a1739-1dca-454c-b8ef-b175b79a3426', '2d2ee0e2-05b9-4bf5-b263-a39796d4f26b', '48bf60f8-75c2-42cf-b409-688b26458f06', 'e58080f8-15b3-4676-9508-f48f12fa7054', null, null,0, '2018-11-24 14:01:58' ) ;
insert into md_bizItfMap ( bizinterfaceid, intattrid, classid, classattrid, bizitfimpclassname, classattrpath, dr, ts ) values (  'cc8a1739-1dca-454c-b8ef-b175b79a3426', 'da02e89c-df72-4c8c-bfb4-c3ba94a7268c', '48bf60f8-75c2-42cf-b409-688b26458f06', 'da938e9c-b894-4dd1-9aee-7353e0ac856a', null, null,0, '2018-11-24 14:01:58' ) ;
insert into md_bizItfMap ( bizinterfaceid, intattrid, classid, classattrid, bizitfimpclassname, classattrpath, dr, ts ) values (  'ca510be7-0329-4e1f-9ca9-b9d0a6d71ede', '595de635-7ecb-4cb0-9300-c9e47ffc25f4', 'b66ada77-7f51-43aa-8a55-75b8e0b23fac', '1004caed-38ba-407f-918f-28edf64ee6e0', null, null,0, '2018-11-24 14:01:58' ) ;
insert into md_bizItfMap ( bizinterfaceid, intattrid, classid, classattrid, bizitfimpclassname, classattrpath, dr, ts ) values (  'ca510be7-0329-4e1f-9ca9-b9d0a6d71ede', '2d99f85f-17d8-4653-849e-f51cf6cfb827', 'b66ada77-7f51-43aa-8a55-75b8e0b23fac', null, null, null,0, '2018-11-24 14:01:58' ) ;
insert into md_association ( id, componentid, creator, createtime, dr, endcardinality, startbeanid, endelementid, isactive, modifier, modifytime, name, startcardinality, startelementid, ts, type, versiontype, industry ) values (  '93cc961a-37da-4599-852f-ebbb521d0ed1', 'ef1bb346-23d1-4ab6-b5f8-ef85f0846183', null, '2018-11-17 16:54:23',0, '1..n', '48bf60f8-75c2-42cf-b409-688b26458f06', 'b66ada77-7f51-43aa-8a55-75b8e0b23fac', null, 'yonyouBQ', '2018-11-17 16:54:23', 'Aggregation Relation', '1', '71064d18-c6fd-4301-a91f-8ea5a64d5050', '2018-11-24 14:01:58',1,0, '0' ) ;
insert into md_association ( id, componentid, creator, createtime, dr, endcardinality, startbeanid, endelementid, isactive, modifier, modifytime, name, startcardinality, startelementid, ts, type, versiontype, industry ) values (  'ee70ccda-a013-4ac8-bfc8-dda63e143c0b', 'ef1bb346-23d1-4ab6-b5f8-ef85f0846183', null, null,0, '1', '48bf60f8-75c2-42cf-b409-688b26458f06', '3b6dd171-2900-47f3-bfbe-41e4483a2a65', 'Y', null, null, 'analysemethod_pk_group', '1', 'e36549c3-f28a-4ef8-9cc9-1b585323d2c4', '2018-11-24 14:01:58',3,0, '0' ) ;
insert into md_association ( id, componentid, creator, createtime, dr, endcardinality, startbeanid, endelementid, isactive, modifier, modifytime, name, startcardinality, startelementid, ts, type, versiontype, industry ) values (  '7e454414-f036-484b-8831-ec54237aac5f', 'ef1bb346-23d1-4ab6-b5f8-ef85f0846183', null, null,0, '1', '48bf60f8-75c2-42cf-b409-688b26458f06', '985be8a4-3a36-4778-8afe-2d8ed3902659', 'Y', null, null, 'analysemethod_pk_org', '1', '75054ad1-7ee3-4233-b8b1-2277b02104cc', '2018-11-24 14:01:58',3,0, '0' ) ;
insert into md_association ( id, componentid, creator, createtime, dr, endcardinality, startbeanid, endelementid, isactive, modifier, modifytime, name, startcardinality, startelementid, ts, type, versiontype, industry ) values (  'd3ccf8ba-5342-41b1-a967-2e12303c7f1b', 'ef1bb346-23d1-4ab6-b5f8-ef85f0846183', null, null,0, '1', '48bf60f8-75c2-42cf-b409-688b26458f06', 'da7bba89-9a59-42d6-a262-c13ef459dbd9', 'Y', null, null, 'analysemethod_pk_org_v', '1', 'eb8cb1be-51e4-4215-8f9d-fc93d3bde172', '2018-11-24 14:01:58',3,0, '0' ) ;
insert into md_association ( id, componentid, creator, createtime, dr, endcardinality, startbeanid, endelementid, isactive, modifier, modifytime, name, startcardinality, startelementid, ts, type, versiontype, industry ) values (  '8c294a06-f526-4429-9067-84d6899d6b43', 'ef1bb346-23d1-4ab6-b5f8-ef85f0846183', null, null,0, '1', '48bf60f8-75c2-42cf-b409-688b26458f06', 'f6f9a473-56c0-432f-8bc7-fbf8fde54fee', 'Y', null, null, 'analysemethod_creator', '1', '94faa8e6-1cbf-4083-83f7-2518a8212305', '2018-11-24 14:01:58',3,0, '0' ) ;
insert into md_association ( id, componentid, creator, createtime, dr, endcardinality, startbeanid, endelementid, isactive, modifier, modifytime, name, startcardinality, startelementid, ts, type, versiontype, industry ) values (  'a414e41f-80cb-4228-ab8f-1abe4e748af0', 'ef1bb346-23d1-4ab6-b5f8-ef85f0846183', null, null,0, '1', '48bf60f8-75c2-42cf-b409-688b26458f06', 'f6f9a473-56c0-432f-8bc7-fbf8fde54fee', 'Y', null, null, 'analysemethod_modifier', '1', '29d5f0e9-ddb0-4af0-9480-407aaed056de', '2018-11-24 14:01:58',3,0, '0' ) ;
insert into md_association ( id, componentid, creator, createtime, dr, endcardinality, startbeanid, endelementid, isactive, modifier, modifytime, name, startcardinality, startelementid, ts, type, versiontype, industry ) values (  'dd6cd1f7-0a31-4702-9933-8bb8f79daa5d', 'ef1bb346-23d1-4ab6-b5f8-ef85f0846183', null, null,0, '1', '48bf60f8-75c2-42cf-b409-688b26458f06', '1001AA10000000000O12', 'Y', null, null, 'analysemethod_pk_analyzetype', '1', 'c3d5bab9-2d90-43be-b49e-65e38745b9ff', '2018-11-24 14:01:58',3,0, '0' ) ;
insert into md_association ( id, componentid, creator, createtime, dr, endcardinality, startbeanid, endelementid, isactive, modifier, modifytime, name, startcardinality, startelementid, ts, type, versiontype, industry ) values (  '066e50d6-cb0f-41a4-beca-a8254ea28584', 'ef1bb346-23d1-4ab6-b5f8-ef85f0846183', null, null,0, '1', '48bf60f8-75c2-42cf-b409-688b26458f06', '1001AA100000000001H7', 'Y', null, null, 'analysemethod_pk_productserial', '1', '5885490e-4761-4d34-a011-d38bafda0d84', '2018-11-24 14:01:58',3,0, '0' ) ;
insert into md_association ( id, componentid, creator, createtime, dr, endcardinality, startbeanid, endelementid, isactive, modifier, modifytime, name, startcardinality, startelementid, ts, type, versiontype, industry ) values (  'd26602a4-3ce6-41ae-8186-f2c8df157abf', 'ef1bb346-23d1-4ab6-b5f8-ef85f0846183', null, null,0, '1', '48bf60f8-75c2-42cf-b409-688b26458f06', '5a60d728-ef33-4b77-a7f7-d763f34112e1', 'Y', null, null, 'analysemethod_pk_entstandard', '1', '15afcbfe-9979-48cb-a300-7ad5bbeeb149', '2018-11-24 14:01:58',3,0, '0' ) ;
insert into md_association ( id, componentid, creator, createtime, dr, endcardinality, startbeanid, endelementid, isactive, modifier, modifytime, name, startcardinality, startelementid, ts, type, versiontype, industry ) values (  'c32953b6-6b64-4c4d-b4e5-6c0a5a2aea01', 'ef1bb346-23d1-4ab6-b5f8-ef85f0846183', null, null,0, '1', '48bf60f8-75c2-42cf-b409-688b26458f06', '1001AA10000000002IAC', 'Y', null, null, 'analysemethod_pk_testlist', '1', 'cbb47732-5295-4e9c-82c9-d7bfba9e749b', '2018-11-24 14:01:58',3,0, '0' ) ;
insert into md_association ( id, componentid, creator, createtime, dr, endcardinality, startbeanid, endelementid, isactive, modifier, modifytime, name, startcardinality, startelementid, ts, type, versiontype, industry ) values (  '268e8d98-1af1-4397-92c4-6e36ef8ed9d1', 'ef1bb346-23d1-4ab6-b5f8-ef85f0846183', null, null,0, '1', '48bf60f8-75c2-42cf-b409-688b26458f06', '1001AA10000000002IBL', 'Y', null, null, 'analysemethod_pk_reportedname', '1', '00026a7d-c1c4-43f4-9c3d-829ab0bb4b4d', '2018-11-24 14:01:58',3,0, '0' ) ;
insert into md_association ( id, componentid, creator, createtime, dr, endcardinality, startbeanid, endelementid, isactive, modifier, modifytime, name, startcardinality, startelementid, ts, type, versiontype, industry ) values (  'f9d1714f-add1-4087-a14c-ec717f289780', 'ef1bb346-23d1-4ab6-b5f8-ef85f0846183', null, null,0, '1', '48bf60f8-75c2-42cf-b409-688b26458f06', '1001AA10000000002ICU', 'Y', null, null, 'analysemethod_pk_tanalysismethod', '1', 'dc0ceb70-a79d-4684-ab85-1d082ede8b18', '2018-11-24 14:01:58',3,0, '0' ) ;
insert into md_association ( id, componentid, creator, createtime, dr, endcardinality, startbeanid, endelementid, isactive, modifier, modifytime, name, startcardinality, startelementid, ts, type, versiontype, industry ) values (  '6b2e51e7-68f4-49ac-8aef-4f8040d0bb80', 'ef1bb346-23d1-4ab6-b5f8-ef85f0846183', null, null,0, '1', 'b66ada77-7f51-43aa-8a55-75b8e0b23fac', '32f9293c-8094-4e7b-ba8a-21bbcfb17a5d', 'Y', null, null, 'analysecondition_pk_valuetype', '1', 'fa03c9bf-9e23-4108-9c0a-00d82dd86a0c', '2018-11-24 14:01:58',3,0, '0' ) ;
insert into md_table ( id, createtime, creator, databaseid, description, displayname, dr, help, isactive, fromsourcebmf, modifier, modifytime, name, ts, versiontype, resmodule, resid, parenttable, isextendtable, industry ) values (  'qc_analysemethod', '2018-11-17 16:39:10', 'yonyouBQ', null, null, '分析方法',0, null, null, 'Y', 'yonyouBQ', '2018-11-24 12:50:22', 'qc_analysemethod', '2018-11-24 14:01:58',0, 'qcanalysemethod', null, null, null, '0' ) ;
insert into md_table ( id, createtime, creator, databaseid, description, displayname, dr, help, isactive, fromsourcebmf, modifier, modifytime, name, ts, versiontype, resmodule, resid, parenttable, isextendtable, industry ) values (  'qc_analysecondition', '2018-11-17 16:45:44', 'yonyouBQ', null, null, '测试条件',0, null, null, 'Y', 'yonyouBQ', '2018-11-24 12:50:22', 'qc_analysecondition', '2018-11-24 14:01:58',0, 'qcanalysemethod', null, null, null, '0' ) ;
insert into md_column ( id, sqldatetype, createtime, creator, defaultvalue, description, displayname, dr, help, incrementseed, incrementstep, isactive, identitied, pkey, nullable, columnlength, modifier, modifytime, name, precise, columnsequence, tableid, ts, versiontype, resid, groupid, columntype, forlocale ) values (  'qc_analysemethod@@PK@@', 'char', null, null, null, null, '主键',0, null,null,null, 'Y', null, 'Y', 'N',20, null, null, 'pk_analysemethod',0,0, 'qc_analysemethod', '2018-11-24 14:01:58',0, null, null,0, 'N' ) ;
insert into md_column ( id, sqldatetype, createtime, creator, defaultvalue, description, displayname, dr, help, incrementseed, incrementstep, isactive, identitied, pkey, nullable, columnlength, modifier, modifytime, name, precise, columnsequence, tableid, ts, versiontype, resid, groupid, columntype, forlocale ) values (  'qc_analysemethod@@@pk_group', 'varchar', null, null, '*~', null, '集团',0, null,null,null, 'Y', null, 'N', 'Y',20, null, null, 'pk_group',0,2, 'qc_analysemethod', '2018-11-24 14:01:58',0, null, null,0, 'N' ) ;
insert into md_column ( id, sqldatetype, createtime, creator, defaultvalue, description, displayname, dr, help, incrementseed, incrementstep, isactive, identitied, pkey, nullable, columnlength, modifier, modifytime, name, precise, columnsequence, tableid, ts, versiontype, resid, groupid, columntype, forlocale ) values (  'qc_analysemethod@@@pk_org', 'varchar', null, null, '*~', null, '组织',0, null,null,null, 'Y', null, 'N', 'Y',20, null, null, 'pk_org',0,3, 'qc_analysemethod', '2018-11-24 14:01:58',0, null, null,0, 'N' ) ;
insert into md_column ( id, sqldatetype, createtime, creator, defaultvalue, description, displayname, dr, help, incrementseed, incrementstep, isactive, identitied, pkey, nullable, columnlength, modifier, modifytime, name, precise, columnsequence, tableid, ts, versiontype, resid, groupid, columntype, forlocale ) values (  'qc_analysemethod@@@pk_org_v', 'varchar', null, null, '*~', null, '组织版本',0, null,null,null, 'Y', null, 'N', 'Y',20, null, null, 'pk_org_v',0,4, 'qc_analysemethod', '2018-11-24 14:01:58',0, null, null,0, 'N' ) ;
insert into md_column ( id, sqldatetype, createtime, creator, defaultvalue, description, displayname, dr, help, incrementseed, incrementstep, isactive, identitied, pkey, nullable, columnlength, modifier, modifytime, name, precise, columnsequence, tableid, ts, versiontype, resid, groupid, columntype, forlocale ) values (  'qc_analysemethod@@@creator', 'varchar', null, null, '*~', null, '创建人',0, null,null,null, 'Y', null, 'N', 'Y',20, null, null, 'creator',0,5, 'qc_analysemethod', '2018-11-24 14:01:58',0, null, null,0, 'N' ) ;
insert into md_column ( id, sqldatetype, createtime, creator, defaultvalue, description, displayname, dr, help, incrementseed, incrementstep, isactive, identitied, pkey, nullable, columnlength, modifier, modifytime, name, precise, columnsequence, tableid, ts, versiontype, resid, groupid, columntype, forlocale ) values (  'qc_analysemethod@@@creationtime', 'char', null, null, null, null, '创建时间',0, null,null,null, 'Y', null, 'N', 'Y',19, null, null, 'creationtime',0,6, 'qc_analysemethod', '2018-11-24 14:01:58',0, null, null,0, 'N' ) ;
insert into md_column ( id, sqldatetype, createtime, creator, defaultvalue, description, displayname, dr, help, incrementseed, incrementstep, isactive, identitied, pkey, nullable, columnlength, modifier, modifytime, name, precise, columnsequence, tableid, ts, versiontype, resid, groupid, columntype, forlocale ) values (  'qc_analysemethod@@@modifier', 'varchar', null, null, '*~', null, '修改人',0, null,null,null, 'Y', null, 'N', 'Y',20, null, null, 'modifier',0,7, 'qc_analysemethod', '2018-11-24 14:01:58',0, null, null,0, 'N' ) ;
insert into md_column ( id, sqldatetype, createtime, creator, defaultvalue, description, displayname, dr, help, incrementseed, incrementstep, isactive, identitied, pkey, nullable, columnlength, modifier, modifytime, name, precise, columnsequence, tableid, ts, versiontype, resid, groupid, columntype, forlocale ) values (  'qc_analysemethod@@@modifiedtime', 'char', null, null, null, null, '修改时间',0, null,null,null, 'Y', null, 'N', 'Y',19, null, null, 'modifiedtime',0,8, 'qc_analysemethod', '2018-11-24 14:01:58',0, null, null,0, 'N' ) ;
insert into md_column ( id, sqldatetype, createtime, creator, defaultvalue, description, displayname, dr, help, incrementseed, incrementstep, isactive, identitied, pkey, nullable, columnlength, modifier, modifytime, name, precise, columnsequence, tableid, ts, versiontype, resid, groupid, columntype, forlocale ) values (  'qc_analysemethod@@@code', 'varchar', null, null, null, null, '编码',0, null,null,null, 'Y', null, 'N', 'Y',50, null, null, 'code',0,9, 'qc_analysemethod', '2018-11-24 14:01:58',0, null, null,0, 'N' ) ;
insert into md_column ( id, sqldatetype, createtime, creator, defaultvalue, description, displayname, dr, help, incrementseed, incrementstep, isactive, identitied, pkey, nullable, columnlength, modifier, modifytime, name, precise, columnsequence, tableid, ts, versiontype, resid, groupid, columntype, forlocale ) values (  'qc_analysemethod@@@name', 'varchar', null, null, null, null, '名称',0, null,null,null, 'Y', null, 'N', 'Y',50, null, null, 'name',0,10, 'qc_analysemethod', '2018-11-24 14:01:58',0, null, null,0, 'N' ) ;
insert into md_column ( id, sqldatetype, createtime, creator, defaultvalue, description, displayname, dr, help, incrementseed, incrementstep, isactive, identitied, pkey, nullable, columnlength, modifier, modifytime, name, precise, columnsequence, tableid, ts, versiontype, resid, groupid, columntype, forlocale ) values (  'qc_analysemethod@@@pk_analyzetype', 'varchar', null, null, '*~', null, '分析类型',0, null,null,null, 'Y', null, 'N', 'Y',20, null, null, 'pk_analyzetype',0,11, 'qc_analysemethod', '2018-11-24 14:01:58',0, null, null,0, 'N' ) ;
insert into md_column ( id, sqldatetype, createtime, creator, defaultvalue, description, displayname, dr, help, incrementseed, incrementstep, isactive, identitied, pkey, nullable, columnlength, modifier, modifytime, name, precise, columnsequence, tableid, ts, versiontype, resid, groupid, columntype, forlocale ) values (  'qc_analysemethod@@@maketime', 'char', null, null, null, null, '制单时间',0, null,null,null, 'Y', null, 'N', 'Y',19, null, null, 'maketime',0,12, 'qc_analysemethod', '2018-11-24 14:01:58',0, null, null,0, 'N' ) ;
insert into md_column ( id, sqldatetype, createtime, creator, defaultvalue, description, displayname, dr, help, incrementseed, incrementstep, isactive, identitied, pkey, nullable, columnlength, modifier, modifytime, name, precise, columnsequence, tableid, ts, versiontype, resid, groupid, columntype, forlocale ) values (  'qc_analysemethod@@@lastmaketime', 'char', null, null, null, null, '最后修改时间',0, null,null,null, 'Y', null, 'N', 'Y',19, null, null, 'lastmaketime',0,13, 'qc_analysemethod', '2018-11-24 14:01:58',0, null, null,0, 'N' ) ;
insert into md_column ( id, sqldatetype, createtime, creator, defaultvalue, description, displayname, dr, help, incrementseed, incrementstep, isactive, identitied, pkey, nullable, columnlength, modifier, modifytime, name, precise, columnsequence, tableid, ts, versiontype, resid, groupid, columntype, forlocale ) values (  'qc_analysemethod@@@dmakedate', 'char', null, null, null, null, '制单日期',0, null,null,null, 'Y', null, 'N', 'Y',19, null, null, 'dmakedate',0,14, 'qc_analysemethod', '2018-11-24 14:01:58',0, null, null,0, 'N' ) ;
insert into md_column ( id, sqldatetype, createtime, creator, defaultvalue, description, displayname, dr, help, incrementseed, incrementstep, isactive, identitied, pkey, nullable, columnlength, modifier, modifytime, name, precise, columnsequence, tableid, ts, versiontype, resid, groupid, columntype, forlocale ) values (  'qc_analysemethod@@@pk_productserial', 'varchar', null, null, '*~', null, '产品系列',0, null,null,null, 'Y', null, 'N', 'Y',20, null, null, 'pk_productserial',0,15, 'qc_analysemethod', '2018-11-24 14:01:58',0, null, null,0, 'N' ) ;
insert into md_column ( id, sqldatetype, createtime, creator, defaultvalue, description, displayname, dr, help, incrementseed, incrementstep, isactive, identitied, pkey, nullable, columnlength, modifier, modifytime, name, precise, columnsequence, tableid, ts, versiontype, resid, groupid, columntype, forlocale ) values (  'qc_analysemethod@@@pk_entstandard', 'varchar', null, null, '*~', null, '企业标准',0, null,null,null, 'Y', null, 'N', 'Y',20, null, null, 'pk_entstandard',0,16, 'qc_analysemethod', '2018-11-24 14:01:58',0, null, null,0, 'N' ) ;
insert into md_column ( id, sqldatetype, createtime, creator, defaultvalue, description, displayname, dr, help, incrementseed, incrementstep, isactive, identitied, pkey, nullable, columnlength, modifier, modifytime, name, precise, columnsequence, tableid, ts, versiontype, resid, groupid, columntype, forlocale ) values (  'qc_analysemethod@@@pk_testlist', 'varchar', null, null, '*~', null, 'TestList',0, null,null,null, 'Y', null, 'N', 'Y',20, null, null, 'pk_testlist',0,17, 'qc_analysemethod', '2018-11-24 14:01:58',0, null, null,0, 'N' ) ;
insert into md_column ( id, sqldatetype, createtime, creator, defaultvalue, description, displayname, dr, help, incrementseed, incrementstep, isactive, identitied, pkey, nullable, columnlength, modifier, modifytime, name, precise, columnsequence, tableid, ts, versiontype, resid, groupid, columntype, forlocale ) values (  'qc_analysemethod@@@pk_reportedname', 'varchar', null, null, '*~', null, 'ReportedName',0, null,null,null, 'Y', null, 'N', 'Y',20, null, null, 'pk_reportedname',0,18, 'qc_analysemethod', '2018-11-24 14:01:58',0, null, null,0, 'N' ) ;
insert into md_column ( id, sqldatetype, createtime, creator, defaultvalue, description, displayname, dr, help, incrementseed, incrementstep, isactive, identitied, pkey, nullable, columnlength, modifier, modifytime, name, precise, columnsequence, tableid, ts, versiontype, resid, groupid, columntype, forlocale ) values (  'qc_analysemethod@@@pk_tanalysismethod', 'varchar', null, null, '*~', null, 'TAnalysisMethod',0, null,null,null, 'Y', null, 'N', 'Y',20, null, null, 'pk_tanalysismethod',0,19, 'qc_analysemethod', '2018-11-24 14:01:58',0, null, null,0, 'N' ) ;
insert into md_column ( id, sqldatetype, createtime, creator, defaultvalue, description, displayname, dr, help, incrementseed, incrementstep, isactive, identitied, pkey, nullable, columnlength, modifier, modifytime, name, precise, columnsequence, tableid, ts, versiontype, resid, groupid, columntype, forlocale ) values (  'qc_analysemethod@@@description', 'varchar', null, null, null, null, '描述',0, null,null,null, 'Y', null, 'N', 'Y',200, null, null, 'description',0,20, 'qc_analysemethod', '2018-11-24 14:01:58',0, null, null,0, 'N' ) ;
insert into md_column ( id, sqldatetype, createtime, creator, defaultvalue, description, displayname, dr, help, incrementseed, incrementstep, isactive, identitied, pkey, nullable, columnlength, modifier, modifytime, name, precise, columnsequence, tableid, ts, versiontype, resid, groupid, columntype, forlocale ) values (  'qc_analysecondition@@PK@@', 'char', null, null, null, null, '子表主键',0, null,null,null, 'Y', null, 'Y', 'N',20, null, null, 'pk_analysecondition',0,0, 'qc_analysecondition', '2018-11-24 14:01:58',0, null, null,0, 'N' ) ;
insert into md_column ( id, sqldatetype, createtime, creator, defaultvalue, description, displayname, dr, help, incrementseed, incrementstep, isactive, identitied, pkey, nullable, columnlength, modifier, modifytime, name, precise, columnsequence, tableid, ts, versiontype, resid, groupid, columntype, forlocale ) values (  'qc_analysecondition@@@name', 'varchar', null, null, null, null, '测试条件名称',0, null,null,null, 'Y', null, 'N', 'Y',200, null, null, 'name',0,1, 'qc_analysecondition', '2018-11-24 14:01:58',0, null, null,0, 'N' ) ;
insert into md_column ( id, sqldatetype, createtime, creator, defaultvalue, description, displayname, dr, help, incrementseed, incrementstep, isactive, identitied, pkey, nullable, columnlength, modifier, modifytime, name, precise, columnsequence, tableid, ts, versiontype, resid, groupid, columntype, forlocale ) values (  'qc_analysecondition@@@pk_valuetype', 'varchar', null, null, '*~', null, '值类型',0, null,null,null, 'Y', null, 'N', 'Y',20, null, null, 'pk_valuetype',0,2, 'qc_analysecondition', '2018-11-24 14:01:58',0, null, null,0, 'N' ) ;
insert into md_column ( id, sqldatetype, createtime, creator, defaultvalue, description, displayname, dr, help, incrementseed, incrementstep, isactive, identitied, pkey, nullable, columnlength, modifier, modifytime, name, precise, columnsequence, tableid, ts, versiontype, resid, groupid, columntype, forlocale ) values (  'qc_analysecondition@@@rowno', 'varchar', null, null, null, null, '行号',0, null,null,null, 'Y', null, 'N', 'Y',50, null, null, 'rowno',0,3, 'qc_analysecondition', '2018-11-24 14:01:58',0, null, null,0, 'N' ) ;
insert into md_column ( id, sqldatetype, createtime, creator, defaultvalue, description, displayname, dr, help, incrementseed, incrementstep, isactive, identitied, pkey, nullable, columnlength, modifier, modifytime, name, precise, columnsequence, tableid, ts, versiontype, resid, groupid, columntype, forlocale ) values (  'qc_analysecondition@@@valuestring', 'varchar', null, null, null, null, '取值显示',0, null,null,null, 'Y', null, 'N', 'Y',50, null, null, 'valuestring',0,4, 'qc_analysecondition', '2018-11-24 14:01:58',0, null, null,0, 'N' ) ;
insert into md_column ( id, sqldatetype, createtime, creator, defaultvalue, description, displayname, dr, help, incrementseed, incrementstep, isactive, identitied, pkey, nullable, columnlength, modifier, modifytime, name, precise, columnsequence, tableid, ts, versiontype, resid, groupid, columntype, forlocale ) values (  'qc_analysecondition@@@pk_analysemethod', 'char', null, null, null, null, '分析方法_主键',0, null,null,null, 'Y', null, 'N', 'N',20, null, null, 'pk_analysemethod',null,null, 'qc_analysecondition', '2018-11-24 14:01:58',0, '2UC000-000003', null,0, null ) ;
insert into md_ORMap ( attributeid, classid, columnid, dr, tableid, ts ) values (  '94faa8e6-1cbf-4083-83f7-2518a8212305', '48bf60f8-75c2-42cf-b409-688b26458f06', 'qc_analysemethod@@@creator',0, 'qc_analysemethod', '2018-11-24 14:01:58' ) ;
insert into md_ORMap ( attributeid, classid, columnid, dr, tableid, ts ) values (  '6d73024c-9667-46fd-bcb8-adf8f8d4d254', 'b66ada77-7f51-43aa-8a55-75b8e0b23fac', 'qc_analysecondition@@@name',0, 'qc_analysecondition', '2018-11-24 14:01:58' ) ;
insert into md_ORMap ( attributeid, classid, columnid, dr, tableid, ts ) values (  'c3d5bab9-2d90-43be-b49e-65e38745b9ff', '48bf60f8-75c2-42cf-b409-688b26458f06', 'qc_analysemethod@@@pk_analyzetype',0, 'qc_analysemethod', '2018-11-24 14:01:58' ) ;
insert into md_ORMap ( attributeid, classid, columnid, dr, tableid, ts ) values (  '00026a7d-c1c4-43f4-9c3d-829ab0bb4b4d', '48bf60f8-75c2-42cf-b409-688b26458f06', 'qc_analysemethod@@@pk_reportedname',0, 'qc_analysemethod', '2018-11-24 14:01:58' ) ;
insert into md_ORMap ( attributeid, classid, columnid, dr, tableid, ts ) values (  'd29eab3d-0466-4278-8237-7b3b8a3a1c91', 'b66ada77-7f51-43aa-8a55-75b8e0b23fac', 'qc_analysecondition@@@valuestring',0, 'qc_analysecondition', '2018-11-24 14:01:58' ) ;
insert into md_ORMap ( attributeid, classid, columnid, dr, tableid, ts ) values (  '739abc09-4185-4ffb-88e4-575f4d546856', '48bf60f8-75c2-42cf-b409-688b26458f06', 'qc_analysemethod@@@modifiedtime',0, 'qc_analysemethod', '2018-11-24 14:01:58' ) ;
insert into md_ORMap ( attributeid, classid, columnid, dr, tableid, ts ) values (  '75054ad1-7ee3-4233-b8b1-2277b02104cc', '48bf60f8-75c2-42cf-b409-688b26458f06', 'qc_analysemethod@@@pk_org',0, 'qc_analysemethod', '2018-11-24 14:01:58' ) ;
insert into md_ORMap ( attributeid, classid, columnid, dr, tableid, ts ) values (  'e58080f8-15b3-4676-9508-f48f12fa7054', '48bf60f8-75c2-42cf-b409-688b26458f06', 'qc_analysemethod@@@maketime',0, 'qc_analysemethod', '2018-11-24 14:01:58' ) ;
insert into md_ORMap ( attributeid, classid, columnid, dr, tableid, ts ) values (  'da938e9c-b894-4dd1-9aee-7353e0ac856a', '48bf60f8-75c2-42cf-b409-688b26458f06', 'qc_analysemethod@@@lastmaketime',0, 'qc_analysemethod', '2018-11-24 14:01:58' ) ;
insert into md_ORMap ( attributeid, classid, columnid, dr, tableid, ts ) values (  'c988b379-c43e-4293-a33a-5024d8d759c2', '48bf60f8-75c2-42cf-b409-688b26458f06', 'qc_analysemethod@@PK@@',0, 'qc_analysemethod', '2018-11-24 14:01:58' ) ;
insert into md_ORMap ( attributeid, classid, columnid, dr, tableid, ts ) values (  'bbcd3084-56f3-4b80-9d25-66deafd29249', '48bf60f8-75c2-42cf-b409-688b26458f06', 'qc_analysemethod@@@code',0, 'qc_analysemethod', '2018-11-24 14:01:58' ) ;
insert into md_ORMap ( attributeid, classid, columnid, dr, tableid, ts ) values (  '71064d18-c6fd-4301-a91f-8ea5a64d5050', '48bf60f8-75c2-42cf-b409-688b26458f06', 'qc_analysecondition@@@pk_analysemethod',0, 'qc_analysecondition', '2018-11-24 14:01:58' ) ;
insert into md_ORMap ( attributeid, classid, columnid, dr, tableid, ts ) values (  'dda395eb-199d-48c0-9f66-438ca5e3681b', '48bf60f8-75c2-42cf-b409-688b26458f06', 'qc_analysemethod@@@name',0, 'qc_analysemethod', '2018-11-24 14:01:58' ) ;
insert into md_ORMap ( attributeid, classid, columnid, dr, tableid, ts ) values (  '6d77e11a-774c-464c-a9bd-bf3ca6df1d82', 'b66ada77-7f51-43aa-8a55-75b8e0b23fac', 'qc_analysecondition@@PK@@',0, 'qc_analysecondition', '2018-11-24 14:01:58' ) ;
insert into md_ORMap ( attributeid, classid, columnid, dr, tableid, ts ) values (  'cbb47732-5295-4e9c-82c9-d7bfba9e749b', '48bf60f8-75c2-42cf-b409-688b26458f06', 'qc_analysemethod@@@pk_testlist',0, 'qc_analysemethod', '2018-11-24 14:01:58' ) ;
insert into md_ORMap ( attributeid, classid, columnid, dr, tableid, ts ) values (  '6cb99576-ea06-475d-9514-90a2398a7a00', '48bf60f8-75c2-42cf-b409-688b26458f06', 'qc_analysemethod@@@creationtime',0, 'qc_analysemethod', '2018-11-24 14:01:58' ) ;
insert into md_ORMap ( attributeid, classid, columnid, dr, tableid, ts ) values (  'eb8cb1be-51e4-4215-8f9d-fc93d3bde172', '48bf60f8-75c2-42cf-b409-688b26458f06', 'qc_analysemethod@@@pk_org_v',0, 'qc_analysemethod', '2018-11-24 14:01:58' ) ;
insert into md_ORMap ( attributeid, classid, columnid, dr, tableid, ts ) values (  '15afcbfe-9979-48cb-a300-7ad5bbeeb149', '48bf60f8-75c2-42cf-b409-688b26458f06', 'qc_analysemethod@@@pk_entstandard',0, 'qc_analysemethod', '2018-11-24 14:01:58' ) ;
insert into md_ORMap ( attributeid, classid, columnid, dr, tableid, ts ) values (  'e36549c3-f28a-4ef8-9cc9-1b585323d2c4', '48bf60f8-75c2-42cf-b409-688b26458f06', 'qc_analysemethod@@@pk_group',0, 'qc_analysemethod', '2018-11-24 14:01:58' ) ;
insert into md_ORMap ( attributeid, classid, columnid, dr, tableid, ts ) values (  '5885490e-4761-4d34-a011-d38bafda0d84', '48bf60f8-75c2-42cf-b409-688b26458f06', 'qc_analysemethod@@@pk_productserial',0, 'qc_analysemethod', '2018-11-24 14:01:58' ) ;
insert into md_ORMap ( attributeid, classid, columnid, dr, tableid, ts ) values (  '29d5f0e9-ddb0-4af0-9480-407aaed056de', '48bf60f8-75c2-42cf-b409-688b26458f06', 'qc_analysemethod@@@modifier',0, 'qc_analysemethod', '2018-11-24 14:01:58' ) ;
insert into md_ORMap ( attributeid, classid, columnid, dr, tableid, ts ) values (  '4d753967-fc3b-4bc6-9d1d-d56611f1832f', '48bf60f8-75c2-42cf-b409-688b26458f06', 'qc_analysemethod@@@dmakedate',0, 'qc_analysemethod', '2018-11-24 14:01:58' ) ;
insert into md_ORMap ( attributeid, classid, columnid, dr, tableid, ts ) values (  'dc0ceb70-a79d-4684-ab85-1d082ede8b18', '48bf60f8-75c2-42cf-b409-688b26458f06', 'qc_analysemethod@@@pk_tanalysismethod',0, 'qc_analysemethod', '2018-11-24 14:01:58' ) ;
insert into md_ORMap ( attributeid, classid, columnid, dr, tableid, ts ) values (  'fa03c9bf-9e23-4108-9c0a-00d82dd86a0c', 'b66ada77-7f51-43aa-8a55-75b8e0b23fac', 'qc_analysecondition@@@pk_valuetype',0, 'qc_analysecondition', '2018-11-24 14:01:58' ) ;
insert into md_ORMap ( attributeid, classid, columnid, dr, tableid, ts ) values (  '1004caed-38ba-407f-918f-28edf64ee6e0', 'b66ada77-7f51-43aa-8a55-75b8e0b23fac', 'qc_analysecondition@@@rowno',0, 'qc_analysecondition', '2018-11-24 14:01:58' ) ;
insert into md_ORMap ( attributeid, classid, columnid, dr, tableid, ts ) values (  '802b903e-4533-4faa-a61b-8587d1341d9b', '48bf60f8-75c2-42cf-b409-688b26458f06', 'qc_analysemethod@@@description',0, 'qc_analysemethod', '2018-11-24 14:01:58' ) ;
insert into md_db_relation ( id, createtime, creator, description, displayname, dr, endcardinality, endfieldid, endtableid, help, modifier, modifytime, name, startcardinality, startfieldid, starttableid, ts, versiontype, resid, asstype, startattrid, isforeignkey ) values (  'bd70590f-71cd-4e20-8135-4194cbd6f76b', null, null, null, 'qc_analysecondition->qc_analysemethod',0, null, 'qc_analysemethod@@PK@@', 'qc_analysemethod', null, null, null, 'qc_analysecondition->qc_analysemethod', null, 'qc_analysecondition@@@pk_analysemethod', 'qc_analysecondition', '2018-11-24 14:01:58',0, null,1, '71064d18-c6fd-4301-a91f-8ea5a64d5050', 'Y' ) ;

--qc_category
delete from md_db_relation where startattrid in (select id from md_property where classid in ('97a58456-6f69-4056-a3b9-e3930fc58f76','@@@@' ) )  and starttableid in ('qc_category','@@@@');
delete from md_ORMap where ATTRIBUTEID in(select id from md_property where classid in ('97a58456-6f69-4056-a3b9-e3930fc58f76','@@@@' ) )  and tableid in ('qc_category','@@@@') ;
delete from md_table where id not in (select distinct tableid from md_ormap );
delete from md_column where  tableid in('qc_category','@@@@') and id not in(select distinct columnid from md_ormap) and (nvl(groupid ,'~')='~' or groupid = id )  and name <> 'extend_bean_tag' ;
delete from md_column where tableid in ('qc_category','@@@@')and groupid is not null and groupid not in( select distinct id from md_column where tableid in ('qc_category','@@@@') ) ;
delete from md_db_relation where starttableid not in (select id from md_table);
delete from md_property where classID in (select distinct id from md_class where componentID='22369e65-5435-4da0-bd8d-4374cee52d67'  )  ;
delete from md_association where componentID = '22369e65-5435-4da0-bd8d-4374cee52d67'  ;
delete from md_bizItfMap where classID in (select distinct id from md_class where componentID='22369e65-5435-4da0-bd8d-4374cee52d67'  );
delete from md_bizItfMap where classID in ( select id from md_opInterface where componentID = '22369e65-5435-4da0-bd8d-4374cee52d67'  );
delete from md_accessorPara where id in (select distinct id from md_class where componentID='22369e65-5435-4da0-bd8d-4374cee52d67'  );
delete from md_enumValue where id in (select distinct id from md_class where componentID='22369e65-5435-4da0-bd8d-4374cee52d67'  ) ;
delete from md_class where componentID = '22369e65-5435-4da0-bd8d-4374cee52d67'  ;
delete from md_component where id = '22369e65-5435-4da0-bd8d-4374cee52d67' ;
delete from md_table where (id='qc_category');
delete from md_column where (id='qc_category@@PK@@');
delete from md_column where (id='qc_category@@@pk_group');
delete from md_column where (id='qc_category@@@pk_org');
delete from md_column where (id='qc_category@@@pk_org_v');
delete from md_column where (id='qc_category@@@code');
delete from md_column where (id='qc_category@@@name');
delete from md_column where (id='qc_category@@@pk_parent');
delete from md_column where (id='qc_category@@@creator');
delete from md_column where (id='qc_category@@@creationtime');
delete from md_column where (id='qc_category@@@modifier');
delete from md_column where (id='qc_category@@@modifiedtime');


insert into md_component ( createtime, creator, description, displayname, dr, fromsourcebmf, help, id, industry, isbizmodel, modifier, modifytime, name, namespace, ownmodule, preload, resid, resmodule, ts, version, versiontype ) values (  '2018-11-11 16:51:34', 'yonyouBQ', null, '产品分类',0, 'Y', null, '22369e65-5435-4da0-bd8d-4374cee52d67', '0', 'N', 'yonyouBQ', '2018-11-12 12:03:20', 'qccategory', 'qcco', 'qcco', null, null, 'qccategory', '2018-11-12 18:00:14', '8',0 ) ;
insert into md_class ( id, accessorclassname, classtype, componentid, createtime, creator, description, displayname, dr, fullclassname, help, isactive, keyattribute, modifier, modifytime, name, parentclassid, precise, refmodelname, returntype, ts, versiontype, isprimary, defaulttablename, stereotype, isauthen, resid, bizitfimpclassname, modinfoclassname, iscreatesql, isextendbean, userdefclassname, industry, fixedlength ) values (  '97a58456-6f69-4056-a3b9-e3930fc58f76', 'nc.md.model.access.javamap.NCBeanStyle',201, '22369e65-5435-4da0-bd8d-4374cee52d67', '2018-11-11 16:51:42', 'yonyouBQ', null, '产品分类',0, 'nc.vo.qcco.qccategory.ProductCategoryVO', null, null, 'cdf28110-704d-41ee-a856-3d14790dd4de', 'yonyouBQ', '2018-11-12 12:03:31', 'ProductCategory', null,null, null, null, '2018-11-12 18:00:14',0, 'Y', 'qc_category', null, 'Y', null, null, null, 'Y', null, null, '0', null ) ;
insert into md_property ( id, accessorclassname, classid, createtime, creator, datatype, datatypestyle, defaultvalue, description, displayname, dr, help, isactive, hided, nullable, readonly, attrlength, attrmaxvalue, attrminvalue, modifier, modifytime, name, precise, refmodelname, attrsequence, ts, visibility, versiontype, fixedlength, calculation, isauthen, resid, customattr, notserialize, dynamicattr, dynamictable, accesspower, accesspowergroup, industry ) values (  'cdf28110-704d-41ee-a856-3d14790dd4de', null, '97a58456-6f69-4056-a3b9-e3930fc58f76', null, null, 'BS000010000100001051',300, null, null, '主键',0, null, 'Y', 'N', 'N', 'N',20, null, null, null, null, 'pk_category',0, null,0, '2018-11-12 18:00:14',0,0, 'N', 'N', 'Y', null, 'N', 'N', 'N', null, 'N', null, '0' ) ;
insert into md_property ( id, accessorclassname, classid, createtime, creator, datatype, datatypestyle, defaultvalue, description, displayname, dr, help, isactive, hided, nullable, readonly, attrlength, attrmaxvalue, attrminvalue, modifier, modifytime, name, precise, refmodelname, attrsequence, ts, visibility, versiontype, fixedlength, calculation, isauthen, resid, customattr, notserialize, dynamicattr, dynamictable, accesspower, accesspowergroup, industry ) values (  'd4636558-894d-4a48-9e6a-c95beb86d91e', null, '97a58456-6f69-4056-a3b9-e3930fc58f76', null, null, '3b6dd171-2900-47f3-bfbe-41e4483a2a65',305, null, null, '集团',0, null, 'Y', 'N', 'Y', 'N',20, null, null, null, null, 'pk_group',0, null,1, '2018-11-12 18:00:14',0,0, 'N', 'N', 'Y', null, 'N', 'N', 'N', null, 'N', null, '0' ) ;
insert into md_property ( id, accessorclassname, classid, createtime, creator, datatype, datatypestyle, defaultvalue, description, displayname, dr, help, isactive, hided, nullable, readonly, attrlength, attrmaxvalue, attrminvalue, modifier, modifytime, name, precise, refmodelname, attrsequence, ts, visibility, versiontype, fixedlength, calculation, isauthen, resid, customattr, notserialize, dynamicattr, dynamictable, accesspower, accesspowergroup, industry ) values (  'bd836b3f-8a32-4a93-8d0b-fe01801eb9c8', null, '97a58456-6f69-4056-a3b9-e3930fc58f76', null, null, '985be8a4-3a36-4778-8afe-2d8ed3902659',305, null, null, '组织',0, null, 'Y', 'N', 'Y', 'N',20, null, null, null, null, 'pk_org',0, null,2, '2018-11-12 18:00:14',0,0, 'N', 'N', 'Y', null, 'N', 'N', 'N', null, 'N', null, '0' ) ;
insert into md_property ( id, accessorclassname, classid, createtime, creator, datatype, datatypestyle, defaultvalue, description, displayname, dr, help, isactive, hided, nullable, readonly, attrlength, attrmaxvalue, attrminvalue, modifier, modifytime, name, precise, refmodelname, attrsequence, ts, visibility, versiontype, fixedlength, calculation, isauthen, resid, customattr, notserialize, dynamicattr, dynamictable, accesspower, accesspowergroup, industry ) values (  '3688d8cc-3a3f-4aad-bda3-b7d9fa1286a1', null, '97a58456-6f69-4056-a3b9-e3930fc58f76', null, null, 'da7bba89-9a59-42d6-a262-c13ef459dbd9',305, null, null, '组织版本',0, null, 'Y', 'N', 'Y', 'N',20, null, null, null, null, 'pk_org_v',0, null,3, '2018-11-12 18:00:14',0,0, 'N', 'N', 'Y', null, 'N', 'N', 'N', null, 'N', null, '0' ) ;
insert into md_property ( id, accessorclassname, classid, createtime, creator, datatype, datatypestyle, defaultvalue, description, displayname, dr, help, isactive, hided, nullable, readonly, attrlength, attrmaxvalue, attrminvalue, modifier, modifytime, name, precise, refmodelname, attrsequence, ts, visibility, versiontype, fixedlength, calculation, isauthen, resid, customattr, notserialize, dynamicattr, dynamictable, accesspower, accesspowergroup, industry ) values (  'cc45eaeb-c0fb-4b7a-8bcb-656e008d85a4', null, '97a58456-6f69-4056-a3b9-e3930fc58f76', null, null, 'BS000010000100001001',300, null, null, '分类编码',0, null, 'Y', 'N', 'Y', 'N',50, null, null, null, null, 'code',0, null,4, '2018-11-12 18:00:14',0,0, 'N', 'N', 'Y', null, 'N', 'N', 'N', null, 'N', null, '0' ) ;
insert into md_property ( id, accessorclassname, classid, createtime, creator, datatype, datatypestyle, defaultvalue, description, displayname, dr, help, isactive, hided, nullable, readonly, attrlength, attrmaxvalue, attrminvalue, modifier, modifytime, name, precise, refmodelname, attrsequence, ts, visibility, versiontype, fixedlength, calculation, isauthen, resid, customattr, notserialize, dynamicattr, dynamictable, accesspower, accesspowergroup, industry ) values (  'd38ea1b4-9e95-473e-9d4a-824a40b89f7e', null, '97a58456-6f69-4056-a3b9-e3930fc58f76', null, null, 'BS000010000100001001',300, null, null, '分类名称',0, null, 'Y', 'N', 'Y', 'N',50, null, null, null, null, 'name',0, null,5, '2018-11-12 18:00:14',0,0, 'N', 'N', 'Y', null, 'N', 'N', 'N', null, 'N', null, '0' ) ;
insert into md_property ( id, accessorclassname, classid, createtime, creator, datatype, datatypestyle, defaultvalue, description, displayname, dr, help, isactive, hided, nullable, readonly, attrlength, attrmaxvalue, attrminvalue, modifier, modifytime, name, precise, refmodelname, attrsequence, ts, visibility, versiontype, fixedlength, calculation, isauthen, resid, customattr, notserialize, dynamicattr, dynamictable, accesspower, accesspowergroup, industry ) values (  '20b06742-d460-480d-85e5-d65f2ee1037a', null, '97a58456-6f69-4056-a3b9-e3930fc58f76', null, null, 'BS000010000100001051',300, null, null, '上级分类',0, null, 'Y', 'N', 'Y', 'N',20, null, null, null, null, 'pk_parent',0, null,6, '2018-11-12 18:00:14',0,0, 'N', 'N', 'Y', null, 'N', 'N', 'N', null, 'N', null, '0' ) ;
insert into md_property ( id, accessorclassname, classid, createtime, creator, datatype, datatypestyle, defaultvalue, description, displayname, dr, help, isactive, hided, nullable, readonly, attrlength, attrmaxvalue, attrminvalue, modifier, modifytime, name, precise, refmodelname, attrsequence, ts, visibility, versiontype, fixedlength, calculation, isauthen, resid, customattr, notserialize, dynamicattr, dynamictable, accesspower, accesspowergroup, industry ) values (  '187f2eb8-ab51-471f-8cea-0bced4a18f24', null, '97a58456-6f69-4056-a3b9-e3930fc58f76', null, null, 'f6f9a473-56c0-432f-8bc7-fbf8fde54fee',305, null, null, '创建人',0, null, 'Y', 'N', 'Y', 'N',20, null, null, null, null, 'creator',0, '用户',7, '2018-11-12 18:00:14',0,0, 'N', 'N', 'Y', null, 'N', 'N', 'N', null, 'N', null, '0' ) ;
insert into md_property ( id, accessorclassname, classid, createtime, creator, datatype, datatypestyle, defaultvalue, description, displayname, dr, help, isactive, hided, nullable, readonly, attrlength, attrmaxvalue, attrminvalue, modifier, modifytime, name, precise, refmodelname, attrsequence, ts, visibility, versiontype, fixedlength, calculation, isauthen, resid, customattr, notserialize, dynamicattr, dynamictable, accesspower, accesspowergroup, industry ) values (  '1d363907-8643-429a-a8cd-db95b09b856f', null, '97a58456-6f69-4056-a3b9-e3930fc58f76', null, null, 'BS000010000100001034',300, null, null, '创建时间',0, null, 'Y', 'N', 'Y', 'N',19, null, null, null, null, 'creationtime',0, null,8, '2018-11-12 18:00:14',0,0, 'N', 'N', 'Y', null, 'N', 'N', 'N', null, 'N', null, '0' ) ;
insert into md_property ( id, accessorclassname, classid, createtime, creator, datatype, datatypestyle, defaultvalue, description, displayname, dr, help, isactive, hided, nullable, readonly, attrlength, attrmaxvalue, attrminvalue, modifier, modifytime, name, precise, refmodelname, attrsequence, ts, visibility, versiontype, fixedlength, calculation, isauthen, resid, customattr, notserialize, dynamicattr, dynamictable, accesspower, accesspowergroup, industry ) values (  'f1949f36-3e1b-421e-af5c-0cab915076e4', null, '97a58456-6f69-4056-a3b9-e3930fc58f76', null, null, 'f6f9a473-56c0-432f-8bc7-fbf8fde54fee',305, null, null, '修改人',0, null, 'Y', 'N', 'Y', 'N',20, null, null, null, null, 'modifier',0, '用户',9, '2018-11-12 18:00:14',0,0, 'N', 'N', 'Y', null, 'N', 'N', 'N', null, 'N', null, '0' ) ;
insert into md_property ( id, accessorclassname, classid, createtime, creator, datatype, datatypestyle, defaultvalue, description, displayname, dr, help, isactive, hided, nullable, readonly, attrlength, attrmaxvalue, attrminvalue, modifier, modifytime, name, precise, refmodelname, attrsequence, ts, visibility, versiontype, fixedlength, calculation, isauthen, resid, customattr, notserialize, dynamicattr, dynamictable, accesspower, accesspowergroup, industry ) values (  '312ac855-9a0a-40f1-a7e7-100c3d3f7c98', null, '97a58456-6f69-4056-a3b9-e3930fc58f76', null, null, 'BS000010000100001034',300, null, null, '修改时间',0, null, 'Y', 'N', 'Y', 'N',19, null, null, null, null, 'modifiedtime',0, null,10, '2018-11-12 18:00:14',0,0, 'N', 'N', 'Y', null, 'N', 'N', 'N', null, 'N', null, '0' ) ;
insert into md_bizItfMap ( bizinterfaceid, intattrid, classid, classattrid, bizitfimpclassname, classattrpath, dr, ts ) values (  '6c8722b9-911a-489b-8d0d-18bd3734fcf6', '5dd3c721-22ad-42b1-9c10-4351c236bc77', '97a58456-6f69-4056-a3b9-e3930fc58f76', 'cdf28110-704d-41ee-a856-3d14790dd4de', null, null,0, '2018-11-12 18:00:14' ) ;
insert into md_bizItfMap ( bizinterfaceid, intattrid, classid, classattrid, bizitfimpclassname, classattrpath, dr, ts ) values (  '6c8722b9-911a-489b-8d0d-18bd3734fcf6', 'c8334364-7ab9-4266-8d4b-e74537935e46', '97a58456-6f69-4056-a3b9-e3930fc58f76', null, null, null,0, '2018-11-12 18:00:14' ) ;
insert into md_bizItfMap ( bizinterfaceid, intattrid, classid, classattrid, bizitfimpclassname, classattrpath, dr, ts ) values (  '6c8722b9-911a-489b-8d0d-18bd3734fcf6', 'ecf1b76a-6e44-42e2-a55e-87596504775b', '97a58456-6f69-4056-a3b9-e3930fc58f76', 'bd836b3f-8a32-4a93-8d0b-fe01801eb9c8', null, null,0, '2018-11-12 18:00:14' ) ;
insert into md_bizItfMap ( bizinterfaceid, intattrid, classid, classattrid, bizitfimpclassname, classattrpath, dr, ts ) values (  '6c8722b9-911a-489b-8d0d-18bd3734fcf6', 'd32cc17b-f415-415a-923f-0764443eb102', '97a58456-6f69-4056-a3b9-e3930fc58f76', 'cc45eaeb-c0fb-4b7a-8bcb-656e008d85a4', null, null,0, '2018-11-12 18:00:14' ) ;
insert into md_bizItfMap ( bizinterfaceid, intattrid, classid, classattrid, bizitfimpclassname, classattrpath, dr, ts ) values (  '6c8722b9-911a-489b-8d0d-18bd3734fcf6', '89578a97-42fe-439b-827c-8eabd9e3604c', '97a58456-6f69-4056-a3b9-e3930fc58f76', 'd38ea1b4-9e95-473e-9d4a-824a40b89f7e', null, null,0, '2018-11-12 18:00:14' ) ;
insert into md_bizItfMap ( bizinterfaceid, intattrid, classid, classattrid, bizitfimpclassname, classattrpath, dr, ts ) values (  '6c8722b9-911a-489b-8d0d-18bd3734fcf6', 'a47e6cda-09e4-480b-923f-ec6f41e3e06c', '97a58456-6f69-4056-a3b9-e3930fc58f76', 'd4636558-894d-4a48-9e6a-c95beb86d91e', null, null,0, '2018-11-12 18:00:14' ) ;
insert into md_bizItfMap ( bizinterfaceid, intattrid, classid, classattrid, bizitfimpclassname, classattrpath, dr, ts ) values (  '2b226ae1-aad9-4abe-a405-36bcacaa94a8', 'e5a2aef6-8d58-416a-b8b7-4dd10e13d788', '97a58456-6f69-4056-a3b9-e3930fc58f76', '187f2eb8-ab51-471f-8cea-0bced4a18f24', null, null,0, '2018-11-12 18:00:14' ) ;
insert into md_bizItfMap ( bizinterfaceid, intattrid, classid, classattrid, bizitfimpclassname, classattrpath, dr, ts ) values (  '2b226ae1-aad9-4abe-a405-36bcacaa94a8', '49b6b1ae-cd5b-4b54-99cd-a6bb9fee7343', '97a58456-6f69-4056-a3b9-e3930fc58f76', '1d363907-8643-429a-a8cd-db95b09b856f', null, null,0, '2018-11-12 18:00:14' ) ;
insert into md_bizItfMap ( bizinterfaceid, intattrid, classid, classattrid, bizitfimpclassname, classattrpath, dr, ts ) values (  '2b226ae1-aad9-4abe-a405-36bcacaa94a8', '54c42368-5a43-4295-a7d4-74d276eed522', '97a58456-6f69-4056-a3b9-e3930fc58f76', 'f1949f36-3e1b-421e-af5c-0cab915076e4', null, null,0, '2018-11-12 18:00:14' ) ;
insert into md_bizItfMap ( bizinterfaceid, intattrid, classid, classattrid, bizitfimpclassname, classattrpath, dr, ts ) values (  '2b226ae1-aad9-4abe-a405-36bcacaa94a8', '0abfd569-b9cf-4c44-a8d9-45979c083b08', '97a58456-6f69-4056-a3b9-e3930fc58f76', '312ac855-9a0a-40f1-a7e7-100c3d3f7c98', null, null,0, '2018-11-12 18:00:14' ) ;
insert into md_association ( id, componentid, creator, createtime, dr, endcardinality, startbeanid, endelementid, isactive, modifier, modifytime, name, startcardinality, startelementid, ts, type, versiontype, industry ) values (  '4f73c174-67f1-4520-8748-472e4eda88a0', '22369e65-5435-4da0-bd8d-4374cee52d67', null, null,0, '1', '97a58456-6f69-4056-a3b9-e3930fc58f76', '3b6dd171-2900-47f3-bfbe-41e4483a2a65', 'Y', null, null, 'ProductCategory_pk_group', '1', 'd4636558-894d-4a48-9e6a-c95beb86d91e', '2018-11-12 18:00:14',3,0, '0' ) ;
insert into md_association ( id, componentid, creator, createtime, dr, endcardinality, startbeanid, endelementid, isactive, modifier, modifytime, name, startcardinality, startelementid, ts, type, versiontype, industry ) values (  'fd2a73ec-0b61-4234-86d7-e18fa6b55bfa', '22369e65-5435-4da0-bd8d-4374cee52d67', null, null,0, '1', '97a58456-6f69-4056-a3b9-e3930fc58f76', '985be8a4-3a36-4778-8afe-2d8ed3902659', 'Y', null, null, 'ProductCategory_pk_org', '1', 'bd836b3f-8a32-4a93-8d0b-fe01801eb9c8', '2018-11-12 18:00:14',3,0, '0' ) ;
insert into md_association ( id, componentid, creator, createtime, dr, endcardinality, startbeanid, endelementid, isactive, modifier, modifytime, name, startcardinality, startelementid, ts, type, versiontype, industry ) values (  '56090181-5eea-4580-9ad8-28b70381f452', '22369e65-5435-4da0-bd8d-4374cee52d67', null, null,0, '1', '97a58456-6f69-4056-a3b9-e3930fc58f76', 'da7bba89-9a59-42d6-a262-c13ef459dbd9', 'Y', null, null, 'ProductCategory_pk_org_v', '1', '3688d8cc-3a3f-4aad-bda3-b7d9fa1286a1', '2018-11-12 18:00:14',3,0, '0' ) ;
insert into md_association ( id, componentid, creator, createtime, dr, endcardinality, startbeanid, endelementid, isactive, modifier, modifytime, name, startcardinality, startelementid, ts, type, versiontype, industry ) values (  'ac6e4b52-504b-4ceb-8bfd-caac72f49db6', '22369e65-5435-4da0-bd8d-4374cee52d67', null, null,0, '1', '97a58456-6f69-4056-a3b9-e3930fc58f76', 'f6f9a473-56c0-432f-8bc7-fbf8fde54fee', 'Y', null, null, 'ProductCategory_creator', '1', '187f2eb8-ab51-471f-8cea-0bced4a18f24', '2018-11-12 18:00:14',3,0, '0' ) ;
insert into md_association ( id, componentid, creator, createtime, dr, endcardinality, startbeanid, endelementid, isactive, modifier, modifytime, name, startcardinality, startelementid, ts, type, versiontype, industry ) values (  '80f623c2-24c6-4079-b6e9-a3bdf0395af6', '22369e65-5435-4da0-bd8d-4374cee52d67', null, null,0, '1', '97a58456-6f69-4056-a3b9-e3930fc58f76', 'f6f9a473-56c0-432f-8bc7-fbf8fde54fee', 'Y', null, null, 'ProductCategory_modifier', '1', 'f1949f36-3e1b-421e-af5c-0cab915076e4', '2018-11-12 18:00:14',3,0, '0' ) ;
insert into md_table ( id, createtime, creator, databaseid, description, displayname, dr, help, isactive, fromsourcebmf, modifier, modifytime, name, ts, versiontype, resmodule, resid, parenttable, isextendtable, industry ) values (  'qc_category', '2018-11-11 16:51:42', 'yonyouBQ', null, null, '产品分类',0, null, null, 'Y', 'yonyouBQ', '2018-11-12 12:03:31', 'qc_category', '2018-11-12 18:00:14',0, 'qccategory', null, null, null, '0' ) ;
insert into md_column ( id, sqldatetype, createtime, creator, defaultvalue, description, displayname, dr, help, incrementseed, incrementstep, isactive, identitied, pkey, nullable, columnlength, modifier, modifytime, name, precise, columnsequence, tableid, ts, versiontype, resid, groupid, columntype, forlocale ) values (  'qc_category@@PK@@', 'char', null, null, null, null, '主键',0, null,null,null, 'Y', null, 'Y', 'N',20, null, null, 'pk_category',0,0, 'qc_category', '2018-11-12 18:00:14',0, null, null,0, 'N' ) ;
insert into md_column ( id, sqldatetype, createtime, creator, defaultvalue, description, displayname, dr, help, incrementseed, incrementstep, isactive, identitied, pkey, nullable, columnlength, modifier, modifytime, name, precise, columnsequence, tableid, ts, versiontype, resid, groupid, columntype, forlocale ) values (  'qc_category@@@pk_group', 'varchar', null, null, '*~', null, '集团',0, null,null,null, 'Y', null, 'N', 'Y',20, null, null, 'pk_group',0,1, 'qc_category', '2018-11-12 18:00:14',0, null, null,0, 'N' ) ;
insert into md_column ( id, sqldatetype, createtime, creator, defaultvalue, description, displayname, dr, help, incrementseed, incrementstep, isactive, identitied, pkey, nullable, columnlength, modifier, modifytime, name, precise, columnsequence, tableid, ts, versiontype, resid, groupid, columntype, forlocale ) values (  'qc_category@@@pk_org', 'varchar', null, null, '*~', null, '组织',0, null,null,null, 'Y', null, 'N', 'Y',20, null, null, 'pk_org',0,2, 'qc_category', '2018-11-12 18:00:14',0, null, null,0, 'N' ) ;
insert into md_column ( id, sqldatetype, createtime, creator, defaultvalue, description, displayname, dr, help, incrementseed, incrementstep, isactive, identitied, pkey, nullable, columnlength, modifier, modifytime, name, precise, columnsequence, tableid, ts, versiontype, resid, groupid, columntype, forlocale ) values (  'qc_category@@@pk_org_v', 'varchar', null, null, '*~', null, '组织版本',0, null,null,null, 'Y', null, 'N', 'Y',20, null, null, 'pk_org_v',0,3, 'qc_category', '2018-11-12 18:00:14',0, null, null,0, 'N' ) ;
insert into md_column ( id, sqldatetype, createtime, creator, defaultvalue, description, displayname, dr, help, incrementseed, incrementstep, isactive, identitied, pkey, nullable, columnlength, modifier, modifytime, name, precise, columnsequence, tableid, ts, versiontype, resid, groupid, columntype, forlocale ) values (  'qc_category@@@code', 'varchar', null, null, null, null, '分类编码',0, null,null,null, 'Y', null, 'N', 'Y',50, null, null, 'code',0,4, 'qc_category', '2018-11-12 18:00:14',0, null, null,0, 'N' ) ;
insert into md_column ( id, sqldatetype, createtime, creator, defaultvalue, description, displayname, dr, help, incrementseed, incrementstep, isactive, identitied, pkey, nullable, columnlength, modifier, modifytime, name, precise, columnsequence, tableid, ts, versiontype, resid, groupid, columntype, forlocale ) values (  'qc_category@@@name', 'varchar', null, null, null, null, '分类名称',0, null,null,null, 'Y', null, 'N', 'Y',50, null, null, 'name',0,5, 'qc_category', '2018-11-12 18:00:14',0, null, null,0, 'N' ) ;
insert into md_column ( id, sqldatetype, createtime, creator, defaultvalue, description, displayname, dr, help, incrementseed, incrementstep, isactive, identitied, pkey, nullable, columnlength, modifier, modifytime, name, precise, columnsequence, tableid, ts, versiontype, resid, groupid, columntype, forlocale ) values (  'qc_category@@@pk_parent', 'char', null, null, null, null, '上级分类',0, null,null,null, 'Y', null, 'N', 'Y',20, null, null, 'pk_parent',0,6, 'qc_category', '2018-11-12 18:00:14',0, null, null,0, 'N' ) ;
insert into md_column ( id, sqldatetype, createtime, creator, defaultvalue, description, displayname, dr, help, incrementseed, incrementstep, isactive, identitied, pkey, nullable, columnlength, modifier, modifytime, name, precise, columnsequence, tableid, ts, versiontype, resid, groupid, columntype, forlocale ) values (  'qc_category@@@creator', 'varchar', null, null, '*~', null, '创建人',0, null,null,null, 'Y', null, 'N', 'Y',20, null, null, 'creator',0,7, 'qc_category', '2018-11-12 18:00:14',0, null, null,0, 'N' ) ;
insert into md_column ( id, sqldatetype, createtime, creator, defaultvalue, description, displayname, dr, help, incrementseed, incrementstep, isactive, identitied, pkey, nullable, columnlength, modifier, modifytime, name, precise, columnsequence, tableid, ts, versiontype, resid, groupid, columntype, forlocale ) values (  'qc_category@@@creationtime', 'char', null, null, null, null, '创建时间',0, null,null,null, 'Y', null, 'N', 'Y',19, null, null, 'creationtime',0,8, 'qc_category', '2018-11-12 18:00:14',0, null, null,0, 'N' ) ;
insert into md_column ( id, sqldatetype, createtime, creator, defaultvalue, description, displayname, dr, help, incrementseed, incrementstep, isactive, identitied, pkey, nullable, columnlength, modifier, modifytime, name, precise, columnsequence, tableid, ts, versiontype, resid, groupid, columntype, forlocale ) values (  'qc_category@@@modifier', 'varchar', null, null, '*~', null, '修改人',0, null,null,null, 'Y', null, 'N', 'Y',20, null, null, 'modifier',0,9, 'qc_category', '2018-11-12 18:00:14',0, null, null,0, 'N' ) ;
insert into md_column ( id, sqldatetype, createtime, creator, defaultvalue, description, displayname, dr, help, incrementseed, incrementstep, isactive, identitied, pkey, nullable, columnlength, modifier, modifytime, name, precise, columnsequence, tableid, ts, versiontype, resid, groupid, columntype, forlocale ) values (  'qc_category@@@modifiedtime', 'char', null, null, null, null, '修改时间',0, null,null,null, 'Y', null, 'N', 'Y',19, null, null, 'modifiedtime',0,10, 'qc_category', '2018-11-12 18:00:14',0, null, null,0, 'N' ) ;
insert into md_ORMap ( attributeid, classid, columnid, dr, tableid, ts ) values (  '3688d8cc-3a3f-4aad-bda3-b7d9fa1286a1', '97a58456-6f69-4056-a3b9-e3930fc58f76', 'qc_category@@@pk_org_v',0, 'qc_category', '2018-11-12 18:00:14' ) ;
insert into md_ORMap ( attributeid, classid, columnid, dr, tableid, ts ) values (  '312ac855-9a0a-40f1-a7e7-100c3d3f7c98', '97a58456-6f69-4056-a3b9-e3930fc58f76', 'qc_category@@@modifiedtime',0, 'qc_category', '2018-11-12 18:00:14' ) ;
insert into md_ORMap ( attributeid, classid, columnid, dr, tableid, ts ) values (  '187f2eb8-ab51-471f-8cea-0bced4a18f24', '97a58456-6f69-4056-a3b9-e3930fc58f76', 'qc_category@@@creator',0, 'qc_category', '2018-11-12 18:00:14' ) ;
insert into md_ORMap ( attributeid, classid, columnid, dr, tableid, ts ) values (  'd4636558-894d-4a48-9e6a-c95beb86d91e', '97a58456-6f69-4056-a3b9-e3930fc58f76', 'qc_category@@@pk_group',0, 'qc_category', '2018-11-12 18:00:14' ) ;
insert into md_ORMap ( attributeid, classid, columnid, dr, tableid, ts ) values (  'f1949f36-3e1b-421e-af5c-0cab915076e4', '97a58456-6f69-4056-a3b9-e3930fc58f76', 'qc_category@@@modifier',0, 'qc_category', '2018-11-12 18:00:14' ) ;
insert into md_ORMap ( attributeid, classid, columnid, dr, tableid, ts ) values (  'd38ea1b4-9e95-473e-9d4a-824a40b89f7e', '97a58456-6f69-4056-a3b9-e3930fc58f76', 'qc_category@@@name',0, 'qc_category', '2018-11-12 18:00:14' ) ;
insert into md_ORMap ( attributeid, classid, columnid, dr, tableid, ts ) values (  '20b06742-d460-480d-85e5-d65f2ee1037a', '97a58456-6f69-4056-a3b9-e3930fc58f76', 'qc_category@@@pk_parent',0, 'qc_category', '2018-11-12 18:00:14' ) ;
insert into md_ORMap ( attributeid, classid, columnid, dr, tableid, ts ) values (  'cc45eaeb-c0fb-4b7a-8bcb-656e008d85a4', '97a58456-6f69-4056-a3b9-e3930fc58f76', 'qc_category@@@code',0, 'qc_category', '2018-11-12 18:00:14' ) ;
insert into md_ORMap ( attributeid, classid, columnid, dr, tableid, ts ) values (  'bd836b3f-8a32-4a93-8d0b-fe01801eb9c8', '97a58456-6f69-4056-a3b9-e3930fc58f76', 'qc_category@@@pk_org',0, 'qc_category', '2018-11-12 18:00:14' ) ;
insert into md_ORMap ( attributeid, classid, columnid, dr, tableid, ts ) values (  '1d363907-8643-429a-a8cd-db95b09b856f', '97a58456-6f69-4056-a3b9-e3930fc58f76', 'qc_category@@@creationtime',0, 'qc_category', '2018-11-12 18:00:14' ) ;
insert into md_ORMap ( attributeid, classid, columnid, dr, tableid, ts ) values (  'cdf28110-704d-41ee-a856-3d14790dd4de', '97a58456-6f69-4056-a3b9-e3930fc58f76', 'qc_category@@PK@@',0, 'qc_category', '2018-11-12 18:00:14' ) ;


create table qc_category (
pk_category char(20) NOT NULL,
pk_group varchar(20) default '~' NULL,
pk_org varchar(20) default '~' NULL,
pk_org_v varchar(20) default '~' NULL,
code varchar(50) NULL,
name varchar(50) NULL,
pk_parent char(20) NULL,
creator varchar(20) default '~' NULL,
creationtime char(19) NULL,
modifier varchar(20) default '~' NULL,
modifiedtime char(19) NULL,
CONSTRAINT PK_QC_CATEGORY PRIMARY KEY (pk_category),
ts char(19) NULL,
dr smallint default 0 
);


--qc_centstandard
delete from md_db_relation where startattrid in (select id from md_property where classid in ('5a60d728-ef33-4b77-a7f7-d763f34112e1','@@@@' ) )  and starttableid in ('qc_entstandard','@@@@');
delete from md_ORMap where ATTRIBUTEID in(select id from md_property where classid in ('5a60d728-ef33-4b77-a7f7-d763f34112e1','@@@@' ) )  and tableid in ('qc_entstandard','@@@@') ;
delete from md_table where id not in (select distinct tableid from md_ormap );
delete from md_column where  tableid in('qc_entstandard','@@@@') and id not in(select distinct columnid from md_ormap) and (nvl(groupid ,'~')='~' or groupid = id )  and name <> 'extend_bean_tag' ;
delete from md_column where tableid in ('qc_entstandard','@@@@')and groupid is not null and groupid not in( select distinct id from md_column where tableid in ('qc_entstandard','@@@@') ) ;
delete from md_db_relation where starttableid not in (select id from md_table);
delete from md_property where classID in (select distinct id from md_class where componentID='3341c021-10c1-408b-815c-da8e3345e81b'  )  ;
delete from md_association where componentID = '3341c021-10c1-408b-815c-da8e3345e81b'  ;
delete from md_bizItfMap where classID in (select distinct id from md_class where componentID='3341c021-10c1-408b-815c-da8e3345e81b'  );
delete from md_bizItfMap where classID in ( select id from md_opInterface where componentID = '3341c021-10c1-408b-815c-da8e3345e81b'  );
delete from md_accessorPara where id in (select distinct id from md_class where componentID='3341c021-10c1-408b-815c-da8e3345e81b'  );
delete from md_enumValue where id in (select distinct id from md_class where componentID='3341c021-10c1-408b-815c-da8e3345e81b'  ) ;
delete from md_class where componentID = '3341c021-10c1-408b-815c-da8e3345e81b'  ;
delete from md_component where id = '3341c021-10c1-408b-815c-da8e3345e81b' ;
delete from md_table where (id='qc_entstandard');
delete from md_column where (id='qc_entstandard@@PK@@');
delete from md_column where (id='qc_entstandard@@@code');
delete from md_column where (id='qc_entstandard@@@name');
delete from md_column where (id='qc_entstandard@@@pk_group');
delete from md_column where (id='qc_entstandard@@@pk_org');
delete from md_column where (id='qc_entstandard@@@pk_org_v');
delete from md_column where (id='qc_entstandard@@@creator');
delete from md_column where (id='qc_entstandard@@@creationtime');
delete from md_column where (id='qc_entstandard@@@modifier');
delete from md_column where (id='qc_entstandard@@@modifiedtime');
delete from md_column where (id='qc_entstandard@@@pk_productserial');


insert into md_component ( createtime, creator, description, displayname, dr, fromsourcebmf, help, id, industry, isbizmodel, modifier, modifytime, name, namespace, ownmodule, preload, resid, resmodule, ts, version, versiontype ) values (  '2018-11-12 10:02:28', 'yonyouBQ', null, '企业标准',0, 'Y', null, '3341c021-10c1-408b-815c-da8e3345e81b', '0', 'N', 'yonyouBQ', '2018-11-12 18:15:05', 'qcentstandard', 'qcco', 'qcco', null, null, 'qcentstandard', '2018-11-12 18:18:54', '12',0 ) ;
insert into md_class ( id, accessorclassname, classtype, componentid, createtime, creator, description, displayname, dr, fullclassname, help, isactive, keyattribute, modifier, modifytime, name, parentclassid, precise, refmodelname, returntype, ts, versiontype, isprimary, defaulttablename, stereotype, isauthen, resid, bizitfimpclassname, modinfoclassname, iscreatesql, isextendbean, userdefclassname, industry, fixedlength ) values (  '5a60d728-ef33-4b77-a7f7-d763f34112e1', 'nc.md.model.access.javamap.NCBeanStyle',201, '3341c021-10c1-408b-815c-da8e3345e81b', '2018-11-12 10:03:11', 'yonyouBQ', null, '企业标准',0, 'nc.vo.qcco.qcentstandard.EntstandardVO', null, null, '24fada24-b06e-4d4a-8366-f57afc7ff81a', 'yonyouBQ', '2018-11-12 18:18:31', 'entstandard', null,null, null, null, '2018-11-12 18:18:54',0, 'Y', 'qc_entstandard', null, 'Y', null, null, null, 'Y', null, null, '0', null ) ;
insert into md_property ( id, accessorclassname, classid, createtime, creator, datatype, datatypestyle, defaultvalue, description, displayname, dr, help, isactive, hided, nullable, readonly, attrlength, attrmaxvalue, attrminvalue, modifier, modifytime, name, precise, refmodelname, attrsequence, ts, visibility, versiontype, fixedlength, calculation, isauthen, resid, customattr, notserialize, dynamicattr, dynamictable, accesspower, accesspowergroup, industry ) values (  '24fada24-b06e-4d4a-8366-f57afc7ff81a', null, '5a60d728-ef33-4b77-a7f7-d763f34112e1', null, null, 'BS000010000100001051',300, null, null, '主键',0, null, 'Y', 'N', 'N', 'N',20, null, null, null, null, 'pk_entstandard',0, null,0, '2018-11-12 18:18:54',0,0, 'N', 'N', 'Y', null, 'N', 'N', 'N', null, 'N', null, '0' ) ;
insert into md_property ( id, accessorclassname, classid, createtime, creator, datatype, datatypestyle, defaultvalue, description, displayname, dr, help, isactive, hided, nullable, readonly, attrlength, attrmaxvalue, attrminvalue, modifier, modifytime, name, precise, refmodelname, attrsequence, ts, visibility, versiontype, fixedlength, calculation, isauthen, resid, customattr, notserialize, dynamicattr, dynamictable, accesspower, accesspowergroup, industry ) values (  '05696f47-b291-4be4-9b5d-783993dad03e', null, '5a60d728-ef33-4b77-a7f7-d763f34112e1', null, null, 'BS000010000100001001',300, null, null, '编码',0, null, 'Y', 'N', 'Y', 'N',50, null, null, null, null, 'code',0, null,1, '2018-11-12 18:18:54',0,0, 'N', 'N', 'Y', null, 'N', 'N', 'N', null, 'N', null, '0' ) ;
insert into md_property ( id, accessorclassname, classid, createtime, creator, datatype, datatypestyle, defaultvalue, description, displayname, dr, help, isactive, hided, nullable, readonly, attrlength, attrmaxvalue, attrminvalue, modifier, modifytime, name, precise, refmodelname, attrsequence, ts, visibility, versiontype, fixedlength, calculation, isauthen, resid, customattr, notserialize, dynamicattr, dynamictable, accesspower, accesspowergroup, industry ) values (  'ac2eba11-d487-40a5-8633-a544223d2664', null, '5a60d728-ef33-4b77-a7f7-d763f34112e1', null, null, 'BS000010000100001001',300, null, null, '名称',0, null, 'Y', 'N', 'Y', 'N',50, null, null, null, null, 'name',0, null,2, '2018-11-12 18:18:54',0,0, 'N', 'N', 'Y', null, 'N', 'N', 'N', null, 'N', null, '0' ) ;
insert into md_property ( id, accessorclassname, classid, createtime, creator, datatype, datatypestyle, defaultvalue, description, displayname, dr, help, isactive, hided, nullable, readonly, attrlength, attrmaxvalue, attrminvalue, modifier, modifytime, name, precise, refmodelname, attrsequence, ts, visibility, versiontype, fixedlength, calculation, isauthen, resid, customattr, notserialize, dynamicattr, dynamictable, accesspower, accesspowergroup, industry ) values (  '271808aa-edd8-4f05-af28-318ec7147cce', null, '5a60d728-ef33-4b77-a7f7-d763f34112e1', null, null, '3b6dd171-2900-47f3-bfbe-41e4483a2a65',305, null, null, '集团',0, null, 'Y', 'N', 'Y', 'N',20, null, null, null, null, 'pk_group',0, null,3, '2018-11-12 18:18:54',0,0, 'N', 'N', 'Y', null, 'N', 'N', 'N', null, 'N', null, '0' ) ;
insert into md_property ( id, accessorclassname, classid, createtime, creator, datatype, datatypestyle, defaultvalue, description, displayname, dr, help, isactive, hided, nullable, readonly, attrlength, attrmaxvalue, attrminvalue, modifier, modifytime, name, precise, refmodelname, attrsequence, ts, visibility, versiontype, fixedlength, calculation, isauthen, resid, customattr, notserialize, dynamicattr, dynamictable, accesspower, accesspowergroup, industry ) values (  '9413df82-3f66-4ab6-a08d-d88ffa37be16', null, '5a60d728-ef33-4b77-a7f7-d763f34112e1', null, null, '985be8a4-3a36-4778-8afe-2d8ed3902659',305, null, null, '组织',0, null, 'Y', 'N', 'Y', 'N',20, null, null, null, null, 'pk_org',0, '组织（包含全局）(所有)',4, '2018-11-12 18:18:54',0,0, 'N', 'N', 'Y', null, 'N', 'N', 'N', null, 'N', null, '0' ) ;
insert into md_property ( id, accessorclassname, classid, createtime, creator, datatype, datatypestyle, defaultvalue, description, displayname, dr, help, isactive, hided, nullable, readonly, attrlength, attrmaxvalue, attrminvalue, modifier, modifytime, name, precise, refmodelname, attrsequence, ts, visibility, versiontype, fixedlength, calculation, isauthen, resid, customattr, notserialize, dynamicattr, dynamictable, accesspower, accesspowergroup, industry ) values (  '20fa2051-cd5c-45a4-87fd-4734622d9012', null, '5a60d728-ef33-4b77-a7f7-d763f34112e1', null, null, 'da7bba89-9a59-42d6-a262-c13ef459dbd9',305, null, null, '组织版本',0, null, 'Y', 'N', 'Y', 'N',20, null, null, null, null, 'pk_org_v',0, null,5, '2018-11-12 18:18:54',0,0, 'N', 'N', 'Y', null, 'N', 'N', 'N', null, 'N', null, '0' ) ;
insert into md_property ( id, accessorclassname, classid, createtime, creator, datatype, datatypestyle, defaultvalue, description, displayname, dr, help, isactive, hided, nullable, readonly, attrlength, attrmaxvalue, attrminvalue, modifier, modifytime, name, precise, refmodelname, attrsequence, ts, visibility, versiontype, fixedlength, calculation, isauthen, resid, customattr, notserialize, dynamicattr, dynamictable, accesspower, accesspowergroup, industry ) values (  'e51e1e25-ac7b-419c-8c5e-0b5e44da4291', null, '5a60d728-ef33-4b77-a7f7-d763f34112e1', null, null, 'f6f9a473-56c0-432f-8bc7-fbf8fde54fee',305, null, null, '创建人',0, null, 'Y', 'N', 'Y', 'N',20, null, null, null, null, 'creator',0, '用户',6, '2018-11-12 18:18:54',0,0, 'N', 'N', 'Y', null, 'N', 'N', 'N', null, 'N', null, '0' ) ;
insert into md_property ( id, accessorclassname, classid, createtime, creator, datatype, datatypestyle, defaultvalue, description, displayname, dr, help, isactive, hided, nullable, readonly, attrlength, attrmaxvalue, attrminvalue, modifier, modifytime, name, precise, refmodelname, attrsequence, ts, visibility, versiontype, fixedlength, calculation, isauthen, resid, customattr, notserialize, dynamicattr, dynamictable, accesspower, accesspowergroup, industry ) values (  '7bf250e1-83a5-4e1c-a953-cae4464734e4', null, '5a60d728-ef33-4b77-a7f7-d763f34112e1', null, null, 'BS000010000100001034',300, null, null, '创建时间',0, null, 'Y', 'N', 'Y', 'N',19, null, null, null, null, 'creationtime',0, null,7, '2018-11-12 18:18:54',0,0, 'N', 'N', 'Y', null, 'N', 'N', 'N', null, 'N', null, '0' ) ;
insert into md_property ( id, accessorclassname, classid, createtime, creator, datatype, datatypestyle, defaultvalue, description, displayname, dr, help, isactive, hided, nullable, readonly, attrlength, attrmaxvalue, attrminvalue, modifier, modifytime, name, precise, refmodelname, attrsequence, ts, visibility, versiontype, fixedlength, calculation, isauthen, resid, customattr, notserialize, dynamicattr, dynamictable, accesspower, accesspowergroup, industry ) values (  'b7035b80-0e9b-49ea-a808-57f7947db1df', null, '5a60d728-ef33-4b77-a7f7-d763f34112e1', null, null, 'f6f9a473-56c0-432f-8bc7-fbf8fde54fee',305, null, null, '修改人',0, null, 'Y', 'N', 'Y', 'N',20, null, null, null, null, 'modifier',0, '用户',8, '2018-11-12 18:18:54',0,0, 'N', 'N', 'Y', null, 'N', 'N', 'N', null, 'N', null, '0' ) ;
insert into md_property ( id, accessorclassname, classid, createtime, creator, datatype, datatypestyle, defaultvalue, description, displayname, dr, help, isactive, hided, nullable, readonly, attrlength, attrmaxvalue, attrminvalue, modifier, modifytime, name, precise, refmodelname, attrsequence, ts, visibility, versiontype, fixedlength, calculation, isauthen, resid, customattr, notserialize, dynamicattr, dynamictable, accesspower, accesspowergroup, industry ) values (  '5215d180-f41d-4c31-b79c-f009300aedbf', null, '5a60d728-ef33-4b77-a7f7-d763f34112e1', null, null, 'BS000010000100001034',300, null, null, '修改时间',0, null, 'Y', 'N', 'Y', 'N',19, null, null, null, null, 'modifiedtime',0, null,9, '2018-11-12 18:18:54',0,0, 'N', 'N', 'Y', null, 'N', 'N', 'N', null, 'N', null, '0' ) ;
insert into md_property ( id, accessorclassname, classid, createtime, creator, datatype, datatypestyle, defaultvalue, description, displayname, dr, help, isactive, hided, nullable, readonly, attrlength, attrmaxvalue, attrminvalue, modifier, modifytime, name, precise, refmodelname, attrsequence, ts, visibility, versiontype, fixedlength, calculation, isauthen, resid, customattr, notserialize, dynamicattr, dynamictable, accesspower, accesspowergroup, industry ) values (  'f6037d4d-56e8-4db7-a70d-dc6690601436', null, '5a60d728-ef33-4b77-a7f7-d763f34112e1', null, null, '1001AA100000000001H7',305, null, null, '产品系列',0, null, 'Y', 'N', 'Y', 'N',20, null, null, null, null, 'pk_productserial',0, '产品系列(自定义档案)',10, '2018-11-12 18:18:54',0,0, 'N', 'N', 'Y', null, 'N', 'N', 'N', null, 'N', null, '0' ) ;
insert into md_bizItfMap ( bizinterfaceid, intattrid, classid, classattrid, bizitfimpclassname, classattrpath, dr, ts ) values (  '2b226ae1-aad9-4abe-a405-36bcacaa94a8', 'e5a2aef6-8d58-416a-b8b7-4dd10e13d788', '5a60d728-ef33-4b77-a7f7-d763f34112e1', 'e51e1e25-ac7b-419c-8c5e-0b5e44da4291', null, null,0, '2018-11-12 18:18:54' ) ;
insert into md_bizItfMap ( bizinterfaceid, intattrid, classid, classattrid, bizitfimpclassname, classattrpath, dr, ts ) values (  '2b226ae1-aad9-4abe-a405-36bcacaa94a8', '49b6b1ae-cd5b-4b54-99cd-a6bb9fee7343', '5a60d728-ef33-4b77-a7f7-d763f34112e1', '7bf250e1-83a5-4e1c-a953-cae4464734e4', null, null,0, '2018-11-12 18:18:54' ) ;
insert into md_bizItfMap ( bizinterfaceid, intattrid, classid, classattrid, bizitfimpclassname, classattrpath, dr, ts ) values (  '2b226ae1-aad9-4abe-a405-36bcacaa94a8', '54c42368-5a43-4295-a7d4-74d276eed522', '5a60d728-ef33-4b77-a7f7-d763f34112e1', 'b7035b80-0e9b-49ea-a808-57f7947db1df', null, null,0, '2018-11-12 18:18:54' ) ;
insert into md_bizItfMap ( bizinterfaceid, intattrid, classid, classattrid, bizitfimpclassname, classattrpath, dr, ts ) values (  '2b226ae1-aad9-4abe-a405-36bcacaa94a8', '0abfd569-b9cf-4c44-a8d9-45979c083b08', '5a60d728-ef33-4b77-a7f7-d763f34112e1', '5215d180-f41d-4c31-b79c-f009300aedbf', null, null,0, '2018-11-12 18:18:54' ) ;
insert into md_bizItfMap ( bizinterfaceid, intattrid, classid, classattrid, bizitfimpclassname, classattrpath, dr, ts ) values (  '6c8722b9-911a-489b-8d0d-18bd3734fcf6', '5dd3c721-22ad-42b1-9c10-4351c236bc77', '5a60d728-ef33-4b77-a7f7-d763f34112e1', '24fada24-b06e-4d4a-8366-f57afc7ff81a', null, null,0, '2018-11-12 18:18:54' ) ;
insert into md_bizItfMap ( bizinterfaceid, intattrid, classid, classattrid, bizitfimpclassname, classattrpath, dr, ts ) values (  '6c8722b9-911a-489b-8d0d-18bd3734fcf6', 'c8334364-7ab9-4266-8d4b-e74537935e46', '5a60d728-ef33-4b77-a7f7-d763f34112e1', null, null, null,0, '2018-11-12 18:18:54' ) ;
insert into md_bizItfMap ( bizinterfaceid, intattrid, classid, classattrid, bizitfimpclassname, classattrpath, dr, ts ) values (  '6c8722b9-911a-489b-8d0d-18bd3734fcf6', 'ecf1b76a-6e44-42e2-a55e-87596504775b', '5a60d728-ef33-4b77-a7f7-d763f34112e1', '9413df82-3f66-4ab6-a08d-d88ffa37be16', null, null,0, '2018-11-12 18:18:54' ) ;
insert into md_bizItfMap ( bizinterfaceid, intattrid, classid, classattrid, bizitfimpclassname, classattrpath, dr, ts ) values (  '6c8722b9-911a-489b-8d0d-18bd3734fcf6', 'd32cc17b-f415-415a-923f-0764443eb102', '5a60d728-ef33-4b77-a7f7-d763f34112e1', '05696f47-b291-4be4-9b5d-783993dad03e', null, null,0, '2018-11-12 18:18:54' ) ;
insert into md_bizItfMap ( bizinterfaceid, intattrid, classid, classattrid, bizitfimpclassname, classattrpath, dr, ts ) values (  '6c8722b9-911a-489b-8d0d-18bd3734fcf6', '89578a97-42fe-439b-827c-8eabd9e3604c', '5a60d728-ef33-4b77-a7f7-d763f34112e1', 'ac2eba11-d487-40a5-8633-a544223d2664', null, null,0, '2018-11-12 18:18:54' ) ;
insert into md_bizItfMap ( bizinterfaceid, intattrid, classid, classattrid, bizitfimpclassname, classattrpath, dr, ts ) values (  '6c8722b9-911a-489b-8d0d-18bd3734fcf6', 'a47e6cda-09e4-480b-923f-ec6f41e3e06c', '5a60d728-ef33-4b77-a7f7-d763f34112e1', '271808aa-edd8-4f05-af28-318ec7147cce', null, null,0, '2018-11-12 18:18:54' ) ;
insert into md_association ( id, componentid, creator, createtime, dr, endcardinality, startbeanid, endelementid, isactive, modifier, modifytime, name, startcardinality, startelementid, ts, type, versiontype, industry ) values (  '5368a82b-39fa-49d4-acf3-bc0bc701746b', '3341c021-10c1-408b-815c-da8e3345e81b', null, null,0, '1', '5a60d728-ef33-4b77-a7f7-d763f34112e1', '3b6dd171-2900-47f3-bfbe-41e4483a2a65', 'Y', null, null, 'entstandard_pk_group', '1', '271808aa-edd8-4f05-af28-318ec7147cce', '2018-11-12 18:18:54',3,0, '0' ) ;
insert into md_association ( id, componentid, creator, createtime, dr, endcardinality, startbeanid, endelementid, isactive, modifier, modifytime, name, startcardinality, startelementid, ts, type, versiontype, industry ) values (  'ee426242-ddcc-4432-a876-931018eba23b', '3341c021-10c1-408b-815c-da8e3345e81b', null, null,0, '1', '5a60d728-ef33-4b77-a7f7-d763f34112e1', '985be8a4-3a36-4778-8afe-2d8ed3902659', 'Y', null, null, 'entstandard_pk_org', '1', '9413df82-3f66-4ab6-a08d-d88ffa37be16', '2018-11-12 18:18:54',3,0, '0' ) ;
insert into md_association ( id, componentid, creator, createtime, dr, endcardinality, startbeanid, endelementid, isactive, modifier, modifytime, name, startcardinality, startelementid, ts, type, versiontype, industry ) values (  '56b8420e-1db3-4385-ac3a-8f9324d8abf1', '3341c021-10c1-408b-815c-da8e3345e81b', null, null,0, '1', '5a60d728-ef33-4b77-a7f7-d763f34112e1', 'da7bba89-9a59-42d6-a262-c13ef459dbd9', 'Y', null, null, 'entstandard_pk_org_v', '1', '20fa2051-cd5c-45a4-87fd-4734622d9012', '2018-11-12 18:18:54',3,0, '0' ) ;
insert into md_association ( id, componentid, creator, createtime, dr, endcardinality, startbeanid, endelementid, isactive, modifier, modifytime, name, startcardinality, startelementid, ts, type, versiontype, industry ) values (  'f2a5c03f-5a62-4bfa-855a-582cde394368', '3341c021-10c1-408b-815c-da8e3345e81b', null, null,0, '1', '5a60d728-ef33-4b77-a7f7-d763f34112e1', 'f6f9a473-56c0-432f-8bc7-fbf8fde54fee', 'Y', null, null, 'entstandard_creator', '1', 'e51e1e25-ac7b-419c-8c5e-0b5e44da4291', '2018-11-12 18:18:54',3,0, '0' ) ;
insert into md_association ( id, componentid, creator, createtime, dr, endcardinality, startbeanid, endelementid, isactive, modifier, modifytime, name, startcardinality, startelementid, ts, type, versiontype, industry ) values (  '7a8a19e2-a1a6-47da-9601-93738599f012', '3341c021-10c1-408b-815c-da8e3345e81b', null, null,0, '1', '5a60d728-ef33-4b77-a7f7-d763f34112e1', 'f6f9a473-56c0-432f-8bc7-fbf8fde54fee', 'Y', null, null, 'entstandard_modifier', '1', 'b7035b80-0e9b-49ea-a808-57f7947db1df', '2018-11-12 18:18:54',3,0, '0' ) ;
insert into md_association ( id, componentid, creator, createtime, dr, endcardinality, startbeanid, endelementid, isactive, modifier, modifytime, name, startcardinality, startelementid, ts, type, versiontype, industry ) values (  'c019a2bc-93da-4b39-938b-a9ff94dc2c3e', '3341c021-10c1-408b-815c-da8e3345e81b', null, null,0, '1', '5a60d728-ef33-4b77-a7f7-d763f34112e1', '1001AA100000000001H7', 'Y', null, null, 'entstandard_pk_productserial', '1', 'f6037d4d-56e8-4db7-a70d-dc6690601436', '2018-11-12 18:18:54',3,0, '0' ) ;
insert into md_table ( id, createtime, creator, databaseid, description, displayname, dr, help, isactive, fromsourcebmf, modifier, modifytime, name, ts, versiontype, resmodule, resid, parenttable, isextendtable, industry ) values (  'qc_entstandard', '2018-11-12 10:03:11', 'yonyouBQ', null, null, '企业标准',0, null, null, 'Y', 'yonyouBQ', '2018-11-12 18:18:31', 'qc_entstandard', '2018-11-12 18:18:54',0, 'qcentstandard', null, null, null, '0' ) ;
insert into md_column ( id, sqldatetype, createtime, creator, defaultvalue, description, displayname, dr, help, incrementseed, incrementstep, isactive, identitied, pkey, nullable, columnlength, modifier, modifytime, name, precise, columnsequence, tableid, ts, versiontype, resid, groupid, columntype, forlocale ) values (  'qc_entstandard@@PK@@', 'char', null, null, null, null, '主键',0, null,null,null, 'Y', null, 'Y', 'N',20, null, null, 'pk_entstandard',0,0, 'qc_entstandard', '2018-11-12 18:18:54',0, null, null,0, 'N' ) ;
insert into md_column ( id, sqldatetype, createtime, creator, defaultvalue, description, displayname, dr, help, incrementseed, incrementstep, isactive, identitied, pkey, nullable, columnlength, modifier, modifytime, name, precise, columnsequence, tableid, ts, versiontype, resid, groupid, columntype, forlocale ) values (  'qc_entstandard@@@code', 'varchar', null, null, null, null, '编码',0, null,null,null, 'Y', null, 'N', 'Y',50, null, null, 'code',0,1, 'qc_entstandard', '2018-11-12 18:18:54',0, null, null,0, 'N' ) ;
insert into md_column ( id, sqldatetype, createtime, creator, defaultvalue, description, displayname, dr, help, incrementseed, incrementstep, isactive, identitied, pkey, nullable, columnlength, modifier, modifytime, name, precise, columnsequence, tableid, ts, versiontype, resid, groupid, columntype, forlocale ) values (  'qc_entstandard@@@name', 'varchar', null, null, null, null, '名称',0, null,null,null, 'Y', null, 'N', 'Y',50, null, null, 'name',0,2, 'qc_entstandard', '2018-11-12 18:18:54',0, null, null,0, 'N' ) ;
insert into md_column ( id, sqldatetype, createtime, creator, defaultvalue, description, displayname, dr, help, incrementseed, incrementstep, isactive, identitied, pkey, nullable, columnlength, modifier, modifytime, name, precise, columnsequence, tableid, ts, versiontype, resid, groupid, columntype, forlocale ) values (  'qc_entstandard@@@pk_group', 'varchar', null, null, '*~', null, '集团',0, null,null,null, 'Y', null, 'N', 'Y',20, null, null, 'pk_group',0,3, 'qc_entstandard', '2018-11-12 18:18:54',0, null, null,0, 'N' ) ;
insert into md_column ( id, sqldatetype, createtime, creator, defaultvalue, description, displayname, dr, help, incrementseed, incrementstep, isactive, identitied, pkey, nullable, columnlength, modifier, modifytime, name, precise, columnsequence, tableid, ts, versiontype, resid, groupid, columntype, forlocale ) values (  'qc_entstandard@@@pk_org', 'varchar', null, null, '*~', null, '组织',0, null,null,null, 'Y', null, 'N', 'Y',20, null, null, 'pk_org',0,4, 'qc_entstandard', '2018-11-12 18:18:54',0, null, null,0, 'N' ) ;
insert into md_column ( id, sqldatetype, createtime, creator, defaultvalue, description, displayname, dr, help, incrementseed, incrementstep, isactive, identitied, pkey, nullable, columnlength, modifier, modifytime, name, precise, columnsequence, tableid, ts, versiontype, resid, groupid, columntype, forlocale ) values (  'qc_entstandard@@@pk_org_v', 'varchar', null, null, '*~', null, '组织版本',0, null,null,null, 'Y', null, 'N', 'Y',20, null, null, 'pk_org_v',0,5, 'qc_entstandard', '2018-11-12 18:18:54',0, null, null,0, 'N' ) ;
insert into md_column ( id, sqldatetype, createtime, creator, defaultvalue, description, displayname, dr, help, incrementseed, incrementstep, isactive, identitied, pkey, nullable, columnlength, modifier, modifytime, name, precise, columnsequence, tableid, ts, versiontype, resid, groupid, columntype, forlocale ) values (  'qc_entstandard@@@creator', 'varchar', null, null, '*~', null, '创建人',0, null,null,null, 'Y', null, 'N', 'Y',20, null, null, 'creator',0,6, 'qc_entstandard', '2018-11-12 18:18:54',0, null, null,0, 'N' ) ;
insert into md_column ( id, sqldatetype, createtime, creator, defaultvalue, description, displayname, dr, help, incrementseed, incrementstep, isactive, identitied, pkey, nullable, columnlength, modifier, modifytime, name, precise, columnsequence, tableid, ts, versiontype, resid, groupid, columntype, forlocale ) values (  'qc_entstandard@@@creationtime', 'char', null, null, null, null, '创建时间',0, null,null,null, 'Y', null, 'N', 'Y',19, null, null, 'creationtime',0,7, 'qc_entstandard', '2018-11-12 18:18:54',0, null, null,0, 'N' ) ;
insert into md_column ( id, sqldatetype, createtime, creator, defaultvalue, description, displayname, dr, help, incrementseed, incrementstep, isactive, identitied, pkey, nullable, columnlength, modifier, modifytime, name, precise, columnsequence, tableid, ts, versiontype, resid, groupid, columntype, forlocale ) values (  'qc_entstandard@@@modifier', 'varchar', null, null, '*~', null, '修改人',0, null,null,null, 'Y', null, 'N', 'Y',20, null, null, 'modifier',0,8, 'qc_entstandard', '2018-11-12 18:18:54',0, null, null,0, 'N' ) ;
insert into md_column ( id, sqldatetype, createtime, creator, defaultvalue, description, displayname, dr, help, incrementseed, incrementstep, isactive, identitied, pkey, nullable, columnlength, modifier, modifytime, name, precise, columnsequence, tableid, ts, versiontype, resid, groupid, columntype, forlocale ) values (  'qc_entstandard@@@modifiedtime', 'char', null, null, null, null, '修改时间',0, null,null,null, 'Y', null, 'N', 'Y',19, null, null, 'modifiedtime',0,9, 'qc_entstandard', '2018-11-12 18:18:54',0, null, null,0, 'N' ) ;
insert into md_column ( id, sqldatetype, createtime, creator, defaultvalue, description, displayname, dr, help, incrementseed, incrementstep, isactive, identitied, pkey, nullable, columnlength, modifier, modifytime, name, precise, columnsequence, tableid, ts, versiontype, resid, groupid, columntype, forlocale ) values (  'qc_entstandard@@@pk_productserial', 'varchar', null, null, '*~', null, '产品系列',0, null,null,null, 'Y', null, 'N', 'Y',20, null, null, 'pk_productserial',0,10, 'qc_entstandard', '2018-11-12 18:18:54',0, null, null,0, 'N' ) ;
insert into md_ORMap ( attributeid, classid, columnid, dr, tableid, ts ) values (  'b7035b80-0e9b-49ea-a808-57f7947db1df', '5a60d728-ef33-4b77-a7f7-d763f34112e1', 'qc_entstandard@@@modifier',0, 'qc_entstandard', '2018-11-12 18:18:54' ) ;
insert into md_ORMap ( attributeid, classid, columnid, dr, tableid, ts ) values (  '20fa2051-cd5c-45a4-87fd-4734622d9012', '5a60d728-ef33-4b77-a7f7-d763f34112e1', 'qc_entstandard@@@pk_org_v',0, 'qc_entstandard', '2018-11-12 18:18:54' ) ;
insert into md_ORMap ( attributeid, classid, columnid, dr, tableid, ts ) values (  '5215d180-f41d-4c31-b79c-f009300aedbf', '5a60d728-ef33-4b77-a7f7-d763f34112e1', 'qc_entstandard@@@modifiedtime',0, 'qc_entstandard', '2018-11-12 18:18:54' ) ;
insert into md_ORMap ( attributeid, classid, columnid, dr, tableid, ts ) values (  'ac2eba11-d487-40a5-8633-a544223d2664', '5a60d728-ef33-4b77-a7f7-d763f34112e1', 'qc_entstandard@@@name',0, 'qc_entstandard', '2018-11-12 18:18:54' ) ;
insert into md_ORMap ( attributeid, classid, columnid, dr, tableid, ts ) values (  '05696f47-b291-4be4-9b5d-783993dad03e', '5a60d728-ef33-4b77-a7f7-d763f34112e1', 'qc_entstandard@@@code',0, 'qc_entstandard', '2018-11-12 18:18:54' ) ;
insert into md_ORMap ( attributeid, classid, columnid, dr, tableid, ts ) values (  'f6037d4d-56e8-4db7-a70d-dc6690601436', '5a60d728-ef33-4b77-a7f7-d763f34112e1', 'qc_entstandard@@@pk_productserial',0, 'qc_entstandard', '2018-11-12 18:18:54' ) ;
insert into md_ORMap ( attributeid, classid, columnid, dr, tableid, ts ) values (  '9413df82-3f66-4ab6-a08d-d88ffa37be16', '5a60d728-ef33-4b77-a7f7-d763f34112e1', 'qc_entstandard@@@pk_org',0, 'qc_entstandard', '2018-11-12 18:18:54' ) ;
insert into md_ORMap ( attributeid, classid, columnid, dr, tableid, ts ) values (  '271808aa-edd8-4f05-af28-318ec7147cce', '5a60d728-ef33-4b77-a7f7-d763f34112e1', 'qc_entstandard@@@pk_group',0, 'qc_entstandard', '2018-11-12 18:18:54' ) ;
insert into md_ORMap ( attributeid, classid, columnid, dr, tableid, ts ) values (  'e51e1e25-ac7b-419c-8c5e-0b5e44da4291', '5a60d728-ef33-4b77-a7f7-d763f34112e1', 'qc_entstandard@@@creator',0, 'qc_entstandard', '2018-11-12 18:18:54' ) ;
insert into md_ORMap ( attributeid, classid, columnid, dr, tableid, ts ) values (  '7bf250e1-83a5-4e1c-a953-cae4464734e4', '5a60d728-ef33-4b77-a7f7-d763f34112e1', 'qc_entstandard@@@creationtime',0, 'qc_entstandard', '2018-11-12 18:18:54' ) ;
insert into md_ORMap ( attributeid, classid, columnid, dr, tableid, ts ) values (  '24fada24-b06e-4d4a-8366-f57afc7ff81a', '5a60d728-ef33-4b77-a7f7-d763f34112e1', 'qc_entstandard@@PK@@',0, 'qc_entstandard', '2018-11-12 18:18:54' ) ;



create table qc_entstandard (
pk_entstandard char(20) NOT NULL,
code varchar(50) NULL,
name varchar(50) NULL,
pk_group varchar(20) default '~' NULL,
pk_org varchar(20) default '~' NULL,
pk_org_v varchar(20) default '~' NULL,
creator varchar(20) default '~' NULL,
creationtime char(19) NULL,
modifier varchar(20) default '~' NULL,
modifiedtime char(19) NULL,
pk_productserial varchar(20) default '~' NULL,
CONSTRAINT PK_QC_ENTSTANDARD PRIMARY KEY (pk_entstandard),
ts char(19) NULL,
dr smallint default 0 
);


--qc_commission
delete from md_db_relation where startattrid in (select id from md_property where classid in ('97a58456-6f69-4056-a3b9-e3930fc58f76','@@@@' ) )  and starttableid in ('qc_category','@@@@');
delete from md_ORMap where ATTRIBUTEID in(select id from md_property where classid in ('97a58456-6f69-4056-a3b9-e3930fc58f76','@@@@' ) )  and tableid in ('qc_category','@@@@') ;
delete from md_table where id not in (select distinct tableid from md_ormap );
delete from md_column where  tableid in('qc_category','@@@@') and id not in(select distinct columnid from md_ormap) and (nvl(groupid ,'~')='~' or groupid = id )  and name <> 'extend_bean_tag' ;
delete from md_column where tableid in ('qc_category','@@@@')and groupid is not null and groupid not in( select distinct id from md_column where tableid in ('qc_category','@@@@') ) ;
delete from md_db_relation where starttableid not in (select id from md_table);
delete from md_property where classID in (select distinct id from md_class where componentID='22369e65-5435-4da0-bd8d-4374cee52d67'  )  ;
delete from md_association where componentID = '22369e65-5435-4da0-bd8d-4374cee52d67'  ;
delete from md_bizItfMap where classID in (select distinct id from md_class where componentID='22369e65-5435-4da0-bd8d-4374cee52d67'  );
delete from md_bizItfMap where classID in ( select id from md_opInterface where componentID = '22369e65-5435-4da0-bd8d-4374cee52d67'  );
delete from md_accessorPara where id in (select distinct id from md_class where componentID='22369e65-5435-4da0-bd8d-4374cee52d67'  );
delete from md_enumValue where id in (select distinct id from md_class where componentID='22369e65-5435-4da0-bd8d-4374cee52d67'  ) ;
delete from md_class where componentID = '22369e65-5435-4da0-bd8d-4374cee52d67'  ;
delete from md_component where id = '22369e65-5435-4da0-bd8d-4374cee52d67' ;
delete from md_table where (id='qc_category');
delete from md_column where (id='qc_category@@PK@@');
delete from md_column where (id='qc_category@@@pk_group');
delete from md_column where (id='qc_category@@@pk_org');
delete from md_column where (id='qc_category@@@pk_org_v');
delete from md_column where (id='qc_category@@@code');
delete from md_column where (id='qc_category@@@name');
delete from md_column where (id='qc_category@@@pk_parent');
delete from md_column where (id='qc_category@@@creator');
delete from md_column where (id='qc_category@@@creationtime');
delete from md_column where (id='qc_category@@@modifier');
delete from md_column where (id='qc_category@@@modifiedtime');


insert into md_component ( createtime, creator, description, displayname, dr, fromsourcebmf, help, id, industry, isbizmodel, modifier, modifytime, name, namespace, ownmodule, preload, resid, resmodule, ts, version, versiontype ) values (  '2018-11-11 16:51:34', 'yonyouBQ', null, '产品分类',0, 'Y', null, '22369e65-5435-4da0-bd8d-4374cee52d67', '0', 'N', 'yonyouBQ', '2018-11-12 12:03:20', 'qccategory', 'qcco', 'qcco', null, null, 'qccategory', '2018-11-17 15:59:41', '8',0 ) ;
insert into md_class ( id, accessorclassname, classtype, componentid, createtime, creator, description, displayname, dr, fullclassname, help, isactive, keyattribute, modifier, modifytime, name, parentclassid, precise, refmodelname, returntype, ts, versiontype, isprimary, defaulttablename, stereotype, isauthen, resid, bizitfimpclassname, modinfoclassname, iscreatesql, isextendbean, userdefclassname, industry, fixedlength ) values (  '97a58456-6f69-4056-a3b9-e3930fc58f76', 'nc.md.model.access.javamap.NCBeanStyle',201, '22369e65-5435-4da0-bd8d-4374cee52d67', '2018-11-11 16:51:42', 'yonyouBQ', null, '产品分类',0, 'nc.vo.qcco.qccategory.ProductCategoryVO', null, null, 'cdf28110-704d-41ee-a856-3d14790dd4de', 'yonyouBQ', '2018-11-12 12:03:31', 'ProductCategory', null,null, null, null, '2018-11-17 15:59:41',0, 'Y', 'qc_category', null, 'Y', null, null, null, 'Y', null, null, '0', null ) ;
insert into md_property ( id, accessorclassname, classid, createtime, creator, datatype, datatypestyle, defaultvalue, description, displayname, dr, help, isactive, hided, nullable, readonly, attrlength, attrmaxvalue, attrminvalue, modifier, modifytime, name, precise, refmodelname, attrsequence, ts, visibility, versiontype, fixedlength, calculation, isauthen, resid, customattr, notserialize, dynamicattr, dynamictable, accesspower, accesspowergroup, industry ) values (  'cdf28110-704d-41ee-a856-3d14790dd4de', null, '97a58456-6f69-4056-a3b9-e3930fc58f76', null, null, 'BS000010000100001051',300, null, null, '主键',0, null, 'Y', 'N', 'N', 'N',20, null, null, null, null, 'pk_category',0, null,0, '2018-11-17 15:59:41',0,0, 'N', 'N', 'Y', null, 'N', 'N', 'N', null, 'N', null, '0' ) ;
insert into md_property ( id, accessorclassname, classid, createtime, creator, datatype, datatypestyle, defaultvalue, description, displayname, dr, help, isactive, hided, nullable, readonly, attrlength, attrmaxvalue, attrminvalue, modifier, modifytime, name, precise, refmodelname, attrsequence, ts, visibility, versiontype, fixedlength, calculation, isauthen, resid, customattr, notserialize, dynamicattr, dynamictable, accesspower, accesspowergroup, industry ) values (  'd4636558-894d-4a48-9e6a-c95beb86d91e', null, '97a58456-6f69-4056-a3b9-e3930fc58f76', null, null, '3b6dd171-2900-47f3-bfbe-41e4483a2a65',305, null, null, '集团',0, null, 'Y', 'N', 'Y', 'N',20, null, null, null, null, 'pk_group',0, null,1, '2018-11-17 15:59:41',0,0, 'N', 'N', 'Y', null, 'N', 'N', 'N', null, 'N', null, '0' ) ;
insert into md_property ( id, accessorclassname, classid, createtime, creator, datatype, datatypestyle, defaultvalue, description, displayname, dr, help, isactive, hided, nullable, readonly, attrlength, attrmaxvalue, attrminvalue, modifier, modifytime, name, precise, refmodelname, attrsequence, ts, visibility, versiontype, fixedlength, calculation, isauthen, resid, customattr, notserialize, dynamicattr, dynamictable, accesspower, accesspowergroup, industry ) values (  'bd836b3f-8a32-4a93-8d0b-fe01801eb9c8', null, '97a58456-6f69-4056-a3b9-e3930fc58f76', null, null, '985be8a4-3a36-4778-8afe-2d8ed3902659',305, null, null, '组织',0, null, 'Y', 'N', 'Y', 'N',20, null, null, null, null, 'pk_org',0, null,2, '2018-11-17 15:59:41',0,0, 'N', 'N', 'Y', null, 'N', 'N', 'N', null, 'N', null, '0' ) ;
insert into md_property ( id, accessorclassname, classid, createtime, creator, datatype, datatypestyle, defaultvalue, description, displayname, dr, help, isactive, hided, nullable, readonly, attrlength, attrmaxvalue, attrminvalue, modifier, modifytime, name, precise, refmodelname, attrsequence, ts, visibility, versiontype, fixedlength, calculation, isauthen, resid, customattr, notserialize, dynamicattr, dynamictable, accesspower, accesspowergroup, industry ) values (  '3688d8cc-3a3f-4aad-bda3-b7d9fa1286a1', null, '97a58456-6f69-4056-a3b9-e3930fc58f76', null, null, 'da7bba89-9a59-42d6-a262-c13ef459dbd9',305, null, null, '组织版本',0, null, 'Y', 'N', 'Y', 'N',20, null, null, null, null, 'pk_org_v',0, null,3, '2018-11-17 15:59:41',0,0, 'N', 'N', 'Y', null, 'N', 'N', 'N', null, 'N', null, '0' ) ;
insert into md_property ( id, accessorclassname, classid, createtime, creator, datatype, datatypestyle, defaultvalue, description, displayname, dr, help, isactive, hided, nullable, readonly, attrlength, attrmaxvalue, attrminvalue, modifier, modifytime, name, precise, refmodelname, attrsequence, ts, visibility, versiontype, fixedlength, calculation, isauthen, resid, customattr, notserialize, dynamicattr, dynamictable, accesspower, accesspowergroup, industry ) values (  'cc45eaeb-c0fb-4b7a-8bcb-656e008d85a4', null, '97a58456-6f69-4056-a3b9-e3930fc58f76', null, null, 'BS000010000100001001',300, null, null, '分类编码',0, null, 'Y', 'N', 'Y', 'N',50, null, null, null, null, 'code',0, null,4, '2018-11-17 15:59:41',0,0, 'N', 'N', 'Y', null, 'N', 'N', 'N', null, 'N', null, '0' ) ;
insert into md_property ( id, accessorclassname, classid, createtime, creator, datatype, datatypestyle, defaultvalue, description, displayname, dr, help, isactive, hided, nullable, readonly, attrlength, attrmaxvalue, attrminvalue, modifier, modifytime, name, precise, refmodelname, attrsequence, ts, visibility, versiontype, fixedlength, calculation, isauthen, resid, customattr, notserialize, dynamicattr, dynamictable, accesspower, accesspowergroup, industry ) values (  'd38ea1b4-9e95-473e-9d4a-824a40b89f7e', null, '97a58456-6f69-4056-a3b9-e3930fc58f76', null, null, 'BS000010000100001001',300, null, null, '分类名称',0, null, 'Y', 'N', 'Y', 'N',50, null, null, null, null, 'name',0, null,5, '2018-11-17 15:59:41',0,0, 'N', 'N', 'Y', null, 'N', 'N', 'N', null, 'N', null, '0' ) ;
insert into md_property ( id, accessorclassname, classid, createtime, creator, datatype, datatypestyle, defaultvalue, description, displayname, dr, help, isactive, hided, nullable, readonly, attrlength, attrmaxvalue, attrminvalue, modifier, modifytime, name, precise, refmodelname, attrsequence, ts, visibility, versiontype, fixedlength, calculation, isauthen, resid, customattr, notserialize, dynamicattr, dynamictable, accesspower, accesspowergroup, industry ) values (  '20b06742-d460-480d-85e5-d65f2ee1037a', null, '97a58456-6f69-4056-a3b9-e3930fc58f76', null, null, 'BS000010000100001051',300, null, null, '上级分类',0, null, 'Y', 'N', 'Y', 'N',20, null, null, null, null, 'pk_parent',0, null,6, '2018-11-17 15:59:41',0,0, 'N', 'N', 'Y', null, 'N', 'N', 'N', null, 'N', null, '0' ) ;
insert into md_property ( id, accessorclassname, classid, createtime, creator, datatype, datatypestyle, defaultvalue, description, displayname, dr, help, isactive, hided, nullable, readonly, attrlength, attrmaxvalue, attrminvalue, modifier, modifytime, name, precise, refmodelname, attrsequence, ts, visibility, versiontype, fixedlength, calculation, isauthen, resid, customattr, notserialize, dynamicattr, dynamictable, accesspower, accesspowergroup, industry ) values (  '187f2eb8-ab51-471f-8cea-0bced4a18f24', null, '97a58456-6f69-4056-a3b9-e3930fc58f76', null, null, 'f6f9a473-56c0-432f-8bc7-fbf8fde54fee',305, null, null, '创建人',0, null, 'Y', 'N', 'Y', 'N',20, null, null, null, null, 'creator',0, '用户',7, '2018-11-17 15:59:41',0,0, 'N', 'N', 'Y', null, 'N', 'N', 'N', null, 'N', null, '0' ) ;
insert into md_property ( id, accessorclassname, classid, createtime, creator, datatype, datatypestyle, defaultvalue, description, displayname, dr, help, isactive, hided, nullable, readonly, attrlength, attrmaxvalue, attrminvalue, modifier, modifytime, name, precise, refmodelname, attrsequence, ts, visibility, versiontype, fixedlength, calculation, isauthen, resid, customattr, notserialize, dynamicattr, dynamictable, accesspower, accesspowergroup, industry ) values (  '1d363907-8643-429a-a8cd-db95b09b856f', null, '97a58456-6f69-4056-a3b9-e3930fc58f76', null, null, 'BS000010000100001034',300, null, null, '创建时间',0, null, 'Y', 'N', 'Y', 'N',19, null, null, null, null, 'creationtime',0, null,8, '2018-11-17 15:59:41',0,0, 'N', 'N', 'Y', null, 'N', 'N', 'N', null, 'N', null, '0' ) ;
insert into md_property ( id, accessorclassname, classid, createtime, creator, datatype, datatypestyle, defaultvalue, description, displayname, dr, help, isactive, hided, nullable, readonly, attrlength, attrmaxvalue, attrminvalue, modifier, modifytime, name, precise, refmodelname, attrsequence, ts, visibility, versiontype, fixedlength, calculation, isauthen, resid, customattr, notserialize, dynamicattr, dynamictable, accesspower, accesspowergroup, industry ) values (  'f1949f36-3e1b-421e-af5c-0cab915076e4', null, '97a58456-6f69-4056-a3b9-e3930fc58f76', null, null, 'f6f9a473-56c0-432f-8bc7-fbf8fde54fee',305, null, null, '修改人',0, null, 'Y', 'N', 'Y', 'N',20, null, null, null, null, 'modifier',0, '用户',9, '2018-11-17 15:59:41',0,0, 'N', 'N', 'Y', null, 'N', 'N', 'N', null, 'N', null, '0' ) ;
insert into md_property ( id, accessorclassname, classid, createtime, creator, datatype, datatypestyle, defaultvalue, description, displayname, dr, help, isactive, hided, nullable, readonly, attrlength, attrmaxvalue, attrminvalue, modifier, modifytime, name, precise, refmodelname, attrsequence, ts, visibility, versiontype, fixedlength, calculation, isauthen, resid, customattr, notserialize, dynamicattr, dynamictable, accesspower, accesspowergroup, industry ) values (  '312ac855-9a0a-40f1-a7e7-100c3d3f7c98', null, '97a58456-6f69-4056-a3b9-e3930fc58f76', null, null, 'BS000010000100001034',300, null, null, '修改时间',0, null, 'Y', 'N', 'Y', 'N',19, null, null, null, null, 'modifiedtime',0, null,10, '2018-11-17 15:59:41',0,0, 'N', 'N', 'Y', null, 'N', 'N', 'N', null, 'N', null, '0' ) ;
insert into md_bizItfMap ( bizinterfaceid, intattrid, classid, classattrid, bizitfimpclassname, classattrpath, dr, ts ) values (  '6c8722b9-911a-489b-8d0d-18bd3734fcf6', '5dd3c721-22ad-42b1-9c10-4351c236bc77', '97a58456-6f69-4056-a3b9-e3930fc58f76', 'cdf28110-704d-41ee-a856-3d14790dd4de', null, null,0, '2018-11-17 15:59:41' ) ;
insert into md_bizItfMap ( bizinterfaceid, intattrid, classid, classattrid, bizitfimpclassname, classattrpath, dr, ts ) values (  '6c8722b9-911a-489b-8d0d-18bd3734fcf6', 'c8334364-7ab9-4266-8d4b-e74537935e46', '97a58456-6f69-4056-a3b9-e3930fc58f76', null, null, null,0, '2018-11-17 15:59:41' ) ;
insert into md_bizItfMap ( bizinterfaceid, intattrid, classid, classattrid, bizitfimpclassname, classattrpath, dr, ts ) values (  '6c8722b9-911a-489b-8d0d-18bd3734fcf6', 'ecf1b76a-6e44-42e2-a55e-87596504775b', '97a58456-6f69-4056-a3b9-e3930fc58f76', 'bd836b3f-8a32-4a93-8d0b-fe01801eb9c8', null, null,0, '2018-11-17 15:59:41' ) ;
insert into md_bizItfMap ( bizinterfaceid, intattrid, classid, classattrid, bizitfimpclassname, classattrpath, dr, ts ) values (  '6c8722b9-911a-489b-8d0d-18bd3734fcf6', 'd32cc17b-f415-415a-923f-0764443eb102', '97a58456-6f69-4056-a3b9-e3930fc58f76', 'cc45eaeb-c0fb-4b7a-8bcb-656e008d85a4', null, null,0, '2018-11-17 15:59:41' ) ;
insert into md_bizItfMap ( bizinterfaceid, intattrid, classid, classattrid, bizitfimpclassname, classattrpath, dr, ts ) values (  '6c8722b9-911a-489b-8d0d-18bd3734fcf6', '89578a97-42fe-439b-827c-8eabd9e3604c', '97a58456-6f69-4056-a3b9-e3930fc58f76', 'd38ea1b4-9e95-473e-9d4a-824a40b89f7e', null, null,0, '2018-11-17 15:59:41' ) ;
insert into md_bizItfMap ( bizinterfaceid, intattrid, classid, classattrid, bizitfimpclassname, classattrpath, dr, ts ) values (  '6c8722b9-911a-489b-8d0d-18bd3734fcf6', 'a47e6cda-09e4-480b-923f-ec6f41e3e06c', '97a58456-6f69-4056-a3b9-e3930fc58f76', 'd4636558-894d-4a48-9e6a-c95beb86d91e', null, null,0, '2018-11-17 15:59:41' ) ;
insert into md_bizItfMap ( bizinterfaceid, intattrid, classid, classattrid, bizitfimpclassname, classattrpath, dr, ts ) values (  '2b226ae1-aad9-4abe-a405-36bcacaa94a8', 'e5a2aef6-8d58-416a-b8b7-4dd10e13d788', '97a58456-6f69-4056-a3b9-e3930fc58f76', '187f2eb8-ab51-471f-8cea-0bced4a18f24', null, null,0, '2018-11-17 15:59:41' ) ;
insert into md_bizItfMap ( bizinterfaceid, intattrid, classid, classattrid, bizitfimpclassname, classattrpath, dr, ts ) values (  '2b226ae1-aad9-4abe-a405-36bcacaa94a8', '49b6b1ae-cd5b-4b54-99cd-a6bb9fee7343', '97a58456-6f69-4056-a3b9-e3930fc58f76', '1d363907-8643-429a-a8cd-db95b09b856f', null, null,0, '2018-11-17 15:59:41' ) ;
insert into md_bizItfMap ( bizinterfaceid, intattrid, classid, classattrid, bizitfimpclassname, classattrpath, dr, ts ) values (  '2b226ae1-aad9-4abe-a405-36bcacaa94a8', '54c42368-5a43-4295-a7d4-74d276eed522', '97a58456-6f69-4056-a3b9-e3930fc58f76', 'f1949f36-3e1b-421e-af5c-0cab915076e4', null, null,0, '2018-11-17 15:59:41' ) ;
insert into md_bizItfMap ( bizinterfaceid, intattrid, classid, classattrid, bizitfimpclassname, classattrpath, dr, ts ) values (  '2b226ae1-aad9-4abe-a405-36bcacaa94a8', '0abfd569-b9cf-4c44-a8d9-45979c083b08', '97a58456-6f69-4056-a3b9-e3930fc58f76', '312ac855-9a0a-40f1-a7e7-100c3d3f7c98', null, null,0, '2018-11-17 15:59:41' ) ;
insert into md_association ( id, componentid, creator, createtime, dr, endcardinality, startbeanid, endelementid, isactive, modifier, modifytime, name, startcardinality, startelementid, ts, type, versiontype, industry ) values (  'fd4e7fd5-e246-4a34-b447-9723b495c06a', '22369e65-5435-4da0-bd8d-4374cee52d67', null, null,0, '1', '97a58456-6f69-4056-a3b9-e3930fc58f76', '3b6dd171-2900-47f3-bfbe-41e4483a2a65', 'Y', null, null, 'ProductCategory_pk_group', '1', 'd4636558-894d-4a48-9e6a-c95beb86d91e', '2018-11-17 15:59:41',3,0, '0' ) ;
insert into md_association ( id, componentid, creator, createtime, dr, endcardinality, startbeanid, endelementid, isactive, modifier, modifytime, name, startcardinality, startelementid, ts, type, versiontype, industry ) values (  '4ca9ea7d-67a6-4eec-8918-907db7c87f5c', '22369e65-5435-4da0-bd8d-4374cee52d67', null, null,0, '1', '97a58456-6f69-4056-a3b9-e3930fc58f76', '985be8a4-3a36-4778-8afe-2d8ed3902659', 'Y', null, null, 'ProductCategory_pk_org', '1', 'bd836b3f-8a32-4a93-8d0b-fe01801eb9c8', '2018-11-17 15:59:41',3,0, '0' ) ;
insert into md_association ( id, componentid, creator, createtime, dr, endcardinality, startbeanid, endelementid, isactive, modifier, modifytime, name, startcardinality, startelementid, ts, type, versiontype, industry ) values (  '2d5dfbda-6c4f-480c-b720-4858a0133355', '22369e65-5435-4da0-bd8d-4374cee52d67', null, null,0, '1', '97a58456-6f69-4056-a3b9-e3930fc58f76', 'da7bba89-9a59-42d6-a262-c13ef459dbd9', 'Y', null, null, 'ProductCategory_pk_org_v', '1', '3688d8cc-3a3f-4aad-bda3-b7d9fa1286a1', '2018-11-17 15:59:41',3,0, '0' ) ;
insert into md_association ( id, componentid, creator, createtime, dr, endcardinality, startbeanid, endelementid, isactive, modifier, modifytime, name, startcardinality, startelementid, ts, type, versiontype, industry ) values (  '6b0d13e4-b455-4cbe-8c97-9299bab4f43e', '22369e65-5435-4da0-bd8d-4374cee52d67', null, null,0, '1', '97a58456-6f69-4056-a3b9-e3930fc58f76', 'f6f9a473-56c0-432f-8bc7-fbf8fde54fee', 'Y', null, null, 'ProductCategory_creator', '1', '187f2eb8-ab51-471f-8cea-0bced4a18f24', '2018-11-17 15:59:41',3,0, '0' ) ;
insert into md_association ( id, componentid, creator, createtime, dr, endcardinality, startbeanid, endelementid, isactive, modifier, modifytime, name, startcardinality, startelementid, ts, type, versiontype, industry ) values (  '148f43be-c98d-4310-b6cb-7257b7810e56', '22369e65-5435-4da0-bd8d-4374cee52d67', null, null,0, '1', '97a58456-6f69-4056-a3b9-e3930fc58f76', 'f6f9a473-56c0-432f-8bc7-fbf8fde54fee', 'Y', null, null, 'ProductCategory_modifier', '1', 'f1949f36-3e1b-421e-af5c-0cab915076e4', '2018-11-17 15:59:41',3,0, '0' ) ;
insert into md_table ( id, createtime, creator, databaseid, description, displayname, dr, help, isactive, fromsourcebmf, modifier, modifytime, name, ts, versiontype, resmodule, resid, parenttable, isextendtable, industry ) values (  'qc_category', '2018-11-11 16:51:42', 'yonyouBQ', null, null, '产品分类',0, null, null, 'Y', 'yonyouBQ', '2018-11-12 12:03:31', 'qc_category', '2018-11-17 15:59:41',0, 'qccategory', null, null, null, '0' ) ;
insert into md_column ( id, sqldatetype, createtime, creator, defaultvalue, description, displayname, dr, help, incrementseed, incrementstep, isactive, identitied, pkey, nullable, columnlength, modifier, modifytime, name, precise, columnsequence, tableid, ts, versiontype, resid, groupid, columntype, forlocale ) values (  'qc_category@@PK@@', 'char', null, null, null, null, '主键',0, null,null,null, 'Y', null, 'Y', 'N',20, null, null, 'pk_category',0,0, 'qc_category', '2018-11-17 15:59:41',0, null, null,0, 'N' ) ;
insert into md_column ( id, sqldatetype, createtime, creator, defaultvalue, description, displayname, dr, help, incrementseed, incrementstep, isactive, identitied, pkey, nullable, columnlength, modifier, modifytime, name, precise, columnsequence, tableid, ts, versiontype, resid, groupid, columntype, forlocale ) values (  'qc_category@@@pk_group', 'varchar', null, null, '*~', null, '集团',0, null,null,null, 'Y', null, 'N', 'Y',20, null, null, 'pk_group',0,1, 'qc_category', '2018-11-17 15:59:41',0, null, null,0, 'N' ) ;
insert into md_column ( id, sqldatetype, createtime, creator, defaultvalue, description, displayname, dr, help, incrementseed, incrementstep, isactive, identitied, pkey, nullable, columnlength, modifier, modifytime, name, precise, columnsequence, tableid, ts, versiontype, resid, groupid, columntype, forlocale ) values (  'qc_category@@@pk_org', 'varchar', null, null, '*~', null, '组织',0, null,null,null, 'Y', null, 'N', 'Y',20, null, null, 'pk_org',0,2, 'qc_category', '2018-11-17 15:59:41',0, null, null,0, 'N' ) ;
insert into md_column ( id, sqldatetype, createtime, creator, defaultvalue, description, displayname, dr, help, incrementseed, incrementstep, isactive, identitied, pkey, nullable, columnlength, modifier, modifytime, name, precise, columnsequence, tableid, ts, versiontype, resid, groupid, columntype, forlocale ) values (  'qc_category@@@pk_org_v', 'varchar', null, null, '*~', null, '组织版本',0, null,null,null, 'Y', null, 'N', 'Y',20, null, null, 'pk_org_v',0,3, 'qc_category', '2018-11-17 15:59:41',0, null, null,0, 'N' ) ;
insert into md_column ( id, sqldatetype, createtime, creator, defaultvalue, description, displayname, dr, help, incrementseed, incrementstep, isactive, identitied, pkey, nullable, columnlength, modifier, modifytime, name, precise, columnsequence, tableid, ts, versiontype, resid, groupid, columntype, forlocale ) values (  'qc_category@@@code', 'varchar', null, null, null, null, '分类编码',0, null,null,null, 'Y', null, 'N', 'Y',50, null, null, 'code',0,4, 'qc_category', '2018-11-17 15:59:41',0, null, null,0, 'N' ) ;
insert into md_column ( id, sqldatetype, createtime, creator, defaultvalue, description, displayname, dr, help, incrementseed, incrementstep, isactive, identitied, pkey, nullable, columnlength, modifier, modifytime, name, precise, columnsequence, tableid, ts, versiontype, resid, groupid, columntype, forlocale ) values (  'qc_category@@@name', 'varchar', null, null, null, null, '分类名称',0, null,null,null, 'Y', null, 'N', 'Y',50, null, null, 'name',0,5, 'qc_category', '2018-11-17 15:59:41',0, null, null,0, 'N' ) ;
insert into md_column ( id, sqldatetype, createtime, creator, defaultvalue, description, displayname, dr, help, incrementseed, incrementstep, isactive, identitied, pkey, nullable, columnlength, modifier, modifytime, name, precise, columnsequence, tableid, ts, versiontype, resid, groupid, columntype, forlocale ) values (  'qc_category@@@pk_parent', 'char', null, null, null, null, '上级分类',0, null,null,null, 'Y', null, 'N', 'Y',20, null, null, 'pk_parent',0,6, 'qc_category', '2018-11-17 15:59:41',0, null, null,0, 'N' ) ;
insert into md_column ( id, sqldatetype, createtime, creator, defaultvalue, description, displayname, dr, help, incrementseed, incrementstep, isactive, identitied, pkey, nullable, columnlength, modifier, modifytime, name, precise, columnsequence, tableid, ts, versiontype, resid, groupid, columntype, forlocale ) values (  'qc_category@@@creator', 'varchar', null, null, '*~', null, '创建人',0, null,null,null, 'Y', null, 'N', 'Y',20, null, null, 'creator',0,7, 'qc_category', '2018-11-17 15:59:41',0, null, null,0, 'N' ) ;
insert into md_column ( id, sqldatetype, createtime, creator, defaultvalue, description, displayname, dr, help, incrementseed, incrementstep, isactive, identitied, pkey, nullable, columnlength, modifier, modifytime, name, precise, columnsequence, tableid, ts, versiontype, resid, groupid, columntype, forlocale ) values (  'qc_category@@@creationtime', 'char', null, null, null, null, '创建时间',0, null,null,null, 'Y', null, 'N', 'Y',19, null, null, 'creationtime',0,8, 'qc_category', '2018-11-17 15:59:41',0, null, null,0, 'N' ) ;
insert into md_column ( id, sqldatetype, createtime, creator, defaultvalue, description, displayname, dr, help, incrementseed, incrementstep, isactive, identitied, pkey, nullable, columnlength, modifier, modifytime, name, precise, columnsequence, tableid, ts, versiontype, resid, groupid, columntype, forlocale ) values (  'qc_category@@@modifier', 'varchar', null, null, '*~', null, '修改人',0, null,null,null, 'Y', null, 'N', 'Y',20, null, null, 'modifier',0,9, 'qc_category', '2018-11-17 15:59:41',0, null, null,0, 'N' ) ;
insert into md_column ( id, sqldatetype, createtime, creator, defaultvalue, description, displayname, dr, help, incrementseed, incrementstep, isactive, identitied, pkey, nullable, columnlength, modifier, modifytime, name, precise, columnsequence, tableid, ts, versiontype, resid, groupid, columntype, forlocale ) values (  'qc_category@@@modifiedtime', 'char', null, null, null, null, '修改时间',0, null,null,null, 'Y', null, 'N', 'Y',19, null, null, 'modifiedtime',0,10, 'qc_category', '2018-11-17 15:59:41',0, null, null,0, 'N' ) ;
insert into md_ORMap ( attributeid, classid, columnid, dr, tableid, ts ) values (  '3688d8cc-3a3f-4aad-bda3-b7d9fa1286a1', '97a58456-6f69-4056-a3b9-e3930fc58f76', 'qc_category@@@pk_org_v',0, 'qc_category', '2018-11-17 15:59:41' ) ;
insert into md_ORMap ( attributeid, classid, columnid, dr, tableid, ts ) values (  '312ac855-9a0a-40f1-a7e7-100c3d3f7c98', '97a58456-6f69-4056-a3b9-e3930fc58f76', 'qc_category@@@modifiedtime',0, 'qc_category', '2018-11-17 15:59:41' ) ;
insert into md_ORMap ( attributeid, classid, columnid, dr, tableid, ts ) values (  '187f2eb8-ab51-471f-8cea-0bced4a18f24', '97a58456-6f69-4056-a3b9-e3930fc58f76', 'qc_category@@@creator',0, 'qc_category', '2018-11-17 15:59:41' ) ;
insert into md_ORMap ( attributeid, classid, columnid, dr, tableid, ts ) values (  'd4636558-894d-4a48-9e6a-c95beb86d91e', '97a58456-6f69-4056-a3b9-e3930fc58f76', 'qc_category@@@pk_group',0, 'qc_category', '2018-11-17 15:59:41' ) ;
insert into md_ORMap ( attributeid, classid, columnid, dr, tableid, ts ) values (  'f1949f36-3e1b-421e-af5c-0cab915076e4', '97a58456-6f69-4056-a3b9-e3930fc58f76', 'qc_category@@@modifier',0, 'qc_category', '2018-11-17 15:59:41' ) ;
insert into md_ORMap ( attributeid, classid, columnid, dr, tableid, ts ) values (  'd38ea1b4-9e95-473e-9d4a-824a40b89f7e', '97a58456-6f69-4056-a3b9-e3930fc58f76', 'qc_category@@@name',0, 'qc_category', '2018-11-17 15:59:41' ) ;
insert into md_ORMap ( attributeid, classid, columnid, dr, tableid, ts ) values (  '20b06742-d460-480d-85e5-d65f2ee1037a', '97a58456-6f69-4056-a3b9-e3930fc58f76', 'qc_category@@@pk_parent',0, 'qc_category', '2018-11-17 15:59:41' ) ;
insert into md_ORMap ( attributeid, classid, columnid, dr, tableid, ts ) values (  'cc45eaeb-c0fb-4b7a-8bcb-656e008d85a4', '97a58456-6f69-4056-a3b9-e3930fc58f76', 'qc_category@@@code',0, 'qc_category', '2018-11-17 15:59:41' ) ;
insert into md_ORMap ( attributeid, classid, columnid, dr, tableid, ts ) values (  'bd836b3f-8a32-4a93-8d0b-fe01801eb9c8', '97a58456-6f69-4056-a3b9-e3930fc58f76', 'qc_category@@@pk_org',0, 'qc_category', '2018-11-17 15:59:41' ) ;
insert into md_ORMap ( attributeid, classid, columnid, dr, tableid, ts ) values (  '1d363907-8643-429a-a8cd-db95b09b856f', '97a58456-6f69-4056-a3b9-e3930fc58f76', 'qc_category@@@creationtime',0, 'qc_category', '2018-11-17 15:59:41' ) ;
insert into md_ORMap ( attributeid, classid, columnid, dr, tableid, ts ) values (  'cdf28110-704d-41ee-a856-3d14790dd4de', '97a58456-6f69-4056-a3b9-e3930fc58f76', 'qc_category@@PK@@',0, 'qc_category', '2018-11-17 15:59:41' ) ;


create table qc_commission_h (
pk_commission_h char(20) NOT NULL,
creator varchar(20) default '~' NULL,
creationtime char(19) NULL,
modifier varchar(20) default '~' NULL,
modifiedtime char(19) NULL,
lastmaketime char(19) NULL,
dmakedate char(19) NULL,
pk_group varchar(20) default '~' NULL,
pk_org varchar(20) default '~' NULL,
pk_org_v varchar(20) default '~' NULL,
billid varchar(50) NULL,
billno varchar(50) NULL,
busitype varchar(50) NULL,
billmaker varchar(50) NULL,
approver varchar(50) NULL,
approvestatus int NULL,
approvenote varchar(50) NULL,
transtype varchar(50) NULL,
taudittime char(19) NULL,
billtype varchar(50) NULL,
transtypepk char(20) NULL,
srcbilltype varchar(50) NULL,
srcbillid varchar(50) NULL,
emendenum int NULL,
billversionpk varchar(50) NULL,
pk_commissiontype varchar(20) default '~' NULL,
pk_owner varchar(20) default '~' NULL,
pk_dept varchar(20) default '~' NULL,
pk_payer varchar(20) default '~' NULL,
pk_maincategory varchar(20) default '~' NULL,
pk_subcategory varchar(20) default '~' NULL,
pk_lastcategory varchar(20) default '~' NULL,
contract varchar(50) NULL,
cuserid varchar(20) default '~' NULL,
email varchar(50) NULL,
teleno varchar(50) NULL,
reportformat int NULL,
reportlang int NULL,
sendflag char(1) NULL,
sampledealtype int NULL,
CONSTRAINT PK_QC_COMMISSION_H PRIMARY KEY (pk_commission_h),
ts char(19) NULL,
dr smallint default 0 
);


create table qc_commission_b (
pk_commission_b char(20) NOT NULL,
pk_productserial varchar(20) default '~' NULL,
rowno varchar(50) NULL,
typeno varchar(50) NULL,
pk_testtemperature varchar(20) default '~' NULL,
pk_samplegroup varchar(20) default '~' NULL,
quantity decimal(28,8) NULL,
pk_manufacturer varchar(20) default '~' NULL,
contactorno varchar(50) NULL,
otherinfo varchar(50) NULL,
seqnum int NULL,
pk_commission_h char(20) NOT NULL,
CONSTRAINT PK_QC_COMMISSION_B PRIMARY KEY (pk_commission_b),
ts char(19) NULL,
dr smallint default 0 
);


create table qc_commission_r (
pk_commission_r char(20) NOT NULL,
pk_commission_b char(20) NULL,
pk_samplegroup varchar(20) default '~' NULL,
stdminvalue decimal(28,8) NULL,
stdmaxvalue decimal(28,8) NULL,
pk_unit varchar(20) default '~' NULL,
testflag char(1) NULL,
judgeflag char(1) NULL,
pk_testtemperature varchar(20) default '~' NULL,
CONSTRAINT PK_QC_COMMISSION_R PRIMARY KEY (pk_commission_r),
ts char(19) NULL,
dr smallint default 0 
);


--qc_commissiontype
delete from md_db_relation where startattrid in (select id from md_property where classid in ('47b4bc7f-ad7d-4c0e-9a9c-8f686df9ba1b','@@@@' ) )  and starttableid in ('qc_commissiontype','@@@@');
delete from md_ORMap where ATTRIBUTEID in(select id from md_property where classid in ('47b4bc7f-ad7d-4c0e-9a9c-8f686df9ba1b','@@@@' ) )  and tableid in ('qc_commissiontype','@@@@') ;
delete from md_table where id not in (select distinct tableid from md_ormap );
delete from md_column where  tableid in('qc_commissiontype','@@@@') and id not in(select distinct columnid from md_ormap) and (nvl(groupid ,'~')='~' or groupid = id )  and name <> 'extend_bean_tag' ;
delete from md_column where tableid in ('qc_commissiontype','@@@@')and groupid is not null and groupid not in( select distinct id from md_column where tableid in ('qc_commissiontype','@@@@') ) ;
delete from md_db_relation where starttableid not in (select id from md_table);
delete from md_property where classID in (select distinct id from md_class where componentID='45d627a1-26f1-4450-afb4-4fbf1339d879'  )  ;
delete from md_association where componentID = '45d627a1-26f1-4450-afb4-4fbf1339d879'  ;
delete from md_bizItfMap where classID in (select distinct id from md_class where componentID='45d627a1-26f1-4450-afb4-4fbf1339d879'  );
delete from md_bizItfMap where classID in ( select id from md_opInterface where componentID = '45d627a1-26f1-4450-afb4-4fbf1339d879'  );
delete from md_accessorPara where id in (select distinct id from md_class where componentID='45d627a1-26f1-4450-afb4-4fbf1339d879'  );
delete from md_enumValue where id in (select distinct id from md_class where componentID='45d627a1-26f1-4450-afb4-4fbf1339d879'  ) ;
delete from md_class where componentID = '45d627a1-26f1-4450-afb4-4fbf1339d879'  ;
delete from md_component where id = '45d627a1-26f1-4450-afb4-4fbf1339d879' ;
delete from md_table where (id='qc_commissiontype');
delete from md_column where (id='qc_commissiontype@@PK@@');
delete from md_column where (id='qc_commissiontype@@@creator');
delete from md_column where (id='qc_commissiontype@@@creationtime');
delete from md_column where (id='qc_commissiontype@@@modifier');
delete from md_column where (id='qc_commissiontype@@@modifiedtime');
delete from md_column where (id='qc_commissiontype@@@pk_group');
delete from md_column where (id='qc_commissiontype@@@pk_org');
delete from md_column where (id='qc_commissiontype@@@code');
delete from md_column where (id='qc_commissiontype@@@name');
delete from md_column where (id='qc_commissiontype@@@describe');


insert into md_component ( createtime, creator, description, displayname, dr, fromsourcebmf, help, id, industry, isbizmodel, modifier, modifytime, name, namespace, ownmodule, preload, resid, resmodule, ts, version, versiontype ) values (  '2018-11-12 11:13:41', 'yonyouBQ', null, '委托类型',0, 'Y', null, '45d627a1-26f1-4450-afb4-4fbf1339d879', '0', 'N', 'yonyouBQ', '2018-11-12 12:03:38', 'qccommissiontype', 'qcco', 'qcco', null, null, 'qccommissiontype', '2018-11-12 19:35:05', '6',0 ) ;
insert into md_class ( id, accessorclassname, classtype, componentid, createtime, creator, description, displayname, dr, fullclassname, help, isactive, keyattribute, modifier, modifytime, name, parentclassid, precise, refmodelname, returntype, ts, versiontype, isprimary, defaulttablename, stereotype, isauthen, resid, bizitfimpclassname, modinfoclassname, iscreatesql, isextendbean, userdefclassname, industry, fixedlength ) values (  '47b4bc7f-ad7d-4c0e-9a9c-8f686df9ba1b', 'nc.md.model.access.javamap.NCBeanStyle',201, '45d627a1-26f1-4450-afb4-4fbf1339d879', '2018-11-12 11:14:04', 'yonyouBQ', null, '委托类型',0, 'nc.vo.qcco.qccommissiontype.CommissionTypeVO', null, null, '3d948576-facd-458f-8071-1f208be4c9f1', 'yonyouBQ', '2018-11-12 12:03:47', 'commissiontype', null,null, null, null, '2018-11-12 19:35:05',0, 'Y', 'qc_commissiontype', null, 'Y', null, null, null, 'Y', null, null, '0', null ) ;
insert into md_property ( id, accessorclassname, classid, createtime, creator, datatype, datatypestyle, defaultvalue, description, displayname, dr, help, isactive, hided, nullable, readonly, attrlength, attrmaxvalue, attrminvalue, modifier, modifytime, name, precise, refmodelname, attrsequence, ts, visibility, versiontype, fixedlength, calculation, isauthen, resid, customattr, notserialize, dynamicattr, dynamictable, accesspower, accesspowergroup, industry ) values (  '3d948576-facd-458f-8071-1f208be4c9f1', null, '47b4bc7f-ad7d-4c0e-9a9c-8f686df9ba1b', null, null, 'BS000010000100001051',300, null, null, '主键',0, null, 'Y', 'N', 'N', 'N',20, null, null, null, null, 'pk_commissiontype',0, null,0, '2018-11-12 19:35:05',0,0, 'N', 'N', 'Y', null, 'N', 'N', 'N', null, 'N', null, '0' ) ;
insert into md_property ( id, accessorclassname, classid, createtime, creator, datatype, datatypestyle, defaultvalue, description, displayname, dr, help, isactive, hided, nullable, readonly, attrlength, attrmaxvalue, attrminvalue, modifier, modifytime, name, precise, refmodelname, attrsequence, ts, visibility, versiontype, fixedlength, calculation, isauthen, resid, customattr, notserialize, dynamicattr, dynamictable, accesspower, accesspowergroup, industry ) values (  '2f1d3018-b668-434d-9311-00348d8f0633', null, '47b4bc7f-ad7d-4c0e-9a9c-8f686df9ba1b', null, null, 'f6f9a473-56c0-432f-8bc7-fbf8fde54fee',305, null, null, '创建人',0, null, 'Y', 'N', 'Y', 'N',20, null, null, null, null, 'creator',0, '用户',1, '2018-11-12 19:35:05',0,0, 'N', 'N', 'Y', null, 'N', 'N', 'N', null, 'N', null, '0' ) ;
insert into md_property ( id, accessorclassname, classid, createtime, creator, datatype, datatypestyle, defaultvalue, description, displayname, dr, help, isactive, hided, nullable, readonly, attrlength, attrmaxvalue, attrminvalue, modifier, modifytime, name, precise, refmodelname, attrsequence, ts, visibility, versiontype, fixedlength, calculation, isauthen, resid, customattr, notserialize, dynamicattr, dynamictable, accesspower, accesspowergroup, industry ) values (  '2790b094-878a-4a07-b907-d2ea53860742', null, '47b4bc7f-ad7d-4c0e-9a9c-8f686df9ba1b', null, null, 'BS000010000100001034',300, null, null, '创建时间',0, null, 'Y', 'N', 'Y', 'N',19, null, null, null, null, 'creationtime',0, null,2, '2018-11-12 19:35:05',0,0, 'N', 'N', 'Y', null, 'N', 'N', 'N', null, 'N', null, '0' ) ;
insert into md_property ( id, accessorclassname, classid, createtime, creator, datatype, datatypestyle, defaultvalue, description, displayname, dr, help, isactive, hided, nullable, readonly, attrlength, attrmaxvalue, attrminvalue, modifier, modifytime, name, precise, refmodelname, attrsequence, ts, visibility, versiontype, fixedlength, calculation, isauthen, resid, customattr, notserialize, dynamicattr, dynamictable, accesspower, accesspowergroup, industry ) values (  'a1a5030d-0820-4506-ab78-a68dbb549f81', null, '47b4bc7f-ad7d-4c0e-9a9c-8f686df9ba1b', null, null, 'f6f9a473-56c0-432f-8bc7-fbf8fde54fee',305, null, null, '修改人',0, null, 'Y', 'N', 'Y', 'N',20, null, null, null, null, 'modifier',0, '用户',3, '2018-11-12 19:35:05',0,0, 'N', 'N', 'Y', null, 'N', 'N', 'N', null, 'N', null, '0' ) ;
insert into md_property ( id, accessorclassname, classid, createtime, creator, datatype, datatypestyle, defaultvalue, description, displayname, dr, help, isactive, hided, nullable, readonly, attrlength, attrmaxvalue, attrminvalue, modifier, modifytime, name, precise, refmodelname, attrsequence, ts, visibility, versiontype, fixedlength, calculation, isauthen, resid, customattr, notserialize, dynamicattr, dynamictable, accesspower, accesspowergroup, industry ) values (  'e9743fb7-806d-4b7f-bb2c-e7cd5f977d91', null, '47b4bc7f-ad7d-4c0e-9a9c-8f686df9ba1b', null, null, 'BS000010000100001034',300, null, null, '修改时间',0, null, 'Y', 'N', 'Y', 'N',19, null, null, null, null, 'modifiedtime',0, null,4, '2018-11-12 19:35:05',0,0, 'N', 'N', 'Y', null, 'N', 'N', 'N', null, 'N', null, '0' ) ;
insert into md_property ( id, accessorclassname, classid, createtime, creator, datatype, datatypestyle, defaultvalue, description, displayname, dr, help, isactive, hided, nullable, readonly, attrlength, attrmaxvalue, attrminvalue, modifier, modifytime, name, precise, refmodelname, attrsequence, ts, visibility, versiontype, fixedlength, calculation, isauthen, resid, customattr, notserialize, dynamicattr, dynamictable, accesspower, accesspowergroup, industry ) values (  '2b49c998-984d-49e6-baf1-18be320c42ab', null, '47b4bc7f-ad7d-4c0e-9a9c-8f686df9ba1b', null, null, '3b6dd171-2900-47f3-bfbe-41e4483a2a65',305, null, null, '集团',0, null, 'Y', 'N', 'Y', 'N',20, null, null, null, null, 'pk_group',0, null,5, '2018-11-12 19:35:05',0,0, 'N', 'N', 'Y', null, 'N', 'N', 'N', null, 'N', null, '0' ) ;
insert into md_property ( id, accessorclassname, classid, createtime, creator, datatype, datatypestyle, defaultvalue, description, displayname, dr, help, isactive, hided, nullable, readonly, attrlength, attrmaxvalue, attrminvalue, modifier, modifytime, name, precise, refmodelname, attrsequence, ts, visibility, versiontype, fixedlength, calculation, isauthen, resid, customattr, notserialize, dynamicattr, dynamictable, accesspower, accesspowergroup, industry ) values (  '5e38e8a0-d473-4343-9031-7c620f90a02b', null, '47b4bc7f-ad7d-4c0e-9a9c-8f686df9ba1b', null, null, '985be8a4-3a36-4778-8afe-2d8ed3902659',305, null, null, '组织',0, null, 'Y', 'N', 'Y', 'N',20, null, null, null, null, 'pk_org',0, null,6, '2018-11-12 19:35:05',0,0, 'N', 'N', 'Y', null, 'N', 'N', 'N', null, 'N', null, '0' ) ;
insert into md_property ( id, accessorclassname, classid, createtime, creator, datatype, datatypestyle, defaultvalue, description, displayname, dr, help, isactive, hided, nullable, readonly, attrlength, attrmaxvalue, attrminvalue, modifier, modifytime, name, precise, refmodelname, attrsequence, ts, visibility, versiontype, fixedlength, calculation, isauthen, resid, customattr, notserialize, dynamicattr, dynamictable, accesspower, accesspowergroup, industry ) values (  '3e71235e-c5a0-4981-a5f5-8eddde764286', null, '47b4bc7f-ad7d-4c0e-9a9c-8f686df9ba1b', null, null, 'BS000010000100001001',300, null, null, '编码',0, null, 'Y', 'N', 'Y', 'N',50, null, null, null, null, 'code',0, null,7, '2018-11-12 19:35:05',0,0, 'N', 'N', 'Y', null, 'N', 'N', 'N', null, 'N', null, '0' ) ;
insert into md_property ( id, accessorclassname, classid, createtime, creator, datatype, datatypestyle, defaultvalue, description, displayname, dr, help, isactive, hided, nullable, readonly, attrlength, attrmaxvalue, attrminvalue, modifier, modifytime, name, precise, refmodelname, attrsequence, ts, visibility, versiontype, fixedlength, calculation, isauthen, resid, customattr, notserialize, dynamicattr, dynamictable, accesspower, accesspowergroup, industry ) values (  '74b46852-7d5c-4d5a-ab67-56a3de16d515', null, '47b4bc7f-ad7d-4c0e-9a9c-8f686df9ba1b', null, null, 'BS000010000100001001',300, null, null, '名称',0, null, 'Y', 'N', 'Y', 'N',50, null, null, null, null, 'name',0, null,8, '2018-11-12 19:35:05',0,0, 'N', 'N', 'Y', null, 'N', 'N', 'N', null, 'N', null, '0' ) ;
insert into md_property ( id, accessorclassname, classid, createtime, creator, datatype, datatypestyle, defaultvalue, description, displayname, dr, help, isactive, hided, nullable, readonly, attrlength, attrmaxvalue, attrminvalue, modifier, modifytime, name, precise, refmodelname, attrsequence, ts, visibility, versiontype, fixedlength, calculation, isauthen, resid, customattr, notserialize, dynamicattr, dynamictable, accesspower, accesspowergroup, industry ) values (  'e53ee2d8-7aec-4155-bbb4-bb5400a4ab26', null, '47b4bc7f-ad7d-4c0e-9a9c-8f686df9ba1b', null, null, 'BS000010000100001001',300, null, null, '描述',0, null, 'Y', 'N', 'Y', 'N',200, null, null, null, null, 'describe',0, null,9, '2018-11-12 19:35:05',0,0, 'N', 'N', 'Y', null, 'N', 'N', 'N', null, 'N', null, '0' ) ;
insert into md_bizItfMap ( bizinterfaceid, intattrid, classid, classattrid, bizitfimpclassname, classattrpath, dr, ts ) values (  '2b226ae1-aad9-4abe-a405-36bcacaa94a8', 'e5a2aef6-8d58-416a-b8b7-4dd10e13d788', '47b4bc7f-ad7d-4c0e-9a9c-8f686df9ba1b', '2f1d3018-b668-434d-9311-00348d8f0633', null, null,0, '2018-11-12 19:35:05' ) ;
insert into md_bizItfMap ( bizinterfaceid, intattrid, classid, classattrid, bizitfimpclassname, classattrpath, dr, ts ) values (  '2b226ae1-aad9-4abe-a405-36bcacaa94a8', '49b6b1ae-cd5b-4b54-99cd-a6bb9fee7343', '47b4bc7f-ad7d-4c0e-9a9c-8f686df9ba1b', '2790b094-878a-4a07-b907-d2ea53860742', null, null,0, '2018-11-12 19:35:05' ) ;
insert into md_bizItfMap ( bizinterfaceid, intattrid, classid, classattrid, bizitfimpclassname, classattrpath, dr, ts ) values (  '2b226ae1-aad9-4abe-a405-36bcacaa94a8', '54c42368-5a43-4295-a7d4-74d276eed522', '47b4bc7f-ad7d-4c0e-9a9c-8f686df9ba1b', 'a1a5030d-0820-4506-ab78-a68dbb549f81', null, null,0, '2018-11-12 19:35:05' ) ;
insert into md_bizItfMap ( bizinterfaceid, intattrid, classid, classattrid, bizitfimpclassname, classattrpath, dr, ts ) values (  '2b226ae1-aad9-4abe-a405-36bcacaa94a8', '0abfd569-b9cf-4c44-a8d9-45979c083b08', '47b4bc7f-ad7d-4c0e-9a9c-8f686df9ba1b', 'e9743fb7-806d-4b7f-bb2c-e7cd5f977d91', null, null,0, '2018-11-12 19:35:05' ) ;
insert into md_bizItfMap ( bizinterfaceid, intattrid, classid, classattrid, bizitfimpclassname, classattrpath, dr, ts ) values (  '6c8722b9-911a-489b-8d0d-18bd3734fcf6', '5dd3c721-22ad-42b1-9c10-4351c236bc77', '47b4bc7f-ad7d-4c0e-9a9c-8f686df9ba1b', null, null, null,0, '2018-11-12 19:35:05' ) ;
insert into md_bizItfMap ( bizinterfaceid, intattrid, classid, classattrid, bizitfimpclassname, classattrpath, dr, ts ) values (  '6c8722b9-911a-489b-8d0d-18bd3734fcf6', 'c8334364-7ab9-4266-8d4b-e74537935e46', '47b4bc7f-ad7d-4c0e-9a9c-8f686df9ba1b', null, null, null,0, '2018-11-12 19:35:05' ) ;
insert into md_bizItfMap ( bizinterfaceid, intattrid, classid, classattrid, bizitfimpclassname, classattrpath, dr, ts ) values (  '6c8722b9-911a-489b-8d0d-18bd3734fcf6', 'ecf1b76a-6e44-42e2-a55e-87596504775b', '47b4bc7f-ad7d-4c0e-9a9c-8f686df9ba1b', null, null, null,0, '2018-11-12 19:35:05' ) ;
insert into md_bizItfMap ( bizinterfaceid, intattrid, classid, classattrid, bizitfimpclassname, classattrpath, dr, ts ) values (  '6c8722b9-911a-489b-8d0d-18bd3734fcf6', 'd32cc17b-f415-415a-923f-0764443eb102', '47b4bc7f-ad7d-4c0e-9a9c-8f686df9ba1b', '3e71235e-c5a0-4981-a5f5-8eddde764286', null, null,0, '2018-11-12 19:35:05' ) ;
insert into md_bizItfMap ( bizinterfaceid, intattrid, classid, classattrid, bizitfimpclassname, classattrpath, dr, ts ) values (  '6c8722b9-911a-489b-8d0d-18bd3734fcf6', '89578a97-42fe-439b-827c-8eabd9e3604c', '47b4bc7f-ad7d-4c0e-9a9c-8f686df9ba1b', '74b46852-7d5c-4d5a-ab67-56a3de16d515', null, null,0, '2018-11-12 19:35:05' ) ;
insert into md_bizItfMap ( bizinterfaceid, intattrid, classid, classattrid, bizitfimpclassname, classattrpath, dr, ts ) values (  '6c8722b9-911a-489b-8d0d-18bd3734fcf6', 'a47e6cda-09e4-480b-923f-ec6f41e3e06c', '47b4bc7f-ad7d-4c0e-9a9c-8f686df9ba1b', null, null, null,0, '2018-11-12 19:35:05' ) ;
insert into md_association ( id, componentid, creator, createtime, dr, endcardinality, startbeanid, endelementid, isactive, modifier, modifytime, name, startcardinality, startelementid, ts, type, versiontype, industry ) values (  'a22d783f-3240-4d00-a01c-7c27ea9c15d3', '45d627a1-26f1-4450-afb4-4fbf1339d879', null, null,0, '1', '47b4bc7f-ad7d-4c0e-9a9c-8f686df9ba1b', 'f6f9a473-56c0-432f-8bc7-fbf8fde54fee', 'Y', null, null, 'commissiontype_creator', '1', '2f1d3018-b668-434d-9311-00348d8f0633', '2018-11-12 19:35:05',3,0, '0' ) ;
insert into md_association ( id, componentid, creator, createtime, dr, endcardinality, startbeanid, endelementid, isactive, modifier, modifytime, name, startcardinality, startelementid, ts, type, versiontype, industry ) values (  '779b2d08-0bd0-449f-a468-311939dba3f1', '45d627a1-26f1-4450-afb4-4fbf1339d879', null, null,0, '1', '47b4bc7f-ad7d-4c0e-9a9c-8f686df9ba1b', 'f6f9a473-56c0-432f-8bc7-fbf8fde54fee', 'Y', null, null, 'commissiontype_modifier', '1', 'a1a5030d-0820-4506-ab78-a68dbb549f81', '2018-11-12 19:35:05',3,0, '0' ) ;
insert into md_association ( id, componentid, creator, createtime, dr, endcardinality, startbeanid, endelementid, isactive, modifier, modifytime, name, startcardinality, startelementid, ts, type, versiontype, industry ) values (  '35ae1274-56a4-4484-ac56-a17a38004164', '45d627a1-26f1-4450-afb4-4fbf1339d879', null, null,0, '1', '47b4bc7f-ad7d-4c0e-9a9c-8f686df9ba1b', '3b6dd171-2900-47f3-bfbe-41e4483a2a65', 'Y', null, null, 'commissiontype_pk_group', '1', '2b49c998-984d-49e6-baf1-18be320c42ab', '2018-11-12 19:35:05',3,0, '0' ) ;
insert into md_association ( id, componentid, creator, createtime, dr, endcardinality, startbeanid, endelementid, isactive, modifier, modifytime, name, startcardinality, startelementid, ts, type, versiontype, industry ) values (  'e260e1a9-1c9a-463a-9251-a137b6a89123', '45d627a1-26f1-4450-afb4-4fbf1339d879', null, null,0, '1', '47b4bc7f-ad7d-4c0e-9a9c-8f686df9ba1b', '985be8a4-3a36-4778-8afe-2d8ed3902659', 'Y', null, null, 'commissiontype_pk_org', '1', '5e38e8a0-d473-4343-9031-7c620f90a02b', '2018-11-12 19:35:05',3,0, '0' ) ;
insert into md_table ( id, createtime, creator, databaseid, description, displayname, dr, help, isactive, fromsourcebmf, modifier, modifytime, name, ts, versiontype, resmodule, resid, parenttable, isextendtable, industry ) values (  'qc_commissiontype', '2018-11-12 11:14:04', 'yonyouBQ', null, null, '委托类型',0, null, null, 'Y', 'yonyouBQ', '2018-11-12 12:03:47', 'qc_commissiontype', '2018-11-12 19:35:05',0, 'qccommissiontype', null, null, null, '0' ) ;
insert into md_column ( id, sqldatetype, createtime, creator, defaultvalue, description, displayname, dr, help, incrementseed, incrementstep, isactive, identitied, pkey, nullable, columnlength, modifier, modifytime, name, precise, columnsequence, tableid, ts, versiontype, resid, groupid, columntype, forlocale ) values (  'qc_commissiontype@@PK@@', 'char', null, null, null, null, '主键',0, null,null,null, 'Y', null, 'Y', 'N',20, null, null, 'pk_commissiontype',0,0, 'qc_commissiontype', '2018-11-12 19:35:05',0, null, null,0, 'N' ) ;
insert into md_column ( id, sqldatetype, createtime, creator, defaultvalue, description, displayname, dr, help, incrementseed, incrementstep, isactive, identitied, pkey, nullable, columnlength, modifier, modifytime, name, precise, columnsequence, tableid, ts, versiontype, resid, groupid, columntype, forlocale ) values (  'qc_commissiontype@@@creator', 'varchar', null, null, '*~', null, '创建人',0, null,null,null, 'Y', null, 'N', 'Y',20, null, null, 'creator',0,1, 'qc_commissiontype', '2018-11-12 19:35:05',0, null, null,0, 'N' ) ;
insert into md_column ( id, sqldatetype, createtime, creator, defaultvalue, description, displayname, dr, help, incrementseed, incrementstep, isactive, identitied, pkey, nullable, columnlength, modifier, modifytime, name, precise, columnsequence, tableid, ts, versiontype, resid, groupid, columntype, forlocale ) values (  'qc_commissiontype@@@creationtime', 'char', null, null, null, null, '创建时间',0, null,null,null, 'Y', null, 'N', 'Y',19, null, null, 'creationtime',0,2, 'qc_commissiontype', '2018-11-12 19:35:05',0, null, null,0, 'N' ) ;
insert into md_column ( id, sqldatetype, createtime, creator, defaultvalue, description, displayname, dr, help, incrementseed, incrementstep, isactive, identitied, pkey, nullable, columnlength, modifier, modifytime, name, precise, columnsequence, tableid, ts, versiontype, resid, groupid, columntype, forlocale ) values (  'qc_commissiontype@@@modifier', 'varchar', null, null, '*~', null, '修改人',0, null,null,null, 'Y', null, 'N', 'Y',20, null, null, 'modifier',0,3, 'qc_commissiontype', '2018-11-12 19:35:05',0, null, null,0, 'N' ) ;
insert into md_column ( id, sqldatetype, createtime, creator, defaultvalue, description, displayname, dr, help, incrementseed, incrementstep, isactive, identitied, pkey, nullable, columnlength, modifier, modifytime, name, precise, columnsequence, tableid, ts, versiontype, resid, groupid, columntype, forlocale ) values (  'qc_commissiontype@@@modifiedtime', 'char', null, null, null, null, '修改时间',0, null,null,null, 'Y', null, 'N', 'Y',19, null, null, 'modifiedtime',0,4, 'qc_commissiontype', '2018-11-12 19:35:05',0, null, null,0, 'N' ) ;
insert into md_column ( id, sqldatetype, createtime, creator, defaultvalue, description, displayname, dr, help, incrementseed, incrementstep, isactive, identitied, pkey, nullable, columnlength, modifier, modifytime, name, precise, columnsequence, tableid, ts, versiontype, resid, groupid, columntype, forlocale ) values (  'qc_commissiontype@@@pk_group', 'varchar', null, null, '*~', null, '集团',0, null,null,null, 'Y', null, 'N', 'Y',20, null, null, 'pk_group',0,5, 'qc_commissiontype', '2018-11-12 19:35:05',0, null, null,0, 'N' ) ;
insert into md_column ( id, sqldatetype, createtime, creator, defaultvalue, description, displayname, dr, help, incrementseed, incrementstep, isactive, identitied, pkey, nullable, columnlength, modifier, modifytime, name, precise, columnsequence, tableid, ts, versiontype, resid, groupid, columntype, forlocale ) values (  'qc_commissiontype@@@pk_org', 'varchar', null, null, '*~', null, '组织',0, null,null,null, 'Y', null, 'N', 'Y',20, null, null, 'pk_org',0,6, 'qc_commissiontype', '2018-11-12 19:35:05',0, null, null,0, 'N' ) ;
insert into md_column ( id, sqldatetype, createtime, creator, defaultvalue, description, displayname, dr, help, incrementseed, incrementstep, isactive, identitied, pkey, nullable, columnlength, modifier, modifytime, name, precise, columnsequence, tableid, ts, versiontype, resid, groupid, columntype, forlocale ) values (  'qc_commissiontype@@@code', 'varchar', null, null, null, null, '编码',0, null,null,null, 'Y', null, 'N', 'Y',50, null, null, 'code',0,7, 'qc_commissiontype', '2018-11-12 19:35:05',0, null, null,0, 'N' ) ;
insert into md_column ( id, sqldatetype, createtime, creator, defaultvalue, description, displayname, dr, help, incrementseed, incrementstep, isactive, identitied, pkey, nullable, columnlength, modifier, modifytime, name, precise, columnsequence, tableid, ts, versiontype, resid, groupid, columntype, forlocale ) values (  'qc_commissiontype@@@name', 'varchar', null, null, null, null, '名称',0, null,null,null, 'Y', null, 'N', 'Y',50, null, null, 'name',0,8, 'qc_commissiontype', '2018-11-12 19:35:05',0, null, null,0, 'N' ) ;
insert into md_column ( id, sqldatetype, createtime, creator, defaultvalue, description, displayname, dr, help, incrementseed, incrementstep, isactive, identitied, pkey, nullable, columnlength, modifier, modifytime, name, precise, columnsequence, tableid, ts, versiontype, resid, groupid, columntype, forlocale ) values (  'qc_commissiontype@@@describe', 'varchar', null, null, null, null, '描述',0, null,null,null, 'Y', null, 'N', 'Y',200, null, null, 'describe',0,9, 'qc_commissiontype', '2018-11-12 19:35:05',0, null, null,0, 'N' ) ;
insert into md_ORMap ( attributeid, classid, columnid, dr, tableid, ts ) values (  '5e38e8a0-d473-4343-9031-7c620f90a02b', '47b4bc7f-ad7d-4c0e-9a9c-8f686df9ba1b', 'qc_commissiontype@@@pk_org',0, 'qc_commissiontype', '2018-11-12 19:35:05' ) ;
insert into md_ORMap ( attributeid, classid, columnid, dr, tableid, ts ) values (  '74b46852-7d5c-4d5a-ab67-56a3de16d515', '47b4bc7f-ad7d-4c0e-9a9c-8f686df9ba1b', 'qc_commissiontype@@@name',0, 'qc_commissiontype', '2018-11-12 19:35:05' ) ;
insert into md_ORMap ( attributeid, classid, columnid, dr, tableid, ts ) values (  '2f1d3018-b668-434d-9311-00348d8f0633', '47b4bc7f-ad7d-4c0e-9a9c-8f686df9ba1b', 'qc_commissiontype@@@creator',0, 'qc_commissiontype', '2018-11-12 19:35:05' ) ;
insert into md_ORMap ( attributeid, classid, columnid, dr, tableid, ts ) values (  '2790b094-878a-4a07-b907-d2ea53860742', '47b4bc7f-ad7d-4c0e-9a9c-8f686df9ba1b', 'qc_commissiontype@@@creationtime',0, 'qc_commissiontype', '2018-11-12 19:35:05' ) ;
insert into md_ORMap ( attributeid, classid, columnid, dr, tableid, ts ) values (  '3e71235e-c5a0-4981-a5f5-8eddde764286', '47b4bc7f-ad7d-4c0e-9a9c-8f686df9ba1b', 'qc_commissiontype@@@code',0, 'qc_commissiontype', '2018-11-12 19:35:05' ) ;
insert into md_ORMap ( attributeid, classid, columnid, dr, tableid, ts ) values (  'a1a5030d-0820-4506-ab78-a68dbb549f81', '47b4bc7f-ad7d-4c0e-9a9c-8f686df9ba1b', 'qc_commissiontype@@@modifier',0, 'qc_commissiontype', '2018-11-12 19:35:05' ) ;
insert into md_ORMap ( attributeid, classid, columnid, dr, tableid, ts ) values (  '2b49c998-984d-49e6-baf1-18be320c42ab', '47b4bc7f-ad7d-4c0e-9a9c-8f686df9ba1b', 'qc_commissiontype@@@pk_group',0, 'qc_commissiontype', '2018-11-12 19:35:05' ) ;
insert into md_ORMap ( attributeid, classid, columnid, dr, tableid, ts ) values (  '3d948576-facd-458f-8071-1f208be4c9f1', '47b4bc7f-ad7d-4c0e-9a9c-8f686df9ba1b', 'qc_commissiontype@@PK@@',0, 'qc_commissiontype', '2018-11-12 19:35:05' ) ;
insert into md_ORMap ( attributeid, classid, columnid, dr, tableid, ts ) values (  'e53ee2d8-7aec-4155-bbb4-bb5400a4ab26', '47b4bc7f-ad7d-4c0e-9a9c-8f686df9ba1b', 'qc_commissiontype@@@describe',0, 'qc_commissiontype', '2018-11-12 19:35:05' ) ;
insert into md_ORMap ( attributeid, classid, columnid, dr, tableid, ts ) values (  'e9743fb7-806d-4b7f-bb2c-e7cd5f977d91', '47b4bc7f-ad7d-4c0e-9a9c-8f686df9ba1b', 'qc_commissiontype@@@modifiedtime',0, 'qc_commissiontype', '2018-11-12 19:35:05' ) ;


create table qc_commissiontype (
pk_commissiontype char(20) NOT NULL,
creator varchar(20) default '~' NULL,
creationtime char(19) NULL,
modifier varchar(20) default '~' NULL,
modifiedtime char(19) NULL,
pk_group varchar(20) default '~' NULL,
pk_org varchar(20) default '~' NULL,
code varchar(50) NULL,
name varchar(50) NULL,
describe varchar(200) NULL,
CONSTRAINT PK_COMMISSIONTYPE PRIMARY KEY (pk_commissiontype),
ts char(19) NULL,
dr smallint default 0 
);



--qc_contactortype
delete from md_db_relation where startattrid in (select id from md_property where classid in ('affb8f4c-2ebe-4d6d-b005-dca59fddcc36','@@@@' ) )  and starttableid in ('qc_contactortype','@@@@');
delete from md_ORMap where ATTRIBUTEID in(select id from md_property where classid in ('affb8f4c-2ebe-4d6d-b005-dca59fddcc36','@@@@' ) )  and tableid in ('qc_contactortype','@@@@') ;
delete from md_table where id not in (select distinct tableid from md_ormap );
delete from md_column where  tableid in('qc_contactortype','@@@@') and id not in(select distinct columnid from md_ormap) and (nvl(groupid ,'~')='~' or groupid = id )  and name <> 'extend_bean_tag' ;
delete from md_column where tableid in ('qc_contactortype','@@@@')and groupid is not null and groupid not in( select distinct id from md_column where tableid in ('qc_contactortype','@@@@') ) ;
delete from md_db_relation where starttableid not in (select id from md_table);
delete from md_property where classID in (select distinct id from md_class where componentID='9dfdee27-1f38-46f7-902d-38f10d262acb'  )  ;
delete from md_association where componentID = '9dfdee27-1f38-46f7-902d-38f10d262acb'  ;
delete from md_bizItfMap where classID in (select distinct id from md_class where componentID='9dfdee27-1f38-46f7-902d-38f10d262acb'  );
delete from md_bizItfMap where classID in ( select id from md_opInterface where componentID = '9dfdee27-1f38-46f7-902d-38f10d262acb'  );
delete from md_accessorPara where id in (select distinct id from md_class where componentID='9dfdee27-1f38-46f7-902d-38f10d262acb'  );
delete from md_enumValue where id in (select distinct id from md_class where componentID='9dfdee27-1f38-46f7-902d-38f10d262acb'  ) ;
delete from md_class where componentID = '9dfdee27-1f38-46f7-902d-38f10d262acb'  ;
delete from md_component where id = '9dfdee27-1f38-46f7-902d-38f10d262acb' ;
delete from md_table where (id='qc_contactortype');
delete from md_column where (id='qc_contactortype@@PK@@');
delete from md_column where (id='qc_contactortype@@@creator');
delete from md_column where (id='qc_contactortype@@@creationtime');
delete from md_column where (id='qc_contactortype@@@modifier');
delete from md_column where (id='qc_contactortype@@@modifiedtime');
delete from md_column where (id='qc_contactortype@@@code');
delete from md_column where (id='qc_contactortype@@@name');
delete from md_column where (id='qc_contactortype@@@pk_group');
delete from md_column where (id='qc_contactortype@@@pk_org');
delete from md_column where (id='qc_contactortype@@@pk_productserial');


insert into md_component ( createtime, creator, description, displayname, dr, fromsourcebmf, help, id, industry, isbizmodel, modifier, modifytime, name, namespace, ownmodule, preload, resid, resmodule, ts, version, versiontype ) values (  '2018-11-12 10:45:57', 'yonyouBQ', null, '触点类型',0, 'Y', null, '9dfdee27-1f38-46f7-902d-38f10d262acb', '0', 'N', 'yonyouBQ', '2018-11-12 18:50:45', 'qccontactortype', 'qcco', 'qcco', null, null, 'qccontactortype', '2018-11-12 18:52:22', '7',0 ) ;
insert into md_class ( id, accessorclassname, classtype, componentid, createtime, creator, description, displayname, dr, fullclassname, help, isactive, keyattribute, modifier, modifytime, name, parentclassid, precise, refmodelname, returntype, ts, versiontype, isprimary, defaulttablename, stereotype, isauthen, resid, bizitfimpclassname, modinfoclassname, iscreatesql, isextendbean, userdefclassname, industry, fixedlength ) values (  'affb8f4c-2ebe-4d6d-b005-dca59fddcc36', 'nc.md.model.access.javamap.NCBeanStyle',201, '9dfdee27-1f38-46f7-902d-38f10d262acb', '2018-11-12 10:46:10', 'yonyouBQ', null, '触点类型',0, 'nc.vo.qcco.qccontactortype.ContactorTypeVO', null, null, '0b207f12-a1b7-4d37-b945-83a2cdb03cb4', 'yonyouBQ', '2018-11-12 18:51:50', 'contactortype', null,null, null, null, '2018-11-12 18:52:22',0, 'Y', 'qc_contactortype', null, 'Y', null, null, null, 'Y', null, null, '0', null ) ;
insert into md_property ( id, accessorclassname, classid, createtime, creator, datatype, datatypestyle, defaultvalue, description, displayname, dr, help, isactive, hided, nullable, readonly, attrlength, attrmaxvalue, attrminvalue, modifier, modifytime, name, precise, refmodelname, attrsequence, ts, visibility, versiontype, fixedlength, calculation, isauthen, resid, customattr, notserialize, dynamicattr, dynamictable, accesspower, accesspowergroup, industry ) values (  '0b207f12-a1b7-4d37-b945-83a2cdb03cb4', null, 'affb8f4c-2ebe-4d6d-b005-dca59fddcc36', null, null, 'BS000010000100001051',300, null, null, '主键',0, null, 'Y', 'N', 'N', 'N',20, null, null, null, null, 'pk_contactortype',0, null,0, '2018-11-12 18:52:22',0,0, 'N', 'N', 'Y', null, 'N', 'N', 'N', null, 'N', null, '0' ) ;
insert into md_property ( id, accessorclassname, classid, createtime, creator, datatype, datatypestyle, defaultvalue, description, displayname, dr, help, isactive, hided, nullable, readonly, attrlength, attrmaxvalue, attrminvalue, modifier, modifytime, name, precise, refmodelname, attrsequence, ts, visibility, versiontype, fixedlength, calculation, isauthen, resid, customattr, notserialize, dynamicattr, dynamictable, accesspower, accesspowergroup, industry ) values (  '718ee781-f3e8-4379-9e03-b310acda8fac', null, 'affb8f4c-2ebe-4d6d-b005-dca59fddcc36', null, null, 'f6f9a473-56c0-432f-8bc7-fbf8fde54fee',305, null, null, '创建人',0, null, 'Y', 'N', 'Y', 'N',20, null, null, null, null, 'creator',0, '用户',1, '2018-11-12 18:52:22',0,0, 'N', 'N', 'Y', null, 'N', 'N', 'N', null, 'N', null, '0' ) ;
insert into md_property ( id, accessorclassname, classid, createtime, creator, datatype, datatypestyle, defaultvalue, description, displayname, dr, help, isactive, hided, nullable, readonly, attrlength, attrmaxvalue, attrminvalue, modifier, modifytime, name, precise, refmodelname, attrsequence, ts, visibility, versiontype, fixedlength, calculation, isauthen, resid, customattr, notserialize, dynamicattr, dynamictable, accesspower, accesspowergroup, industry ) values (  '89958cbc-039c-45c7-a3c9-7df4c062869a', null, 'affb8f4c-2ebe-4d6d-b005-dca59fddcc36', null, null, 'BS000010000100001034',300, null, null, '创建时间',0, null, 'Y', 'N', 'Y', 'N',19, null, null, null, null, 'creationtime',0, null,2, '2018-11-12 18:52:22',0,0, 'N', 'N', 'Y', null, 'N', 'N', 'N', null, 'N', null, '0' ) ;
insert into md_property ( id, accessorclassname, classid, createtime, creator, datatype, datatypestyle, defaultvalue, description, displayname, dr, help, isactive, hided, nullable, readonly, attrlength, attrmaxvalue, attrminvalue, modifier, modifytime, name, precise, refmodelname, attrsequence, ts, visibility, versiontype, fixedlength, calculation, isauthen, resid, customattr, notserialize, dynamicattr, dynamictable, accesspower, accesspowergroup, industry ) values (  '53500e39-a4c2-464d-adbf-d9fc24eb3811', null, 'affb8f4c-2ebe-4d6d-b005-dca59fddcc36', null, null, 'f6f9a473-56c0-432f-8bc7-fbf8fde54fee',305, null, null, '修改人',0, null, 'Y', 'N', 'Y', 'N',20, null, null, null, null, 'modifier',0, '用户',3, '2018-11-12 18:52:22',0,0, 'N', 'N', 'Y', null, 'N', 'N', 'N', null, 'N', null, '0' ) ;
insert into md_property ( id, accessorclassname, classid, createtime, creator, datatype, datatypestyle, defaultvalue, description, displayname, dr, help, isactive, hided, nullable, readonly, attrlength, attrmaxvalue, attrminvalue, modifier, modifytime, name, precise, refmodelname, attrsequence, ts, visibility, versiontype, fixedlength, calculation, isauthen, resid, customattr, notserialize, dynamicattr, dynamictable, accesspower, accesspowergroup, industry ) values (  '037c7ff3-930f-4cf9-8bb7-b94e1df9f88e', null, 'affb8f4c-2ebe-4d6d-b005-dca59fddcc36', null, null, 'BS000010000100001034',300, null, null, '修改时间',0, null, 'Y', 'N', 'Y', 'N',19, null, null, null, null, 'modifiedtime',0, null,4, '2018-11-12 18:52:22',0,0, 'N', 'N', 'Y', null, 'N', 'N', 'N', null, 'N', null, '0' ) ;
insert into md_property ( id, accessorclassname, classid, createtime, creator, datatype, datatypestyle, defaultvalue, description, displayname, dr, help, isactive, hided, nullable, readonly, attrlength, attrmaxvalue, attrminvalue, modifier, modifytime, name, precise, refmodelname, attrsequence, ts, visibility, versiontype, fixedlength, calculation, isauthen, resid, customattr, notserialize, dynamicattr, dynamictable, accesspower, accesspowergroup, industry ) values (  '342f7da6-c808-441d-92c1-380fd233ea77', null, 'affb8f4c-2ebe-4d6d-b005-dca59fddcc36', null, null, 'BS000010000100001001',300, null, null, '编码',0, null, 'Y', 'N', 'Y', 'N',50, null, null, null, null, 'code',0, null,5, '2018-11-12 18:52:22',0,0, 'N', 'N', 'Y', null, 'N', 'N', 'N', null, 'N', null, '0' ) ;
insert into md_property ( id, accessorclassname, classid, createtime, creator, datatype, datatypestyle, defaultvalue, description, displayname, dr, help, isactive, hided, nullable, readonly, attrlength, attrmaxvalue, attrminvalue, modifier, modifytime, name, precise, refmodelname, attrsequence, ts, visibility, versiontype, fixedlength, calculation, isauthen, resid, customattr, notserialize, dynamicattr, dynamictable, accesspower, accesspowergroup, industry ) values (  '20dd7b33-ebc5-4f1b-b1a9-6f48a5c8682f', null, 'affb8f4c-2ebe-4d6d-b005-dca59fddcc36', null, null, 'BS000010000100001001',300, null, null, '名称',0, null, 'Y', 'N', 'Y', 'N',50, null, null, null, null, 'name',0, null,6, '2018-11-12 18:52:22',0,0, 'N', 'N', 'Y', null, 'N', 'N', 'N', null, 'N', null, '0' ) ;
insert into md_property ( id, accessorclassname, classid, createtime, creator, datatype, datatypestyle, defaultvalue, description, displayname, dr, help, isactive, hided, nullable, readonly, attrlength, attrmaxvalue, attrminvalue, modifier, modifytime, name, precise, refmodelname, attrsequence, ts, visibility, versiontype, fixedlength, calculation, isauthen, resid, customattr, notserialize, dynamicattr, dynamictable, accesspower, accesspowergroup, industry ) values (  '48494dab-8da5-445c-a1a8-94244f68ca35', null, 'affb8f4c-2ebe-4d6d-b005-dca59fddcc36', null, null, '3b6dd171-2900-47f3-bfbe-41e4483a2a65',305, null, null, '集团',0, null, 'Y', 'N', 'Y', 'N',20, null, null, null, null, 'pk_group',0, null,7, '2018-11-12 18:52:22',0,0, 'N', 'N', 'Y', null, 'N', 'N', 'N', null, 'N', null, '0' ) ;
insert into md_property ( id, accessorclassname, classid, createtime, creator, datatype, datatypestyle, defaultvalue, description, displayname, dr, help, isactive, hided, nullable, readonly, attrlength, attrmaxvalue, attrminvalue, modifier, modifytime, name, precise, refmodelname, attrsequence, ts, visibility, versiontype, fixedlength, calculation, isauthen, resid, customattr, notserialize, dynamicattr, dynamictable, accesspower, accesspowergroup, industry ) values (  '5454bcaa-771c-46af-809c-76e4fc0822c5', null, 'affb8f4c-2ebe-4d6d-b005-dca59fddcc36', null, null, '985be8a4-3a36-4778-8afe-2d8ed3902659',305, null, null, '组织',0, null, 'Y', 'N', 'Y', 'N',20, null, null, null, null, 'pk_org',0, null,8, '2018-11-12 18:52:22',0,0, 'N', 'N', 'Y', null, 'N', 'N', 'N', null, 'N', null, '0' ) ;
insert into md_property ( id, accessorclassname, classid, createtime, creator, datatype, datatypestyle, defaultvalue, description, displayname, dr, help, isactive, hided, nullable, readonly, attrlength, attrmaxvalue, attrminvalue, modifier, modifytime, name, precise, refmodelname, attrsequence, ts, visibility, versiontype, fixedlength, calculation, isauthen, resid, customattr, notserialize, dynamicattr, dynamictable, accesspower, accesspowergroup, industry ) values (  'a49fbd93-54d5-408f-b305-4931cb522017', null, 'affb8f4c-2ebe-4d6d-b005-dca59fddcc36', null, null, '1001AA100000000001H7',305, null, null, '产品系列',0, null, 'Y', 'N', 'Y', 'N',20, null, null, null, null, 'pk_productserial',0, '产品系列(自定义档案)',9, '2018-11-12 18:52:22',0,0, 'N', 'N', 'Y', null, 'N', 'N', 'N', null, 'N', null, '0' ) ;
insert into md_bizItfMap ( bizinterfaceid, intattrid, classid, classattrid, bizitfimpclassname, classattrpath, dr, ts ) values (  '2b226ae1-aad9-4abe-a405-36bcacaa94a8', 'e5a2aef6-8d58-416a-b8b7-4dd10e13d788', 'affb8f4c-2ebe-4d6d-b005-dca59fddcc36', '718ee781-f3e8-4379-9e03-b310acda8fac', null, null,0, '2018-11-12 18:52:22' ) ;
insert into md_bizItfMap ( bizinterfaceid, intattrid, classid, classattrid, bizitfimpclassname, classattrpath, dr, ts ) values (  '2b226ae1-aad9-4abe-a405-36bcacaa94a8', '49b6b1ae-cd5b-4b54-99cd-a6bb9fee7343', 'affb8f4c-2ebe-4d6d-b005-dca59fddcc36', '89958cbc-039c-45c7-a3c9-7df4c062869a', null, null,0, '2018-11-12 18:52:22' ) ;
insert into md_bizItfMap ( bizinterfaceid, intattrid, classid, classattrid, bizitfimpclassname, classattrpath, dr, ts ) values (  '2b226ae1-aad9-4abe-a405-36bcacaa94a8', '54c42368-5a43-4295-a7d4-74d276eed522', 'affb8f4c-2ebe-4d6d-b005-dca59fddcc36', '53500e39-a4c2-464d-adbf-d9fc24eb3811', null, null,0, '2018-11-12 18:52:22' ) ;
insert into md_bizItfMap ( bizinterfaceid, intattrid, classid, classattrid, bizitfimpclassname, classattrpath, dr, ts ) values (  '2b226ae1-aad9-4abe-a405-36bcacaa94a8', '0abfd569-b9cf-4c44-a8d9-45979c083b08', 'affb8f4c-2ebe-4d6d-b005-dca59fddcc36', '037c7ff3-930f-4cf9-8bb7-b94e1df9f88e', null, null,0, '2018-11-12 18:52:22' ) ;
insert into md_bizItfMap ( bizinterfaceid, intattrid, classid, classattrid, bizitfimpclassname, classattrpath, dr, ts ) values (  '6c8722b9-911a-489b-8d0d-18bd3734fcf6', '5dd3c721-22ad-42b1-9c10-4351c236bc77', 'affb8f4c-2ebe-4d6d-b005-dca59fddcc36', '0b207f12-a1b7-4d37-b945-83a2cdb03cb4', null, null,0, '2018-11-12 18:52:22' ) ;
insert into md_bizItfMap ( bizinterfaceid, intattrid, classid, classattrid, bizitfimpclassname, classattrpath, dr, ts ) values (  '6c8722b9-911a-489b-8d0d-18bd3734fcf6', 'c8334364-7ab9-4266-8d4b-e74537935e46', 'affb8f4c-2ebe-4d6d-b005-dca59fddcc36', null, null, null,0, '2018-11-12 18:52:22' ) ;
insert into md_bizItfMap ( bizinterfaceid, intattrid, classid, classattrid, bizitfimpclassname, classattrpath, dr, ts ) values (  '6c8722b9-911a-489b-8d0d-18bd3734fcf6', 'ecf1b76a-6e44-42e2-a55e-87596504775b', 'affb8f4c-2ebe-4d6d-b005-dca59fddcc36', '5454bcaa-771c-46af-809c-76e4fc0822c5', null, null,0, '2018-11-12 18:52:22' ) ;
insert into md_bizItfMap ( bizinterfaceid, intattrid, classid, classattrid, bizitfimpclassname, classattrpath, dr, ts ) values (  '6c8722b9-911a-489b-8d0d-18bd3734fcf6', 'd32cc17b-f415-415a-923f-0764443eb102', 'affb8f4c-2ebe-4d6d-b005-dca59fddcc36', '342f7da6-c808-441d-92c1-380fd233ea77', null, null,0, '2018-11-12 18:52:22' ) ;
insert into md_bizItfMap ( bizinterfaceid, intattrid, classid, classattrid, bizitfimpclassname, classattrpath, dr, ts ) values (  '6c8722b9-911a-489b-8d0d-18bd3734fcf6', '89578a97-42fe-439b-827c-8eabd9e3604c', 'affb8f4c-2ebe-4d6d-b005-dca59fddcc36', '20dd7b33-ebc5-4f1b-b1a9-6f48a5c8682f', null, null,0, '2018-11-12 18:52:22' ) ;
insert into md_bizItfMap ( bizinterfaceid, intattrid, classid, classattrid, bizitfimpclassname, classattrpath, dr, ts ) values (  '6c8722b9-911a-489b-8d0d-18bd3734fcf6', 'a47e6cda-09e4-480b-923f-ec6f41e3e06c', 'affb8f4c-2ebe-4d6d-b005-dca59fddcc36', '48494dab-8da5-445c-a1a8-94244f68ca35', null, null,0, '2018-11-12 18:52:22' ) ;
insert into md_association ( id, componentid, creator, createtime, dr, endcardinality, startbeanid, endelementid, isactive, modifier, modifytime, name, startcardinality, startelementid, ts, type, versiontype, industry ) values (  '5bf94ac7-9b94-4f0d-9def-d46c9940b307', '9dfdee27-1f38-46f7-902d-38f10d262acb', null, null,0, '1', 'affb8f4c-2ebe-4d6d-b005-dca59fddcc36', 'f6f9a473-56c0-432f-8bc7-fbf8fde54fee', 'Y', null, null, 'contactortype_creator', '1', '718ee781-f3e8-4379-9e03-b310acda8fac', '2018-11-12 18:52:22',3,0, '0' ) ;
insert into md_association ( id, componentid, creator, createtime, dr, endcardinality, startbeanid, endelementid, isactive, modifier, modifytime, name, startcardinality, startelementid, ts, type, versiontype, industry ) values (  '88208565-36a9-486c-9ecd-10a415bc326b', '9dfdee27-1f38-46f7-902d-38f10d262acb', null, null,0, '1', 'affb8f4c-2ebe-4d6d-b005-dca59fddcc36', 'f6f9a473-56c0-432f-8bc7-fbf8fde54fee', 'Y', null, null, 'contactortype_modifier', '1', '53500e39-a4c2-464d-adbf-d9fc24eb3811', '2018-11-12 18:52:22',3,0, '0' ) ;
insert into md_association ( id, componentid, creator, createtime, dr, endcardinality, startbeanid, endelementid, isactive, modifier, modifytime, name, startcardinality, startelementid, ts, type, versiontype, industry ) values (  '10e7ef10-2b7e-4dc4-b811-9380b41845c8', '9dfdee27-1f38-46f7-902d-38f10d262acb', null, null,0, '1', 'affb8f4c-2ebe-4d6d-b005-dca59fddcc36', '3b6dd171-2900-47f3-bfbe-41e4483a2a65', 'Y', null, null, 'contactortype_pk_group', '1', '48494dab-8da5-445c-a1a8-94244f68ca35', '2018-11-12 18:52:22',3,0, '0' ) ;
insert into md_association ( id, componentid, creator, createtime, dr, endcardinality, startbeanid, endelementid, isactive, modifier, modifytime, name, startcardinality, startelementid, ts, type, versiontype, industry ) values (  '9fdc69c0-0a57-4153-ae92-fda1d3f08ab3', '9dfdee27-1f38-46f7-902d-38f10d262acb', null, null,0, '1', 'affb8f4c-2ebe-4d6d-b005-dca59fddcc36', '985be8a4-3a36-4778-8afe-2d8ed3902659', 'Y', null, null, 'contactortype_pk_org', '1', '5454bcaa-771c-46af-809c-76e4fc0822c5', '2018-11-12 18:52:22',3,0, '0' ) ;
insert into md_association ( id, componentid, creator, createtime, dr, endcardinality, startbeanid, endelementid, isactive, modifier, modifytime, name, startcardinality, startelementid, ts, type, versiontype, industry ) values (  '95f1497c-4072-4403-8cae-eea4dddacd6b', '9dfdee27-1f38-46f7-902d-38f10d262acb', null, null,0, '1', 'affb8f4c-2ebe-4d6d-b005-dca59fddcc36', '1001AA100000000001H7', 'Y', null, null, 'contactortype_pk_productserial', '1', 'a49fbd93-54d5-408f-b305-4931cb522017', '2018-11-12 18:52:22',3,0, '0' ) ;
insert into md_table ( id, createtime, creator, databaseid, description, displayname, dr, help, isactive, fromsourcebmf, modifier, modifytime, name, ts, versiontype, resmodule, resid, parenttable, isextendtable, industry ) values (  'qc_contactortype', '2018-11-12 10:46:10', 'yonyouBQ', null, null, '触点类型',0, null, null, 'Y', 'yonyouBQ', '2018-11-12 18:51:50', 'qc_contactortype', '2018-11-12 18:52:22',0, 'qccontactortype', null, null, null, '0' ) ;
insert into md_column ( id, sqldatetype, createtime, creator, defaultvalue, description, displayname, dr, help, incrementseed, incrementstep, isactive, identitied, pkey, nullable, columnlength, modifier, modifytime, name, precise, columnsequence, tableid, ts, versiontype, resid, groupid, columntype, forlocale ) values (  'qc_contactortype@@PK@@', 'char', null, null, null, null, '主键',0, null,null,null, 'Y', null, 'Y', 'N',20, null, null, 'pk_contactortype',0,0, 'qc_contactortype', '2018-11-12 18:52:22',0, null, null,0, 'N' ) ;
insert into md_column ( id, sqldatetype, createtime, creator, defaultvalue, description, displayname, dr, help, incrementseed, incrementstep, isactive, identitied, pkey, nullable, columnlength, modifier, modifytime, name, precise, columnsequence, tableid, ts, versiontype, resid, groupid, columntype, forlocale ) values (  'qc_contactortype@@@creator', 'varchar', null, null, '*~', null, '创建人',0, null,null,null, 'Y', null, 'N', 'Y',20, null, null, 'creator',0,1, 'qc_contactortype', '2018-11-12 18:52:22',0, null, null,0, 'N' ) ;
insert into md_column ( id, sqldatetype, createtime, creator, defaultvalue, description, displayname, dr, help, incrementseed, incrementstep, isactive, identitied, pkey, nullable, columnlength, modifier, modifytime, name, precise, columnsequence, tableid, ts, versiontype, resid, groupid, columntype, forlocale ) values (  'qc_contactortype@@@creationtime', 'char', null, null, null, null, '创建时间',0, null,null,null, 'Y', null, 'N', 'Y',19, null, null, 'creationtime',0,2, 'qc_contactortype', '2018-11-12 18:52:22',0, null, null,0, 'N' ) ;
insert into md_column ( id, sqldatetype, createtime, creator, defaultvalue, description, displayname, dr, help, incrementseed, incrementstep, isactive, identitied, pkey, nullable, columnlength, modifier, modifytime, name, precise, columnsequence, tableid, ts, versiontype, resid, groupid, columntype, forlocale ) values (  'qc_contactortype@@@modifier', 'varchar', null, null, '*~', null, '修改人',0, null,null,null, 'Y', null, 'N', 'Y',20, null, null, 'modifier',0,3, 'qc_contactortype', '2018-11-12 18:52:22',0, null, null,0, 'N' ) ;
insert into md_column ( id, sqldatetype, createtime, creator, defaultvalue, description, displayname, dr, help, incrementseed, incrementstep, isactive, identitied, pkey, nullable, columnlength, modifier, modifytime, name, precise, columnsequence, tableid, ts, versiontype, resid, groupid, columntype, forlocale ) values (  'qc_contactortype@@@modifiedtime', 'char', null, null, null, null, '修改时间',0, null,null,null, 'Y', null, 'N', 'Y',19, null, null, 'modifiedtime',0,4, 'qc_contactortype', '2018-11-12 18:52:22',0, null, null,0, 'N' ) ;
insert into md_column ( id, sqldatetype, createtime, creator, defaultvalue, description, displayname, dr, help, incrementseed, incrementstep, isactive, identitied, pkey, nullable, columnlength, modifier, modifytime, name, precise, columnsequence, tableid, ts, versiontype, resid, groupid, columntype, forlocale ) values (  'qc_contactortype@@@code', 'varchar', null, null, null, null, '编码',0, null,null,null, 'Y', null, 'N', 'Y',50, null, null, 'code',0,5, 'qc_contactortype', '2018-11-12 18:52:22',0, null, null,0, 'N' ) ;
insert into md_column ( id, sqldatetype, createtime, creator, defaultvalue, description, displayname, dr, help, incrementseed, incrementstep, isactive, identitied, pkey, nullable, columnlength, modifier, modifytime, name, precise, columnsequence, tableid, ts, versiontype, resid, groupid, columntype, forlocale ) values (  'qc_contactortype@@@name', 'varchar', null, null, null, null, '名称',0, null,null,null, 'Y', null, 'N', 'Y',50, null, null, 'name',0,6, 'qc_contactortype', '2018-11-12 18:52:22',0, null, null,0, 'N' ) ;
insert into md_column ( id, sqldatetype, createtime, creator, defaultvalue, description, displayname, dr, help, incrementseed, incrementstep, isactive, identitied, pkey, nullable, columnlength, modifier, modifytime, name, precise, columnsequence, tableid, ts, versiontype, resid, groupid, columntype, forlocale ) values (  'qc_contactortype@@@pk_group', 'varchar', null, null, '*~', null, '集团',0, null,null,null, 'Y', null, 'N', 'Y',20, null, null, 'pk_group',0,7, 'qc_contactortype', '2018-11-12 18:52:22',0, null, null,0, 'N' ) ;
insert into md_column ( id, sqldatetype, createtime, creator, defaultvalue, description, displayname, dr, help, incrementseed, incrementstep, isactive, identitied, pkey, nullable, columnlength, modifier, modifytime, name, precise, columnsequence, tableid, ts, versiontype, resid, groupid, columntype, forlocale ) values (  'qc_contactortype@@@pk_org', 'varchar', null, null, '*~', null, '组织',0, null,null,null, 'Y', null, 'N', 'Y',20, null, null, 'pk_org',0,8, 'qc_contactortype', '2018-11-12 18:52:22',0, null, null,0, 'N' ) ;
insert into md_column ( id, sqldatetype, createtime, creator, defaultvalue, description, displayname, dr, help, incrementseed, incrementstep, isactive, identitied, pkey, nullable, columnlength, modifier, modifytime, name, precise, columnsequence, tableid, ts, versiontype, resid, groupid, columntype, forlocale ) values (  'qc_contactortype@@@pk_productserial', 'varchar', null, null, '*~', null, '产品系列',0, null,null,null, 'Y', null, 'N', 'Y',20, null, null, 'pk_productserial',0,9, 'qc_contactortype', '2018-11-12 18:52:22',0, null, null,0, 'N' ) ;
insert into md_ORMap ( attributeid, classid, columnid, dr, tableid, ts ) values (  '20dd7b33-ebc5-4f1b-b1a9-6f48a5c8682f', 'affb8f4c-2ebe-4d6d-b005-dca59fddcc36', 'qc_contactortype@@@name',0, 'qc_contactortype', '2018-11-12 18:52:22' ) ;
insert into md_ORMap ( attributeid, classid, columnid, dr, tableid, ts ) values (  '037c7ff3-930f-4cf9-8bb7-b94e1df9f88e', 'affb8f4c-2ebe-4d6d-b005-dca59fddcc36', 'qc_contactortype@@@modifiedtime',0, 'qc_contactortype', '2018-11-12 18:52:22' ) ;
insert into md_ORMap ( attributeid, classid, columnid, dr, tableid, ts ) values (  '48494dab-8da5-445c-a1a8-94244f68ca35', 'affb8f4c-2ebe-4d6d-b005-dca59fddcc36', 'qc_contactortype@@@pk_group',0, 'qc_contactortype', '2018-11-12 18:52:22' ) ;
insert into md_ORMap ( attributeid, classid, columnid, dr, tableid, ts ) values (  '342f7da6-c808-441d-92c1-380fd233ea77', 'affb8f4c-2ebe-4d6d-b005-dca59fddcc36', 'qc_contactortype@@@code',0, 'qc_contactortype', '2018-11-12 18:52:22' ) ;
insert into md_ORMap ( attributeid, classid, columnid, dr, tableid, ts ) values (  '0b207f12-a1b7-4d37-b945-83a2cdb03cb4', 'affb8f4c-2ebe-4d6d-b005-dca59fddcc36', 'qc_contactortype@@PK@@',0, 'qc_contactortype', '2018-11-12 18:52:22' ) ;
insert into md_ORMap ( attributeid, classid, columnid, dr, tableid, ts ) values (  '5454bcaa-771c-46af-809c-76e4fc0822c5', 'affb8f4c-2ebe-4d6d-b005-dca59fddcc36', 'qc_contactortype@@@pk_org',0, 'qc_contactortype', '2018-11-12 18:52:22' ) ;
insert into md_ORMap ( attributeid, classid, columnid, dr, tableid, ts ) values (  '53500e39-a4c2-464d-adbf-d9fc24eb3811', 'affb8f4c-2ebe-4d6d-b005-dca59fddcc36', 'qc_contactortype@@@modifier',0, 'qc_contactortype', '2018-11-12 18:52:22' ) ;
insert into md_ORMap ( attributeid, classid, columnid, dr, tableid, ts ) values (  '718ee781-f3e8-4379-9e03-b310acda8fac', 'affb8f4c-2ebe-4d6d-b005-dca59fddcc36', 'qc_contactortype@@@creator',0, 'qc_contactortype', '2018-11-12 18:52:22' ) ;
insert into md_ORMap ( attributeid, classid, columnid, dr, tableid, ts ) values (  'a49fbd93-54d5-408f-b305-4931cb522017', 'affb8f4c-2ebe-4d6d-b005-dca59fddcc36', 'qc_contactortype@@@pk_productserial',0, 'qc_contactortype', '2018-11-12 18:52:22' ) ;
insert into md_ORMap ( attributeid, classid, columnid, dr, tableid, ts ) values (  '89958cbc-039c-45c7-a3c9-7df4c062869a', 'affb8f4c-2ebe-4d6d-b005-dca59fddcc36', 'qc_contactortype@@@creationtime',0, 'qc_contactortype', '2018-11-12 18:52:22' ) ;


create table qc_contactortype (
pk_contactortype char(20) NOT NULL,
creator varchar(20) default '~' NULL,
creationtime char(19) NULL,
modifier varchar(20) default '~' NULL,
modifiedtime char(19) NULL,
code varchar(50) NULL,
name varchar(50) NULL,
pk_group varchar(20) default '~' NULL,
pk_org varchar(20) default '~' NULL,
pk_productserial varchar(20) default '~' NULL,
CONSTRAINT PK_C_CONTACTORTYPE PRIMARY KEY (pk_contactortype),
ts char(19) NULL,
dr smallint default 0 
);


--qc_itemvalue
delete from md_db_relation where startattrid in (select id from md_property where classid in ('84170cf7-9605-4e20-be4c-bce643fd2558','@@@@' ) )  and starttableid in ('qc_itemvalue','@@@@');
delete from md_ORMap where ATTRIBUTEID in(select id from md_property where classid in ('84170cf7-9605-4e20-be4c-bce643fd2558','@@@@' ) )  and tableid in ('qc_itemvalue','@@@@') ;
delete from md_table where id not in (select distinct tableid from md_ormap );
delete from md_column where  tableid in('qc_itemvalue','@@@@') and id not in(select distinct columnid from md_ormap) and (nvl(groupid ,'~')='~' or groupid = id )  and name <> 'extend_bean_tag' ;
delete from md_column where tableid in ('qc_itemvalue','@@@@')and groupid is not null and groupid not in( select distinct id from md_column where tableid in ('qc_itemvalue','@@@@') ) ;
delete from md_db_relation where starttableid not in (select id from md_table);
delete from md_property where classID in (select distinct id from md_class where componentID='2f279662-3390-48fd-a21d-15f70f5af88c'  )  ;
delete from md_association where componentID = '2f279662-3390-48fd-a21d-15f70f5af88c'  ;
delete from md_bizItfMap where classID in (select distinct id from md_class where componentID='2f279662-3390-48fd-a21d-15f70f5af88c'  );
delete from md_bizItfMap where classID in ( select id from md_opInterface where componentID = '2f279662-3390-48fd-a21d-15f70f5af88c'  );
delete from md_accessorPara where id in (select distinct id from md_class where componentID='2f279662-3390-48fd-a21d-15f70f5af88c'  );
delete from md_enumValue where id in (select distinct id from md_class where componentID='2f279662-3390-48fd-a21d-15f70f5af88c'  ) ;
delete from md_class where componentID = '2f279662-3390-48fd-a21d-15f70f5af88c'  ;
delete from md_component where id = '2f279662-3390-48fd-a21d-15f70f5af88c' ;
delete from md_table where (id='qc_itemvalue');
delete from md_column where (id='qc_itemvalue@@PK@@');
delete from md_column where (id='qc_itemvalue@@@pk_valueitem');
delete from md_column where (id='qc_itemvalue@@@pk_bizpk');
delete from md_column where (id='qc_itemvalue@@@itemvalue');
delete from md_column where (id='qc_itemvalue@@@valuestring');
delete from md_column where (id='qc_itemvalue@@@pk_group');
delete from md_column where (id='qc_itemvalue@@@pk_org');
delete from md_column where (id='qc_itemvalue@@@pk_org_v');
delete from md_column where (id='qc_itemvalue@@@creator');
delete from md_column where (id='qc_itemvalue@@@creationtime');
delete from md_column where (id='qc_itemvalue@@@modifier');
delete from md_column where (id='qc_itemvalue@@@modifiedtime');
delete from md_column where (id='qc_itemvalue@@@maketime');
delete from md_column where (id='qc_itemvalue@@@lastmaketime');
delete from md_column where (id='qc_itemvalue@@@dmakedate');
delete from md_column where (id='qc_itemvalue@@@code');
delete from md_column where (id='qc_itemvalue@@@name');


insert into md_component ( createtime, creator, description, displayname, dr, fromsourcebmf, help, id, industry, isbizmodel, modifier, modifytime, name, namespace, ownmodule, preload, resid, resmodule, ts, version, versiontype ) values (  '2018-11-17 16:23:24', 'yonyouBQ', null, '值集值',0, 'Y', null, '2f279662-3390-48fd-a21d-15f70f5af88c', '0', 'N', 'yonyouBQ', '2018-11-17 16:49:36', 'qcitemvalue', 'qcco', 'qcco', null, null, 'qcitemvalue', '2018-11-17 17:20:18', '14',0 ) ;
insert into md_class ( id, accessorclassname, classtype, componentid, createtime, creator, description, displayname, dr, fullclassname, help, isactive, keyattribute, modifier, modifytime, name, parentclassid, precise, refmodelname, returntype, ts, versiontype, isprimary, defaulttablename, stereotype, isauthen, resid, bizitfimpclassname, modinfoclassname, iscreatesql, isextendbean, userdefclassname, industry, fixedlength ) values (  '84170cf7-9605-4e20-be4c-bce643fd2558', 'nc.md.model.access.javamap.NCBeanStyle',201, '2f279662-3390-48fd-a21d-15f70f5af88c', '2018-11-17 16:23:26', 'yonyouBQ', null, '值集值',0, 'nc.vo.qcco.qcitemvalue.ItemValueVO', null, null, '7f24e6d5-e9c2-4b43-8e2a-17aa19c0883a', 'yonyouBQ', '2018-11-17 17:19:58', 'itemvalue', null,null, null, null, '2018-11-17 17:20:18',0, 'Y', 'qc_itemvalue', null, 'Y', null, null, null, 'Y', null, null, '0', null ) ;
insert into md_property ( id, accessorclassname, classid, createtime, creator, datatype, datatypestyle, defaultvalue, description, displayname, dr, help, isactive, hided, nullable, readonly, attrlength, attrmaxvalue, attrminvalue, modifier, modifytime, name, precise, refmodelname, attrsequence, ts, visibility, versiontype, fixedlength, calculation, isauthen, resid, customattr, notserialize, dynamicattr, dynamictable, accesspower, accesspowergroup, industry ) values (  '7f24e6d5-e9c2-4b43-8e2a-17aa19c0883a', null, '84170cf7-9605-4e20-be4c-bce643fd2558', null, null, 'BS000010000100001051',300, null, null, '主键',0, null, 'Y', 'N', 'N', 'N',20, null, null, null, null, 'pk_itemvalue',0, null,0, '2018-11-17 17:20:18',0,0, 'N', 'N', 'Y', null, 'N', 'N', 'N', null, 'N', null, '0' ) ;
insert into md_property ( id, accessorclassname, classid, createtime, creator, datatype, datatypestyle, defaultvalue, description, displayname, dr, help, isactive, hided, nullable, readonly, attrlength, attrmaxvalue, attrminvalue, modifier, modifytime, name, precise, refmodelname, attrsequence, ts, visibility, versiontype, fixedlength, calculation, isauthen, resid, customattr, notserialize, dynamicattr, dynamictable, accesspower, accesspowergroup, industry ) values (  '67c71fbe-58c3-4a92-9ede-c6f1a1149903', null, '84170cf7-9605-4e20-be4c-bce643fd2558', null, null, 'aee126d7-0d3b-4e19-881d-65085e572169',305, null, null, '值集',0, null, 'Y', 'N', 'Y', 'N',20, null, null, null, null, 'pk_valueitem',0, null,1, '2018-11-17 17:20:18',0,0, 'N', 'N', 'Y', null, 'N', 'N', 'N', null, 'N', null, '0' ) ;
insert into md_property ( id, accessorclassname, classid, createtime, creator, datatype, datatypestyle, defaultvalue, description, displayname, dr, help, isactive, hided, nullable, readonly, attrlength, attrmaxvalue, attrminvalue, modifier, modifytime, name, precise, refmodelname, attrsequence, ts, visibility, versiontype, fixedlength, calculation, isauthen, resid, customattr, notserialize, dynamicattr, dynamictable, accesspower, accesspowergroup, industry ) values (  '54e0eb0e-07cb-4f05-a002-378cf3ae3f64', null, '84170cf7-9605-4e20-be4c-bce643fd2558', null, null, 'BS000010000100001051',300, null, null, '业务',0, null, 'Y', 'N', 'Y', 'N',20, null, null, null, null, 'pk_bizpk',0, null,2, '2018-11-17 17:20:18',0,0, 'N', 'N', 'Y', null, 'N', 'N', 'N', null, 'N', null, '0' ) ;
insert into md_property ( id, accessorclassname, classid, createtime, creator, datatype, datatypestyle, defaultvalue, description, displayname, dr, help, isactive, hided, nullable, readonly, attrlength, attrmaxvalue, attrminvalue, modifier, modifytime, name, precise, refmodelname, attrsequence, ts, visibility, versiontype, fixedlength, calculation, isauthen, resid, customattr, notserialize, dynamicattr, dynamictable, accesspower, accesspowergroup, industry ) values (  'ccda70bf-0df8-45d3-ace7-37e905ef6398', null, '84170cf7-9605-4e20-be4c-bce643fd2558', null, null, 'BS000010000100001030',300, null, null, '取值',0, null, 'Y', 'N', 'Y', 'N',200, null, null, null, null, 'itemvalue',0, null,3, '2018-11-17 17:20:18',0,0, 'N', 'N', 'Y', null, 'N', 'N', 'N', null, 'N', null, '0' ) ;
insert into md_property ( id, accessorclassname, classid, createtime, creator, datatype, datatypestyle, defaultvalue, description, displayname, dr, help, isactive, hided, nullable, readonly, attrlength, attrmaxvalue, attrminvalue, modifier, modifytime, name, precise, refmodelname, attrsequence, ts, visibility, versiontype, fixedlength, calculation, isauthen, resid, customattr, notserialize, dynamicattr, dynamictable, accesspower, accesspowergroup, industry ) values (  '514f8b41-8a06-460a-94e3-014408edaf39', null, '84170cf7-9605-4e20-be4c-bce643fd2558', null, null, 'BS000010000100001001',300, null, null, '取值显示',0, null, 'Y', 'N', 'Y', 'N',200, null, null, null, null, 'valuestring',0, null,4, '2018-11-17 17:20:18',0,0, 'N', 'N', 'Y', null, 'N', 'N', 'N', null, 'N', null, '0' ) ;
insert into md_property ( id, accessorclassname, classid, createtime, creator, datatype, datatypestyle, defaultvalue, description, displayname, dr, help, isactive, hided, nullable, readonly, attrlength, attrmaxvalue, attrminvalue, modifier, modifytime, name, precise, refmodelname, attrsequence, ts, visibility, versiontype, fixedlength, calculation, isauthen, resid, customattr, notserialize, dynamicattr, dynamictable, accesspower, accesspowergroup, industry ) values (  'dd256a7d-1bc2-4849-9636-aae3ece7536f', null, '84170cf7-9605-4e20-be4c-bce643fd2558', null, null, '3b6dd171-2900-47f3-bfbe-41e4483a2a65',305, null, null, '集团',0, null, 'Y', 'N', 'Y', 'N',20, null, null, null, null, 'pk_group',0, null,5, '2018-11-17 17:20:18',0,0, 'N', 'N', 'Y', null, 'N', 'N', 'N', null, 'N', null, '0' ) ;
insert into md_property ( id, accessorclassname, classid, createtime, creator, datatype, datatypestyle, defaultvalue, description, displayname, dr, help, isactive, hided, nullable, readonly, attrlength, attrmaxvalue, attrminvalue, modifier, modifytime, name, precise, refmodelname, attrsequence, ts, visibility, versiontype, fixedlength, calculation, isauthen, resid, customattr, notserialize, dynamicattr, dynamictable, accesspower, accesspowergroup, industry ) values (  '6b797790-4c84-461e-bac7-4f3dbad3297a', null, '84170cf7-9605-4e20-be4c-bce643fd2558', null, null, '985be8a4-3a36-4778-8afe-2d8ed3902659',305, null, null, '组织',0, null, 'Y', 'N', 'Y', 'N',20, null, null, null, null, 'pk_org',0, null,6, '2018-11-17 17:20:18',0,0, 'N', 'N', 'Y', null, 'N', 'N', 'N', null, 'N', null, '0' ) ;
insert into md_property ( id, accessorclassname, classid, createtime, creator, datatype, datatypestyle, defaultvalue, description, displayname, dr, help, isactive, hided, nullable, readonly, attrlength, attrmaxvalue, attrminvalue, modifier, modifytime, name, precise, refmodelname, attrsequence, ts, visibility, versiontype, fixedlength, calculation, isauthen, resid, customattr, notserialize, dynamicattr, dynamictable, accesspower, accesspowergroup, industry ) values (  '6ab984e7-4b63-44e7-9ae9-1cba76dae2a5', null, '84170cf7-9605-4e20-be4c-bce643fd2558', null, null, 'da7bba89-9a59-42d6-a262-c13ef459dbd9',305, null, null, '组织版本',0, null, 'Y', 'N', 'Y', 'N',20, null, null, null, null, 'pk_org_v',0, null,7, '2018-11-17 17:20:18',0,0, 'N', 'N', 'Y', null, 'N', 'N', 'N', null, 'N', null, '0' ) ;
insert into md_property ( id, accessorclassname, classid, createtime, creator, datatype, datatypestyle, defaultvalue, description, displayname, dr, help, isactive, hided, nullable, readonly, attrlength, attrmaxvalue, attrminvalue, modifier, modifytime, name, precise, refmodelname, attrsequence, ts, visibility, versiontype, fixedlength, calculation, isauthen, resid, customattr, notserialize, dynamicattr, dynamictable, accesspower, accesspowergroup, industry ) values (  '57941ec0-19bc-4207-b27e-ae54669a6c57', null, '84170cf7-9605-4e20-be4c-bce643fd2558', null, null, 'f6f9a473-56c0-432f-8bc7-fbf8fde54fee',305, null, null, '创建人',0, null, 'Y', 'N', 'Y', 'N',20, null, null, null, null, 'creator',0, '用户',8, '2018-11-17 17:20:18',0,0, 'N', 'N', 'Y', null, 'N', 'N', 'N', null, 'N', null, '0' ) ;
insert into md_property ( id, accessorclassname, classid, createtime, creator, datatype, datatypestyle, defaultvalue, description, displayname, dr, help, isactive, hided, nullable, readonly, attrlength, attrmaxvalue, attrminvalue, modifier, modifytime, name, precise, refmodelname, attrsequence, ts, visibility, versiontype, fixedlength, calculation, isauthen, resid, customattr, notserialize, dynamicattr, dynamictable, accesspower, accesspowergroup, industry ) values (  '33075c6e-8486-4be3-81a4-21c60cee1eb9', null, '84170cf7-9605-4e20-be4c-bce643fd2558', null, null, 'BS000010000100001034',300, null, null, '创建时间',0, null, 'Y', 'N', 'Y', 'N',19, null, null, null, null, 'creationtime',0, null,9, '2018-11-17 17:20:18',0,0, 'N', 'N', 'Y', null, 'N', 'N', 'N', null, 'N', null, '0' ) ;
insert into md_property ( id, accessorclassname, classid, createtime, creator, datatype, datatypestyle, defaultvalue, description, displayname, dr, help, isactive, hided, nullable, readonly, attrlength, attrmaxvalue, attrminvalue, modifier, modifytime, name, precise, refmodelname, attrsequence, ts, visibility, versiontype, fixedlength, calculation, isauthen, resid, customattr, notserialize, dynamicattr, dynamictable, accesspower, accesspowergroup, industry ) values (  '19225c6c-4adc-45b1-aac8-dae674bcbf7d', null, '84170cf7-9605-4e20-be4c-bce643fd2558', null, null, 'f6f9a473-56c0-432f-8bc7-fbf8fde54fee',305, null, null, '修改人',0, null, 'Y', 'N', 'Y', 'N',20, null, null, null, null, 'modifier',0, '用户',10, '2018-11-17 17:20:18',0,0, 'N', 'N', 'Y', null, 'N', 'N', 'N', null, 'N', null, '0' ) ;
insert into md_property ( id, accessorclassname, classid, createtime, creator, datatype, datatypestyle, defaultvalue, description, displayname, dr, help, isactive, hided, nullable, readonly, attrlength, attrmaxvalue, attrminvalue, modifier, modifytime, name, precise, refmodelname, attrsequence, ts, visibility, versiontype, fixedlength, calculation, isauthen, resid, customattr, notserialize, dynamicattr, dynamictable, accesspower, accesspowergroup, industry ) values (  'a51dd1b5-9228-4646-86b8-62c0a7c713dd', null, '84170cf7-9605-4e20-be4c-bce643fd2558', null, null, 'BS000010000100001034',300, null, null, '修改时间',0, null, 'Y', 'N', 'Y', 'N',19, null, null, null, null, 'modifiedtime',0, null,11, '2018-11-17 17:20:18',0,0, 'N', 'N', 'Y', null, 'N', 'N', 'N', null, 'N', null, '0' ) ;
insert into md_property ( id, accessorclassname, classid, createtime, creator, datatype, datatypestyle, defaultvalue, description, displayname, dr, help, isactive, hided, nullable, readonly, attrlength, attrmaxvalue, attrminvalue, modifier, modifytime, name, precise, refmodelname, attrsequence, ts, visibility, versiontype, fixedlength, calculation, isauthen, resid, customattr, notserialize, dynamicattr, dynamictable, accesspower, accesspowergroup, industry ) values (  '9031d87e-3ce2-470c-852e-ee6d2211a1e9', null, '84170cf7-9605-4e20-be4c-bce643fd2558', null, null, 'BS000010000100001034',300, null, null, '制单时间',0, null, 'Y', 'N', 'Y', 'N',19, null, null, null, null, 'maketime',0, null,12, '2018-11-17 17:20:18',0,0, 'N', 'N', 'Y', null, 'N', 'N', 'N', null, 'N', null, '0' ) ;
insert into md_property ( id, accessorclassname, classid, createtime, creator, datatype, datatypestyle, defaultvalue, description, displayname, dr, help, isactive, hided, nullable, readonly, attrlength, attrmaxvalue, attrminvalue, modifier, modifytime, name, precise, refmodelname, attrsequence, ts, visibility, versiontype, fixedlength, calculation, isauthen, resid, customattr, notserialize, dynamicattr, dynamictable, accesspower, accesspowergroup, industry ) values (  'c221002e-a16a-4695-8d88-0114095cc0bf', null, '84170cf7-9605-4e20-be4c-bce643fd2558', null, null, 'BS000010000100001034',300, null, null, '最后修改时间',0, null, 'Y', 'N', 'Y', 'N',19, null, null, null, null, 'lastmaketime',0, null,13, '2018-11-17 17:20:18',0,0, 'N', 'N', 'Y', null, 'N', 'N', 'N', null, 'N', null, '0' ) ;
insert into md_property ( id, accessorclassname, classid, createtime, creator, datatype, datatypestyle, defaultvalue, description, displayname, dr, help, isactive, hided, nullable, readonly, attrlength, attrmaxvalue, attrminvalue, modifier, modifytime, name, precise, refmodelname, attrsequence, ts, visibility, versiontype, fixedlength, calculation, isauthen, resid, customattr, notserialize, dynamicattr, dynamictable, accesspower, accesspowergroup, industry ) values (  '96603a4c-4f0a-4e2d-8eba-e7457c335559', null, '84170cf7-9605-4e20-be4c-bce643fd2558', null, null, 'BS000010000100001033',300, null, null, '制单日期',0, null, 'Y', 'N', 'Y', 'N',19, null, null, null, null, 'dmakedate',0, null,14, '2018-11-17 17:20:18',0,0, 'N', 'N', 'Y', null, 'N', 'N', 'N', null, 'N', null, '0' ) ;
insert into md_property ( id, accessorclassname, classid, createtime, creator, datatype, datatypestyle, defaultvalue, description, displayname, dr, help, isactive, hided, nullable, readonly, attrlength, attrmaxvalue, attrminvalue, modifier, modifytime, name, precise, refmodelname, attrsequence, ts, visibility, versiontype, fixedlength, calculation, isauthen, resid, customattr, notserialize, dynamicattr, dynamictable, accesspower, accesspowergroup, industry ) values (  '94048721-89d2-4b93-907d-ae51ab194b53', null, '84170cf7-9605-4e20-be4c-bce643fd2558', null, null, 'BS000010000100001001',300, null, null, '编码',0, null, 'Y', 'N', 'Y', 'N',50, null, null, null, null, 'code',0, null,15, '2018-11-17 17:20:18',0,0, 'N', 'N', 'Y', null, 'N', 'N', 'N', null, 'N', null, '0' ) ;
insert into md_property ( id, accessorclassname, classid, createtime, creator, datatype, datatypestyle, defaultvalue, description, displayname, dr, help, isactive, hided, nullable, readonly, attrlength, attrmaxvalue, attrminvalue, modifier, modifytime, name, precise, refmodelname, attrsequence, ts, visibility, versiontype, fixedlength, calculation, isauthen, resid, customattr, notserialize, dynamicattr, dynamictable, accesspower, accesspowergroup, industry ) values (  'cb25cf7f-902f-40b9-a13a-4f6bc9dbf90c', null, '84170cf7-9605-4e20-be4c-bce643fd2558', null, null, 'BS000010000100001001',300, null, null, '名称',0, null, 'Y', 'N', 'Y', 'N',50, null, null, null, null, 'name',0, null,16, '2018-11-17 17:20:18',0,0, 'N', 'N', 'Y', null, 'N', 'N', 'N', null, 'N', null, '0' ) ;
insert into md_bizItfMap ( bizinterfaceid, intattrid, classid, classattrid, bizitfimpclassname, classattrpath, dr, ts ) values (  '2b226ae1-aad9-4abe-a405-36bcacaa94a8', 'e5a2aef6-8d58-416a-b8b7-4dd10e13d788', '84170cf7-9605-4e20-be4c-bce643fd2558', '57941ec0-19bc-4207-b27e-ae54669a6c57', null, null,0, '2018-11-17 17:20:18' ) ;
insert into md_bizItfMap ( bizinterfaceid, intattrid, classid, classattrid, bizitfimpclassname, classattrpath, dr, ts ) values (  '2b226ae1-aad9-4abe-a405-36bcacaa94a8', '49b6b1ae-cd5b-4b54-99cd-a6bb9fee7343', '84170cf7-9605-4e20-be4c-bce643fd2558', '33075c6e-8486-4be3-81a4-21c60cee1eb9', null, null,0, '2018-11-17 17:20:18' ) ;
insert into md_bizItfMap ( bizinterfaceid, intattrid, classid, classattrid, bizitfimpclassname, classattrpath, dr, ts ) values (  '2b226ae1-aad9-4abe-a405-36bcacaa94a8', '54c42368-5a43-4295-a7d4-74d276eed522', '84170cf7-9605-4e20-be4c-bce643fd2558', '19225c6c-4adc-45b1-aac8-dae674bcbf7d', null, null,0, '2018-11-17 17:20:18' ) ;
insert into md_bizItfMap ( bizinterfaceid, intattrid, classid, classattrid, bizitfimpclassname, classattrpath, dr, ts ) values (  '2b226ae1-aad9-4abe-a405-36bcacaa94a8', '0abfd569-b9cf-4c44-a8d9-45979c083b08', '84170cf7-9605-4e20-be4c-bce643fd2558', 'a51dd1b5-9228-4646-86b8-62c0a7c713dd', null, null,0, '2018-11-17 17:20:18' ) ;
insert into md_bizItfMap ( bizinterfaceid, intattrid, classid, classattrid, bizitfimpclassname, classattrpath, dr, ts ) values (  '6c8722b9-911a-489b-8d0d-18bd3734fcf6', '5dd3c721-22ad-42b1-9c10-4351c236bc77', '84170cf7-9605-4e20-be4c-bce643fd2558', '7f24e6d5-e9c2-4b43-8e2a-17aa19c0883a', null, null,0, '2018-11-17 17:20:18' ) ;
insert into md_bizItfMap ( bizinterfaceid, intattrid, classid, classattrid, bizitfimpclassname, classattrpath, dr, ts ) values (  '6c8722b9-911a-489b-8d0d-18bd3734fcf6', 'c8334364-7ab9-4266-8d4b-e74537935e46', '84170cf7-9605-4e20-be4c-bce643fd2558', null, null, null,0, '2018-11-17 17:20:18' ) ;
insert into md_bizItfMap ( bizinterfaceid, intattrid, classid, classattrid, bizitfimpclassname, classattrpath, dr, ts ) values (  '6c8722b9-911a-489b-8d0d-18bd3734fcf6', 'ecf1b76a-6e44-42e2-a55e-87596504775b', '84170cf7-9605-4e20-be4c-bce643fd2558', '6b797790-4c84-461e-bac7-4f3dbad3297a', null, null,0, '2018-11-17 17:20:18' ) ;
insert into md_bizItfMap ( bizinterfaceid, intattrid, classid, classattrid, bizitfimpclassname, classattrpath, dr, ts ) values (  '6c8722b9-911a-489b-8d0d-18bd3734fcf6', 'd32cc17b-f415-415a-923f-0764443eb102', '84170cf7-9605-4e20-be4c-bce643fd2558', '94048721-89d2-4b93-907d-ae51ab194b53', null, null,0, '2018-11-17 17:20:18' ) ;
insert into md_bizItfMap ( bizinterfaceid, intattrid, classid, classattrid, bizitfimpclassname, classattrpath, dr, ts ) values (  '6c8722b9-911a-489b-8d0d-18bd3734fcf6', '89578a97-42fe-439b-827c-8eabd9e3604c', '84170cf7-9605-4e20-be4c-bce643fd2558', 'cb25cf7f-902f-40b9-a13a-4f6bc9dbf90c', null, null,0, '2018-11-17 17:20:18' ) ;
insert into md_bizItfMap ( bizinterfaceid, intattrid, classid, classattrid, bizitfimpclassname, classattrpath, dr, ts ) values (  '6c8722b9-911a-489b-8d0d-18bd3734fcf6', 'a47e6cda-09e4-480b-923f-ec6f41e3e06c', '84170cf7-9605-4e20-be4c-bce643fd2558', 'dd256a7d-1bc2-4849-9636-aae3ece7536f', null, null,0, '2018-11-17 17:20:18' ) ;
insert into md_association ( id, componentid, creator, createtime, dr, endcardinality, startbeanid, endelementid, isactive, modifier, modifytime, name, startcardinality, startelementid, ts, type, versiontype, industry ) values (  '4925f438-a264-4ee1-ab1d-c1d51d6833ba', '2f279662-3390-48fd-a21d-15f70f5af88c', null, null,0, '1', '84170cf7-9605-4e20-be4c-bce643fd2558', 'aee126d7-0d3b-4e19-881d-65085e572169', 'Y', null, null, 'itemvalue_pk_valueitem', '1', '67c71fbe-58c3-4a92-9ede-c6f1a1149903', '2018-11-17 17:20:18',3,0, '0' ) ;
insert into md_association ( id, componentid, creator, createtime, dr, endcardinality, startbeanid, endelementid, isactive, modifier, modifytime, name, startcardinality, startelementid, ts, type, versiontype, industry ) values (  '1a7f3dcb-a216-4dbb-a833-5829e53bf68a', '2f279662-3390-48fd-a21d-15f70f5af88c', null, null,0, '1', '84170cf7-9605-4e20-be4c-bce643fd2558', '3b6dd171-2900-47f3-bfbe-41e4483a2a65', 'Y', null, null, 'itemvalue_pk_group', '1', 'dd256a7d-1bc2-4849-9636-aae3ece7536f', '2018-11-17 17:20:18',3,0, '0' ) ;
insert into md_association ( id, componentid, creator, createtime, dr, endcardinality, startbeanid, endelementid, isactive, modifier, modifytime, name, startcardinality, startelementid, ts, type, versiontype, industry ) values (  '6d4dc75d-fa8a-410f-96b7-7771e1c1cb0f', '2f279662-3390-48fd-a21d-15f70f5af88c', null, null,0, '1', '84170cf7-9605-4e20-be4c-bce643fd2558', '985be8a4-3a36-4778-8afe-2d8ed3902659', 'Y', null, null, 'itemvalue_pk_org', '1', '6b797790-4c84-461e-bac7-4f3dbad3297a', '2018-11-17 17:20:18',3,0, '0' ) ;
insert into md_association ( id, componentid, creator, createtime, dr, endcardinality, startbeanid, endelementid, isactive, modifier, modifytime, name, startcardinality, startelementid, ts, type, versiontype, industry ) values (  '3d0e82dc-3fd8-42b4-9766-730e63ee6423', '2f279662-3390-48fd-a21d-15f70f5af88c', null, null,0, '1', '84170cf7-9605-4e20-be4c-bce643fd2558', 'da7bba89-9a59-42d6-a262-c13ef459dbd9', 'Y', null, null, 'itemvalue_pk_org_v', '1', '6ab984e7-4b63-44e7-9ae9-1cba76dae2a5', '2018-11-17 17:20:18',3,0, '0' ) ;
insert into md_association ( id, componentid, creator, createtime, dr, endcardinality, startbeanid, endelementid, isactive, modifier, modifytime, name, startcardinality, startelementid, ts, type, versiontype, industry ) values (  '9bac7965-7783-4da0-8a2e-4ce63f416448', '2f279662-3390-48fd-a21d-15f70f5af88c', null, null,0, '1', '84170cf7-9605-4e20-be4c-bce643fd2558', 'f6f9a473-56c0-432f-8bc7-fbf8fde54fee', 'Y', null, null, 'itemvalue_creator', '1', '57941ec0-19bc-4207-b27e-ae54669a6c57', '2018-11-17 17:20:18',3,0, '0' ) ;
insert into md_association ( id, componentid, creator, createtime, dr, endcardinality, startbeanid, endelementid, isactive, modifier, modifytime, name, startcardinality, startelementid, ts, type, versiontype, industry ) values (  '3383a15b-33d1-4a2c-8fcb-f5a8873c7ece', '2f279662-3390-48fd-a21d-15f70f5af88c', null, null,0, '1', '84170cf7-9605-4e20-be4c-bce643fd2558', 'f6f9a473-56c0-432f-8bc7-fbf8fde54fee', 'Y', null, null, 'itemvalue_modifier', '1', '19225c6c-4adc-45b1-aac8-dae674bcbf7d', '2018-11-17 17:20:18',3,0, '0' ) ;
insert into md_table ( id, createtime, creator, databaseid, description, displayname, dr, help, isactive, fromsourcebmf, modifier, modifytime, name, ts, versiontype, resmodule, resid, parenttable, isextendtable, industry ) values (  'qc_itemvalue', '2018-11-17 16:23:26', 'yonyouBQ', null, null, '值集值',0, null, null, 'Y', 'yonyouBQ', '2018-11-17 17:19:58', 'qc_itemvalue', '2018-11-17 17:20:18',0, 'qcitemvalue', null, null, null, '0' ) ;
insert into md_column ( id, sqldatetype, createtime, creator, defaultvalue, description, displayname, dr, help, incrementseed, incrementstep, isactive, identitied, pkey, nullable, columnlength, modifier, modifytime, name, precise, columnsequence, tableid, ts, versiontype, resid, groupid, columntype, forlocale ) values (  'qc_itemvalue@@PK@@', 'char', null, null, null, null, '主键',0, null,null,null, 'Y', null, 'Y', 'N',20, null, null, 'pk_itemvalue',0,0, 'qc_itemvalue', '2018-11-17 17:20:18',0, null, null,0, 'N' ) ;
insert into md_column ( id, sqldatetype, createtime, creator, defaultvalue, description, displayname, dr, help, incrementseed, incrementstep, isactive, identitied, pkey, nullable, columnlength, modifier, modifytime, name, precise, columnsequence, tableid, ts, versiontype, resid, groupid, columntype, forlocale ) values (  'qc_itemvalue@@@pk_valueitem', 'varchar', null, null, '*~', null, '值集',0, null,null,null, 'Y', null, 'N', 'Y',20, null, null, 'pk_valueitem',0,1, 'qc_itemvalue', '2018-11-17 17:20:18',0, null, null,0, 'N' ) ;
insert into md_column ( id, sqldatetype, createtime, creator, defaultvalue, description, displayname, dr, help, incrementseed, incrementstep, isactive, identitied, pkey, nullable, columnlength, modifier, modifytime, name, precise, columnsequence, tableid, ts, versiontype, resid, groupid, columntype, forlocale ) values (  'qc_itemvalue@@@pk_bizpk', 'char', null, null, null, null, '业务',0, null,null,null, 'Y', null, 'N', 'Y',20, null, null, 'pk_bizpk',0,2, 'qc_itemvalue', '2018-11-17 17:20:18',0, null, null,0, 'N' ) ;
insert into md_column ( id, sqldatetype, createtime, creator, defaultvalue, description, displayname, dr, help, incrementseed, incrementstep, isactive, identitied, pkey, nullable, columnlength, modifier, modifytime, name, precise, columnsequence, tableid, ts, versiontype, resid, groupid, columntype, forlocale ) values (  'qc_itemvalue@@@itemvalue', 'varchar', null, null, null, null, '取值',0, null,null,null, 'Y', null, 'N', 'Y',200, null, null, 'itemvalue',0,3, 'qc_itemvalue', '2018-11-17 17:20:18',0, null, null,0, 'N' ) ;
insert into md_column ( id, sqldatetype, createtime, creator, defaultvalue, description, displayname, dr, help, incrementseed, incrementstep, isactive, identitied, pkey, nullable, columnlength, modifier, modifytime, name, precise, columnsequence, tableid, ts, versiontype, resid, groupid, columntype, forlocale ) values (  'qc_itemvalue@@@valuestring', 'varchar', null, null, null, null, '取值显示',0, null,null,null, 'Y', null, 'N', 'Y',200, null, null, 'valuestring',0,4, 'qc_itemvalue', '2018-11-17 17:20:18',0, null, null,0, 'N' ) ;
insert into md_column ( id, sqldatetype, createtime, creator, defaultvalue, description, displayname, dr, help, incrementseed, incrementstep, isactive, identitied, pkey, nullable, columnlength, modifier, modifytime, name, precise, columnsequence, tableid, ts, versiontype, resid, groupid, columntype, forlocale ) values (  'qc_itemvalue@@@pk_group', 'varchar', null, null, '*~', null, '集团',0, null,null,null, 'Y', null, 'N', 'Y',20, null, null, 'pk_group',0,5, 'qc_itemvalue', '2018-11-17 17:20:18',0, null, null,0, 'N' ) ;
insert into md_column ( id, sqldatetype, createtime, creator, defaultvalue, description, displayname, dr, help, incrementseed, incrementstep, isactive, identitied, pkey, nullable, columnlength, modifier, modifytime, name, precise, columnsequence, tableid, ts, versiontype, resid, groupid, columntype, forlocale ) values (  'qc_itemvalue@@@pk_org', 'varchar', null, null, '*~', null, '组织',0, null,null,null, 'Y', null, 'N', 'Y',20, null, null, 'pk_org',0,6, 'qc_itemvalue', '2018-11-17 17:20:18',0, null, null,0, 'N' ) ;
insert into md_column ( id, sqldatetype, createtime, creator, defaultvalue, description, displayname, dr, help, incrementseed, incrementstep, isactive, identitied, pkey, nullable, columnlength, modifier, modifytime, name, precise, columnsequence, tableid, ts, versiontype, resid, groupid, columntype, forlocale ) values (  'qc_itemvalue@@@pk_org_v', 'varchar', null, null, '*~', null, '组织版本',0, null,null,null, 'Y', null, 'N', 'Y',20, null, null, 'pk_org_v',0,7, 'qc_itemvalue', '2018-11-17 17:20:18',0, null, null,0, 'N' ) ;
insert into md_column ( id, sqldatetype, createtime, creator, defaultvalue, description, displayname, dr, help, incrementseed, incrementstep, isactive, identitied, pkey, nullable, columnlength, modifier, modifytime, name, precise, columnsequence, tableid, ts, versiontype, resid, groupid, columntype, forlocale ) values (  'qc_itemvalue@@@creator', 'varchar', null, null, '*~', null, '创建人',0, null,null,null, 'Y', null, 'N', 'Y',20, null, null, 'creator',0,8, 'qc_itemvalue', '2018-11-17 17:20:18',0, null, null,0, 'N' ) ;
insert into md_column ( id, sqldatetype, createtime, creator, defaultvalue, description, displayname, dr, help, incrementseed, incrementstep, isactive, identitied, pkey, nullable, columnlength, modifier, modifytime, name, precise, columnsequence, tableid, ts, versiontype, resid, groupid, columntype, forlocale ) values (  'qc_itemvalue@@@creationtime', 'char', null, null, null, null, '创建时间',0, null,null,null, 'Y', null, 'N', 'Y',19, null, null, 'creationtime',0,9, 'qc_itemvalue', '2018-11-17 17:20:18',0, null, null,0, 'N' ) ;
insert into md_column ( id, sqldatetype, createtime, creator, defaultvalue, description, displayname, dr, help, incrementseed, incrementstep, isactive, identitied, pkey, nullable, columnlength, modifier, modifytime, name, precise, columnsequence, tableid, ts, versiontype, resid, groupid, columntype, forlocale ) values (  'qc_itemvalue@@@modifier', 'varchar', null, null, '*~', null, '修改人',0, null,null,null, 'Y', null, 'N', 'Y',20, null, null, 'modifier',0,10, 'qc_itemvalue', '2018-11-17 17:20:18',0, null, null,0, 'N' ) ;
insert into md_column ( id, sqldatetype, createtime, creator, defaultvalue, description, displayname, dr, help, incrementseed, incrementstep, isactive, identitied, pkey, nullable, columnlength, modifier, modifytime, name, precise, columnsequence, tableid, ts, versiontype, resid, groupid, columntype, forlocale ) values (  'qc_itemvalue@@@modifiedtime', 'char', null, null, null, null, '修改时间',0, null,null,null, 'Y', null, 'N', 'Y',19, null, null, 'modifiedtime',0,11, 'qc_itemvalue', '2018-11-17 17:20:18',0, null, null,0, 'N' ) ;
insert into md_column ( id, sqldatetype, createtime, creator, defaultvalue, description, displayname, dr, help, incrementseed, incrementstep, isactive, identitied, pkey, nullable, columnlength, modifier, modifytime, name, precise, columnsequence, tableid, ts, versiontype, resid, groupid, columntype, forlocale ) values (  'qc_itemvalue@@@maketime', 'char', null, null, null, null, '制单时间',0, null,null,null, 'Y', null, 'N', 'Y',19, null, null, 'maketime',0,12, 'qc_itemvalue', '2018-11-17 17:20:18',0, null, null,0, 'N' ) ;
insert into md_column ( id, sqldatetype, createtime, creator, defaultvalue, description, displayname, dr, help, incrementseed, incrementstep, isactive, identitied, pkey, nullable, columnlength, modifier, modifytime, name, precise, columnsequence, tableid, ts, versiontype, resid, groupid, columntype, forlocale ) values (  'qc_itemvalue@@@lastmaketime', 'char', null, null, null, null, '最后修改时间',0, null,null,null, 'Y', null, 'N', 'Y',19, null, null, 'lastmaketime',0,13, 'qc_itemvalue', '2018-11-17 17:20:18',0, null, null,0, 'N' ) ;
insert into md_column ( id, sqldatetype, createtime, creator, defaultvalue, description, displayname, dr, help, incrementseed, incrementstep, isactive, identitied, pkey, nullable, columnlength, modifier, modifytime, name, precise, columnsequence, tableid, ts, versiontype, resid, groupid, columntype, forlocale ) values (  'qc_itemvalue@@@dmakedate', 'char', null, null, null, null, '制单日期',0, null,null,null, 'Y', null, 'N', 'Y',19, null, null, 'dmakedate',0,14, 'qc_itemvalue', '2018-11-17 17:20:18',0, null, null,0, 'N' ) ;
insert into md_column ( id, sqldatetype, createtime, creator, defaultvalue, description, displayname, dr, help, incrementseed, incrementstep, isactive, identitied, pkey, nullable, columnlength, modifier, modifytime, name, precise, columnsequence, tableid, ts, versiontype, resid, groupid, columntype, forlocale ) values (  'qc_itemvalue@@@code', 'varchar', null, null, null, null, '编码',0, null,null,null, 'Y', null, 'N', 'Y',50, null, null, 'code',0,15, 'qc_itemvalue', '2018-11-17 17:20:18',0, null, null,0, 'N' ) ;
insert into md_column ( id, sqldatetype, createtime, creator, defaultvalue, description, displayname, dr, help, incrementseed, incrementstep, isactive, identitied, pkey, nullable, columnlength, modifier, modifytime, name, precise, columnsequence, tableid, ts, versiontype, resid, groupid, columntype, forlocale ) values (  'qc_itemvalue@@@name', 'varchar', null, null, null, null, '名称',0, null,null,null, 'Y', null, 'N', 'Y',50, null, null, 'name',0,16, 'qc_itemvalue', '2018-11-17 17:20:18',0, null, null,0, 'N' ) ;
insert into md_ORMap ( attributeid, classid, columnid, dr, tableid, ts ) values (  'c221002e-a16a-4695-8d88-0114095cc0bf', '84170cf7-9605-4e20-be4c-bce643fd2558', 'qc_itemvalue@@@lastmaketime',0, 'qc_itemvalue', '2018-11-17 17:20:18' ) ;
insert into md_ORMap ( attributeid, classid, columnid, dr, tableid, ts ) values (  '6b797790-4c84-461e-bac7-4f3dbad3297a', '84170cf7-9605-4e20-be4c-bce643fd2558', 'qc_itemvalue@@@pk_org',0, 'qc_itemvalue', '2018-11-17 17:20:18' ) ;
insert into md_ORMap ( attributeid, classid, columnid, dr, tableid, ts ) values (  '19225c6c-4adc-45b1-aac8-dae674bcbf7d', '84170cf7-9605-4e20-be4c-bce643fd2558', 'qc_itemvalue@@@modifier',0, 'qc_itemvalue', '2018-11-17 17:20:18' ) ;
insert into md_ORMap ( attributeid, classid, columnid, dr, tableid, ts ) values (  'a51dd1b5-9228-4646-86b8-62c0a7c713dd', '84170cf7-9605-4e20-be4c-bce643fd2558', 'qc_itemvalue@@@modifiedtime',0, 'qc_itemvalue', '2018-11-17 17:20:18' ) ;
insert into md_ORMap ( attributeid, classid, columnid, dr, tableid, ts ) values (  '54e0eb0e-07cb-4f05-a002-378cf3ae3f64', '84170cf7-9605-4e20-be4c-bce643fd2558', 'qc_itemvalue@@@pk_bizpk',0, 'qc_itemvalue', '2018-11-17 17:20:18' ) ;
insert into md_ORMap ( attributeid, classid, columnid, dr, tableid, ts ) values (  '9031d87e-3ce2-470c-852e-ee6d2211a1e9', '84170cf7-9605-4e20-be4c-bce643fd2558', 'qc_itemvalue@@@maketime',0, 'qc_itemvalue', '2018-11-17 17:20:18' ) ;
insert into md_ORMap ( attributeid, classid, columnid, dr, tableid, ts ) values (  '7f24e6d5-e9c2-4b43-8e2a-17aa19c0883a', '84170cf7-9605-4e20-be4c-bce643fd2558', 'qc_itemvalue@@PK@@',0, 'qc_itemvalue', '2018-11-17 17:20:18' ) ;
insert into md_ORMap ( attributeid, classid, columnid, dr, tableid, ts ) values (  '57941ec0-19bc-4207-b27e-ae54669a6c57', '84170cf7-9605-4e20-be4c-bce643fd2558', 'qc_itemvalue@@@creator',0, 'qc_itemvalue', '2018-11-17 17:20:18' ) ;
insert into md_ORMap ( attributeid, classid, columnid, dr, tableid, ts ) values (  'cb25cf7f-902f-40b9-a13a-4f6bc9dbf90c', '84170cf7-9605-4e20-be4c-bce643fd2558', 'qc_itemvalue@@@name',0, 'qc_itemvalue', '2018-11-17 17:20:18' ) ;
insert into md_ORMap ( attributeid, classid, columnid, dr, tableid, ts ) values (  '96603a4c-4f0a-4e2d-8eba-e7457c335559', '84170cf7-9605-4e20-be4c-bce643fd2558', 'qc_itemvalue@@@dmakedate',0, 'qc_itemvalue', '2018-11-17 17:20:18' ) ;
insert into md_ORMap ( attributeid, classid, columnid, dr, tableid, ts ) values (  'ccda70bf-0df8-45d3-ace7-37e905ef6398', '84170cf7-9605-4e20-be4c-bce643fd2558', 'qc_itemvalue@@@itemvalue',0, 'qc_itemvalue', '2018-11-17 17:20:18' ) ;
insert into md_ORMap ( attributeid, classid, columnid, dr, tableid, ts ) values (  'dd256a7d-1bc2-4849-9636-aae3ece7536f', '84170cf7-9605-4e20-be4c-bce643fd2558', 'qc_itemvalue@@@pk_group',0, 'qc_itemvalue', '2018-11-17 17:20:18' ) ;
insert into md_ORMap ( attributeid, classid, columnid, dr, tableid, ts ) values (  '33075c6e-8486-4be3-81a4-21c60cee1eb9', '84170cf7-9605-4e20-be4c-bce643fd2558', 'qc_itemvalue@@@creationtime',0, 'qc_itemvalue', '2018-11-17 17:20:18' ) ;
insert into md_ORMap ( attributeid, classid, columnid, dr, tableid, ts ) values (  '67c71fbe-58c3-4a92-9ede-c6f1a1149903', '84170cf7-9605-4e20-be4c-bce643fd2558', 'qc_itemvalue@@@pk_valueitem',0, 'qc_itemvalue', '2018-11-17 17:20:18' ) ;
insert into md_ORMap ( attributeid, classid, columnid, dr, tableid, ts ) values (  '6ab984e7-4b63-44e7-9ae9-1cba76dae2a5', '84170cf7-9605-4e20-be4c-bce643fd2558', 'qc_itemvalue@@@pk_org_v',0, 'qc_itemvalue', '2018-11-17 17:20:18' ) ;
insert into md_ORMap ( attributeid, classid, columnid, dr, tableid, ts ) values (  '94048721-89d2-4b93-907d-ae51ab194b53', '84170cf7-9605-4e20-be4c-bce643fd2558', 'qc_itemvalue@@@code',0, 'qc_itemvalue', '2018-11-17 17:20:18' ) ;
insert into md_ORMap ( attributeid, classid, columnid, dr, tableid, ts ) values (  '514f8b41-8a06-460a-94e3-014408edaf39', '84170cf7-9605-4e20-be4c-bce643fd2558', 'qc_itemvalue@@@valuestring',0, 'qc_itemvalue', '2018-11-17 17:20:18' ) ;


create table qc_itemvalue (
pk_itemvalue char(20) NOT NULL,
pk_valueitem varchar(20) default '~' NULL,
pk_bizpk char(20) NULL,
itemvalue varchar(200) NULL,
valuestring varchar(200) NULL,
pk_group varchar(20) default '~' NULL,
pk_org varchar(20) default '~' NULL,
pk_org_v varchar(20) default '~' NULL,
creator varchar(20) default '~' NULL,
creationtime char(19) NULL,
modifier varchar(20) default '~' NULL,
modifiedtime char(19) NULL,
maketime char(19) NULL,
lastmaketime char(19) NULL,
dmakedate char(19) NULL,
code varchar(50) NULL,
name varchar(50) NULL,
CONSTRAINT PK_QC_ITEMVALUE PRIMARY KEY (pk_itemvalue),
ts char(19) NULL,
dr smallint default 0 
);


--qc_modelno
delete from md_db_relation where startattrid in (select id from md_property where classid in ('ca28fc21-0310-4d19-9291-0adf37b9750d','@@@@' ) )  and starttableid in ('qc_modelno','@@@@');
delete from md_ORMap where ATTRIBUTEID in(select id from md_property where classid in ('ca28fc21-0310-4d19-9291-0adf37b9750d','@@@@' ) )  and tableid in ('qc_modelno','@@@@') ;
delete from md_table where id not in (select distinct tableid from md_ormap );
delete from md_column where  tableid in('qc_modelno','@@@@') and id not in(select distinct columnid from md_ormap) and (nvl(groupid ,'~')='~' or groupid = id )  and name <> 'extend_bean_tag' ;
delete from md_column where tableid in ('qc_modelno','@@@@')and groupid is not null and groupid not in( select distinct id from md_column where tableid in ('qc_modelno','@@@@') ) ;
delete from md_db_relation where starttableid not in (select id from md_table);
delete from md_property where classID in (select distinct id from md_class where componentID='2bc1a95c-2c6e-4c56-948e-2b2ba5b731bb'  )  ;
delete from md_association where componentID = '2bc1a95c-2c6e-4c56-948e-2b2ba5b731bb'  ;
delete from md_bizItfMap where classID in (select distinct id from md_class where componentID='2bc1a95c-2c6e-4c56-948e-2b2ba5b731bb'  );
delete from md_bizItfMap where classID in ( select id from md_opInterface where componentID = '2bc1a95c-2c6e-4c56-948e-2b2ba5b731bb'  );
delete from md_accessorPara where id in (select distinct id from md_class where componentID='2bc1a95c-2c6e-4c56-948e-2b2ba5b731bb'  );
delete from md_enumValue where id in (select distinct id from md_class where componentID='2bc1a95c-2c6e-4c56-948e-2b2ba5b731bb'  ) ;
delete from md_class where componentID = '2bc1a95c-2c6e-4c56-948e-2b2ba5b731bb'  ;
delete from md_component where id = '2bc1a95c-2c6e-4c56-948e-2b2ba5b731bb' ;
delete from md_table where (id='qc_modelno');
delete from md_column where (id='qc_modelno@@PK@@');
delete from md_column where (id='qc_modelno@@@code');
delete from md_column where (id='qc_modelno@@@name');
delete from md_column where (id='qc_modelno@@@pk_group');
delete from md_column where (id='qc_modelno@@@pk_org');
delete from md_column where (id='qc_modelno@@@creator');
delete from md_column where (id='qc_modelno@@@creationtime');
delete from md_column where (id='qc_modelno@@@modifier');
delete from md_column where (id='qc_modelno@@@modifiedtime');
delete from md_column where (id='qc_modelno@@@pk_productserial');


insert into md_component ( createtime, creator, description, displayname, dr, fromsourcebmf, help, id, industry, isbizmodel, modifier, modifytime, name, namespace, ownmodule, preload, resid, resmodule, ts, version, versiontype ) values (  '2018-11-12 10:23:59', 'yonyouBQ', null, '规格号',0, 'Y', null, '2bc1a95c-2c6e-4c56-948e-2b2ba5b731bb', '0', 'N', 'yonyouBQ', '2018-11-12 18:30:15', 'qcmodelno', 'qcco', 'qcco', null, null, 'qcmodelno', '2018-11-12 18:31:38', '9',0 ) ;
insert into md_class ( id, accessorclassname, classtype, componentid, createtime, creator, description, displayname, dr, fullclassname, help, isactive, keyattribute, modifier, modifytime, name, parentclassid, precise, refmodelname, returntype, ts, versiontype, isprimary, defaulttablename, stereotype, isauthen, resid, bizitfimpclassname, modinfoclassname, iscreatesql, isextendbean, userdefclassname, industry, fixedlength ) values (  'ca28fc21-0310-4d19-9291-0adf37b9750d', 'nc.md.model.access.javamap.NCBeanStyle',201, '2bc1a95c-2c6e-4c56-948e-2b2ba5b731bb', '2018-11-12 10:25:13', 'yonyouBQ', null, '规格号',0, 'nc.vo.qcco.qcmodelno.ModelnoVO', null, null, '19eb68c9-bac7-4fb0-b85e-5466088b6cf6', 'yonyouBQ', '2018-11-12 18:30:51', 'modelno', null,null, null, null, '2018-11-12 18:31:38',0, 'Y', 'qc_modelno', null, 'Y', null, null, null, 'Y', null, null, '0', null ) ;
insert into md_property ( id, accessorclassname, classid, createtime, creator, datatype, datatypestyle, defaultvalue, description, displayname, dr, help, isactive, hided, nullable, readonly, attrlength, attrmaxvalue, attrminvalue, modifier, modifytime, name, precise, refmodelname, attrsequence, ts, visibility, versiontype, fixedlength, calculation, isauthen, resid, customattr, notserialize, dynamicattr, dynamictable, accesspower, accesspowergroup, industry ) values (  '19eb68c9-bac7-4fb0-b85e-5466088b6cf6', null, 'ca28fc21-0310-4d19-9291-0adf37b9750d', null, null, 'BS000010000100001051',300, null, null, '主键',0, null, 'Y', 'N', 'N', 'N',20, null, null, null, null, 'pk_modelno',0, null,0, '2018-11-12 18:31:38',0,0, 'N', 'N', 'Y', null, 'N', 'N', 'N', null, 'N', null, '0' ) ;
insert into md_property ( id, accessorclassname, classid, createtime, creator, datatype, datatypestyle, defaultvalue, description, displayname, dr, help, isactive, hided, nullable, readonly, attrlength, attrmaxvalue, attrminvalue, modifier, modifytime, name, precise, refmodelname, attrsequence, ts, visibility, versiontype, fixedlength, calculation, isauthen, resid, customattr, notserialize, dynamicattr, dynamictable, accesspower, accesspowergroup, industry ) values (  '430f4dfd-26a4-4f88-9208-7a408600b468', null, 'ca28fc21-0310-4d19-9291-0adf37b9750d', null, null, 'BS000010000100001001',300, null, null, '编码',0, null, 'Y', 'N', 'Y', 'N',50, null, null, null, null, 'code',0, null,1, '2018-11-12 18:31:38',0,0, 'N', 'N', 'Y', null, 'N', 'N', 'N', null, 'N', null, '0' ) ;
insert into md_property ( id, accessorclassname, classid, createtime, creator, datatype, datatypestyle, defaultvalue, description, displayname, dr, help, isactive, hided, nullable, readonly, attrlength, attrmaxvalue, attrminvalue, modifier, modifytime, name, precise, refmodelname, attrsequence, ts, visibility, versiontype, fixedlength, calculation, isauthen, resid, customattr, notserialize, dynamicattr, dynamictable, accesspower, accesspowergroup, industry ) values (  '79f7e243-3342-41b0-a9bd-ad1c63eb5a25', null, 'ca28fc21-0310-4d19-9291-0adf37b9750d', null, null, 'BS000010000100001001',300, null, null, '名称',0, null, 'Y', 'N', 'Y', 'N',50, null, null, null, null, 'name',0, null,2, '2018-11-12 18:31:38',0,0, 'N', 'N', 'Y', null, 'N', 'N', 'N', null, 'N', null, '0' ) ;
insert into md_property ( id, accessorclassname, classid, createtime, creator, datatype, datatypestyle, defaultvalue, description, displayname, dr, help, isactive, hided, nullable, readonly, attrlength, attrmaxvalue, attrminvalue, modifier, modifytime, name, precise, refmodelname, attrsequence, ts, visibility, versiontype, fixedlength, calculation, isauthen, resid, customattr, notserialize, dynamicattr, dynamictable, accesspower, accesspowergroup, industry ) values (  'e61a05d8-7c3d-46e9-a1cf-a9f951e6cc20', null, 'ca28fc21-0310-4d19-9291-0adf37b9750d', null, null, '3b6dd171-2900-47f3-bfbe-41e4483a2a65',305, null, null, '集团',0, null, 'Y', 'N', 'Y', 'N',20, null, null, null, null, 'pk_group',0, null,3, '2018-11-12 18:31:38',0,0, 'N', 'N', 'Y', null, 'N', 'N', 'N', null, 'N', null, '0' ) ;
insert into md_property ( id, accessorclassname, classid, createtime, creator, datatype, datatypestyle, defaultvalue, description, displayname, dr, help, isactive, hided, nullable, readonly, attrlength, attrmaxvalue, attrminvalue, modifier, modifytime, name, precise, refmodelname, attrsequence, ts, visibility, versiontype, fixedlength, calculation, isauthen, resid, customattr, notserialize, dynamicattr, dynamictable, accesspower, accesspowergroup, industry ) values (  'a4cf40f1-641b-44d3-8b97-1b1fafb95a97', null, 'ca28fc21-0310-4d19-9291-0adf37b9750d', null, null, '985be8a4-3a36-4778-8afe-2d8ed3902659',305, null, null, '组织',0, null, 'Y', 'N', 'Y', 'N',20, null, null, null, null, 'pk_org',0, null,4, '2018-11-12 18:31:38',0,0, 'N', 'N', 'Y', null, 'N', 'N', 'N', null, 'N', null, '0' ) ;
insert into md_property ( id, accessorclassname, classid, createtime, creator, datatype, datatypestyle, defaultvalue, description, displayname, dr, help, isactive, hided, nullable, readonly, attrlength, attrmaxvalue, attrminvalue, modifier, modifytime, name, precise, refmodelname, attrsequence, ts, visibility, versiontype, fixedlength, calculation, isauthen, resid, customattr, notserialize, dynamicattr, dynamictable, accesspower, accesspowergroup, industry ) values (  '95f0276a-37fc-4897-b36f-ce920057d4be', null, 'ca28fc21-0310-4d19-9291-0adf37b9750d', null, null, 'f6f9a473-56c0-432f-8bc7-fbf8fde54fee',305, null, null, '创建人',0, null, 'Y', 'N', 'Y', 'N',20, null, null, null, null, 'creator',0, '用户',5, '2018-11-12 18:31:38',0,0, 'N', 'N', 'Y', null, 'N', 'N', 'N', null, 'N', null, '0' ) ;
insert into md_property ( id, accessorclassname, classid, createtime, creator, datatype, datatypestyle, defaultvalue, description, displayname, dr, help, isactive, hided, nullable, readonly, attrlength, attrmaxvalue, attrminvalue, modifier, modifytime, name, precise, refmodelname, attrsequence, ts, visibility, versiontype, fixedlength, calculation, isauthen, resid, customattr, notserialize, dynamicattr, dynamictable, accesspower, accesspowergroup, industry ) values (  '363e0873-27d8-474f-aefe-40987b3a67ac', null, 'ca28fc21-0310-4d19-9291-0adf37b9750d', null, null, 'BS000010000100001034',300, null, null, '创建时间',0, null, 'Y', 'N', 'Y', 'N',19, null, null, null, null, 'creationtime',0, null,6, '2018-11-12 18:31:38',0,0, 'N', 'N', 'Y', null, 'N', 'N', 'N', null, 'N', null, '0' ) ;
insert into md_property ( id, accessorclassname, classid, createtime, creator, datatype, datatypestyle, defaultvalue, description, displayname, dr, help, isactive, hided, nullable, readonly, attrlength, attrmaxvalue, attrminvalue, modifier, modifytime, name, precise, refmodelname, attrsequence, ts, visibility, versiontype, fixedlength, calculation, isauthen, resid, customattr, notserialize, dynamicattr, dynamictable, accesspower, accesspowergroup, industry ) values (  '28ae7d4a-5c54-48b8-8bc4-472cdac21fa2', null, 'ca28fc21-0310-4d19-9291-0adf37b9750d', null, null, 'f6f9a473-56c0-432f-8bc7-fbf8fde54fee',305, null, null, '修改人',0, null, 'Y', 'N', 'Y', 'N',20, null, null, null, null, 'modifier',0, '用户',7, '2018-11-12 18:31:38',0,0, 'N', 'N', 'Y', null, 'N', 'N', 'N', null, 'N', null, '0' ) ;
insert into md_property ( id, accessorclassname, classid, createtime, creator, datatype, datatypestyle, defaultvalue, description, displayname, dr, help, isactive, hided, nullable, readonly, attrlength, attrmaxvalue, attrminvalue, modifier, modifytime, name, precise, refmodelname, attrsequence, ts, visibility, versiontype, fixedlength, calculation, isauthen, resid, customattr, notserialize, dynamicattr, dynamictable, accesspower, accesspowergroup, industry ) values (  'f2be1ee5-986f-44ea-83d6-6d25ae63529a', null, 'ca28fc21-0310-4d19-9291-0adf37b9750d', null, null, 'BS000010000100001034',300, null, null, '修改时间',0, null, 'Y', 'N', 'Y', 'N',19, null, null, null, null, 'modifiedtime',0, null,8, '2018-11-12 18:31:38',0,0, 'N', 'N', 'Y', null, 'N', 'N', 'N', null, 'N', null, '0' ) ;
insert into md_property ( id, accessorclassname, classid, createtime, creator, datatype, datatypestyle, defaultvalue, description, displayname, dr, help, isactive, hided, nullable, readonly, attrlength, attrmaxvalue, attrminvalue, modifier, modifytime, name, precise, refmodelname, attrsequence, ts, visibility, versiontype, fixedlength, calculation, isauthen, resid, customattr, notserialize, dynamicattr, dynamictable, accesspower, accesspowergroup, industry ) values (  'bba1ddca-7e0f-4acb-9372-a451a6f15b72', null, 'ca28fc21-0310-4d19-9291-0adf37b9750d', null, null, '1001AA100000000001H7',305, null, null, '产品系列',0, null, 'Y', 'N', 'Y', 'N',20, null, null, null, null, 'pk_productserial',0, '产品系列(自定义档案)',9, '2018-11-12 18:31:38',0,0, 'N', 'N', 'Y', null, 'N', 'N', 'N', null, 'N', null, '0' ) ;
insert into md_bizItfMap ( bizinterfaceid, intattrid, classid, classattrid, bizitfimpclassname, classattrpath, dr, ts ) values (  '6c8722b9-911a-489b-8d0d-18bd3734fcf6', '5dd3c721-22ad-42b1-9c10-4351c236bc77', 'ca28fc21-0310-4d19-9291-0adf37b9750d', '19eb68c9-bac7-4fb0-b85e-5466088b6cf6', null, null,0, '2018-11-12 18:31:38' ) ;
insert into md_bizItfMap ( bizinterfaceid, intattrid, classid, classattrid, bizitfimpclassname, classattrpath, dr, ts ) values (  '6c8722b9-911a-489b-8d0d-18bd3734fcf6', 'c8334364-7ab9-4266-8d4b-e74537935e46', 'ca28fc21-0310-4d19-9291-0adf37b9750d', null, null, null,0, '2018-11-12 18:31:38' ) ;
insert into md_bizItfMap ( bizinterfaceid, intattrid, classid, classattrid, bizitfimpclassname, classattrpath, dr, ts ) values (  '6c8722b9-911a-489b-8d0d-18bd3734fcf6', 'ecf1b76a-6e44-42e2-a55e-87596504775b', 'ca28fc21-0310-4d19-9291-0adf37b9750d', 'a4cf40f1-641b-44d3-8b97-1b1fafb95a97', null, null,0, '2018-11-12 18:31:38' ) ;
insert into md_bizItfMap ( bizinterfaceid, intattrid, classid, classattrid, bizitfimpclassname, classattrpath, dr, ts ) values (  '6c8722b9-911a-489b-8d0d-18bd3734fcf6', 'd32cc17b-f415-415a-923f-0764443eb102', 'ca28fc21-0310-4d19-9291-0adf37b9750d', '430f4dfd-26a4-4f88-9208-7a408600b468', null, null,0, '2018-11-12 18:31:38' ) ;
insert into md_bizItfMap ( bizinterfaceid, intattrid, classid, classattrid, bizitfimpclassname, classattrpath, dr, ts ) values (  '6c8722b9-911a-489b-8d0d-18bd3734fcf6', '89578a97-42fe-439b-827c-8eabd9e3604c', 'ca28fc21-0310-4d19-9291-0adf37b9750d', '79f7e243-3342-41b0-a9bd-ad1c63eb5a25', null, null,0, '2018-11-12 18:31:38' ) ;
insert into md_bizItfMap ( bizinterfaceid, intattrid, classid, classattrid, bizitfimpclassname, classattrpath, dr, ts ) values (  '6c8722b9-911a-489b-8d0d-18bd3734fcf6', 'a47e6cda-09e4-480b-923f-ec6f41e3e06c', 'ca28fc21-0310-4d19-9291-0adf37b9750d', '79f7e243-3342-41b0-a9bd-ad1c63eb5a25', null, null,0, '2018-11-12 18:31:38' ) ;
insert into md_bizItfMap ( bizinterfaceid, intattrid, classid, classattrid, bizitfimpclassname, classattrpath, dr, ts ) values (  '2b226ae1-aad9-4abe-a405-36bcacaa94a8', 'e5a2aef6-8d58-416a-b8b7-4dd10e13d788', 'ca28fc21-0310-4d19-9291-0adf37b9750d', '95f0276a-37fc-4897-b36f-ce920057d4be', null, null,0, '2018-11-12 18:31:38' ) ;
insert into md_bizItfMap ( bizinterfaceid, intattrid, classid, classattrid, bizitfimpclassname, classattrpath, dr, ts ) values (  '2b226ae1-aad9-4abe-a405-36bcacaa94a8', '49b6b1ae-cd5b-4b54-99cd-a6bb9fee7343', 'ca28fc21-0310-4d19-9291-0adf37b9750d', '363e0873-27d8-474f-aefe-40987b3a67ac', null, null,0, '2018-11-12 18:31:38' ) ;
insert into md_bizItfMap ( bizinterfaceid, intattrid, classid, classattrid, bizitfimpclassname, classattrpath, dr, ts ) values (  '2b226ae1-aad9-4abe-a405-36bcacaa94a8', '54c42368-5a43-4295-a7d4-74d276eed522', 'ca28fc21-0310-4d19-9291-0adf37b9750d', '28ae7d4a-5c54-48b8-8bc4-472cdac21fa2', null, null,0, '2018-11-12 18:31:38' ) ;
insert into md_bizItfMap ( bizinterfaceid, intattrid, classid, classattrid, bizitfimpclassname, classattrpath, dr, ts ) values (  '2b226ae1-aad9-4abe-a405-36bcacaa94a8', '0abfd569-b9cf-4c44-a8d9-45979c083b08', 'ca28fc21-0310-4d19-9291-0adf37b9750d', 'f2be1ee5-986f-44ea-83d6-6d25ae63529a', null, null,0, '2018-11-12 18:31:38' ) ;
insert into md_association ( id, componentid, creator, createtime, dr, endcardinality, startbeanid, endelementid, isactive, modifier, modifytime, name, startcardinality, startelementid, ts, type, versiontype, industry ) values (  '0d3d03e6-c727-4b6a-939d-29d2850deb9c', '2bc1a95c-2c6e-4c56-948e-2b2ba5b731bb', null, null,0, '1', 'ca28fc21-0310-4d19-9291-0adf37b9750d', '3b6dd171-2900-47f3-bfbe-41e4483a2a65', 'Y', null, null, 'modelno_pk_group', '1', 'e61a05d8-7c3d-46e9-a1cf-a9f951e6cc20', '2018-11-12 18:31:38',3,0, '0' ) ;
insert into md_association ( id, componentid, creator, createtime, dr, endcardinality, startbeanid, endelementid, isactive, modifier, modifytime, name, startcardinality, startelementid, ts, type, versiontype, industry ) values (  'd69befa3-5ba3-4833-8bad-d17da05bcde8', '2bc1a95c-2c6e-4c56-948e-2b2ba5b731bb', null, null,0, '1', 'ca28fc21-0310-4d19-9291-0adf37b9750d', '985be8a4-3a36-4778-8afe-2d8ed3902659', 'Y', null, null, 'modelno_pk_org', '1', 'a4cf40f1-641b-44d3-8b97-1b1fafb95a97', '2018-11-12 18:31:38',3,0, '0' ) ;
insert into md_association ( id, componentid, creator, createtime, dr, endcardinality, startbeanid, endelementid, isactive, modifier, modifytime, name, startcardinality, startelementid, ts, type, versiontype, industry ) values (  'c8994700-89c9-40e0-8bca-f183167eb19e', '2bc1a95c-2c6e-4c56-948e-2b2ba5b731bb', null, null,0, '1', 'ca28fc21-0310-4d19-9291-0adf37b9750d', 'f6f9a473-56c0-432f-8bc7-fbf8fde54fee', 'Y', null, null, 'modelno_creator', '1', '95f0276a-37fc-4897-b36f-ce920057d4be', '2018-11-12 18:31:38',3,0, '0' ) ;
insert into md_association ( id, componentid, creator, createtime, dr, endcardinality, startbeanid, endelementid, isactive, modifier, modifytime, name, startcardinality, startelementid, ts, type, versiontype, industry ) values (  'a6a4aecb-99a9-4ea7-ac72-44bc37d5a0a3', '2bc1a95c-2c6e-4c56-948e-2b2ba5b731bb', null, null,0, '1', 'ca28fc21-0310-4d19-9291-0adf37b9750d', 'f6f9a473-56c0-432f-8bc7-fbf8fde54fee', 'Y', null, null, 'modelno_modifier', '1', '28ae7d4a-5c54-48b8-8bc4-472cdac21fa2', '2018-11-12 18:31:38',3,0, '0' ) ;
insert into md_association ( id, componentid, creator, createtime, dr, endcardinality, startbeanid, endelementid, isactive, modifier, modifytime, name, startcardinality, startelementid, ts, type, versiontype, industry ) values (  'd6bbbb92-7f44-4f46-b2e8-c3dcbffbc306', '2bc1a95c-2c6e-4c56-948e-2b2ba5b731bb', null, null,0, '1', 'ca28fc21-0310-4d19-9291-0adf37b9750d', '1001AA100000000001H7', 'Y', null, null, 'modelno_pk_productserial', '1', 'bba1ddca-7e0f-4acb-9372-a451a6f15b72', '2018-11-12 18:31:38',3,0, '0' ) ;
insert into md_table ( id, createtime, creator, databaseid, description, displayname, dr, help, isactive, fromsourcebmf, modifier, modifytime, name, ts, versiontype, resmodule, resid, parenttable, isextendtable, industry ) values (  'qc_modelno', '2018-11-12 10:25:13', 'yonyouBQ', null, null, '规格号',0, null, null, 'Y', 'yonyouBQ', '2018-11-12 18:30:51', 'qc_modelno', '2018-11-12 18:31:38',0, 'qcmodelno', null, null, null, '0' ) ;
insert into md_column ( id, sqldatetype, createtime, creator, defaultvalue, description, displayname, dr, help, incrementseed, incrementstep, isactive, identitied, pkey, nullable, columnlength, modifier, modifytime, name, precise, columnsequence, tableid, ts, versiontype, resid, groupid, columntype, forlocale ) values (  'qc_modelno@@PK@@', 'char', null, null, null, null, '主键',0, null,null,null, 'Y', null, 'Y', 'N',20, null, null, 'pk_modelno',0,0, 'qc_modelno', '2018-11-12 18:31:38',0, null, null,0, 'N' ) ;
insert into md_column ( id, sqldatetype, createtime, creator, defaultvalue, description, displayname, dr, help, incrementseed, incrementstep, isactive, identitied, pkey, nullable, columnlength, modifier, modifytime, name, precise, columnsequence, tableid, ts, versiontype, resid, groupid, columntype, forlocale ) values (  'qc_modelno@@@code', 'varchar', null, null, null, null, '编码',0, null,null,null, 'Y', null, 'N', 'Y',50, null, null, 'code',0,1, 'qc_modelno', '2018-11-12 18:31:38',0, null, null,0, 'N' ) ;
insert into md_column ( id, sqldatetype, createtime, creator, defaultvalue, description, displayname, dr, help, incrementseed, incrementstep, isactive, identitied, pkey, nullable, columnlength, modifier, modifytime, name, precise, columnsequence, tableid, ts, versiontype, resid, groupid, columntype, forlocale ) values (  'qc_modelno@@@name', 'varchar', null, null, null, null, '名称',0, null,null,null, 'Y', null, 'N', 'Y',50, null, null, 'name',0,2, 'qc_modelno', '2018-11-12 18:31:38',0, null, null,0, 'N' ) ;
insert into md_column ( id, sqldatetype, createtime, creator, defaultvalue, description, displayname, dr, help, incrementseed, incrementstep, isactive, identitied, pkey, nullable, columnlength, modifier, modifytime, name, precise, columnsequence, tableid, ts, versiontype, resid, groupid, columntype, forlocale ) values (  'qc_modelno@@@pk_group', 'varchar', null, null, '*~', null, '集团',0, null,null,null, 'Y', null, 'N', 'Y',20, null, null, 'pk_group',0,3, 'qc_modelno', '2018-11-12 18:31:38',0, null, null,0, 'N' ) ;
insert into md_column ( id, sqldatetype, createtime, creator, defaultvalue, description, displayname, dr, help, incrementseed, incrementstep, isactive, identitied, pkey, nullable, columnlength, modifier, modifytime, name, precise, columnsequence, tableid, ts, versiontype, resid, groupid, columntype, forlocale ) values (  'qc_modelno@@@pk_org', 'varchar', null, null, '*~', null, '组织',0, null,null,null, 'Y', null, 'N', 'Y',20, null, null, 'pk_org',0,4, 'qc_modelno', '2018-11-12 18:31:38',0, null, null,0, 'N' ) ;
insert into md_column ( id, sqldatetype, createtime, creator, defaultvalue, description, displayname, dr, help, incrementseed, incrementstep, isactive, identitied, pkey, nullable, columnlength, modifier, modifytime, name, precise, columnsequence, tableid, ts, versiontype, resid, groupid, columntype, forlocale ) values (  'qc_modelno@@@creator', 'varchar', null, null, '*~', null, '创建人',0, null,null,null, 'Y', null, 'N', 'Y',20, null, null, 'creator',0,5, 'qc_modelno', '2018-11-12 18:31:38',0, null, null,0, 'N' ) ;
insert into md_column ( id, sqldatetype, createtime, creator, defaultvalue, description, displayname, dr, help, incrementseed, incrementstep, isactive, identitied, pkey, nullable, columnlength, modifier, modifytime, name, precise, columnsequence, tableid, ts, versiontype, resid, groupid, columntype, forlocale ) values (  'qc_modelno@@@creationtime', 'char', null, null, null, null, '创建时间',0, null,null,null, 'Y', null, 'N', 'Y',19, null, null, 'creationtime',0,6, 'qc_modelno', '2018-11-12 18:31:38',0, null, null,0, 'N' ) ;
insert into md_column ( id, sqldatetype, createtime, creator, defaultvalue, description, displayname, dr, help, incrementseed, incrementstep, isactive, identitied, pkey, nullable, columnlength, modifier, modifytime, name, precise, columnsequence, tableid, ts, versiontype, resid, groupid, columntype, forlocale ) values (  'qc_modelno@@@modifier', 'varchar', null, null, '*~', null, '修改人',0, null,null,null, 'Y', null, 'N', 'Y',20, null, null, 'modifier',0,7, 'qc_modelno', '2018-11-12 18:31:38',0, null, null,0, 'N' ) ;
insert into md_column ( id, sqldatetype, createtime, creator, defaultvalue, description, displayname, dr, help, incrementseed, incrementstep, isactive, identitied, pkey, nullable, columnlength, modifier, modifytime, name, precise, columnsequence, tableid, ts, versiontype, resid, groupid, columntype, forlocale ) values (  'qc_modelno@@@modifiedtime', 'char', null, null, null, null, '修改时间',0, null,null,null, 'Y', null, 'N', 'Y',19, null, null, 'modifiedtime',0,8, 'qc_modelno', '2018-11-12 18:31:38',0, null, null,0, 'N' ) ;
insert into md_column ( id, sqldatetype, createtime, creator, defaultvalue, description, displayname, dr, help, incrementseed, incrementstep, isactive, identitied, pkey, nullable, columnlength, modifier, modifytime, name, precise, columnsequence, tableid, ts, versiontype, resid, groupid, columntype, forlocale ) values (  'qc_modelno@@@pk_productserial', 'varchar', null, null, '*~', null, '产品系列',0, null,null,null, 'Y', null, 'N', 'Y',20, null, null, 'pk_productserial',0,9, 'qc_modelno', '2018-11-12 18:31:38',0, null, null,0, 'N' ) ;
insert into md_ORMap ( attributeid, classid, columnid, dr, tableid, ts ) values (  '28ae7d4a-5c54-48b8-8bc4-472cdac21fa2', 'ca28fc21-0310-4d19-9291-0adf37b9750d', 'qc_modelno@@@modifier',0, 'qc_modelno', '2018-11-12 18:31:38' ) ;
insert into md_ORMap ( attributeid, classid, columnid, dr, tableid, ts ) values (  '95f0276a-37fc-4897-b36f-ce920057d4be', 'ca28fc21-0310-4d19-9291-0adf37b9750d', 'qc_modelno@@@creator',0, 'qc_modelno', '2018-11-12 18:31:38' ) ;
insert into md_ORMap ( attributeid, classid, columnid, dr, tableid, ts ) values (  'f2be1ee5-986f-44ea-83d6-6d25ae63529a', 'ca28fc21-0310-4d19-9291-0adf37b9750d', 'qc_modelno@@@modifiedtime',0, 'qc_modelno', '2018-11-12 18:31:38' ) ;
insert into md_ORMap ( attributeid, classid, columnid, dr, tableid, ts ) values (  '363e0873-27d8-474f-aefe-40987b3a67ac', 'ca28fc21-0310-4d19-9291-0adf37b9750d', 'qc_modelno@@@creationtime',0, 'qc_modelno', '2018-11-12 18:31:38' ) ;
insert into md_ORMap ( attributeid, classid, columnid, dr, tableid, ts ) values (  '19eb68c9-bac7-4fb0-b85e-5466088b6cf6', 'ca28fc21-0310-4d19-9291-0adf37b9750d', 'qc_modelno@@PK@@',0, 'qc_modelno', '2018-11-12 18:31:38' ) ;
insert into md_ORMap ( attributeid, classid, columnid, dr, tableid, ts ) values (  'bba1ddca-7e0f-4acb-9372-a451a6f15b72', 'ca28fc21-0310-4d19-9291-0adf37b9750d', 'qc_modelno@@@pk_productserial',0, 'qc_modelno', '2018-11-12 18:31:38' ) ;
insert into md_ORMap ( attributeid, classid, columnid, dr, tableid, ts ) values (  'a4cf40f1-641b-44d3-8b97-1b1fafb95a97', 'ca28fc21-0310-4d19-9291-0adf37b9750d', 'qc_modelno@@@pk_org',0, 'qc_modelno', '2018-11-12 18:31:38' ) ;
insert into md_ORMap ( attributeid, classid, columnid, dr, tableid, ts ) values (  '430f4dfd-26a4-4f88-9208-7a408600b468', 'ca28fc21-0310-4d19-9291-0adf37b9750d', 'qc_modelno@@@code',0, 'qc_modelno', '2018-11-12 18:31:38' ) ;
insert into md_ORMap ( attributeid, classid, columnid, dr, tableid, ts ) values (  'e61a05d8-7c3d-46e9-a1cf-a9f951e6cc20', 'ca28fc21-0310-4d19-9291-0adf37b9750d', 'qc_modelno@@@pk_group',0, 'qc_modelno', '2018-11-12 18:31:38' ) ;
insert into md_ORMap ( attributeid, classid, columnid, dr, tableid, ts ) values (  '79f7e243-3342-41b0-a9bd-ad1c63eb5a25', 'ca28fc21-0310-4d19-9291-0adf37b9750d', 'qc_modelno@@@name',0, 'qc_modelno', '2018-11-12 18:31:38' ) ;


create table qc_modelno (
pk_modelno char(20) NOT NULL,
code varchar(50) NULL,
name varchar(50) NULL,
pk_group varchar(20) default '~' NULL,
pk_org varchar(20) default '~' NULL,
creator varchar(20) default '~' NULL,
creationtime char(19) NULL,
modifier varchar(20) default '~' NULL,
modifiedtime char(19) NULL,
pk_productserial varchar(20) default '~' NULL,
CONSTRAINT PK_QC_MODELNO PRIMARY KEY (pk_modelno),
ts char(19) NULL,
dr smallint default 0 
);


--qc_structtype
delete from md_db_relation where startattrid in (select id from md_property where classid in ('87811f64-9528-4e4c-8219-590ddaf1fb64','@@@@' ) )  and starttableid in ('qc_structtype','@@@@');
delete from md_ORMap where ATTRIBUTEID in(select id from md_property where classid in ('87811f64-9528-4e4c-8219-590ddaf1fb64','@@@@' ) )  and tableid in ('qc_structtype','@@@@') ;
delete from md_table where id not in (select distinct tableid from md_ormap );
delete from md_column where  tableid in('qc_structtype','@@@@') and id not in(select distinct columnid from md_ormap) and (nvl(groupid ,'~')='~' or groupid = id )  and name <> 'extend_bean_tag' ;
delete from md_column where tableid in ('qc_structtype','@@@@')and groupid is not null and groupid not in( select distinct id from md_column where tableid in ('qc_structtype','@@@@') ) ;
delete from md_db_relation where starttableid not in (select id from md_table);
delete from md_property where classID in (select distinct id from md_class where componentID='008b06bf-ec3d-4c76-987b-6b9183184fa1'  )  ;
delete from md_association where componentID = '008b06bf-ec3d-4c76-987b-6b9183184fa1'  ;
delete from md_bizItfMap where classID in (select distinct id from md_class where componentID='008b06bf-ec3d-4c76-987b-6b9183184fa1'  );
delete from md_bizItfMap where classID in ( select id from md_opInterface where componentID = '008b06bf-ec3d-4c76-987b-6b9183184fa1'  );
delete from md_accessorPara where id in (select distinct id from md_class where componentID='008b06bf-ec3d-4c76-987b-6b9183184fa1'  );
delete from md_enumValue where id in (select distinct id from md_class where componentID='008b06bf-ec3d-4c76-987b-6b9183184fa1'  ) ;
delete from md_class where componentID = '008b06bf-ec3d-4c76-987b-6b9183184fa1'  ;
delete from md_component where id = '008b06bf-ec3d-4c76-987b-6b9183184fa1' ;
delete from md_table where (id='qc_structtype');
delete from md_column where (id='qc_structtype@@PK@@');
delete from md_column where (id='qc_structtype@@@code');
delete from md_column where (id='qc_structtype@@@name');
delete from md_column where (id='qc_structtype@@@pk_group');
delete from md_column where (id='qc_structtype@@@pk_org');
delete from md_column where (id='qc_structtype@@@pk_productserial');
delete from md_column where (id='qc_structtype@@@pk_testtemp');
delete from md_column where (id='qc_structtype@@@creator');
delete from md_column where (id='qc_structtype@@@creationtime');
delete from md_column where (id='qc_structtype@@@modifier');
delete from md_column where (id='qc_structtype@@@modifiedtime');


insert into md_component ( createtime, creator, description, displayname, dr, fromsourcebmf, help, id, industry, isbizmodel, modifier, modifytime, name, namespace, ownmodule, preload, resid, resmodule, ts, version, versiontype ) values (  '2018-11-12 10:38:24', 'yonyouBQ', null, '结构类型',0, 'Y', null, '008b06bf-ec3d-4c76-987b-6b9183184fa1', '0', 'N', 'yonyouBQ', '2018-11-12 18:42:50', 'qcstructtype', 'qcco', 'qcco', null, null, 'qcstructtype', '2018-11-12 18:44:51', '10',0 ) ;
insert into md_class ( id, accessorclassname, classtype, componentid, createtime, creator, description, displayname, dr, fullclassname, help, isactive, keyattribute, modifier, modifytime, name, parentclassid, precise, refmodelname, returntype, ts, versiontype, isprimary, defaulttablename, stereotype, isauthen, resid, bizitfimpclassname, modinfoclassname, iscreatesql, isextendbean, userdefclassname, industry, fixedlength ) values (  '87811f64-9528-4e4c-8219-590ddaf1fb64', 'nc.md.model.access.javamap.NCBeanStyle',201, '008b06bf-ec3d-4c76-987b-6b9183184fa1', '2018-11-12 10:38:29', 'yonyouBQ', null, '结构类型',0, 'nc.vo.qcco.qcstructtype.StructTypeVO', null, null, '05747463-3200-4566-8f71-4575c50da268', 'yonyouBQ', '2018-11-12 18:44:08', 'structtype', null,null, null, null, '2018-11-12 18:44:51',0, 'Y', 'qc_structtype', null, 'Y', null, null, null, 'Y', null, null, '0', null ) ;
insert into md_property ( id, accessorclassname, classid, createtime, creator, datatype, datatypestyle, defaultvalue, description, displayname, dr, help, isactive, hided, nullable, readonly, attrlength, attrmaxvalue, attrminvalue, modifier, modifytime, name, precise, refmodelname, attrsequence, ts, visibility, versiontype, fixedlength, calculation, isauthen, resid, customattr, notserialize, dynamicattr, dynamictable, accesspower, accesspowergroup, industry ) values (  '05747463-3200-4566-8f71-4575c50da268', null, '87811f64-9528-4e4c-8219-590ddaf1fb64', null, null, 'BS000010000100001051',300, null, null, '主键',0, null, 'Y', 'N', 'N', 'N',20, null, null, null, null, 'pk_structtype',0, null,0, '2018-11-12 18:44:51',0,0, 'N', 'N', 'Y', null, 'N', 'N', 'N', null, 'N', null, '0' ) ;
insert into md_property ( id, accessorclassname, classid, createtime, creator, datatype, datatypestyle, defaultvalue, description, displayname, dr, help, isactive, hided, nullable, readonly, attrlength, attrmaxvalue, attrminvalue, modifier, modifytime, name, precise, refmodelname, attrsequence, ts, visibility, versiontype, fixedlength, calculation, isauthen, resid, customattr, notserialize, dynamicattr, dynamictable, accesspower, accesspowergroup, industry ) values (  '146f96fc-5c0e-4761-97b5-9527c66c3b66', null, '87811f64-9528-4e4c-8219-590ddaf1fb64', null, null, 'BS000010000100001001',300, null, null, '编码',0, null, 'Y', 'N', 'Y', 'N',50, null, null, null, null, 'code',0, null,1, '2018-11-12 18:44:51',0,0, 'N', 'N', 'Y', null, 'N', 'N', 'N', null, 'N', null, '0' ) ;
insert into md_property ( id, accessorclassname, classid, createtime, creator, datatype, datatypestyle, defaultvalue, description, displayname, dr, help, isactive, hided, nullable, readonly, attrlength, attrmaxvalue, attrminvalue, modifier, modifytime, name, precise, refmodelname, attrsequence, ts, visibility, versiontype, fixedlength, calculation, isauthen, resid, customattr, notserialize, dynamicattr, dynamictable, accesspower, accesspowergroup, industry ) values (  'cafce239-a779-469c-92b2-5c84b4cd2a8f', null, '87811f64-9528-4e4c-8219-590ddaf1fb64', null, null, 'BS000010000100001001',300, null, null, '名称',0, null, 'Y', 'N', 'Y', 'N',50, null, null, null, null, 'name',0, null,2, '2018-11-12 18:44:51',0,0, 'N', 'N', 'Y', null, 'N', 'N', 'N', null, 'N', null, '0' ) ;
insert into md_property ( id, accessorclassname, classid, createtime, creator, datatype, datatypestyle, defaultvalue, description, displayname, dr, help, isactive, hided, nullable, readonly, attrlength, attrmaxvalue, attrminvalue, modifier, modifytime, name, precise, refmodelname, attrsequence, ts, visibility, versiontype, fixedlength, calculation, isauthen, resid, customattr, notserialize, dynamicattr, dynamictable, accesspower, accesspowergroup, industry ) values (  '375e01e3-4613-45a8-af11-0c8e491bd6e1', null, '87811f64-9528-4e4c-8219-590ddaf1fb64', null, null, '3b6dd171-2900-47f3-bfbe-41e4483a2a65',305, null, null, '集团',0, null, 'Y', 'N', 'Y', 'N',20, null, null, null, null, 'pk_group',0, null,3, '2018-11-12 18:44:51',0,0, 'N', 'N', 'Y', null, 'N', 'N', 'N', null, 'N', null, '0' ) ;
insert into md_property ( id, accessorclassname, classid, createtime, creator, datatype, datatypestyle, defaultvalue, description, displayname, dr, help, isactive, hided, nullable, readonly, attrlength, attrmaxvalue, attrminvalue, modifier, modifytime, name, precise, refmodelname, attrsequence, ts, visibility, versiontype, fixedlength, calculation, isauthen, resid, customattr, notserialize, dynamicattr, dynamictable, accesspower, accesspowergroup, industry ) values (  '2388a243-cf99-4d41-b1fb-971a5a7ba660', null, '87811f64-9528-4e4c-8219-590ddaf1fb64', null, null, '985be8a4-3a36-4778-8afe-2d8ed3902659',305, null, null, '组织',0, null, 'Y', 'N', 'Y', 'N',20, null, null, null, null, 'pk_org',0, null,4, '2018-11-12 18:44:51',0,0, 'N', 'N', 'Y', null, 'N', 'N', 'N', null, 'N', null, '0' ) ;
insert into md_property ( id, accessorclassname, classid, createtime, creator, datatype, datatypestyle, defaultvalue, description, displayname, dr, help, isactive, hided, nullable, readonly, attrlength, attrmaxvalue, attrminvalue, modifier, modifytime, name, precise, refmodelname, attrsequence, ts, visibility, versiontype, fixedlength, calculation, isauthen, resid, customattr, notserialize, dynamicattr, dynamictable, accesspower, accesspowergroup, industry ) values (  '3d100eb4-de59-4a02-be9d-0ce2876a8b72', null, '87811f64-9528-4e4c-8219-590ddaf1fb64', null, null, '1001AA100000000001H7',305, null, null, '产品系列',0, null, 'Y', 'N', 'Y', 'N',20, null, null, null, null, 'pk_productserial',0, '产品系列(自定义档案)',5, '2018-11-12 18:44:51',0,0, 'N', 'N', 'Y', null, 'N', 'N', 'N', null, 'N', null, '0' ) ;
insert into md_property ( id, accessorclassname, classid, createtime, creator, datatype, datatypestyle, defaultvalue, description, displayname, dr, help, isactive, hided, nullable, readonly, attrlength, attrmaxvalue, attrminvalue, modifier, modifytime, name, precise, refmodelname, attrsequence, ts, visibility, versiontype, fixedlength, calculation, isauthen, resid, customattr, notserialize, dynamicattr, dynamictable, accesspower, accesspowergroup, industry ) values (  'e2f33ee5-9ba5-4e3d-9bc6-e155026641fd', null, '87811f64-9528-4e4c-8219-590ddaf1fb64', null, null, '1001AA100000000001JP',305, null, null, '测试温度',0, null, 'Y', 'N', 'Y', 'N',20, null, null, null, null, 'pk_testtemp',0, '测试温度(自定义档案)',6, '2018-11-12 18:44:51',0,0, 'N', 'N', 'Y', null, 'N', 'N', 'N', null, 'N', null, '0' ) ;
insert into md_property ( id, accessorclassname, classid, createtime, creator, datatype, datatypestyle, defaultvalue, description, displayname, dr, help, isactive, hided, nullable, readonly, attrlength, attrmaxvalue, attrminvalue, modifier, modifytime, name, precise, refmodelname, attrsequence, ts, visibility, versiontype, fixedlength, calculation, isauthen, resid, customattr, notserialize, dynamicattr, dynamictable, accesspower, accesspowergroup, industry ) values (  '80eacbf1-3f00-4f6f-8457-6da725c8a7dd', null, '87811f64-9528-4e4c-8219-590ddaf1fb64', null, null, 'f6f9a473-56c0-432f-8bc7-fbf8fde54fee',305, null, null, '创建人',0, null, 'Y', 'N', 'Y', 'N',20, null, null, null, null, 'creator',0, '用户',7, '2018-11-12 18:44:51',0,0, 'N', 'N', 'Y', null, 'N', 'N', 'N', null, 'N', null, '0' ) ;
insert into md_property ( id, accessorclassname, classid, createtime, creator, datatype, datatypestyle, defaultvalue, description, displayname, dr, help, isactive, hided, nullable, readonly, attrlength, attrmaxvalue, attrminvalue, modifier, modifytime, name, precise, refmodelname, attrsequence, ts, visibility, versiontype, fixedlength, calculation, isauthen, resid, customattr, notserialize, dynamicattr, dynamictable, accesspower, accesspowergroup, industry ) values (  '4ad77689-c8f1-41ef-b834-0974c474d497', null, '87811f64-9528-4e4c-8219-590ddaf1fb64', null, null, 'BS000010000100001034',300, null, null, '创建时间',0, null, 'Y', 'N', 'Y', 'N',19, null, null, null, null, 'creationtime',0, null,8, '2018-11-12 18:44:51',0,0, 'N', 'N', 'Y', null, 'N', 'N', 'N', null, 'N', null, '0' ) ;
insert into md_property ( id, accessorclassname, classid, createtime, creator, datatype, datatypestyle, defaultvalue, description, displayname, dr, help, isactive, hided, nullable, readonly, attrlength, attrmaxvalue, attrminvalue, modifier, modifytime, name, precise, refmodelname, attrsequence, ts, visibility, versiontype, fixedlength, calculation, isauthen, resid, customattr, notserialize, dynamicattr, dynamictable, accesspower, accesspowergroup, industry ) values (  '326f35a9-1e37-41ee-b626-98f6cf808452', null, '87811f64-9528-4e4c-8219-590ddaf1fb64', null, null, 'f6f9a473-56c0-432f-8bc7-fbf8fde54fee',305, null, null, '修改人',0, null, 'Y', 'N', 'Y', 'N',20, null, null, null, null, 'modifier',0, '用户',9, '2018-11-12 18:44:51',0,0, 'N', 'N', 'Y', null, 'N', 'N', 'N', null, 'N', null, '0' ) ;
insert into md_property ( id, accessorclassname, classid, createtime, creator, datatype, datatypestyle, defaultvalue, description, displayname, dr, help, isactive, hided, nullable, readonly, attrlength, attrmaxvalue, attrminvalue, modifier, modifytime, name, precise, refmodelname, attrsequence, ts, visibility, versiontype, fixedlength, calculation, isauthen, resid, customattr, notserialize, dynamicattr, dynamictable, accesspower, accesspowergroup, industry ) values (  'db02b612-0b2d-4fe3-9dcb-2522ac04e25e', null, '87811f64-9528-4e4c-8219-590ddaf1fb64', null, null, 'BS000010000100001034',300, null, null, '修改时间',0, null, 'Y', 'N', 'Y', 'N',19, null, null, null, null, 'modifiedtime',0, null,10, '2018-11-12 18:44:51',0,0, 'N', 'N', 'Y', null, 'N', 'N', 'N', null, 'N', null, '0' ) ;
insert into md_bizItfMap ( bizinterfaceid, intattrid, classid, classattrid, bizitfimpclassname, classattrpath, dr, ts ) values (  '6c8722b9-911a-489b-8d0d-18bd3734fcf6', '5dd3c721-22ad-42b1-9c10-4351c236bc77', '87811f64-9528-4e4c-8219-590ddaf1fb64', '05747463-3200-4566-8f71-4575c50da268', null, null,0, '2018-11-12 18:44:51' ) ;
insert into md_bizItfMap ( bizinterfaceid, intattrid, classid, classattrid, bizitfimpclassname, classattrpath, dr, ts ) values (  '6c8722b9-911a-489b-8d0d-18bd3734fcf6', 'c8334364-7ab9-4266-8d4b-e74537935e46', '87811f64-9528-4e4c-8219-590ddaf1fb64', null, null, null,0, '2018-11-12 18:44:51' ) ;
insert into md_bizItfMap ( bizinterfaceid, intattrid, classid, classattrid, bizitfimpclassname, classattrpath, dr, ts ) values (  '6c8722b9-911a-489b-8d0d-18bd3734fcf6', 'ecf1b76a-6e44-42e2-a55e-87596504775b', '87811f64-9528-4e4c-8219-590ddaf1fb64', '2388a243-cf99-4d41-b1fb-971a5a7ba660', null, null,0, '2018-11-12 18:44:51' ) ;
insert into md_bizItfMap ( bizinterfaceid, intattrid, classid, classattrid, bizitfimpclassname, classattrpath, dr, ts ) values (  '6c8722b9-911a-489b-8d0d-18bd3734fcf6', 'd32cc17b-f415-415a-923f-0764443eb102', '87811f64-9528-4e4c-8219-590ddaf1fb64', '146f96fc-5c0e-4761-97b5-9527c66c3b66', null, null,0, '2018-11-12 18:44:51' ) ;
insert into md_bizItfMap ( bizinterfaceid, intattrid, classid, classattrid, bizitfimpclassname, classattrpath, dr, ts ) values (  '6c8722b9-911a-489b-8d0d-18bd3734fcf6', '89578a97-42fe-439b-827c-8eabd9e3604c', '87811f64-9528-4e4c-8219-590ddaf1fb64', 'cafce239-a779-469c-92b2-5c84b4cd2a8f', null, null,0, '2018-11-12 18:44:51' ) ;
insert into md_bizItfMap ( bizinterfaceid, intattrid, classid, classattrid, bizitfimpclassname, classattrpath, dr, ts ) values (  '6c8722b9-911a-489b-8d0d-18bd3734fcf6', 'a47e6cda-09e4-480b-923f-ec6f41e3e06c', '87811f64-9528-4e4c-8219-590ddaf1fb64', '375e01e3-4613-45a8-af11-0c8e491bd6e1', null, null,0, '2018-11-12 18:44:51' ) ;
insert into md_bizItfMap ( bizinterfaceid, intattrid, classid, classattrid, bizitfimpclassname, classattrpath, dr, ts ) values (  '2b226ae1-aad9-4abe-a405-36bcacaa94a8', 'e5a2aef6-8d58-416a-b8b7-4dd10e13d788', '87811f64-9528-4e4c-8219-590ddaf1fb64', '80eacbf1-3f00-4f6f-8457-6da725c8a7dd', null, null,0, '2018-11-12 18:44:51' ) ;
insert into md_bizItfMap ( bizinterfaceid, intattrid, classid, classattrid, bizitfimpclassname, classattrpath, dr, ts ) values (  '2b226ae1-aad9-4abe-a405-36bcacaa94a8', '49b6b1ae-cd5b-4b54-99cd-a6bb9fee7343', '87811f64-9528-4e4c-8219-590ddaf1fb64', '4ad77689-c8f1-41ef-b834-0974c474d497', null, null,0, '2018-11-12 18:44:51' ) ;
insert into md_bizItfMap ( bizinterfaceid, intattrid, classid, classattrid, bizitfimpclassname, classattrpath, dr, ts ) values (  '2b226ae1-aad9-4abe-a405-36bcacaa94a8', '54c42368-5a43-4295-a7d4-74d276eed522', '87811f64-9528-4e4c-8219-590ddaf1fb64', '326f35a9-1e37-41ee-b626-98f6cf808452', null, null,0, '2018-11-12 18:44:51' ) ;
insert into md_bizItfMap ( bizinterfaceid, intattrid, classid, classattrid, bizitfimpclassname, classattrpath, dr, ts ) values (  '2b226ae1-aad9-4abe-a405-36bcacaa94a8', '0abfd569-b9cf-4c44-a8d9-45979c083b08', '87811f64-9528-4e4c-8219-590ddaf1fb64', 'db02b612-0b2d-4fe3-9dcb-2522ac04e25e', null, null,0, '2018-11-12 18:44:51' ) ;
insert into md_association ( id, componentid, creator, createtime, dr, endcardinality, startbeanid, endelementid, isactive, modifier, modifytime, name, startcardinality, startelementid, ts, type, versiontype, industry ) values (  '04a83259-dc94-40bc-baf8-075c1aeb3b67', '008b06bf-ec3d-4c76-987b-6b9183184fa1', null, null,0, '1', '87811f64-9528-4e4c-8219-590ddaf1fb64', '3b6dd171-2900-47f3-bfbe-41e4483a2a65', 'Y', null, null, 'structtype_pk_group', '1', '375e01e3-4613-45a8-af11-0c8e491bd6e1', '2018-11-12 18:44:51',3,0, '0' ) ;
insert into md_association ( id, componentid, creator, createtime, dr, endcardinality, startbeanid, endelementid, isactive, modifier, modifytime, name, startcardinality, startelementid, ts, type, versiontype, industry ) values (  '6021bae3-94ef-49ee-aa3f-f084cf28eafc', '008b06bf-ec3d-4c76-987b-6b9183184fa1', null, null,0, '1', '87811f64-9528-4e4c-8219-590ddaf1fb64', '985be8a4-3a36-4778-8afe-2d8ed3902659', 'Y', null, null, 'structtype_pk_org', '1', '2388a243-cf99-4d41-b1fb-971a5a7ba660', '2018-11-12 18:44:51',3,0, '0' ) ;
insert into md_association ( id, componentid, creator, createtime, dr, endcardinality, startbeanid, endelementid, isactive, modifier, modifytime, name, startcardinality, startelementid, ts, type, versiontype, industry ) values (  'b8d1dfcb-eb7b-45fe-b4ad-69e36591e198', '008b06bf-ec3d-4c76-987b-6b9183184fa1', null, null,0, '1', '87811f64-9528-4e4c-8219-590ddaf1fb64', '1001AA100000000001H7', 'Y', null, null, 'structtype_pk_productserial', '1', '3d100eb4-de59-4a02-be9d-0ce2876a8b72', '2018-11-12 18:44:51',3,0, '0' ) ;
insert into md_association ( id, componentid, creator, createtime, dr, endcardinality, startbeanid, endelementid, isactive, modifier, modifytime, name, startcardinality, startelementid, ts, type, versiontype, industry ) values (  '60b46e3c-db66-4f9b-a8bc-34f67cab3b71', '008b06bf-ec3d-4c76-987b-6b9183184fa1', null, null,0, '1', '87811f64-9528-4e4c-8219-590ddaf1fb64', '1001AA100000000001JP', 'Y', null, null, 'structtype_pk_testtemp', '1', 'e2f33ee5-9ba5-4e3d-9bc6-e155026641fd', '2018-11-12 18:44:51',3,0, '0' ) ;
insert into md_association ( id, componentid, creator, createtime, dr, endcardinality, startbeanid, endelementid, isactive, modifier, modifytime, name, startcardinality, startelementid, ts, type, versiontype, industry ) values (  'e599a6ca-cb82-4d01-a869-21f1620623ae', '008b06bf-ec3d-4c76-987b-6b9183184fa1', null, null,0, '1', '87811f64-9528-4e4c-8219-590ddaf1fb64', 'f6f9a473-56c0-432f-8bc7-fbf8fde54fee', 'Y', null, null, 'structtype_creator', '1', '80eacbf1-3f00-4f6f-8457-6da725c8a7dd', '2018-11-12 18:44:51',3,0, '0' ) ;
insert into md_association ( id, componentid, creator, createtime, dr, endcardinality, startbeanid, endelementid, isactive, modifier, modifytime, name, startcardinality, startelementid, ts, type, versiontype, industry ) values (  '7459c1b7-edd0-4843-a629-03ce9e7761a7', '008b06bf-ec3d-4c76-987b-6b9183184fa1', null, null,0, '1', '87811f64-9528-4e4c-8219-590ddaf1fb64', 'f6f9a473-56c0-432f-8bc7-fbf8fde54fee', 'Y', null, null, 'structtype_modifier', '1', '326f35a9-1e37-41ee-b626-98f6cf808452', '2018-11-12 18:44:51',3,0, '0' ) ;
insert into md_table ( id, createtime, creator, databaseid, description, displayname, dr, help, isactive, fromsourcebmf, modifier, modifytime, name, ts, versiontype, resmodule, resid, parenttable, isextendtable, industry ) values (  'qc_structtype', '2018-11-12 10:38:29', 'yonyouBQ', null, null, '结构类型',0, null, null, 'Y', 'yonyouBQ', '2018-11-12 18:44:08', 'qc_structtype', '2018-11-12 18:44:51',0, 'qcstructtype', null, null, null, '0' ) ;
insert into md_column ( id, sqldatetype, createtime, creator, defaultvalue, description, displayname, dr, help, incrementseed, incrementstep, isactive, identitied, pkey, nullable, columnlength, modifier, modifytime, name, precise, columnsequence, tableid, ts, versiontype, resid, groupid, columntype, forlocale ) values (  'qc_structtype@@PK@@', 'char', null, null, null, null, '主键',0, null,null,null, 'Y', null, 'Y', 'N',20, null, null, 'pk_structtype',0,0, 'qc_structtype', '2018-11-12 18:44:51',0, null, null,0, 'N' ) ;
insert into md_column ( id, sqldatetype, createtime, creator, defaultvalue, description, displayname, dr, help, incrementseed, incrementstep, isactive, identitied, pkey, nullable, columnlength, modifier, modifytime, name, precise, columnsequence, tableid, ts, versiontype, resid, groupid, columntype, forlocale ) values (  'qc_structtype@@@code', 'varchar', null, null, null, null, '编码',0, null,null,null, 'Y', null, 'N', 'Y',50, null, null, 'code',0,1, 'qc_structtype', '2018-11-12 18:44:51',0, null, null,0, 'N' ) ;
insert into md_column ( id, sqldatetype, createtime, creator, defaultvalue, description, displayname, dr, help, incrementseed, incrementstep, isactive, identitied, pkey, nullable, columnlength, modifier, modifytime, name, precise, columnsequence, tableid, ts, versiontype, resid, groupid, columntype, forlocale ) values (  'qc_structtype@@@name', 'varchar', null, null, null, null, '名称',0, null,null,null, 'Y', null, 'N', 'Y',50, null, null, 'name',0,2, 'qc_structtype', '2018-11-12 18:44:51',0, null, null,0, 'N' ) ;
insert into md_column ( id, sqldatetype, createtime, creator, defaultvalue, description, displayname, dr, help, incrementseed, incrementstep, isactive, identitied, pkey, nullable, columnlength, modifier, modifytime, name, precise, columnsequence, tableid, ts, versiontype, resid, groupid, columntype, forlocale ) values (  'qc_structtype@@@pk_group', 'varchar', null, null, '*~', null, '集团',0, null,null,null, 'Y', null, 'N', 'Y',20, null, null, 'pk_group',0,3, 'qc_structtype', '2018-11-12 18:44:51',0, null, null,0, 'N' ) ;
insert into md_column ( id, sqldatetype, createtime, creator, defaultvalue, description, displayname, dr, help, incrementseed, incrementstep, isactive, identitied, pkey, nullable, columnlength, modifier, modifytime, name, precise, columnsequence, tableid, ts, versiontype, resid, groupid, columntype, forlocale ) values (  'qc_structtype@@@pk_org', 'varchar', null, null, '*~', null, '组织',0, null,null,null, 'Y', null, 'N', 'Y',20, null, null, 'pk_org',0,4, 'qc_structtype', '2018-11-12 18:44:51',0, null, null,0, 'N' ) ;
insert into md_column ( id, sqldatetype, createtime, creator, defaultvalue, description, displayname, dr, help, incrementseed, incrementstep, isactive, identitied, pkey, nullable, columnlength, modifier, modifytime, name, precise, columnsequence, tableid, ts, versiontype, resid, groupid, columntype, forlocale ) values (  'qc_structtype@@@pk_productserial', 'varchar', null, null, '*~', null, '产品系列',0, null,null,null, 'Y', null, 'N', 'Y',20, null, null, 'pk_productserial',0,5, 'qc_structtype', '2018-11-12 18:44:51',0, null, null,0, 'N' ) ;
insert into md_column ( id, sqldatetype, createtime, creator, defaultvalue, description, displayname, dr, help, incrementseed, incrementstep, isactive, identitied, pkey, nullable, columnlength, modifier, modifytime, name, precise, columnsequence, tableid, ts, versiontype, resid, groupid, columntype, forlocale ) values (  'qc_structtype@@@pk_testtemp', 'varchar', null, null, '*~', null, '测试温度',0, null,null,null, 'Y', null, 'N', 'Y',20, null, null, 'pk_testtemp',0,6, 'qc_structtype', '2018-11-12 18:44:51',0, null, null,0, 'N' ) ;
insert into md_column ( id, sqldatetype, createtime, creator, defaultvalue, description, displayname, dr, help, incrementseed, incrementstep, isactive, identitied, pkey, nullable, columnlength, modifier, modifytime, name, precise, columnsequence, tableid, ts, versiontype, resid, groupid, columntype, forlocale ) values (  'qc_structtype@@@creator', 'varchar', null, null, '*~', null, '创建人',0, null,null,null, 'Y', null, 'N', 'Y',20, null, null, 'creator',0,7, 'qc_structtype', '2018-11-12 18:44:51',0, null, null,0, 'N' ) ;
insert into md_column ( id, sqldatetype, createtime, creator, defaultvalue, description, displayname, dr, help, incrementseed, incrementstep, isactive, identitied, pkey, nullable, columnlength, modifier, modifytime, name, precise, columnsequence, tableid, ts, versiontype, resid, groupid, columntype, forlocale ) values (  'qc_structtype@@@creationtime', 'char', null, null, null, null, '创建时间',0, null,null,null, 'Y', null, 'N', 'Y',19, null, null, 'creationtime',0,8, 'qc_structtype', '2018-11-12 18:44:51',0, null, null,0, 'N' ) ;
insert into md_column ( id, sqldatetype, createtime, creator, defaultvalue, description, displayname, dr, help, incrementseed, incrementstep, isactive, identitied, pkey, nullable, columnlength, modifier, modifytime, name, precise, columnsequence, tableid, ts, versiontype, resid, groupid, columntype, forlocale ) values (  'qc_structtype@@@modifier', 'varchar', null, null, '*~', null, '修改人',0, null,null,null, 'Y', null, 'N', 'Y',20, null, null, 'modifier',0,9, 'qc_structtype', '2018-11-12 18:44:51',0, null, null,0, 'N' ) ;
insert into md_column ( id, sqldatetype, createtime, creator, defaultvalue, description, displayname, dr, help, incrementseed, incrementstep, isactive, identitied, pkey, nullable, columnlength, modifier, modifytime, name, precise, columnsequence, tableid, ts, versiontype, resid, groupid, columntype, forlocale ) values (  'qc_structtype@@@modifiedtime', 'char', null, null, null, null, '修改时间',0, null,null,null, 'Y', null, 'N', 'Y',19, null, null, 'modifiedtime',0,10, 'qc_structtype', '2018-11-12 18:44:51',0, null, null,0, 'N' ) ;
insert into md_ORMap ( attributeid, classid, columnid, dr, tableid, ts ) values (  '4ad77689-c8f1-41ef-b834-0974c474d497', '87811f64-9528-4e4c-8219-590ddaf1fb64', 'qc_structtype@@@creationtime',0, 'qc_structtype', '2018-11-12 18:44:51' ) ;
insert into md_ORMap ( attributeid, classid, columnid, dr, tableid, ts ) values (  '05747463-3200-4566-8f71-4575c50da268', '87811f64-9528-4e4c-8219-590ddaf1fb64', 'qc_structtype@@PK@@',0, 'qc_structtype', '2018-11-12 18:44:51' ) ;
insert into md_ORMap ( attributeid, classid, columnid, dr, tableid, ts ) values (  '3d100eb4-de59-4a02-be9d-0ce2876a8b72', '87811f64-9528-4e4c-8219-590ddaf1fb64', 'qc_structtype@@@pk_productserial',0, 'qc_structtype', '2018-11-12 18:44:51' ) ;
insert into md_ORMap ( attributeid, classid, columnid, dr, tableid, ts ) values (  '326f35a9-1e37-41ee-b626-98f6cf808452', '87811f64-9528-4e4c-8219-590ddaf1fb64', 'qc_structtype@@@modifier',0, 'qc_structtype', '2018-11-12 18:44:51' ) ;
insert into md_ORMap ( attributeid, classid, columnid, dr, tableid, ts ) values (  '2388a243-cf99-4d41-b1fb-971a5a7ba660', '87811f64-9528-4e4c-8219-590ddaf1fb64', 'qc_structtype@@@pk_org',0, 'qc_structtype', '2018-11-12 18:44:51' ) ;
insert into md_ORMap ( attributeid, classid, columnid, dr, tableid, ts ) values (  '146f96fc-5c0e-4761-97b5-9527c66c3b66', '87811f64-9528-4e4c-8219-590ddaf1fb64', 'qc_structtype@@@code',0, 'qc_structtype', '2018-11-12 18:44:51' ) ;
insert into md_ORMap ( attributeid, classid, columnid, dr, tableid, ts ) values (  'db02b612-0b2d-4fe3-9dcb-2522ac04e25e', '87811f64-9528-4e4c-8219-590ddaf1fb64', 'qc_structtype@@@modifiedtime',0, 'qc_structtype', '2018-11-12 18:44:51' ) ;
insert into md_ORMap ( attributeid, classid, columnid, dr, tableid, ts ) values (  'e2f33ee5-9ba5-4e3d-9bc6-e155026641fd', '87811f64-9528-4e4c-8219-590ddaf1fb64', 'qc_structtype@@@pk_testtemp',0, 'qc_structtype', '2018-11-12 18:44:51' ) ;
insert into md_ORMap ( attributeid, classid, columnid, dr, tableid, ts ) values (  'cafce239-a779-469c-92b2-5c84b4cd2a8f', '87811f64-9528-4e4c-8219-590ddaf1fb64', 'qc_structtype@@@name',0, 'qc_structtype', '2018-11-12 18:44:51' ) ;
insert into md_ORMap ( attributeid, classid, columnid, dr, tableid, ts ) values (  '375e01e3-4613-45a8-af11-0c8e491bd6e1', '87811f64-9528-4e4c-8219-590ddaf1fb64', 'qc_structtype@@@pk_group',0, 'qc_structtype', '2018-11-12 18:44:51' ) ;
insert into md_ORMap ( attributeid, classid, columnid, dr, tableid, ts ) values (  '80eacbf1-3f00-4f6f-8457-6da725c8a7dd', '87811f64-9528-4e4c-8219-590ddaf1fb64', 'qc_structtype@@@creator',0, 'qc_structtype', '2018-11-12 18:44:51' ) ;


create table qc_structtype (
pk_structtype char(20) NOT NULL,
code varchar(50) NULL,
name varchar(50) NULL,
pk_group varchar(20) default '~' NULL,
pk_org varchar(20) default '~' NULL,
pk_productserial varchar(20) default '~' NULL,
pk_testtemp varchar(20) default '~' NULL,
creator varchar(20) default '~' NULL,
creationtime char(19) NULL,
modifier varchar(20) default '~' NULL,
modifiedtime char(19) NULL,
CONSTRAINT PK_QC_STRUCTTYPE PRIMARY KEY (pk_structtype),
ts char(19) NULL,
dr smallint default 0 
);


--qc_valuetype
delete from md_db_relation where startattrid in (select id from md_property where classid in ('aee126d7-0d3b-4e19-881d-65085e572169','32f9293c-8094-4e7b-ba8a-21bbcfb17a5d','@@@@' ) )  and starttableid in ('qc_valuetype','qc_valuelist','@@@@');
delete from md_ORMap where ATTRIBUTEID in(select id from md_property where classid in ('aee126d7-0d3b-4e19-881d-65085e572169','32f9293c-8094-4e7b-ba8a-21bbcfb17a5d','@@@@' ) )  and tableid in ('qc_valuetype','qc_valuelist','@@@@') ;
delete from md_table where id not in (select distinct tableid from md_ormap );
delete from md_column where  tableid in('qc_valuetype','qc_valuelist','@@@@') and id not in(select distinct columnid from md_ormap) and (nvl(groupid ,'~')='~' or groupid = id )  and name <> 'extend_bean_tag' ;
delete from md_column where tableid in ('qc_valuetype','qc_valuelist','@@@@')and groupid is not null and groupid not in( select distinct id from md_column where tableid in ('qc_valuetype','qc_valuelist','@@@@') ) ;
delete from md_db_relation where starttableid not in (select id from md_table);
delete from md_property where classID in (select distinct id from md_class where componentID='901ede2a-c511-4704-8651-fffd1526a5d8'  )  ;
delete from md_association where componentID = '901ede2a-c511-4704-8651-fffd1526a5d8'  ;
delete from md_bizItfMap where classID in (select distinct id from md_class where componentID='901ede2a-c511-4704-8651-fffd1526a5d8'  );
delete from md_bizItfMap where classID in ( select id from md_opInterface where componentID = '901ede2a-c511-4704-8651-fffd1526a5d8'  );
delete from md_accessorPara where id in (select distinct id from md_class where componentID='901ede2a-c511-4704-8651-fffd1526a5d8'  );
delete from md_enumValue where id in (select distinct id from md_class where componentID='901ede2a-c511-4704-8651-fffd1526a5d8'  ) ;
delete from md_class where componentID = '901ede2a-c511-4704-8651-fffd1526a5d8'  ;
delete from md_component where id = '901ede2a-c511-4704-8651-fffd1526a5d8' ;
delete from md_table where (id='qc_valuetype');
delete from md_table where (id='qc_valuelist');
delete from md_column where (id='qc_valuetype@@PK@@');
delete from md_column where (id='qc_valuetype@@@pk_group');
delete from md_column where (id='qc_valuetype@@@pk_org');
delete from md_column where (id='qc_valuetype@@@pk_org_v');
delete from md_column where (id='qc_valuetype@@@creator');
delete from md_column where (id='qc_valuetype@@@creationtime');
delete from md_column where (id='qc_valuetype@@@modifier');
delete from md_column where (id='qc_valuetype@@@modifiedtime');
delete from md_column where (id='qc_valuetype@@@code');
delete from md_column where (id='qc_valuetype@@@name');
delete from md_column where (id='qc_valuetype@@@maketime');
delete from md_column where (id='qc_valuetype@@@lastmaketime');
delete from md_column where (id='qc_valuetype@@@dmakedate');
delete from md_column where (id='qc_valuelist@@PK@@');
delete from md_column where (id='qc_valuelist@@@code');
delete from md_column where (id='qc_valuelist@@@name');
delete from md_column where (id='qc_valuelist@@@datatype');
delete from md_column where (id='qc_valuelist@@@islist');
delete from md_column where (id='qc_valuelist@@@rowno');
delete from md_column where (id='qc_valuelist@@@pk_valuetype');


insert into md_component ( createtime, creator, description, displayname, dr, fromsourcebmf, help, id, industry, isbizmodel, modifier, modifytime, name, namespace, ownmodule, preload, resid, resmodule, ts, version, versiontype ) values (  '2018-11-17 16:04:02', 'yonyouBQ', null, '值类型',0, 'Y', null, '901ede2a-c511-4704-8651-fffd1526a5d8', '0', 'N', 'yonyouBQ', '2018-11-17 16:12:57', 'qcvaluetype', 'qcco', 'qcco', null, null, 'qcvaluetype', '2018-11-17 17:25:06', '17',0 ) ;
insert into md_class ( id, accessorclassname, classtype, componentid, createtime, creator, description, displayname, dr, fullclassname, help, isactive, keyattribute, modifier, modifytime, name, parentclassid, precise, refmodelname, returntype, ts, versiontype, isprimary, defaulttablename, stereotype, isauthen, resid, bizitfimpclassname, modinfoclassname, iscreatesql, isextendbean, userdefclassname, industry, fixedlength ) values (  '32f9293c-8094-4e7b-ba8a-21bbcfb17a5d', 'nc.md.model.access.javamap.AggVOStyle',201, '901ede2a-c511-4704-8651-fffd1526a5d8', '2018-11-17 16:04:06', 'yonyouBQ', null, '值类型',0, 'nc.vo.qcco.qcvaluetype.ValueTypeHVO', null, null, '05615f2f-2af1-4573-868a-9e3685db6671', 'yonyouBQ', '2018-11-17 17:24:49', 'valuetype', null,null, null, null, '2018-11-17 17:25:06',0, 'Y', 'qc_valuetype', null, 'Y', null, null, null, 'Y', null, null, '0', null ) ;
insert into md_class ( id, accessorclassname, classtype, componentid, createtime, creator, description, displayname, dr, fullclassname, help, isactive, keyattribute, modifier, modifytime, name, parentclassid, precise, refmodelname, returntype, ts, versiontype, isprimary, defaulttablename, stereotype, isauthen, resid, bizitfimpclassname, modinfoclassname, iscreatesql, isextendbean, userdefclassname, industry, fixedlength ) values (  'aee126d7-0d3b-4e19-881d-65085e572169', 'nc.md.model.access.javamap.POJOStyle',201, '901ede2a-c511-4704-8651-fffd1526a5d8', '2018-11-17 16:12:57', 'yonyouBQ', null, '值集',0, 'nc.vo.qcco.qcvaluetype.ValueListBVO', null, null, 'd43b556f-9b25-4bb3-a78f-0e191bb9cf1d', 'yonyouBQ', '2018-11-17 17:24:49', 'valuelist', null,null, null, null, '2018-11-17 17:25:06',0, 'N', 'qc_valuelist', null, 'Y', null, null, null, 'Y', null, null, '0', null ) ;
insert into md_property ( id, accessorclassname, classid, createtime, creator, datatype, datatypestyle, defaultvalue, description, displayname, dr, help, isactive, hided, nullable, readonly, attrlength, attrmaxvalue, attrminvalue, modifier, modifytime, name, precise, refmodelname, attrsequence, ts, visibility, versiontype, fixedlength, calculation, isauthen, resid, customattr, notserialize, dynamicattr, dynamictable, accesspower, accesspowergroup, industry ) values (  '05615f2f-2af1-4573-868a-9e3685db6671', null, '32f9293c-8094-4e7b-ba8a-21bbcfb17a5d', null, null, 'BS000010000100001051',300, null, null, '主键',0, null, 'Y', 'N', 'N', 'N',20, null, null, null, null, 'pk_valuetype',0, null,0, '2018-11-17 17:25:06',0,0, 'N', 'N', 'Y', null, 'N', 'N', 'N', null, 'N', null, '0' ) ;
insert into md_property ( id, accessorclassname, classid, createtime, creator, datatype, datatypestyle, defaultvalue, description, displayname, dr, help, isactive, hided, nullable, readonly, attrlength, attrmaxvalue, attrminvalue, modifier, modifytime, name, precise, refmodelname, attrsequence, ts, visibility, versiontype, fixedlength, calculation, isauthen, resid, customattr, notserialize, dynamicattr, dynamictable, accesspower, accesspowergroup, industry ) values (  '3553cccf-e9d9-4c29-bd73-ba76f50c5322', 'nc.md.model.access.BodyOfAggVOAccessor', '32f9293c-8094-4e7b-ba8a-21bbcfb17a5d', null, null, 'aee126d7-0d3b-4e19-881d-65085e572169',301, null, null, '值集主键',0, null, 'Y', 'N', 'Y', 'N',0, null, null, null, null, 'pk_valuelist',0, null,1, '2018-11-17 17:25:06',0,0, 'N', 'N', 'Y', null, 'N', 'N', 'N', null, 'N', null, '0' ) ;
insert into md_property ( id, accessorclassname, classid, createtime, creator, datatype, datatypestyle, defaultvalue, description, displayname, dr, help, isactive, hided, nullable, readonly, attrlength, attrmaxvalue, attrminvalue, modifier, modifytime, name, precise, refmodelname, attrsequence, ts, visibility, versiontype, fixedlength, calculation, isauthen, resid, customattr, notserialize, dynamicattr, dynamictable, accesspower, accesspowergroup, industry ) values (  'eafe4c75-c52a-4b0a-995b-ffaed18055ee', null, '32f9293c-8094-4e7b-ba8a-21bbcfb17a5d', null, null, '3b6dd171-2900-47f3-bfbe-41e4483a2a65',305, null, null, '集团',0, null, 'Y', 'N', 'Y', 'N',20, null, null, null, null, 'pk_group',0, null,2, '2018-11-17 17:25:06',0,0, 'N', 'N', 'Y', null, 'N', 'N', 'N', null, 'N', null, '0' ) ;
insert into md_property ( id, accessorclassname, classid, createtime, creator, datatype, datatypestyle, defaultvalue, description, displayname, dr, help, isactive, hided, nullable, readonly, attrlength, attrmaxvalue, attrminvalue, modifier, modifytime, name, precise, refmodelname, attrsequence, ts, visibility, versiontype, fixedlength, calculation, isauthen, resid, customattr, notserialize, dynamicattr, dynamictable, accesspower, accesspowergroup, industry ) values (  '546b478b-7b40-491a-bffe-755dd5f4dcc9', null, '32f9293c-8094-4e7b-ba8a-21bbcfb17a5d', null, null, '985be8a4-3a36-4778-8afe-2d8ed3902659',305, null, null, '组织',0, null, 'Y', 'N', 'Y', 'N',20, null, null, null, null, 'pk_org',0, null,3, '2018-11-17 17:25:06',0,0, 'N', 'N', 'Y', null, 'N', 'N', 'N', null, 'N', null, '0' ) ;
insert into md_property ( id, accessorclassname, classid, createtime, creator, datatype, datatypestyle, defaultvalue, description, displayname, dr, help, isactive, hided, nullable, readonly, attrlength, attrmaxvalue, attrminvalue, modifier, modifytime, name, precise, refmodelname, attrsequence, ts, visibility, versiontype, fixedlength, calculation, isauthen, resid, customattr, notserialize, dynamicattr, dynamictable, accesspower, accesspowergroup, industry ) values (  'd1704b5b-2fd7-403d-9da2-055dbcad235f', null, '32f9293c-8094-4e7b-ba8a-21bbcfb17a5d', null, null, 'da7bba89-9a59-42d6-a262-c13ef459dbd9',305, null, null, '组织版本',0, null, 'Y', 'N', 'Y', 'N',20, null, null, null, null, 'pk_org_v',0, null,4, '2018-11-17 17:25:06',0,0, 'N', 'N', 'Y', null, 'N', 'N', 'N', null, 'N', null, '0' ) ;
insert into md_property ( id, accessorclassname, classid, createtime, creator, datatype, datatypestyle, defaultvalue, description, displayname, dr, help, isactive, hided, nullable, readonly, attrlength, attrmaxvalue, attrminvalue, modifier, modifytime, name, precise, refmodelname, attrsequence, ts, visibility, versiontype, fixedlength, calculation, isauthen, resid, customattr, notserialize, dynamicattr, dynamictable, accesspower, accesspowergroup, industry ) values (  '54cb70dd-f0b6-4287-85ab-a2a1faf2f983', null, '32f9293c-8094-4e7b-ba8a-21bbcfb17a5d', null, null, 'f6f9a473-56c0-432f-8bc7-fbf8fde54fee',305, null, null, '创建人',0, null, 'Y', 'N', 'Y', 'N',20, null, null, null, null, 'creator',0, '用户',5, '2018-11-17 17:25:06',0,0, 'N', 'N', 'Y', null, 'N', 'N', 'N', null, 'N', null, '0' ) ;
insert into md_property ( id, accessorclassname, classid, createtime, creator, datatype, datatypestyle, defaultvalue, description, displayname, dr, help, isactive, hided, nullable, readonly, attrlength, attrmaxvalue, attrminvalue, modifier, modifytime, name, precise, refmodelname, attrsequence, ts, visibility, versiontype, fixedlength, calculation, isauthen, resid, customattr, notserialize, dynamicattr, dynamictable, accesspower, accesspowergroup, industry ) values (  '272d70c2-41de-4bed-b970-f9981820372d', null, '32f9293c-8094-4e7b-ba8a-21bbcfb17a5d', null, null, 'BS000010000100001034',300, null, null, '创建时间',0, null, 'Y', 'N', 'Y', 'N',19, null, null, null, null, 'creationtime',0, null,6, '2018-11-17 17:25:06',0,0, 'N', 'N', 'Y', null, 'N', 'N', 'N', null, 'N', null, '0' ) ;
insert into md_property ( id, accessorclassname, classid, createtime, creator, datatype, datatypestyle, defaultvalue, description, displayname, dr, help, isactive, hided, nullable, readonly, attrlength, attrmaxvalue, attrminvalue, modifier, modifytime, name, precise, refmodelname, attrsequence, ts, visibility, versiontype, fixedlength, calculation, isauthen, resid, customattr, notserialize, dynamicattr, dynamictable, accesspower, accesspowergroup, industry ) values (  '3ddf5003-b7d4-430a-a13a-c3d98ffced7e', null, '32f9293c-8094-4e7b-ba8a-21bbcfb17a5d', null, null, 'f6f9a473-56c0-432f-8bc7-fbf8fde54fee',305, null, null, '修改人',0, null, 'Y', 'N', 'Y', 'N',20, null, null, null, null, 'modifier',0, '用户',7, '2018-11-17 17:25:06',0,0, 'N', 'N', 'Y', null, 'N', 'N', 'N', null, 'N', null, '0' ) ;
insert into md_property ( id, accessorclassname, classid, createtime, creator, datatype, datatypestyle, defaultvalue, description, displayname, dr, help, isactive, hided, nullable, readonly, attrlength, attrmaxvalue, attrminvalue, modifier, modifytime, name, precise, refmodelname, attrsequence, ts, visibility, versiontype, fixedlength, calculation, isauthen, resid, customattr, notserialize, dynamicattr, dynamictable, accesspower, accesspowergroup, industry ) values (  '5ac6d88e-bb02-46e9-ba5a-c38cb1d125d1', null, '32f9293c-8094-4e7b-ba8a-21bbcfb17a5d', null, null, 'BS000010000100001034',300, null, null, '修改时间',0, null, 'Y', 'N', 'Y', 'N',19, null, null, null, null, 'modifiedtime',0, null,8, '2018-11-17 17:25:06',0,0, 'N', 'N', 'Y', null, 'N', 'N', 'N', null, 'N', null, '0' ) ;
insert into md_property ( id, accessorclassname, classid, createtime, creator, datatype, datatypestyle, defaultvalue, description, displayname, dr, help, isactive, hided, nullable, readonly, attrlength, attrmaxvalue, attrminvalue, modifier, modifytime, name, precise, refmodelname, attrsequence, ts, visibility, versiontype, fixedlength, calculation, isauthen, resid, customattr, notserialize, dynamicattr, dynamictable, accesspower, accesspowergroup, industry ) values (  '734e0b7d-fa96-4108-8556-614c99d41ebc', null, '32f9293c-8094-4e7b-ba8a-21bbcfb17a5d', null, null, 'BS000010000100001001',300, null, null, '编码',0, null, 'Y', 'N', 'Y', 'N',50, null, null, null, null, 'code',0, null,9, '2018-11-17 17:25:06',0,0, 'N', 'N', 'Y', null, 'N', 'N', 'N', null, 'N', null, '0' ) ;
insert into md_property ( id, accessorclassname, classid, createtime, creator, datatype, datatypestyle, defaultvalue, description, displayname, dr, help, isactive, hided, nullable, readonly, attrlength, attrmaxvalue, attrminvalue, modifier, modifytime, name, precise, refmodelname, attrsequence, ts, visibility, versiontype, fixedlength, calculation, isauthen, resid, customattr, notserialize, dynamicattr, dynamictable, accesspower, accesspowergroup, industry ) values (  'a270f24f-1a5c-403a-b29b-b25fcc4f2d14', null, '32f9293c-8094-4e7b-ba8a-21bbcfb17a5d', null, null, 'BS000010000100001001',300, null, null, '名称',0, null, 'Y', 'N', 'Y', 'N',200, null, null, null, null, 'name',0, null,10, '2018-11-17 17:25:06',0,0, 'N', 'N', 'Y', null, 'N', 'N', 'N', null, 'N', null, '0' ) ;
insert into md_property ( id, accessorclassname, classid, createtime, creator, datatype, datatypestyle, defaultvalue, description, displayname, dr, help, isactive, hided, nullable, readonly, attrlength, attrmaxvalue, attrminvalue, modifier, modifytime, name, precise, refmodelname, attrsequence, ts, visibility, versiontype, fixedlength, calculation, isauthen, resid, customattr, notserialize, dynamicattr, dynamictable, accesspower, accesspowergroup, industry ) values (  '0d50aa58-12c9-4d46-8fa7-0b4f8d312d62', null, '32f9293c-8094-4e7b-ba8a-21bbcfb17a5d', null, null, 'BS000010000100001034',300, null, null, '制单时间',0, null, 'Y', 'N', 'Y', 'N',19, null, null, null, null, 'maketime',0, null,11, '2018-11-17 17:25:06',0,0, 'N', 'N', 'Y', null, 'N', 'N', 'N', null, 'N', null, '0' ) ;
insert into md_property ( id, accessorclassname, classid, createtime, creator, datatype, datatypestyle, defaultvalue, description, displayname, dr, help, isactive, hided, nullable, readonly, attrlength, attrmaxvalue, attrminvalue, modifier, modifytime, name, precise, refmodelname, attrsequence, ts, visibility, versiontype, fixedlength, calculation, isauthen, resid, customattr, notserialize, dynamicattr, dynamictable, accesspower, accesspowergroup, industry ) values (  'ebcf6c66-dfd1-4876-ab83-249eaa9f49cd', null, '32f9293c-8094-4e7b-ba8a-21bbcfb17a5d', null, null, 'BS000010000100001034',300, null, null, '最后修改时间',0, null, 'Y', 'N', 'Y', 'N',19, null, null, null, null, 'lastmaketime',0, null,12, '2018-11-17 17:25:06',0,0, 'N', 'N', 'Y', null, 'N', 'N', 'N', null, 'N', null, '0' ) ;
insert into md_property ( id, accessorclassname, classid, createtime, creator, datatype, datatypestyle, defaultvalue, description, displayname, dr, help, isactive, hided, nullable, readonly, attrlength, attrmaxvalue, attrminvalue, modifier, modifytime, name, precise, refmodelname, attrsequence, ts, visibility, versiontype, fixedlength, calculation, isauthen, resid, customattr, notserialize, dynamicattr, dynamictable, accesspower, accesspowergroup, industry ) values (  '7147299f-bfcf-4785-8ce1-a9380ea0f1d6', null, '32f9293c-8094-4e7b-ba8a-21bbcfb17a5d', null, null, 'BS000010000100001033',300, null, null, '制单日期',0, null, 'Y', 'N', 'Y', 'N',19, null, null, null, null, 'dmakedate',0, null,13, '2018-11-17 17:25:06',0,0, 'N', 'N', 'Y', null, 'N', 'N', 'N', null, 'N', null, '0' ) ;
insert into md_property ( id, accessorclassname, classid, createtime, creator, datatype, datatypestyle, defaultvalue, description, displayname, dr, help, isactive, hided, nullable, readonly, attrlength, attrmaxvalue, attrminvalue, modifier, modifytime, name, precise, refmodelname, attrsequence, ts, visibility, versiontype, fixedlength, calculation, isauthen, resid, customattr, notserialize, dynamicattr, dynamictable, accesspower, accesspowergroup, industry ) values (  'd43b556f-9b25-4bb3-a78f-0e191bb9cf1d', null, 'aee126d7-0d3b-4e19-881d-65085e572169', null, null, 'BS000010000100001051',300, null, null, '子表主键',0, null, 'Y', 'N', 'N', 'N',20, null, null, null, null, 'pk_valueitem',0, null,0, '2018-11-17 17:25:06',0,0, 'N', 'N', 'Y', null, 'N', 'N', 'N', null, 'N', null, '0' ) ;
insert into md_property ( id, accessorclassname, classid, createtime, creator, datatype, datatypestyle, defaultvalue, description, displayname, dr, help, isactive, hided, nullable, readonly, attrlength, attrmaxvalue, attrminvalue, modifier, modifytime, name, precise, refmodelname, attrsequence, ts, visibility, versiontype, fixedlength, calculation, isauthen, resid, customattr, notserialize, dynamicattr, dynamictable, accesspower, accesspowergroup, industry ) values (  '5ed1c5ea-9600-4a00-a531-c08233dbb6cd', null, 'aee126d7-0d3b-4e19-881d-65085e572169', null, null, 'BS000010000100001001',300, null, null, '取值项目编码',0, null, 'Y', 'N', 'Y', 'N',50, null, null, null, null, 'code',0, null,1, '2018-11-17 17:25:06',0,0, 'N', 'N', 'Y', null, 'N', 'N', 'N', null, 'N', null, '0' ) ;
insert into md_property ( id, accessorclassname, classid, createtime, creator, datatype, datatypestyle, defaultvalue, description, displayname, dr, help, isactive, hided, nullable, readonly, attrlength, attrmaxvalue, attrminvalue, modifier, modifytime, name, precise, refmodelname, attrsequence, ts, visibility, versiontype, fixedlength, calculation, isauthen, resid, customattr, notserialize, dynamicattr, dynamictable, accesspower, accesspowergroup, industry ) values (  'b0633cc5-b247-47c4-8d02-5c444ffc1798', null, 'aee126d7-0d3b-4e19-881d-65085e572169', null, null, 'BS000010000100001001',300, null, null, '取值项目名称',0, null, 'Y', 'N', 'Y', 'N',200, null, null, null, null, 'name',0, null,2, '2018-11-17 17:25:06',0,0, 'N', 'N', 'Y', null, 'N', 'N', 'N', null, 'N', null, '0' ) ;
insert into md_property ( id, accessorclassname, classid, createtime, creator, datatype, datatypestyle, defaultvalue, description, displayname, dr, help, isactive, hided, nullable, readonly, attrlength, attrmaxvalue, attrminvalue, modifier, modifytime, name, precise, refmodelname, attrsequence, ts, visibility, versiontype, fixedlength, calculation, isauthen, resid, customattr, notserialize, dynamicattr, dynamictable, accesspower, accesspowergroup, industry ) values (  '14edfb7d-2703-4bc6-81a8-da38c6c39744', null, 'aee126d7-0d3b-4e19-881d-65085e572169', null, null, 'BS000010000100001004',300, null, null, '取值项目类型',0, null, 'Y', 'N', 'Y', 'N',0, null, null, null, null, 'datatype',0, null,3, '2018-11-17 17:25:06',0,0, 'N', 'N', 'Y', null, 'N', 'N', 'N', null, 'N', null, '0' ) ;
insert into md_property ( id, accessorclassname, classid, createtime, creator, datatype, datatypestyle, defaultvalue, description, displayname, dr, help, isactive, hided, nullable, readonly, attrlength, attrmaxvalue, attrminvalue, modifier, modifytime, name, precise, refmodelname, attrsequence, ts, visibility, versiontype, fixedlength, calculation, isauthen, resid, customattr, notserialize, dynamicattr, dynamictable, accesspower, accesspowergroup, industry ) values (  'd22b6867-6477-4355-8fee-df69a9db4025', null, 'aee126d7-0d3b-4e19-881d-65085e572169', null, null, 'BS000010000100001032',300, null, null, '是否列表',0, null, 'Y', 'N', 'Y', 'N',1, null, null, null, null, 'islist',0, null,4, '2018-11-17 17:25:06',0,0, 'N', 'N', 'Y', null, 'N', 'N', 'N', null, 'N', null, '0' ) ;
insert into md_property ( id, accessorclassname, classid, createtime, creator, datatype, datatypestyle, defaultvalue, description, displayname, dr, help, isactive, hided, nullable, readonly, attrlength, attrmaxvalue, attrminvalue, modifier, modifytime, name, precise, refmodelname, attrsequence, ts, visibility, versiontype, fixedlength, calculation, isauthen, resid, customattr, notserialize, dynamicattr, dynamictable, accesspower, accesspowergroup, industry ) values (  '0e1e398a-90a7-4f1e-a579-f7a57da603c2', null, 'aee126d7-0d3b-4e19-881d-65085e572169', null, null, 'BS000010000100001001',300, null, null, '行号',0, null, 'Y', 'N', 'Y', 'N',50, null, null, null, null, 'rowno',0, null,5, '2018-11-17 17:25:06',0,0, 'N', 'N', 'Y', null, 'N', 'N', 'N', null, 'N', null, '0' ) ;
insert into md_accessorPara ( id, dr, paravalue, assosequence, ts, versiontype, industry ) values (  '32f9293c-8094-4e7b-ba8a-21bbcfb17a5d',0, 'nc.vo.qcco.qcvaluetype.AggValueTypeHVO',0, '2018-11-17 17:25:06',null, null ) ;
insert into md_bizItfMap ( bizinterfaceid, intattrid, classid, classattrid, bizitfimpclassname, classattrpath, dr, ts ) values (  'ede1e93f-a86e-4588-b441-9db78f30219f', '72145ab5-b7fa-448e-ad62-8e13cd547191', '32f9293c-8094-4e7b-ba8a-21bbcfb17a5d', '546b478b-7b40-491a-bffe-755dd5f4dcc9', null, null,0, '2018-11-17 17:25:06' ) ;
insert into md_bizItfMap ( bizinterfaceid, intattrid, classid, classattrid, bizitfimpclassname, classattrpath, dr, ts ) values (  'ede1e93f-a86e-4588-b441-9db78f30219f', '0c37faa9-6e38-4e27-b596-dabc8d5ad732', '32f9293c-8094-4e7b-ba8a-21bbcfb17a5d', 'd1704b5b-2fd7-403d-9da2-055dbcad235f', null, null,0, '2018-11-17 17:25:06' ) ;
insert into md_bizItfMap ( bizinterfaceid, intattrid, classid, classattrid, bizitfimpclassname, classattrpath, dr, ts ) values (  '2b226ae1-aad9-4abe-a405-36bcacaa94a8', 'e5a2aef6-8d58-416a-b8b7-4dd10e13d788', '32f9293c-8094-4e7b-ba8a-21bbcfb17a5d', '54cb70dd-f0b6-4287-85ab-a2a1faf2f983', null, null,0, '2018-11-17 17:25:06' ) ;
insert into md_bizItfMap ( bizinterfaceid, intattrid, classid, classattrid, bizitfimpclassname, classattrpath, dr, ts ) values (  '2b226ae1-aad9-4abe-a405-36bcacaa94a8', '49b6b1ae-cd5b-4b54-99cd-a6bb9fee7343', '32f9293c-8094-4e7b-ba8a-21bbcfb17a5d', '272d70c2-41de-4bed-b970-f9981820372d', null, null,0, '2018-11-17 17:25:06' ) ;
insert into md_bizItfMap ( bizinterfaceid, intattrid, classid, classattrid, bizitfimpclassname, classattrpath, dr, ts ) values (  '2b226ae1-aad9-4abe-a405-36bcacaa94a8', '54c42368-5a43-4295-a7d4-74d276eed522', '32f9293c-8094-4e7b-ba8a-21bbcfb17a5d', '3ddf5003-b7d4-430a-a13a-c3d98ffced7e', null, null,0, '2018-11-17 17:25:06' ) ;
insert into md_bizItfMap ( bizinterfaceid, intattrid, classid, classattrid, bizitfimpclassname, classattrpath, dr, ts ) values (  '2b226ae1-aad9-4abe-a405-36bcacaa94a8', '0abfd569-b9cf-4c44-a8d9-45979c083b08', '32f9293c-8094-4e7b-ba8a-21bbcfb17a5d', '5ac6d88e-bb02-46e9-ba5a-c38cb1d125d1', null, null,0, '2018-11-17 17:25:06' ) ;
insert into md_bizItfMap ( bizinterfaceid, intattrid, classid, classattrid, bizitfimpclassname, classattrpath, dr, ts ) values (  '6c8722b9-911a-489b-8d0d-18bd3734fcf6', '5dd3c721-22ad-42b1-9c10-4351c236bc77', '32f9293c-8094-4e7b-ba8a-21bbcfb17a5d', '05615f2f-2af1-4573-868a-9e3685db6671', null, null,0, '2018-11-17 17:25:06' ) ;
insert into md_bizItfMap ( bizinterfaceid, intattrid, classid, classattrid, bizitfimpclassname, classattrpath, dr, ts ) values (  '6c8722b9-911a-489b-8d0d-18bd3734fcf6', 'c8334364-7ab9-4266-8d4b-e74537935e46', '32f9293c-8094-4e7b-ba8a-21bbcfb17a5d', null, null, null,0, '2018-11-17 17:25:06' ) ;
insert into md_bizItfMap ( bizinterfaceid, intattrid, classid, classattrid, bizitfimpclassname, classattrpath, dr, ts ) values (  '6c8722b9-911a-489b-8d0d-18bd3734fcf6', 'ecf1b76a-6e44-42e2-a55e-87596504775b', '32f9293c-8094-4e7b-ba8a-21bbcfb17a5d', '546b478b-7b40-491a-bffe-755dd5f4dcc9', null, null,0, '2018-11-17 17:25:06' ) ;
insert into md_bizItfMap ( bizinterfaceid, intattrid, classid, classattrid, bizitfimpclassname, classattrpath, dr, ts ) values (  '6c8722b9-911a-489b-8d0d-18bd3734fcf6', 'd32cc17b-f415-415a-923f-0764443eb102', '32f9293c-8094-4e7b-ba8a-21bbcfb17a5d', '734e0b7d-fa96-4108-8556-614c99d41ebc', null, null,0, '2018-11-17 17:25:06' ) ;
insert into md_bizItfMap ( bizinterfaceid, intattrid, classid, classattrid, bizitfimpclassname, classattrpath, dr, ts ) values (  '6c8722b9-911a-489b-8d0d-18bd3734fcf6', '89578a97-42fe-439b-827c-8eabd9e3604c', '32f9293c-8094-4e7b-ba8a-21bbcfb17a5d', 'a270f24f-1a5c-403a-b29b-b25fcc4f2d14', null, null,0, '2018-11-17 17:25:06' ) ;
insert into md_bizItfMap ( bizinterfaceid, intattrid, classid, classattrid, bizitfimpclassname, classattrpath, dr, ts ) values (  '6c8722b9-911a-489b-8d0d-18bd3734fcf6', 'a47e6cda-09e4-480b-923f-ec6f41e3e06c', '32f9293c-8094-4e7b-ba8a-21bbcfb17a5d', 'eafe4c75-c52a-4b0a-995b-ffaed18055ee', null, null,0, '2018-11-17 17:25:06' ) ;
insert into md_bizItfMap ( bizinterfaceid, intattrid, classid, classattrid, bizitfimpclassname, classattrpath, dr, ts ) values (  'cc8a1739-1dca-454c-b8ef-b175b79a3426', '2d2ee0e2-05b9-4bf5-b263-a39796d4f26b', '32f9293c-8094-4e7b-ba8a-21bbcfb17a5d', '0d50aa58-12c9-4d46-8fa7-0b4f8d312d62', null, null,0, '2018-11-17 17:25:06' ) ;
insert into md_bizItfMap ( bizinterfaceid, intattrid, classid, classattrid, bizitfimpclassname, classattrpath, dr, ts ) values (  'cc8a1739-1dca-454c-b8ef-b175b79a3426', 'da02e89c-df72-4c8c-bfb4-c3ba94a7268c', '32f9293c-8094-4e7b-ba8a-21bbcfb17a5d', 'ebcf6c66-dfd1-4876-ab83-249eaa9f49cd', null, null,0, '2018-11-17 17:25:06' ) ;
insert into md_bizItfMap ( bizinterfaceid, intattrid, classid, classattrid, bizitfimpclassname, classattrpath, dr, ts ) values (  'ca510be7-0329-4e1f-9ca9-b9d0a6d71ede', '595de635-7ecb-4cb0-9300-c9e47ffc25f4', 'aee126d7-0d3b-4e19-881d-65085e572169', '0e1e398a-90a7-4f1e-a579-f7a57da603c2', null, null,0, '2018-11-17 17:25:06' ) ;
insert into md_bizItfMap ( bizinterfaceid, intattrid, classid, classattrid, bizitfimpclassname, classattrpath, dr, ts ) values (  'ca510be7-0329-4e1f-9ca9-b9d0a6d71ede', '2d99f85f-17d8-4653-849e-f51cf6cfb827', 'aee126d7-0d3b-4e19-881d-65085e572169', null, null, null,0, '2018-11-17 17:25:06' ) ;
insert into md_association ( id, componentid, creator, createtime, dr, endcardinality, startbeanid, endelementid, isactive, modifier, modifytime, name, startcardinality, startelementid, ts, type, versiontype, industry ) values (  '64afff11-d3bc-4415-a687-dac990e2967d', '901ede2a-c511-4704-8651-fffd1526a5d8', null, '2018-11-17 16:17:37',0, '1..n', '32f9293c-8094-4e7b-ba8a-21bbcfb17a5d', 'aee126d7-0d3b-4e19-881d-65085e572169', null, 'yonyouBQ', '2018-11-17 16:17:37', 'Aggregation Relation', '1', '3553cccf-e9d9-4c29-bd73-ba76f50c5322', '2018-11-17 17:25:06',1,0, '0' ) ;
insert into md_association ( id, componentid, creator, createtime, dr, endcardinality, startbeanid, endelementid, isactive, modifier, modifytime, name, startcardinality, startelementid, ts, type, versiontype, industry ) values (  '53f36265-7b8c-45fd-b241-0a2c8f057951', '901ede2a-c511-4704-8651-fffd1526a5d8', null, null,0, '1', '32f9293c-8094-4e7b-ba8a-21bbcfb17a5d', '3b6dd171-2900-47f3-bfbe-41e4483a2a65', 'Y', null, null, 'valuetype_pk_group', '1', 'eafe4c75-c52a-4b0a-995b-ffaed18055ee', '2018-11-17 17:25:06',3,0, '0' ) ;
insert into md_association ( id, componentid, creator, createtime, dr, endcardinality, startbeanid, endelementid, isactive, modifier, modifytime, name, startcardinality, startelementid, ts, type, versiontype, industry ) values (  'b8b7c888-9ff1-438a-9bfc-f4563f3b6832', '901ede2a-c511-4704-8651-fffd1526a5d8', null, null,0, '1', '32f9293c-8094-4e7b-ba8a-21bbcfb17a5d', '985be8a4-3a36-4778-8afe-2d8ed3902659', 'Y', null, null, 'valuetype_pk_org', '1', '546b478b-7b40-491a-bffe-755dd5f4dcc9', '2018-11-17 17:25:06',3,0, '0' ) ;
insert into md_association ( id, componentid, creator, createtime, dr, endcardinality, startbeanid, endelementid, isactive, modifier, modifytime, name, startcardinality, startelementid, ts, type, versiontype, industry ) values (  'acb802d9-117a-48ea-b6cf-17b34a1925e6', '901ede2a-c511-4704-8651-fffd1526a5d8', null, null,0, '1', '32f9293c-8094-4e7b-ba8a-21bbcfb17a5d', 'da7bba89-9a59-42d6-a262-c13ef459dbd9', 'Y', null, null, 'valuetype_pk_org_v', '1', 'd1704b5b-2fd7-403d-9da2-055dbcad235f', '2018-11-17 17:25:06',3,0, '0' ) ;
insert into md_association ( id, componentid, creator, createtime, dr, endcardinality, startbeanid, endelementid, isactive, modifier, modifytime, name, startcardinality, startelementid, ts, type, versiontype, industry ) values (  'e0859a5d-52ff-46bc-9680-9ffa460401eb', '901ede2a-c511-4704-8651-fffd1526a5d8', null, null,0, '1', '32f9293c-8094-4e7b-ba8a-21bbcfb17a5d', 'f6f9a473-56c0-432f-8bc7-fbf8fde54fee', 'Y', null, null, 'valuetype_creator', '1', '54cb70dd-f0b6-4287-85ab-a2a1faf2f983', '2018-11-17 17:25:06',3,0, '0' ) ;
insert into md_association ( id, componentid, creator, createtime, dr, endcardinality, startbeanid, endelementid, isactive, modifier, modifytime, name, startcardinality, startelementid, ts, type, versiontype, industry ) values (  '39e9b72d-27bd-49cd-988c-8455e8cb132b', '901ede2a-c511-4704-8651-fffd1526a5d8', null, null,0, '1', '32f9293c-8094-4e7b-ba8a-21bbcfb17a5d', 'f6f9a473-56c0-432f-8bc7-fbf8fde54fee', 'Y', null, null, 'valuetype_modifier', '1', '3ddf5003-b7d4-430a-a13a-c3d98ffced7e', '2018-11-17 17:25:06',3,0, '0' ) ;
insert into md_table ( id, createtime, creator, databaseid, description, displayname, dr, help, isactive, fromsourcebmf, modifier, modifytime, name, ts, versiontype, resmodule, resid, parenttable, isextendtable, industry ) values (  'qc_valuetype', '2018-11-17 16:04:06', 'yonyouBQ', null, null, '值类型',0, null, null, 'Y', 'yonyouBQ', '2018-11-17 17:24:49', 'qc_valuetype', '2018-11-17 17:25:06',0, 'qcvaluetype', null, null, null, '0' ) ;
insert into md_table ( id, createtime, creator, databaseid, description, displayname, dr, help, isactive, fromsourcebmf, modifier, modifytime, name, ts, versiontype, resmodule, resid, parenttable, isextendtable, industry ) values (  'qc_valuelist', '2018-11-17 16:12:57', 'yonyouBQ', null, null, '值集',0, null, null, 'Y', 'yonyouBQ', '2018-11-17 17:24:49', 'qc_valuelist', '2018-11-17 17:25:06',0, 'qcvaluetype', null, null, null, '0' ) ;
insert into md_column ( id, sqldatetype, createtime, creator, defaultvalue, description, displayname, dr, help, incrementseed, incrementstep, isactive, identitied, pkey, nullable, columnlength, modifier, modifytime, name, precise, columnsequence, tableid, ts, versiontype, resid, groupid, columntype, forlocale ) values (  'qc_valuetype@@PK@@', 'char', null, null, null, null, '主键',0, null,null,null, 'Y', null, 'Y', 'N',20, null, null, 'pk_valuetype',0,0, 'qc_valuetype', '2018-11-17 17:25:06',0, null, null,0, 'N' ) ;
insert into md_column ( id, sqldatetype, createtime, creator, defaultvalue, description, displayname, dr, help, incrementseed, incrementstep, isactive, identitied, pkey, nullable, columnlength, modifier, modifytime, name, precise, columnsequence, tableid, ts, versiontype, resid, groupid, columntype, forlocale ) values (  'qc_valuetype@@@pk_group', 'varchar', null, null, '*~', null, '集团',0, null,null,null, 'Y', null, 'N', 'Y',20, null, null, 'pk_group',0,2, 'qc_valuetype', '2018-11-17 17:25:06',0, null, null,0, 'N' ) ;
insert into md_column ( id, sqldatetype, createtime, creator, defaultvalue, description, displayname, dr, help, incrementseed, incrementstep, isactive, identitied, pkey, nullable, columnlength, modifier, modifytime, name, precise, columnsequence, tableid, ts, versiontype, resid, groupid, columntype, forlocale ) values (  'qc_valuetype@@@pk_org', 'varchar', null, null, '*~', null, '组织',0, null,null,null, 'Y', null, 'N', 'Y',20, null, null, 'pk_org',0,3, 'qc_valuetype', '2018-11-17 17:25:06',0, null, null,0, 'N' ) ;
insert into md_column ( id, sqldatetype, createtime, creator, defaultvalue, description, displayname, dr, help, incrementseed, incrementstep, isactive, identitied, pkey, nullable, columnlength, modifier, modifytime, name, precise, columnsequence, tableid, ts, versiontype, resid, groupid, columntype, forlocale ) values (  'qc_valuetype@@@pk_org_v', 'varchar', null, null, '*~', null, '组织版本',0, null,null,null, 'Y', null, 'N', 'Y',20, null, null, 'pk_org_v',0,4, 'qc_valuetype', '2018-11-17 17:25:06',0, null, null,0, 'N' ) ;
insert into md_column ( id, sqldatetype, createtime, creator, defaultvalue, description, displayname, dr, help, incrementseed, incrementstep, isactive, identitied, pkey, nullable, columnlength, modifier, modifytime, name, precise, columnsequence, tableid, ts, versiontype, resid, groupid, columntype, forlocale ) values (  'qc_valuetype@@@creator', 'varchar', null, null, '*~', null, '创建人',0, null,null,null, 'Y', null, 'N', 'Y',20, null, null, 'creator',0,5, 'qc_valuetype', '2018-11-17 17:25:06',0, null, null,0, 'N' ) ;
insert into md_column ( id, sqldatetype, createtime, creator, defaultvalue, description, displayname, dr, help, incrementseed, incrementstep, isactive, identitied, pkey, nullable, columnlength, modifier, modifytime, name, precise, columnsequence, tableid, ts, versiontype, resid, groupid, columntype, forlocale ) values (  'qc_valuetype@@@creationtime', 'char', null, null, null, null, '创建时间',0, null,null,null, 'Y', null, 'N', 'Y',19, null, null, 'creationtime',0,6, 'qc_valuetype', '2018-11-17 17:25:06',0, null, null,0, 'N' ) ;
insert into md_column ( id, sqldatetype, createtime, creator, defaultvalue, description, displayname, dr, help, incrementseed, incrementstep, isactive, identitied, pkey, nullable, columnlength, modifier, modifytime, name, precise, columnsequence, tableid, ts, versiontype, resid, groupid, columntype, forlocale ) values (  'qc_valuetype@@@modifier', 'varchar', null, null, '*~', null, '修改人',0, null,null,null, 'Y', null, 'N', 'Y',20, null, null, 'modifier',0,7, 'qc_valuetype', '2018-11-17 17:25:06',0, null, null,0, 'N' ) ;
insert into md_column ( id, sqldatetype, createtime, creator, defaultvalue, description, displayname, dr, help, incrementseed, incrementstep, isactive, identitied, pkey, nullable, columnlength, modifier, modifytime, name, precise, columnsequence, tableid, ts, versiontype, resid, groupid, columntype, forlocale ) values (  'qc_valuetype@@@modifiedtime', 'char', null, null, null, null, '修改时间',0, null,null,null, 'Y', null, 'N', 'Y',19, null, null, 'modifiedtime',0,8, 'qc_valuetype', '2018-11-17 17:25:06',0, null, null,0, 'N' ) ;
insert into md_column ( id, sqldatetype, createtime, creator, defaultvalue, description, displayname, dr, help, incrementseed, incrementstep, isactive, identitied, pkey, nullable, columnlength, modifier, modifytime, name, precise, columnsequence, tableid, ts, versiontype, resid, groupid, columntype, forlocale ) values (  'qc_valuetype@@@code', 'varchar', null, null, null, null, '编码',0, null,null,null, 'Y', null, 'N', 'Y',50, null, null, 'code',0,9, 'qc_valuetype', '2018-11-17 17:25:06',0, null, null,0, 'N' ) ;
insert into md_column ( id, sqldatetype, createtime, creator, defaultvalue, description, displayname, dr, help, incrementseed, incrementstep, isactive, identitied, pkey, nullable, columnlength, modifier, modifytime, name, precise, columnsequence, tableid, ts, versiontype, resid, groupid, columntype, forlocale ) values (  'qc_valuetype@@@name', 'varchar', null, null, null, null, '名称',0, null,null,null, 'Y', null, 'N', 'Y',200, null, null, 'name',0,10, 'qc_valuetype', '2018-11-17 17:25:06',0, null, null,0, 'N' ) ;
insert into md_column ( id, sqldatetype, createtime, creator, defaultvalue, description, displayname, dr, help, incrementseed, incrementstep, isactive, identitied, pkey, nullable, columnlength, modifier, modifytime, name, precise, columnsequence, tableid, ts, versiontype, resid, groupid, columntype, forlocale ) values (  'qc_valuetype@@@maketime', 'char', null, null, null, null, '制单时间',0, null,null,null, 'Y', null, 'N', 'Y',19, null, null, 'maketime',0,11, 'qc_valuetype', '2018-11-17 17:25:06',0, null, null,0, 'N' ) ;
insert into md_column ( id, sqldatetype, createtime, creator, defaultvalue, description, displayname, dr, help, incrementseed, incrementstep, isactive, identitied, pkey, nullable, columnlength, modifier, modifytime, name, precise, columnsequence, tableid, ts, versiontype, resid, groupid, columntype, forlocale ) values (  'qc_valuetype@@@lastmaketime', 'char', null, null, null, null, '最后修改时间',0, null,null,null, 'Y', null, 'N', 'Y',19, null, null, 'lastmaketime',0,12, 'qc_valuetype', '2018-11-17 17:25:06',0, null, null,0, 'N' ) ;
insert into md_column ( id, sqldatetype, createtime, creator, defaultvalue, description, displayname, dr, help, incrementseed, incrementstep, isactive, identitied, pkey, nullable, columnlength, modifier, modifytime, name, precise, columnsequence, tableid, ts, versiontype, resid, groupid, columntype, forlocale ) values (  'qc_valuetype@@@dmakedate', 'char', null, null, null, null, '制单日期',0, null,null,null, 'Y', null, 'N', 'Y',19, null, null, 'dmakedate',0,13, 'qc_valuetype', '2018-11-17 17:25:06',0, null, null,0, 'N' ) ;
insert into md_column ( id, sqldatetype, createtime, creator, defaultvalue, description, displayname, dr, help, incrementseed, incrementstep, isactive, identitied, pkey, nullable, columnlength, modifier, modifytime, name, precise, columnsequence, tableid, ts, versiontype, resid, groupid, columntype, forlocale ) values (  'qc_valuelist@@PK@@', 'char', null, null, null, null, '子表主键',0, null,null,null, 'Y', null, 'Y', 'N',20, null, null, 'pk_valueitem',0,0, 'qc_valuelist', '2018-11-17 17:25:06',0, null, null,0, 'N' ) ;
insert into md_column ( id, sqldatetype, createtime, creator, defaultvalue, description, displayname, dr, help, incrementseed, incrementstep, isactive, identitied, pkey, nullable, columnlength, modifier, modifytime, name, precise, columnsequence, tableid, ts, versiontype, resid, groupid, columntype, forlocale ) values (  'qc_valuelist@@@code', 'varchar', null, null, null, null, '取值项目编码',0, null,null,null, 'Y', null, 'N', 'Y',50, null, null, 'code',0,1, 'qc_valuelist', '2018-11-17 17:25:06',0, null, null,0, 'N' ) ;
insert into md_column ( id, sqldatetype, createtime, creator, defaultvalue, description, displayname, dr, help, incrementseed, incrementstep, isactive, identitied, pkey, nullable, columnlength, modifier, modifytime, name, precise, columnsequence, tableid, ts, versiontype, resid, groupid, columntype, forlocale ) values (  'qc_valuelist@@@name', 'varchar', null, null, null, null, '取值项目名称',0, null,null,null, 'Y', null, 'N', 'Y',200, null, null, 'name',0,2, 'qc_valuelist', '2018-11-17 17:25:06',0, null, null,0, 'N' ) ;
insert into md_column ( id, sqldatetype, createtime, creator, defaultvalue, description, displayname, dr, help, incrementseed, incrementstep, isactive, identitied, pkey, nullable, columnlength, modifier, modifytime, name, precise, columnsequence, tableid, ts, versiontype, resid, groupid, columntype, forlocale ) values (  'qc_valuelist@@@datatype', 'int', null, null, null, null, '取值项目类型',0, null,null,null, 'Y', null, 'N', 'Y',0, null, null, 'datatype',0,3, 'qc_valuelist', '2018-11-17 17:25:06',0, null, null,0, 'N' ) ;
insert into md_column ( id, sqldatetype, createtime, creator, defaultvalue, description, displayname, dr, help, incrementseed, incrementstep, isactive, identitied, pkey, nullable, columnlength, modifier, modifytime, name, precise, columnsequence, tableid, ts, versiontype, resid, groupid, columntype, forlocale ) values (  'qc_valuelist@@@islist', 'char', null, null, null, null, '是否列表',0, null,null,null, 'Y', null, 'N', 'Y',1, null, null, 'islist',0,4, 'qc_valuelist', '2018-11-17 17:25:06',0, null, null,0, 'N' ) ;
insert into md_column ( id, sqldatetype, createtime, creator, defaultvalue, description, displayname, dr, help, incrementseed, incrementstep, isactive, identitied, pkey, nullable, columnlength, modifier, modifytime, name, precise, columnsequence, tableid, ts, versiontype, resid, groupid, columntype, forlocale ) values (  'qc_valuelist@@@rowno', 'varchar', null, null, null, null, '行号',0, null,null,null, 'Y', null, 'N', 'Y',50, null, null, 'rowno',0,5, 'qc_valuelist', '2018-11-17 17:25:06',0, null, null,0, 'N' ) ;
insert into md_column ( id, sqldatetype, createtime, creator, defaultvalue, description, displayname, dr, help, incrementseed, incrementstep, isactive, identitied, pkey, nullable, columnlength, modifier, modifytime, name, precise, columnsequence, tableid, ts, versiontype, resid, groupid, columntype, forlocale ) values (  'qc_valuelist@@@pk_valuetype', 'char', null, null, null, null, '值类型_主键',0, null,null,null, 'Y', null, 'N', 'N',20, null, null, 'pk_valuetype',null,null, 'qc_valuelist', '2018-11-17 17:25:06',0, '2UC000-000003', null,0, null ) ;
insert into md_ORMap ( attributeid, classid, columnid, dr, tableid, ts ) values (  'd22b6867-6477-4355-8fee-df69a9db4025', 'aee126d7-0d3b-4e19-881d-65085e572169', 'qc_valuelist@@@islist',0, 'qc_valuelist', '2018-11-17 17:25:06' ) ;
insert into md_ORMap ( attributeid, classid, columnid, dr, tableid, ts ) values (  '546b478b-7b40-491a-bffe-755dd5f4dcc9', '32f9293c-8094-4e7b-ba8a-21bbcfb17a5d', 'qc_valuetype@@@pk_org',0, 'qc_valuetype', '2018-11-17 17:25:06' ) ;
insert into md_ORMap ( attributeid, classid, columnid, dr, tableid, ts ) values (  '5ac6d88e-bb02-46e9-ba5a-c38cb1d125d1', '32f9293c-8094-4e7b-ba8a-21bbcfb17a5d', 'qc_valuetype@@@modifiedtime',0, 'qc_valuetype', '2018-11-17 17:25:06' ) ;
insert into md_ORMap ( attributeid, classid, columnid, dr, tableid, ts ) values (  'eafe4c75-c52a-4b0a-995b-ffaed18055ee', '32f9293c-8094-4e7b-ba8a-21bbcfb17a5d', 'qc_valuetype@@@pk_group',0, 'qc_valuetype', '2018-11-17 17:25:06' ) ;
insert into md_ORMap ( attributeid, classid, columnid, dr, tableid, ts ) values (  '14edfb7d-2703-4bc6-81a8-da38c6c39744', 'aee126d7-0d3b-4e19-881d-65085e572169', 'qc_valuelist@@@datatype',0, 'qc_valuelist', '2018-11-17 17:25:06' ) ;
insert into md_ORMap ( attributeid, classid, columnid, dr, tableid, ts ) values (  'd43b556f-9b25-4bb3-a78f-0e191bb9cf1d', 'aee126d7-0d3b-4e19-881d-65085e572169', 'qc_valuelist@@PK@@',0, 'qc_valuelist', '2018-11-17 17:25:06' ) ;
insert into md_ORMap ( attributeid, classid, columnid, dr, tableid, ts ) values (  'd1704b5b-2fd7-403d-9da2-055dbcad235f', '32f9293c-8094-4e7b-ba8a-21bbcfb17a5d', 'qc_valuetype@@@pk_org_v',0, 'qc_valuetype', '2018-11-17 17:25:06' ) ;
insert into md_ORMap ( attributeid, classid, columnid, dr, tableid, ts ) values (  '272d70c2-41de-4bed-b970-f9981820372d', '32f9293c-8094-4e7b-ba8a-21bbcfb17a5d', 'qc_valuetype@@@creationtime',0, 'qc_valuetype', '2018-11-17 17:25:06' ) ;
insert into md_ORMap ( attributeid, classid, columnid, dr, tableid, ts ) values (  'ebcf6c66-dfd1-4876-ab83-249eaa9f49cd', '32f9293c-8094-4e7b-ba8a-21bbcfb17a5d', 'qc_valuetype@@@lastmaketime',0, 'qc_valuetype', '2018-11-17 17:25:06' ) ;
insert into md_ORMap ( attributeid, classid, columnid, dr, tableid, ts ) values (  '5ed1c5ea-9600-4a00-a531-c08233dbb6cd', 'aee126d7-0d3b-4e19-881d-65085e572169', 'qc_valuelist@@@code',0, 'qc_valuelist', '2018-11-17 17:25:06' ) ;
insert into md_ORMap ( attributeid, classid, columnid, dr, tableid, ts ) values (  '0d50aa58-12c9-4d46-8fa7-0b4f8d312d62', '32f9293c-8094-4e7b-ba8a-21bbcfb17a5d', 'qc_valuetype@@@maketime',0, 'qc_valuetype', '2018-11-17 17:25:06' ) ;
insert into md_ORMap ( attributeid, classid, columnid, dr, tableid, ts ) values (  '3ddf5003-b7d4-430a-a13a-c3d98ffced7e', '32f9293c-8094-4e7b-ba8a-21bbcfb17a5d', 'qc_valuetype@@@modifier',0, 'qc_valuetype', '2018-11-17 17:25:06' ) ;
insert into md_ORMap ( attributeid, classid, columnid, dr, tableid, ts ) values (  '7147299f-bfcf-4785-8ce1-a9380ea0f1d6', '32f9293c-8094-4e7b-ba8a-21bbcfb17a5d', 'qc_valuetype@@@dmakedate',0, 'qc_valuetype', '2018-11-17 17:25:06' ) ;
insert into md_ORMap ( attributeid, classid, columnid, dr, tableid, ts ) values (  '05615f2f-2af1-4573-868a-9e3685db6671', '32f9293c-8094-4e7b-ba8a-21bbcfb17a5d', 'qc_valuetype@@PK@@',0, 'qc_valuetype', '2018-11-17 17:25:06' ) ;
insert into md_ORMap ( attributeid, classid, columnid, dr, tableid, ts ) values (  '734e0b7d-fa96-4108-8556-614c99d41ebc', '32f9293c-8094-4e7b-ba8a-21bbcfb17a5d', 'qc_valuetype@@@code',0, 'qc_valuetype', '2018-11-17 17:25:06' ) ;
insert into md_ORMap ( attributeid, classid, columnid, dr, tableid, ts ) values (  '3553cccf-e9d9-4c29-bd73-ba76f50c5322', '32f9293c-8094-4e7b-ba8a-21bbcfb17a5d', 'qc_valuelist@@@pk_valuetype',0, 'qc_valuelist', '2018-11-17 17:25:06' ) ;
insert into md_ORMap ( attributeid, classid, columnid, dr, tableid, ts ) values (  '0e1e398a-90a7-4f1e-a579-f7a57da603c2', 'aee126d7-0d3b-4e19-881d-65085e572169', 'qc_valuelist@@@rowno',0, 'qc_valuelist', '2018-11-17 17:25:06' ) ;
insert into md_ORMap ( attributeid, classid, columnid, dr, tableid, ts ) values (  'a270f24f-1a5c-403a-b29b-b25fcc4f2d14', '32f9293c-8094-4e7b-ba8a-21bbcfb17a5d', 'qc_valuetype@@@name',0, 'qc_valuetype', '2018-11-17 17:25:06' ) ;
insert into md_ORMap ( attributeid, classid, columnid, dr, tableid, ts ) values (  '54cb70dd-f0b6-4287-85ab-a2a1faf2f983', '32f9293c-8094-4e7b-ba8a-21bbcfb17a5d', 'qc_valuetype@@@creator',0, 'qc_valuetype', '2018-11-17 17:25:06' ) ;
insert into md_ORMap ( attributeid, classid, columnid, dr, tableid, ts ) values (  'b0633cc5-b247-47c4-8d02-5c444ffc1798', 'aee126d7-0d3b-4e19-881d-65085e572169', 'qc_valuelist@@@name',0, 'qc_valuelist', '2018-11-17 17:25:06' ) ;
insert into md_db_relation ( id, createtime, creator, description, displayname, dr, endcardinality, endfieldid, endtableid, help, modifier, modifytime, name, startcardinality, startfieldid, starttableid, ts, versiontype, resid, asstype, startattrid, isforeignkey ) values (  '5f6a325e-abb6-4544-aa13-542de9eefea4', null, null, null, 'qc_valuelist->qc_valuetype',0, null, 'qc_valuetype@@PK@@', 'qc_valuetype', null, null, null, 'qc_valuelist->qc_valuetype', null, 'qc_valuelist@@@pk_valuetype', 'qc_valuelist', '2018-11-17 17:25:06',0, null,1, '3553cccf-e9d9-4c29-bd73-ba76f50c5322', 'Y' ) ;


create table qc_valuetype (
pk_valuetype char(20) NOT NULL,
pk_group varchar(20) default '~' NULL,
pk_org varchar(20) default '~' NULL,
pk_org_v varchar(20) default '~' NULL,
creator varchar(20) default '~' NULL,
creationtime char(19) NULL,
modifier varchar(20) default '~' NULL,
modifiedtime char(19) NULL,
code varchar(50) NULL,
name varchar(200) NULL,
maketime char(19) NULL,
lastmaketime char(19) NULL,
dmakedate char(19) NULL,
CONSTRAINT PK_QC_VALUETYPE PRIMARY KEY (pk_valuetype),
ts char(19) NULL,
dr smallint default 0 
);


create table qc_valuelist (
pk_valueitem char(20) NOT NULL,
code varchar(50) NULL,
name varchar(200) NULL,
datatype int NULL,
islist char(1) NULL,
rowno varchar(50) NULL,
pk_valuetype char(20) NOT NULL,
CONSTRAINT PK_QC_VALUELIST PRIMARY KEY (pk_valueitem),
ts char(19) NULL,
dr smallint default 0 
);


--defdocs
--Defdoc-C0J00102
delete from md_db_relation where startattrid in (select id from md_property where classid in ('1001AA100000000001H7','@@@@' ) )  and starttableid in ('bd_defdoc','@@@@');
delete from md_ORMap where ATTRIBUTEID in(select id from md_property where classid in ('1001AA100000000001H7','@@@@' ) )  and tableid in ('bd_defdoc','@@@@') ;
delete from md_table where id not in (select distinct tableid from md_ormap );
delete from md_column where  tableid in('bd_defdoc','@@@@') and id not in(select distinct columnid from md_ormap) and (nvl(groupid ,'~')='~' or groupid = id )  and name <> 'extend_bean_tag' ;
delete from md_column where tableid in ('bd_defdoc','@@@@')and groupid is not null and groupid not in( select distinct id from md_column where tableid in ('bd_defdoc','@@@@') ) ;
delete from md_db_relation where starttableid not in (select id from md_table);
delete from md_property where classID in (select distinct id from md_class where componentID='c4d45ab6-e660-11e8-8985-5f606a994521'  )  ;
delete from md_association where componentID = 'c4d45ab6-e660-11e8-8985-5f606a994521'  ;
delete from md_bizItfMap where classID in (select distinct id from md_class where componentID='c4d45ab6-e660-11e8-8985-5f606a994521'  );
delete from md_bizItfMap where classID in ( select id from md_opInterface where componentID = 'c4d45ab6-e660-11e8-8985-5f606a994521'  );
delete from md_accessorPara where id in (select distinct id from md_class where componentID='c4d45ab6-e660-11e8-8985-5f606a994521'  );
delete from md_enumValue where id in (select distinct id from md_class where componentID='c4d45ab6-e660-11e8-8985-5f606a994521'  ) ;
delete from md_class where componentID = 'c4d45ab6-e660-11e8-8985-5f606a994521'  ;
delete from md_component where id = 'c4d45ab6-e660-11e8-8985-5f606a994521' ;
delete from md_table where (id='bd_defdoc');
delete from md_column where (id='bd_defdoc@@PK@@');
delete from md_column where (id='bd_defdoc@@@pk_defdoclist');
delete from md_column where (id='bd_defdoc@@@pk_org');
delete from md_column where (id='bd_defdoc@@@pk_group');
delete from md_column where (id='bd_defdoc@@@code');
delete from md_column where (id='bd_defdoc@@@name');
delete from md_column where (id='bd_defdoc@@@shortname');
delete from md_column where (id='bd_defdoc@@@mnecode');
delete from md_column where (id='bd_defdoc@@@pid');
delete from md_column where (id='bd_defdoc@@@memo');
delete from md_column where (id='bd_defdoc@@@creator');
delete from md_column where (id='bd_defdoc@@@creationtime');
delete from md_column where (id='bd_defdoc@@@modifier');
delete from md_column where (id='bd_defdoc@@@modifiedtime');
delete from md_column where (id='bd_defdoc@@@innercode');
delete from md_column where (id='bd_defdoc@@@enablestate');
delete from md_column where (id='bd_defdoc@@@dataoriginflag');
delete from md_column where (id='bd_defdoc@@@datatype');
delete from md_column where (id='bd_defdoc@@@def1');
delete from md_column where (id='bd_defdoc@@@def2');
delete from md_column where (id='bd_defdoc@@@def3');
delete from md_column where (id='bd_defdoc@@@def4');
delete from md_column where (id='bd_defdoc@@@def5');
delete from md_column where (id='bd_defdoc@@@def6');
delete from md_column where (id='bd_defdoc@@@def7');
delete from md_column where (id='bd_defdoc@@@def8');
delete from md_column where (id='bd_defdoc@@@def9');
delete from md_column where (id='bd_defdoc@@@def10');
delete from md_column where (id='bd_defdoc@@@def11');
delete from md_column where (id='bd_defdoc@@@def12');
delete from md_column where (id='bd_defdoc@@@def13');
delete from md_column where (id='bd_defdoc@@@def14');
delete from md_column where (id='bd_defdoc@@@def15');
delete from md_column where (id='bd_defdoc@@@def16');
delete from md_column where (id='bd_defdoc@@@def17');
delete from md_column where (id='bd_defdoc@@@def18');
delete from md_column where (id='bd_defdoc@@@def19');
delete from md_column where (id='bd_defdoc@@@def20');
delete from md_column where (id='bd_defdoc@@@name2');
delete from md_column where (id='bd_defdoc@@@name3');
delete from md_column where (id='bd_defdoc@@@name4');
delete from md_column where (id='bd_defdoc@@@name5');
delete from md_column where (id='bd_defdoc@@@name6');
delete from md_column where (id='bd_defdoc@@@shortname2');
delete from md_column where (id='bd_defdoc@@@shortname3');
delete from md_column where (id='bd_defdoc@@@shortname4');
delete from md_column where (id='bd_defdoc@@@shortname5');
delete from md_column where (id='bd_defdoc@@@shortname6');


insert into md_component ( createtime, creator, description, displayname, dr, fromsourcebmf, help, id, industry, isbizmodel, modifier, modifytime, name, namespace, ownmodule, preload, resid, resmodule, ts, version, versiontype ) values (  '2018-11-12 17:53:12', null, null, '产品系列(自定义档案)',0, 'Y', null, 'c4d45ab6-e660-11e8-8985-5f606a994521', '0', 'N', null, null, 'Defdoc-C0J00102', 'uap', 'uapbd', null, null, '10140uddb', '2018-11-19 11:25:05', '1',0 ) ;
insert into md_class ( id, accessorclassname, classtype, componentid, createtime, creator, description, displayname, dr, fullclassname, help, isactive, keyattribute, modifier, modifytime, name, parentclassid, precise, refmodelname, returntype, ts, versiontype, isprimary, defaulttablename, stereotype, isauthen, resid, bizitfimpclassname, modinfoclassname, iscreatesql, isextendbean, userdefclassname, industry, fixedlength ) values (  '1001AA100000000001H7', 'nc.md.model.access.javamap.NCBeanStyle',201, 'c4d45ab6-e660-11e8-8985-5f606a994521', '2018-11-12 17:53:12', null, null, '产品系列(自定义档案)',0, 'nc.vo.bd.defdoc.DefdocVO', 'ignorebdmode,BDMODE,URC,DEFDOC,BUSILOG,DOC', null, 'c4d45abc-e660-11e8-8985-5f606a994521', null, null, 'Defdoc-C0J00102', null,null, '产品系列(自定义档案)', null, '2018-11-19 11:25:05',0, 'Y', 'bd_defdoc', null, 'Y', null, null, null, 'Y', null, null, '0', null ) ;
insert into md_property ( id, accessorclassname, classid, createtime, creator, datatype, datatypestyle, defaultvalue, description, displayname, dr, help, isactive, hided, nullable, readonly, attrlength, attrmaxvalue, attrminvalue, modifier, modifytime, name, precise, refmodelname, attrsequence, ts, visibility, versiontype, fixedlength, calculation, isauthen, resid, customattr, notserialize, dynamicattr, dynamictable, accesspower, accesspowergroup, industry ) values (  'c4d45abc-e660-11e8-8985-5f606a994521', null, '1001AA100000000001H7', null, null, 'BS000010000100001051',300, null, null, '自定义档案主键',0, null, 'Y', 'N', 'N', 'N',20, null, null, null, null, 'pk_defdoc',0, null,0, '2018-11-19 11:25:05',0,0, 'N', 'N', 'Y', '2UC000-000747', 'N', 'N', 'N', null, 'N', null, '0' ) ;
insert into md_property ( id, accessorclassname, classid, createtime, creator, datatype, datatypestyle, defaultvalue, description, displayname, dr, help, isactive, hided, nullable, readonly, attrlength, attrmaxvalue, attrminvalue, modifier, modifytime, name, precise, refmodelname, attrsequence, ts, visibility, versiontype, fixedlength, calculation, isauthen, resid, customattr, notserialize, dynamicattr, dynamictable, accesspower, accesspowergroup, industry ) values (  'c4d45ac7-e660-11e8-8985-5f606a994521', null, '1001AA100000000001H7', null, null, '16c1dca0-e3ed-4dcc-8ed7-75fd59e2bef1',305, null, null, '自定义档案列表主键',0, null, 'Y', 'N', 'N', 'N',20, null, null, null, null, 'pk_defdoclist',0, '自定义档案列表',1, '2018-11-19 11:25:05',0,0, 'N', 'N', 'Y', '2UC000-000748', 'N', 'N', 'N', null, 'N', null, '0' ) ;
insert into md_property ( id, accessorclassname, classid, createtime, creator, datatype, datatypestyle, defaultvalue, description, displayname, dr, help, isactive, hided, nullable, readonly, attrlength, attrmaxvalue, attrminvalue, modifier, modifytime, name, precise, refmodelname, attrsequence, ts, visibility, versiontype, fixedlength, calculation, isauthen, resid, customattr, notserialize, dynamicattr, dynamictable, accesspower, accesspowergroup, industry ) values (  'c4d45ac9-e660-11e8-8985-5f606a994521', null, '1001AA100000000001H7', null, null, '985be8a4-3a36-4778-8afe-2d8ed3902659',305, null, null, '所属组织',0, null, 'Y', 'N', 'N', 'N',20, null, null, null, null, 'pk_org',0, '业务单元',2, '2018-11-19 11:25:05',0,0, 'N', 'N', 'Y', '2UC000-000360', 'N', 'N', 'N', null, 'N', null, '0' ) ;
insert into md_property ( id, accessorclassname, classid, createtime, creator, datatype, datatypestyle, defaultvalue, description, displayname, dr, help, isactive, hided, nullable, readonly, attrlength, attrmaxvalue, attrminvalue, modifier, modifytime, name, precise, refmodelname, attrsequence, ts, visibility, versiontype, fixedlength, calculation, isauthen, resid, customattr, notserialize, dynamicattr, dynamictable, accesspower, accesspowergroup, industry ) values (  'c4d45ac8-e660-11e8-8985-5f606a994521', null, '1001AA100000000001H7', null, null, '3b6dd171-2900-47f3-bfbe-41e4483a2a65',305, null, null, '所属集团',0, null, 'Y', 'N', 'Y', 'N',20, null, null, null, null, 'pk_group',0, '集团',3, '2018-11-19 11:25:05',0,0, 'N', 'N', 'Y', '2UC000-000367', 'N', 'N', 'N', null, 'N', null, '0' ) ;
insert into md_property ( id, accessorclassname, classid, createtime, creator, datatype, datatypestyle, defaultvalue, description, displayname, dr, help, isactive, hided, nullable, readonly, attrlength, attrmaxvalue, attrminvalue, modifier, modifytime, name, precise, refmodelname, attrsequence, ts, visibility, versiontype, fixedlength, calculation, isauthen, resid, customattr, notserialize, dynamicattr, dynamictable, accesspower, accesspowergroup, industry ) values (  'c4d45ab5-e660-11e8-8985-5f606a994521', null, '1001AA100000000001H7', null, null, 'BS000010000100001001',300, null, null, '档案编码',0, 'URC', 'Y', 'N', 'N', 'N',40, null, null, null, null, 'code',0, null,4, '2018-11-19 11:25:05',0,0, 'N', 'N', 'Y', '2UC000-000557', 'N', 'N', 'N', null, 'N', null, '0' ) ;
insert into md_property ( id, accessorclassname, classid, createtime, creator, datatype, datatypestyle, defaultvalue, description, displayname, dr, help, isactive, hided, nullable, readonly, attrlength, attrmaxvalue, attrminvalue, modifier, modifytime, name, precise, refmodelname, attrsequence, ts, visibility, versiontype, fixedlength, calculation, isauthen, resid, customattr, notserialize, dynamicattr, dynamictable, accesspower, accesspowergroup, industry ) values (  'c4d45ac2-e660-11e8-8985-5f606a994521', null, '1001AA100000000001H7', null, null, 'BS000010000100001058',300, null, null, '档案名称',0, 'URC', 'Y', 'N', 'Y', 'N',200, null, null, null, null, 'name',0, null,5, '2018-11-19 11:25:05',0,0, 'N', 'N', 'Y', '2UC000-000556', 'N', 'N', 'N', null, 'N', null, '0' ) ;
insert into md_property ( id, accessorclassname, classid, createtime, creator, datatype, datatypestyle, defaultvalue, description, displayname, dr, help, isactive, hided, nullable, readonly, attrlength, attrmaxvalue, attrminvalue, modifier, modifytime, name, precise, refmodelname, attrsequence, ts, visibility, versiontype, fixedlength, calculation, isauthen, resid, customattr, notserialize, dynamicattr, dynamictable, accesspower, accesspowergroup, industry ) values (  'c4d45ac3-e660-11e8-8985-5f606a994521', null, '1001AA100000000001H7', null, null, 'BS000010000100001058',300, null, null, '简称',0, null, 'Y', 'N', 'Y', 'N',200, null, null, null, null, 'shortname',0, null,6, '2018-11-19 11:25:05',0,0, 'N', 'N', 'Y', '2UC000-000675', 'N', 'N', 'N', null, 'N', null, '0' ) ;
insert into md_property ( id, accessorclassname, classid, createtime, creator, datatype, datatypestyle, defaultvalue, description, displayname, dr, help, isactive, hided, nullable, readonly, attrlength, attrmaxvalue, attrminvalue, modifier, modifytime, name, precise, refmodelname, attrsequence, ts, visibility, versiontype, fixedlength, calculation, isauthen, resid, customattr, notserialize, dynamicattr, dynamictable, accesspower, accesspowergroup, industry ) values (  'c4d45abe-e660-11e8-8985-5f606a994521', null, '1001AA100000000001H7', null, null, 'BS000010000100001001',300, null, null, '助记码',0, null, 'Y', 'N', 'Y', 'N',50, null, null, null, null, 'mnecode',0, null,7, '2018-11-19 11:25:05',0,0, 'N', 'N', 'Y', '2UC000-000172', 'N', 'N', 'N', null, 'N', null, '0' ) ;
insert into md_property ( id, accessorclassname, classid, createtime, creator, datatype, datatypestyle, defaultvalue, description, displayname, dr, help, isactive, hided, nullable, readonly, attrlength, attrmaxvalue, attrminvalue, modifier, modifytime, name, precise, refmodelname, attrsequence, ts, visibility, versiontype, fixedlength, calculation, isauthen, resid, customattr, notserialize, dynamicattr, dynamictable, accesspower, accesspowergroup, industry ) values (  'c4d45ac5-e660-11e8-8985-5f606a994521', null, '1001AA100000000001H7', null, null, 'BS000010000100001001',300, null, null, '上级档案',0, null, 'Y', 'N', 'Y', 'N',20, null, null, null, null, 'pid',0, null,8, '2018-11-19 11:25:05',0,0, 'N', 'N', 'Y', '2UC000-000007', 'N', 'N', 'N', null, 'N', null, '0' ) ;
insert into md_property ( id, accessorclassname, classid, createtime, creator, datatype, datatypestyle, defaultvalue, description, displayname, dr, help, isactive, hided, nullable, readonly, attrlength, attrmaxvalue, attrminvalue, modifier, modifytime, name, precise, refmodelname, attrsequence, ts, visibility, versiontype, fixedlength, calculation, isauthen, resid, customattr, notserialize, dynamicattr, dynamictable, accesspower, accesspowergroup, industry ) values (  'c4d45abd-e660-11e8-8985-5f606a994521', null, '1001AA100000000001H7', null, null, 'BS000010000100001001',300, null, null, '备注',0, null, 'Y', 'N', 'Y', 'N',200, null, null, null, null, 'memo',0, null,9, '2018-11-19 11:25:05',0,0, 'N', 'N', 'Y', '2UC000-000258', 'N', 'N', 'N', null, 'N', null, '0' ) ;
insert into md_property ( id, accessorclassname, classid, createtime, creator, datatype, datatypestyle, defaultvalue, description, displayname, dr, help, isactive, hided, nullable, readonly, attrlength, attrmaxvalue, attrminvalue, modifier, modifytime, name, precise, refmodelname, attrsequence, ts, visibility, versiontype, fixedlength, calculation, isauthen, resid, customattr, notserialize, dynamicattr, dynamictable, accesspower, accesspowergroup, industry ) values (  'c4d45ab9-e660-11e8-8985-5f606a994521', null, '1001AA100000000001H7', null, null, 'f6f9a473-56c0-432f-8bc7-fbf8fde54fee',305, null, null, '创建人',0, null, 'Y', 'N', 'Y', 'N',20, null, null, null, null, 'creator',0, '用户',10, '2018-11-19 11:25:05',0,0, 'N', 'N', 'Y', '2UC000-000155', 'N', 'N', 'N', null, 'N', null, '0' ) ;
insert into md_property ( id, accessorclassname, classid, createtime, creator, datatype, datatypestyle, defaultvalue, description, displayname, dr, help, isactive, hided, nullable, readonly, attrlength, attrmaxvalue, attrminvalue, modifier, modifytime, name, precise, refmodelname, attrsequence, ts, visibility, versiontype, fixedlength, calculation, isauthen, resid, customattr, notserialize, dynamicattr, dynamictable, accesspower, accesspowergroup, industry ) values (  'c4d45ab8-e660-11e8-8985-5f606a994521', null, '1001AA100000000001H7', null, null, 'BS000010000100001034',300, null, null, '创建时间',0, null, 'Y', 'N', 'Y', 'N',19, null, null, null, null, 'creationtime',0, null,11, '2018-11-19 11:25:05',0,0, 'N', 'N', 'Y', '2UC000-000157', 'N', 'N', 'N', null, 'N', null, '0' ) ;
insert into md_property ( id, accessorclassname, classid, createtime, creator, datatype, datatypestyle, defaultvalue, description, displayname, dr, help, isactive, hided, nullable, readonly, attrlength, attrmaxvalue, attrminvalue, modifier, modifytime, name, precise, refmodelname, attrsequence, ts, visibility, versiontype, fixedlength, calculation, isauthen, resid, customattr, notserialize, dynamicattr, dynamictable, accesspower, accesspowergroup, industry ) values (  'c4d45abf-e660-11e8-8985-5f606a994521', null, '1001AA100000000001H7', null, null, 'f6f9a473-56c0-432f-8bc7-fbf8fde54fee',305, null, null, '最后修改人',0, null, 'Y', 'N', 'Y', 'N',20, null, null, null, null, 'modifier',0, '用户',12, '2018-11-19 11:25:05',0,0, 'N', 'N', 'Y', '2UC000-000490', 'N', 'N', 'N', null, 'N', null, '0' ) ;
insert into md_property ( id, accessorclassname, classid, createtime, creator, datatype, datatypestyle, defaultvalue, description, displayname, dr, help, isactive, hided, nullable, readonly, attrlength, attrmaxvalue, attrminvalue, modifier, modifytime, name, precise, refmodelname, attrsequence, ts, visibility, versiontype, fixedlength, calculation, isauthen, resid, customattr, notserialize, dynamicattr, dynamictable, accesspower, accesspowergroup, industry ) values (  'c4d45ac1-e660-11e8-8985-5f606a994521', null, '1001AA100000000001H7', null, null, 'BS000010000100001034',300, null, null, '最后修改时间',0, null, 'Y', 'N', 'Y', 'N',19, null, null, null, null, 'modifiedtime',0, null,13, '2018-11-19 11:25:05',0,0, 'N', 'N', 'Y', '2UC000-000491', 'N', 'N', 'N', null, 'N', null, '0' ) ;
insert into md_property ( id, accessorclassname, classid, createtime, creator, datatype, datatypestyle, defaultvalue, description, displayname, dr, help, isactive, hided, nullable, readonly, attrlength, attrmaxvalue, attrminvalue, modifier, modifytime, name, precise, refmodelname, attrsequence, ts, visibility, versiontype, fixedlength, calculation, isauthen, resid, customattr, notserialize, dynamicattr, dynamictable, accesspower, accesspowergroup, industry ) values (  'c4d45abb-e660-11e8-8985-5f606a994521', null, '1001AA100000000001H7', null, null, 'BS000010000100001001',300, null, null, '内部编码',0, null, 'Y', 'N', 'Y', 'N',200, null, null, null, null, 'innercode',0, null,14, '2018-11-19 11:25:05',0,0, 'N', 'N', 'Y', '2UC000-000136', 'N', 'N', 'N', null, 'N', null, '0' ) ;
insert into md_property ( id, accessorclassname, classid, createtime, creator, datatype, datatypestyle, defaultvalue, description, displayname, dr, help, isactive, hided, nullable, readonly, attrlength, attrmaxvalue, attrminvalue, modifier, modifytime, name, precise, refmodelname, attrsequence, ts, visibility, versiontype, fixedlength, calculation, isauthen, resid, customattr, notserialize, dynamicattr, dynamictable, accesspower, accesspowergroup, industry ) values (  'c4d45aca-e660-11e8-8985-5f606a994521', null, '1001AA100000000001H7', null, null, '6b533ffa-3e43-4147-8670-ba0f5471fd40',300, null, null, '启用状态',0, null, 'Y', 'N', 'Y', 'N',0, null, null, null, null, 'enablestate',0, null,15, '2018-11-19 11:25:05',0,0, 'N', 'N', 'Y', '2UC000-000249', 'N', 'N', 'N', null, 'N', null, '0' ) ;
insert into md_property ( id, accessorclassname, classid, createtime, creator, datatype, datatypestyle, defaultvalue, description, displayname, dr, help, isactive, hided, nullable, readonly, attrlength, attrmaxvalue, attrminvalue, modifier, modifytime, name, precise, refmodelname, attrsequence, ts, visibility, versiontype, fixedlength, calculation, isauthen, resid, customattr, notserialize, dynamicattr, dynamictable, accesspower, accesspowergroup, industry ) values (  'c4d45acc-e660-11e8-8985-5f606a994521', null, '1001AA100000000001H7', null, null, 'BS000010000100001004',300, null, null, '分布式',0, null, 'Y', 'N', 'Y', 'N',0, null, null, null, null, 'dataoriginflag',0, null,16, '2018-11-19 11:25:05',0,0, 'N', 'N', 'Y', '2UC000-000151', 'N', 'N', 'N', null, 'N', null, '0' ) ;
insert into md_property ( id, accessorclassname, classid, createtime, creator, datatype, datatypestyle, defaultvalue, description, displayname, dr, help, isactive, hided, nullable, readonly, attrlength, attrmaxvalue, attrminvalue, modifier, modifytime, name, precise, refmodelname, attrsequence, ts, visibility, versiontype, fixedlength, calculation, isauthen, resid, customattr, notserialize, dynamicattr, dynamictable, accesspower, accesspowergroup, industry ) values (  'c4d45acd-e660-11e8-8985-5f606a994521', null, '1001AA100000000001H7', null, null, 'ba3f1197-8584-445d-88a0-102e505f94e5',300, '1', null, '数据类型',0, null, 'Y', 'N', 'Y', 'N',0, null, null, null, null, 'datatype',0, null,17, '2018-11-19 11:25:05',0,0, 'N', 'N', 'Y', '2UC000-000458', 'N', 'N', 'N', null, 'N', null, '0' ) ;
insert into md_property ( id, accessorclassname, classid, createtime, creator, datatype, datatypestyle, defaultvalue, description, displayname, dr, help, isactive, hided, nullable, readonly, attrlength, attrmaxvalue, attrminvalue, modifier, modifytime, name, precise, refmodelname, attrsequence, ts, visibility, versiontype, fixedlength, calculation, isauthen, resid, customattr, notserialize, dynamicattr, dynamictable, accesspower, accesspowergroup, industry ) values (  'c4d45ace-e660-11e8-8985-5f606a994521', null, '1001AA100000000001H7', null, null, 'BS000010000100001056',300, null, null, '自定义项1',0, null, 'Y', 'N', 'Y', 'N',101, null, null, null, null, 'def1',0, null,18, '2018-11-19 11:25:05',0,-1, 'N', 'N', 'Y', null, 'Y', 'N', 'N', null, 'N', null, '0' ) ;
insert into md_property ( id, accessorclassname, classid, createtime, creator, datatype, datatypestyle, defaultvalue, description, displayname, dr, help, isactive, hided, nullable, readonly, attrlength, attrmaxvalue, attrminvalue, modifier, modifytime, name, precise, refmodelname, attrsequence, ts, visibility, versiontype, fixedlength, calculation, isauthen, resid, customattr, notserialize, dynamicattr, dynamictable, accesspower, accesspowergroup, industry ) values (  'c4d45acf-e660-11e8-8985-5f606a994521', null, '1001AA100000000001H7', null, null, 'BS000010000100001056',300, null, null, '自定义项2',0, null, 'Y', 'N', 'Y', 'N',101, null, null, null, null, 'def2',0, null,19, '2018-11-19 11:25:05',0,-1, 'N', 'N', 'Y', null, 'Y', 'N', 'N', null, 'N', null, '0' ) ;
insert into md_property ( id, accessorclassname, classid, createtime, creator, datatype, datatypestyle, defaultvalue, description, displayname, dr, help, isactive, hided, nullable, readonly, attrlength, attrmaxvalue, attrminvalue, modifier, modifytime, name, precise, refmodelname, attrsequence, ts, visibility, versiontype, fixedlength, calculation, isauthen, resid, customattr, notserialize, dynamicattr, dynamictable, accesspower, accesspowergroup, industry ) values (  'c4d45ad0-e660-11e8-8985-5f606a994521', null, '1001AA100000000001H7', null, null, 'BS000010000100001056',300, null, null, '自定义项3',0, null, 'Y', 'N', 'Y', 'N',101, null, null, null, null, 'def3',0, null,20, '2018-11-19 11:25:05',0,-1, 'N', 'N', 'Y', null, 'Y', 'N', 'N', null, 'N', null, '0' ) ;
insert into md_property ( id, accessorclassname, classid, createtime, creator, datatype, datatypestyle, defaultvalue, description, displayname, dr, help, isactive, hided, nullable, readonly, attrlength, attrmaxvalue, attrminvalue, modifier, modifytime, name, precise, refmodelname, attrsequence, ts, visibility, versiontype, fixedlength, calculation, isauthen, resid, customattr, notserialize, dynamicattr, dynamictable, accesspower, accesspowergroup, industry ) values (  'c4d45ad1-e660-11e8-8985-5f606a994521', null, '1001AA100000000001H7', null, null, 'BS000010000100001056',300, null, null, '自定义项4',0, null, 'Y', 'N', 'Y', 'N',101, null, null, null, null, 'def4',0, null,21, '2018-11-19 11:25:05',0,-1, 'N', 'N', 'Y', null, 'Y', 'N', 'N', null, 'N', null, '0' ) ;
insert into md_property ( id, accessorclassname, classid, createtime, creator, datatype, datatypestyle, defaultvalue, description, displayname, dr, help, isactive, hided, nullable, readonly, attrlength, attrmaxvalue, attrminvalue, modifier, modifytime, name, precise, refmodelname, attrsequence, ts, visibility, versiontype, fixedlength, calculation, isauthen, resid, customattr, notserialize, dynamicattr, dynamictable, accesspower, accesspowergroup, industry ) values (  'c4d45ad2-e660-11e8-8985-5f606a994521', null, '1001AA100000000001H7', null, null, 'BS000010000100001056',300, null, null, '自定义项5',0, null, 'Y', 'N', 'Y', 'N',101, null, null, null, null, 'def5',0, null,22, '2018-11-19 11:25:05',0,-1, 'N', 'N', 'Y', null, 'Y', 'N', 'N', null, 'N', null, '0' ) ;
insert into md_property ( id, accessorclassname, classid, createtime, creator, datatype, datatypestyle, defaultvalue, description, displayname, dr, help, isactive, hided, nullable, readonly, attrlength, attrmaxvalue, attrminvalue, modifier, modifytime, name, precise, refmodelname, attrsequence, ts, visibility, versiontype, fixedlength, calculation, isauthen, resid, customattr, notserialize, dynamicattr, dynamictable, accesspower, accesspowergroup, industry ) values (  'c4d4a8f3-e660-11e8-8985-5f606a994521', null, '1001AA100000000001H7', null, null, 'BS000010000100001056',300, null, null, '自定义项6',0, null, 'Y', 'N', 'Y', 'N',101, null, null, null, null, 'def6',0, null,23, '2018-11-19 11:25:05',0,-1, 'N', 'N', 'Y', null, 'Y', 'N', 'N', null, 'N', null, '0' ) ;
insert into md_property ( id, accessorclassname, classid, createtime, creator, datatype, datatypestyle, defaultvalue, description, displayname, dr, help, isactive, hided, nullable, readonly, attrlength, attrmaxvalue, attrminvalue, modifier, modifytime, name, precise, refmodelname, attrsequence, ts, visibility, versiontype, fixedlength, calculation, isauthen, resid, customattr, notserialize, dynamicattr, dynamictable, accesspower, accesspowergroup, industry ) values (  'c4d4a8f4-e660-11e8-8985-5f606a994521', null, '1001AA100000000001H7', null, null, 'BS000010000100001056',300, null, null, '自定义项7',0, null, 'Y', 'N', 'Y', 'N',101, null, null, null, null, 'def7',0, null,24, '2018-11-19 11:25:05',0,-1, 'N', 'N', 'Y', null, 'Y', 'N', 'N', null, 'N', null, '0' ) ;
insert into md_property ( id, accessorclassname, classid, createtime, creator, datatype, datatypestyle, defaultvalue, description, displayname, dr, help, isactive, hided, nullable, readonly, attrlength, attrmaxvalue, attrminvalue, modifier, modifytime, name, precise, refmodelname, attrsequence, ts, visibility, versiontype, fixedlength, calculation, isauthen, resid, customattr, notserialize, dynamicattr, dynamictable, accesspower, accesspowergroup, industry ) values (  'c4d4a8f5-e660-11e8-8985-5f606a994521', null, '1001AA100000000001H7', null, null, 'BS000010000100001056',300, null, null, '自定义项8',0, null, 'Y', 'N', 'Y', 'N',101, null, null, null, null, 'def8',0, null,25, '2018-11-19 11:25:05',0,-1, 'N', 'N', 'Y', null, 'Y', 'N', 'N', null, 'N', null, '0' ) ;
insert into md_property ( id, accessorclassname, classid, createtime, creator, datatype, datatypestyle, defaultvalue, description, displayname, dr, help, isactive, hided, nullable, readonly, attrlength, attrmaxvalue, attrminvalue, modifier, modifytime, name, precise, refmodelname, attrsequence, ts, visibility, versiontype, fixedlength, calculation, isauthen, resid, customattr, notserialize, dynamicattr, dynamictable, accesspower, accesspowergroup, industry ) values (  'c4d4a8f6-e660-11e8-8985-5f606a994521', null, '1001AA100000000001H7', null, null, 'BS000010000100001056',300, null, null, '自定义项9',0, null, 'Y', 'N', 'Y', 'N',101, null, null, null, null, 'def9',0, null,26, '2018-11-19 11:25:05',0,-1, 'N', 'N', 'Y', null, 'Y', 'N', 'N', null, 'N', null, '0' ) ;
insert into md_property ( id, accessorclassname, classid, createtime, creator, datatype, datatypestyle, defaultvalue, description, displayname, dr, help, isactive, hided, nullable, readonly, attrlength, attrmaxvalue, attrminvalue, modifier, modifytime, name, precise, refmodelname, attrsequence, ts, visibility, versiontype, fixedlength, calculation, isauthen, resid, customattr, notserialize, dynamicattr, dynamictable, accesspower, accesspowergroup, industry ) values (  'c4d4a8f7-e660-11e8-8985-5f606a994521', null, '1001AA100000000001H7', null, null, 'BS000010000100001056',300, null, null, '自定义项10',0, null, 'Y', 'N', 'Y', 'N',101, null, null, null, null, 'def10',0, null,27, '2018-11-19 11:25:05',0,-1, 'N', 'N', 'Y', null, 'Y', 'N', 'N', null, 'N', null, '0' ) ;
insert into md_property ( id, accessorclassname, classid, createtime, creator, datatype, datatypestyle, defaultvalue, description, displayname, dr, help, isactive, hided, nullable, readonly, attrlength, attrmaxvalue, attrminvalue, modifier, modifytime, name, precise, refmodelname, attrsequence, ts, visibility, versiontype, fixedlength, calculation, isauthen, resid, customattr, notserialize, dynamicattr, dynamictable, accesspower, accesspowergroup, industry ) values (  'c4d4a8f8-e660-11e8-8985-5f606a994521', null, '1001AA100000000001H7', null, null, 'BS000010000100001056',300, null, null, '自定义项11',0, null, 'Y', 'N', 'Y', 'N',101, null, null, null, null, 'def11',0, null,28, '2018-11-19 11:25:05',0,-1, 'N', 'N', 'Y', null, 'Y', 'N', 'N', null, 'N', null, '0' ) ;
insert into md_property ( id, accessorclassname, classid, createtime, creator, datatype, datatypestyle, defaultvalue, description, displayname, dr, help, isactive, hided, nullable, readonly, attrlength, attrmaxvalue, attrminvalue, modifier, modifytime, name, precise, refmodelname, attrsequence, ts, visibility, versiontype, fixedlength, calculation, isauthen, resid, customattr, notserialize, dynamicattr, dynamictable, accesspower, accesspowergroup, industry ) values (  'c4d4a8f9-e660-11e8-8985-5f606a994521', null, '1001AA100000000001H7', null, null, 'BS000010000100001056',300, null, null, '自定义项12',0, null, 'Y', 'N', 'Y', 'N',101, null, null, null, null, 'def12',0, null,29, '2018-11-19 11:25:05',0,-1, 'N', 'N', 'Y', null, 'Y', 'N', 'N', null, 'N', null, '0' ) ;
insert into md_property ( id, accessorclassname, classid, createtime, creator, datatype, datatypestyle, defaultvalue, description, displayname, dr, help, isactive, hided, nullable, readonly, attrlength, attrmaxvalue, attrminvalue, modifier, modifytime, name, precise, refmodelname, attrsequence, ts, visibility, versiontype, fixedlength, calculation, isauthen, resid, customattr, notserialize, dynamicattr, dynamictable, accesspower, accesspowergroup, industry ) values (  'c4d4a8fa-e660-11e8-8985-5f606a994521', null, '1001AA100000000001H7', null, null, 'BS000010000100001056',300, null, null, '自定义项13',0, null, 'Y', 'N', 'Y', 'N',101, null, null, null, null, 'def13',0, null,30, '2018-11-19 11:25:05',0,-1, 'N', 'N', 'Y', null, 'Y', 'N', 'N', null, 'N', null, '0' ) ;
insert into md_property ( id, accessorclassname, classid, createtime, creator, datatype, datatypestyle, defaultvalue, description, displayname, dr, help, isactive, hided, nullable, readonly, attrlength, attrmaxvalue, attrminvalue, modifier, modifytime, name, precise, refmodelname, attrsequence, ts, visibility, versiontype, fixedlength, calculation, isauthen, resid, customattr, notserialize, dynamicattr, dynamictable, accesspower, accesspowergroup, industry ) values (  'c4d4a8fb-e660-11e8-8985-5f606a994521', null, '1001AA100000000001H7', null, null, 'BS000010000100001056',300, null, null, '自定义项14',0, null, 'Y', 'N', 'Y', 'N',101, null, null, null, null, 'def14',0, null,31, '2018-11-19 11:25:05',0,-1, 'N', 'N', 'Y', null, 'Y', 'N', 'N', null, 'N', null, '0' ) ;
insert into md_property ( id, accessorclassname, classid, createtime, creator, datatype, datatypestyle, defaultvalue, description, displayname, dr, help, isactive, hided, nullable, readonly, attrlength, attrmaxvalue, attrminvalue, modifier, modifytime, name, precise, refmodelname, attrsequence, ts, visibility, versiontype, fixedlength, calculation, isauthen, resid, customattr, notserialize, dynamicattr, dynamictable, accesspower, accesspowergroup, industry ) values (  'c4d4a8fc-e660-11e8-8985-5f606a994521', null, '1001AA100000000001H7', null, null, 'BS000010000100001056',300, null, null, '自定义项15',0, null, 'Y', 'N', 'Y', 'N',101, null, null, null, null, 'def15',0, null,32, '2018-11-19 11:25:05',0,-1, 'N', 'N', 'Y', null, 'Y', 'N', 'N', null, 'N', null, '0' ) ;
insert into md_property ( id, accessorclassname, classid, createtime, creator, datatype, datatypestyle, defaultvalue, description, displayname, dr, help, isactive, hided, nullable, readonly, attrlength, attrmaxvalue, attrminvalue, modifier, modifytime, name, precise, refmodelname, attrsequence, ts, visibility, versiontype, fixedlength, calculation, isauthen, resid, customattr, notserialize, dynamicattr, dynamictable, accesspower, accesspowergroup, industry ) values (  'c4d4a8fd-e660-11e8-8985-5f606a994521', null, '1001AA100000000001H7', null, null, 'BS000010000100001056',300, null, null, '自定义项16',0, null, 'Y', 'N', 'Y', 'N',101, null, null, null, null, 'def16',0, null,33, '2018-11-19 11:25:05',0,-1, 'N', 'N', 'Y', null, 'Y', 'N', 'N', null, 'N', null, '0' ) ;
insert into md_property ( id, accessorclassname, classid, createtime, creator, datatype, datatypestyle, defaultvalue, description, displayname, dr, help, isactive, hided, nullable, readonly, attrlength, attrmaxvalue, attrminvalue, modifier, modifytime, name, precise, refmodelname, attrsequence, ts, visibility, versiontype, fixedlength, calculation, isauthen, resid, customattr, notserialize, dynamicattr, dynamictable, accesspower, accesspowergroup, industry ) values (  'c4d4a8fe-e660-11e8-8985-5f606a994521', null, '1001AA100000000001H7', null, null, 'BS000010000100001056',300, null, null, '自定义项17',0, null, 'Y', 'N', 'Y', 'N',101, null, null, null, null, 'def17',0, null,34, '2018-11-19 11:25:05',0,-1, 'N', 'N', 'Y', null, 'Y', 'N', 'N', null, 'N', null, '0' ) ;
insert into md_property ( id, accessorclassname, classid, createtime, creator, datatype, datatypestyle, defaultvalue, description, displayname, dr, help, isactive, hided, nullable, readonly, attrlength, attrmaxvalue, attrminvalue, modifier, modifytime, name, precise, refmodelname, attrsequence, ts, visibility, versiontype, fixedlength, calculation, isauthen, resid, customattr, notserialize, dynamicattr, dynamictable, accesspower, accesspowergroup, industry ) values (  'c4d4a8ff-e660-11e8-8985-5f606a994521', null, '1001AA100000000001H7', null, null, 'BS000010000100001056',300, null, null, '自定义项18',0, null, 'Y', 'N', 'Y', 'N',101, null, null, null, null, 'def18',0, null,35, '2018-11-19 11:25:05',0,-1, 'N', 'N', 'Y', null, 'Y', 'N', 'N', null, 'N', null, '0' ) ;
insert into md_property ( id, accessorclassname, classid, createtime, creator, datatype, datatypestyle, defaultvalue, description, displayname, dr, help, isactive, hided, nullable, readonly, attrlength, attrmaxvalue, attrminvalue, modifier, modifytime, name, precise, refmodelname, attrsequence, ts, visibility, versiontype, fixedlength, calculation, isauthen, resid, customattr, notserialize, dynamicattr, dynamictable, accesspower, accesspowergroup, industry ) values (  'c4d4a900-e660-11e8-8985-5f606a994521', null, '1001AA100000000001H7', null, null, 'BS000010000100001056',300, null, null, '自定义项19',0, null, 'Y', 'N', 'Y', 'N',101, null, null, null, null, 'def19',0, null,36, '2018-11-19 11:25:05',0,-1, 'N', 'N', 'Y', null, 'Y', 'N', 'N', null, 'N', null, '0' ) ;
insert into md_property ( id, accessorclassname, classid, createtime, creator, datatype, datatypestyle, defaultvalue, description, displayname, dr, help, isactive, hided, nullable, readonly, attrlength, attrmaxvalue, attrminvalue, modifier, modifytime, name, precise, refmodelname, attrsequence, ts, visibility, versiontype, fixedlength, calculation, isauthen, resid, customattr, notserialize, dynamicattr, dynamictable, accesspower, accesspowergroup, industry ) values (  'c4d4a901-e660-11e8-8985-5f606a994521', null, '1001AA100000000001H7', null, null, 'BS000010000100001056',300, null, null, '自定义项20',0, null, 'Y', 'N', 'Y', 'N',101, null, null, null, null, 'def20',0, null,37, '2018-11-19 11:25:05',0,-1, 'N', 'N', 'Y', null, 'Y', 'N', 'N', null, 'N', null, '0' ) ;
insert into md_bizItfMap ( bizinterfaceid, intattrid, classid, classattrid, bizitfimpclassname, classattrpath, dr, ts ) values (  '6c8722b9-911a-489b-8d0d-18bd3734fcf6', '5dd3c721-22ad-42b1-9c10-4351c236bc77', '1001AA100000000001H7', 'c4d45abc-e660-11e8-8985-5f606a994521', null, null,0, '2018-11-19 11:25:05' ) ;
insert into md_bizItfMap ( bizinterfaceid, intattrid, classid, classattrid, bizitfimpclassname, classattrpath, dr, ts ) values (  '6c8722b9-911a-489b-8d0d-18bd3734fcf6', 'ecf1b76a-6e44-42e2-a55e-87596504775b', '1001AA100000000001H7', 'c4d45ac9-e660-11e8-8985-5f606a994521', null, null,0, '2018-11-19 11:25:05' ) ;
insert into md_bizItfMap ( bizinterfaceid, intattrid, classid, classattrid, bizitfimpclassname, classattrpath, dr, ts ) values (  '6c8722b9-911a-489b-8d0d-18bd3734fcf6', 'd32cc17b-f415-415a-923f-0764443eb102', '1001AA100000000001H7', 'c4d45ab5-e660-11e8-8985-5f606a994521', null, null,0, '2018-11-19 11:25:05' ) ;
insert into md_bizItfMap ( bizinterfaceid, intattrid, classid, classattrid, bizitfimpclassname, classattrpath, dr, ts ) values (  '6c8722b9-911a-489b-8d0d-18bd3734fcf6', '89578a97-42fe-439b-827c-8eabd9e3604c', '1001AA100000000001H7', 'c4d45ac2-e660-11e8-8985-5f606a994521', null, null,0, '2018-11-19 11:25:05' ) ;
insert into md_bizItfMap ( bizinterfaceid, intattrid, classid, classattrid, bizitfimpclassname, classattrpath, dr, ts ) values (  '6c8722b9-911a-489b-8d0d-18bd3734fcf6', 'a47e6cda-09e4-480b-923f-ec6f41e3e06c', '1001AA100000000001H7', 'c4d45ac8-e660-11e8-8985-5f606a994521', null, null,0, '2018-11-19 11:25:05' ) ;
insert into md_association ( id, componentid, creator, createtime, dr, endcardinality, startbeanid, endelementid, isactive, modifier, modifytime, name, startcardinality, startelementid, ts, type, versiontype, industry ) values (  '039422e2-bde6-49de-b2c1-bc41a13d0044', 'c4d45ab6-e660-11e8-8985-5f606a994521', null, null,0, '1', '1001AA100000000001H7', '16c1dca0-e3ed-4dcc-8ed7-75fd59e2bef1', 'Y', null, null, 'Defdoc-C0J00102_pk_defdoclist', '1', 'c4d45ac7-e660-11e8-8985-5f606a994521', '2018-11-19 11:25:05',3,0, '0' ) ;
insert into md_association ( id, componentid, creator, createtime, dr, endcardinality, startbeanid, endelementid, isactive, modifier, modifytime, name, startcardinality, startelementid, ts, type, versiontype, industry ) values (  '438ca02e-42ab-4cc4-9d59-39b963370b80', 'c4d45ab6-e660-11e8-8985-5f606a994521', null, null,0, '1', '1001AA100000000001H7', '985be8a4-3a36-4778-8afe-2d8ed3902659', 'Y', null, null, 'Defdoc-C0J00102_pk_org', '1', 'c4d45ac9-e660-11e8-8985-5f606a994521', '2018-11-19 11:25:05',3,0, '0' ) ;
insert into md_association ( id, componentid, creator, createtime, dr, endcardinality, startbeanid, endelementid, isactive, modifier, modifytime, name, startcardinality, startelementid, ts, type, versiontype, industry ) values (  '66104a69-3374-44b0-ab3b-d317935de402', 'c4d45ab6-e660-11e8-8985-5f606a994521', null, null,0, '1', '1001AA100000000001H7', '3b6dd171-2900-47f3-bfbe-41e4483a2a65', 'Y', null, null, 'Defdoc-C0J00102_pk_group', '1', 'c4d45ac8-e660-11e8-8985-5f606a994521', '2018-11-19 11:25:05',3,0, '0' ) ;
insert into md_association ( id, componentid, creator, createtime, dr, endcardinality, startbeanid, endelementid, isactive, modifier, modifytime, name, startcardinality, startelementid, ts, type, versiontype, industry ) values (  '23c464fe-9dd0-41c8-bb4f-165a83340a9e', 'c4d45ab6-e660-11e8-8985-5f606a994521', null, null,0, '1', '1001AA100000000001H7', 'f6f9a473-56c0-432f-8bc7-fbf8fde54fee', 'Y', null, null, 'Defdoc-C0J00102_creator', '1', 'c4d45ab9-e660-11e8-8985-5f606a994521', '2018-11-19 11:25:05',3,0, '0' ) ;
insert into md_association ( id, componentid, creator, createtime, dr, endcardinality, startbeanid, endelementid, isactive, modifier, modifytime, name, startcardinality, startelementid, ts, type, versiontype, industry ) values (  '8ce5c4b1-4311-4281-849a-f780817fc160', 'c4d45ab6-e660-11e8-8985-5f606a994521', null, null,0, '1', '1001AA100000000001H7', 'f6f9a473-56c0-432f-8bc7-fbf8fde54fee', 'Y', null, null, 'Defdoc-C0J00102_modifier', '1', 'c4d45abf-e660-11e8-8985-5f606a994521', '2018-11-19 11:25:05',3,0, '0' ) ;
insert into md_table ( id, createtime, creator, databaseid, description, displayname, dr, help, isactive, fromsourcebmf, modifier, modifytime, name, ts, versiontype, resmodule, resid, parenttable, isextendtable, industry ) values (  'bd_defdoc', '2018-11-12 17:53:12', null, null, null, '产品系列(自定义档案)',0, 'ignorebdmode,BDMODE,URC,DEFDOC,BUSILOG,DOC', null, 'Y', null, null, 'bd_defdoc', '2018-11-19 11:25:05',0, '10140uddb', null, null, null, '0' ) ;
insert into md_column ( id, sqldatetype, createtime, creator, defaultvalue, description, displayname, dr, help, incrementseed, incrementstep, isactive, identitied, pkey, nullable, columnlength, modifier, modifytime, name, precise, columnsequence, tableid, ts, versiontype, resid, groupid, columntype, forlocale ) values (  'bd_defdoc@@PK@@', 'char', null, null, null, null, '自定义档案主键',0, null,null,null, 'Y', null, 'Y', 'N',20, null, null, 'pk_defdoc',0,0, 'bd_defdoc', '2018-11-19 11:25:05',0, '2UC000-000747', null,0, 'N' ) ;
insert into md_column ( id, sqldatetype, createtime, creator, defaultvalue, description, displayname, dr, help, incrementseed, incrementstep, isactive, identitied, pkey, nullable, columnlength, modifier, modifytime, name, precise, columnsequence, tableid, ts, versiontype, resid, groupid, columntype, forlocale ) values (  'bd_defdoc@@@pk_defdoclist', 'char', null, null, null, null, '自定义档案列表主键',0, null,null,null, 'Y', null, 'N', 'N',20, null, null, 'pk_defdoclist',0,1, 'bd_defdoc', '2018-11-19 11:25:05',0, '2UC000-000748', null,0, 'N' ) ;
insert into md_column ( id, sqldatetype, createtime, creator, defaultvalue, description, displayname, dr, help, incrementseed, incrementstep, isactive, identitied, pkey, nullable, columnlength, modifier, modifytime, name, precise, columnsequence, tableid, ts, versiontype, resid, groupid, columntype, forlocale ) values (  'bd_defdoc@@@pk_org', 'char', null, null, null, null, '所属组织',0, null,null,null, 'Y', null, 'N', 'N',20, null, null, 'pk_org',0,2, 'bd_defdoc', '2018-11-19 11:25:05',0, '2UC000-000360', null,0, 'N' ) ;
insert into md_column ( id, sqldatetype, createtime, creator, defaultvalue, description, displayname, dr, help, incrementseed, incrementstep, isactive, identitied, pkey, nullable, columnlength, modifier, modifytime, name, precise, columnsequence, tableid, ts, versiontype, resid, groupid, columntype, forlocale ) values (  'bd_defdoc@@@pk_group', 'varchar', null, null, '*~', null, '所属集团',0, null,null,null, 'Y', null, 'N', 'Y',20, null, null, 'pk_group',0,3, 'bd_defdoc', '2018-11-19 11:25:05',0, '2UC000-000367', null,0, 'N' ) ;
insert into md_column ( id, sqldatetype, createtime, creator, defaultvalue, description, displayname, dr, help, incrementseed, incrementstep, isactive, identitied, pkey, nullable, columnlength, modifier, modifytime, name, precise, columnsequence, tableid, ts, versiontype, resid, groupid, columntype, forlocale ) values (  'bd_defdoc@@@code', 'varchar', null, null, null, null, '档案编码',0, 'URC',null,null, 'Y', null, 'N', 'N',40, null, null, 'code',0,4, 'bd_defdoc', '2018-11-19 11:25:05',0, '2UC000-000557', null,0, 'N' ) ;
insert into md_column ( id, sqldatetype, createtime, creator, defaultvalue, description, displayname, dr, help, incrementseed, incrementstep, isactive, identitied, pkey, nullable, columnlength, modifier, modifytime, name, precise, columnsequence, tableid, ts, versiontype, resid, groupid, columntype, forlocale ) values (  'bd_defdoc@@@name', 'varchar', null, null, null, null, '档案名称',0, 'URC',null,null, 'Y', null, 'N', 'Y',200, null, null, 'name',0,0, 'bd_defdoc', '2018-11-19 11:25:05',0, '2UC000-000556', 'bd_defdoc@@@name',0, 'N' ) ;
insert into md_column ( id, sqldatetype, createtime, creator, defaultvalue, description, displayname, dr, help, incrementseed, incrementstep, isactive, identitied, pkey, nullable, columnlength, modifier, modifytime, name, precise, columnsequence, tableid, ts, versiontype, resid, groupid, columntype, forlocale ) values (  'bd_defdoc@@@shortname', 'varchar', null, null, null, null, '简称',0, null,null,null, 'Y', null, 'N', 'Y',200, null, null, 'shortname',0,0, 'bd_defdoc', '2018-11-19 11:25:05',0, '2UC000-000675', 'bd_defdoc@@@shortname',0, 'N' ) ;
insert into md_column ( id, sqldatetype, createtime, creator, defaultvalue, description, displayname, dr, help, incrementseed, incrementstep, isactive, identitied, pkey, nullable, columnlength, modifier, modifytime, name, precise, columnsequence, tableid, ts, versiontype, resid, groupid, columntype, forlocale ) values (  'bd_defdoc@@@mnecode', 'varchar', null, null, null, null, '助记码',0, null,null,null, 'Y', null, 'N', 'Y',50, null, null, 'mnecode',0,7, 'bd_defdoc', '2018-11-19 11:25:05',0, '2UC000-000172', null,0, 'N' ) ;
insert into md_column ( id, sqldatetype, createtime, creator, defaultvalue, description, displayname, dr, help, incrementseed, incrementstep, isactive, identitied, pkey, nullable, columnlength, modifier, modifytime, name, precise, columnsequence, tableid, ts, versiontype, resid, groupid, columntype, forlocale ) values (  'bd_defdoc@@@pid', 'varchar', null, null, '*~', null, '上级档案',0, null,null,null, 'Y', null, 'N', 'Y',20, null, null, 'pid',0,8, 'bd_defdoc', '2018-11-19 11:25:05',0, '2UC000-000007', null,0, 'N' ) ;
insert into md_column ( id, sqldatetype, createtime, creator, defaultvalue, description, displayname, dr, help, incrementseed, incrementstep, isactive, identitied, pkey, nullable, columnlength, modifier, modifytime, name, precise, columnsequence, tableid, ts, versiontype, resid, groupid, columntype, forlocale ) values (  'bd_defdoc@@@memo', 'varchar', null, null, null, null, '备注',0, null,null,null, 'Y', null, 'N', 'Y',200, null, null, 'memo',0,9, 'bd_defdoc', '2018-11-19 11:25:05',0, '2UC000-000258', null,0, 'N' ) ;
insert into md_column ( id, sqldatetype, createtime, creator, defaultvalue, description, displayname, dr, help, incrementseed, incrementstep, isactive, identitied, pkey, nullable, columnlength, modifier, modifytime, name, precise, columnsequence, tableid, ts, versiontype, resid, groupid, columntype, forlocale ) values (  'bd_defdoc@@@creator', 'varchar', null, null, '*~', null, '创建人',0, null,null,null, 'Y', null, 'N', 'Y',20, null, null, 'creator',0,10, 'bd_defdoc', '2018-11-19 11:25:05',0, '2UC000-000155', null,0, 'N' ) ;
insert into md_column ( id, sqldatetype, createtime, creator, defaultvalue, description, displayname, dr, help, incrementseed, incrementstep, isactive, identitied, pkey, nullable, columnlength, modifier, modifytime, name, precise, columnsequence, tableid, ts, versiontype, resid, groupid, columntype, forlocale ) values (  'bd_defdoc@@@creationtime', 'char', null, null, null, null, '创建时间',0, null,null,null, 'Y', null, 'N', 'Y',19, null, null, 'creationtime',0,11, 'bd_defdoc', '2018-11-19 11:25:05',0, '2UC000-000157', null,0, 'N' ) ;
insert into md_column ( id, sqldatetype, createtime, creator, defaultvalue, description, displayname, dr, help, incrementseed, incrementstep, isactive, identitied, pkey, nullable, columnlength, modifier, modifytime, name, precise, columnsequence, tableid, ts, versiontype, resid, groupid, columntype, forlocale ) values (  'bd_defdoc@@@modifier', 'varchar', null, null, '*~', null, '最后修改人',0, null,null,null, 'Y', null, 'N', 'Y',20, null, null, 'modifier',0,12, 'bd_defdoc', '2018-11-19 11:25:05',0, '2UC000-000490', null,0, 'N' ) ;
insert into md_column ( id, sqldatetype, createtime, creator, defaultvalue, description, displayname, dr, help, incrementseed, incrementstep, isactive, identitied, pkey, nullable, columnlength, modifier, modifytime, name, precise, columnsequence, tableid, ts, versiontype, resid, groupid, columntype, forlocale ) values (  'bd_defdoc@@@modifiedtime', 'char', null, null, null, null, '最后修改时间',0, null,null,null, 'Y', null, 'N', 'Y',19, null, null, 'modifiedtime',0,13, 'bd_defdoc', '2018-11-19 11:25:05',0, '2UC000-000491', null,0, 'N' ) ;
insert into md_column ( id, sqldatetype, createtime, creator, defaultvalue, description, displayname, dr, help, incrementseed, incrementstep, isactive, identitied, pkey, nullable, columnlength, modifier, modifytime, name, precise, columnsequence, tableid, ts, versiontype, resid, groupid, columntype, forlocale ) values (  'bd_defdoc@@@innercode', 'varchar', null, null, null, null, '内部编码',0, null,null,null, 'Y', null, 'N', 'Y',200, null, null, 'innercode',0,14, 'bd_defdoc', '2018-11-19 11:25:05',0, '2UC000-000136', null,0, 'N' ) ;
insert into md_column ( id, sqldatetype, createtime, creator, defaultvalue, description, displayname, dr, help, incrementseed, incrementstep, isactive, identitied, pkey, nullable, columnlength, modifier, modifytime, name, precise, columnsequence, tableid, ts, versiontype, resid, groupid, columntype, forlocale ) values (  'bd_defdoc@@@enablestate', 'int', null, null, null, null, '启用状态',0, null,null,null, 'Y', null, 'N', 'Y',0, null, null, 'enablestate',0,15, 'bd_defdoc', '2018-11-19 11:25:05',0, '2UC000-000249', null,0, 'N' ) ;
insert into md_column ( id, sqldatetype, createtime, creator, defaultvalue, description, displayname, dr, help, incrementseed, incrementstep, isactive, identitied, pkey, nullable, columnlength, modifier, modifytime, name, precise, columnsequence, tableid, ts, versiontype, resid, groupid, columntype, forlocale ) values (  'bd_defdoc@@@dataoriginflag', 'int', null, null, null, null, '分布式',0, null,null,null, 'Y', null, 'N', 'Y',0, null, null, 'dataoriginflag',0,16, 'bd_defdoc', '2018-11-19 11:25:05',0, '2UC000-000151', null,0, 'N' ) ;
insert into md_column ( id, sqldatetype, createtime, creator, defaultvalue, description, displayname, dr, help, incrementseed, incrementstep, isactive, identitied, pkey, nullable, columnlength, modifier, modifytime, name, precise, columnsequence, tableid, ts, versiontype, resid, groupid, columntype, forlocale ) values (  'bd_defdoc@@@datatype', 'int', null, null, '1', null, '数据类型',0, null,null,null, 'Y', null, 'N', 'Y',0, null, null, 'datatype',0,17, 'bd_defdoc', '2018-11-19 11:25:05',0, '2UC000-000458', null,0, 'N' ) ;
insert into md_column ( id, sqldatetype, createtime, creator, defaultvalue, description, displayname, dr, help, incrementseed, incrementstep, isactive, identitied, pkey, nullable, columnlength, modifier, modifytime, name, precise, columnsequence, tableid, ts, versiontype, resid, groupid, columntype, forlocale ) values (  'bd_defdoc@@@def1', 'varchar', null, null, null, null, '自定义项1',0, null,null,null, 'Y', null, 'N', 'Y',101, null, null, 'def1',0,18, 'bd_defdoc', '2018-11-19 11:25:05',-1, null, null,0, 'N' ) ;
insert into md_column ( id, sqldatetype, createtime, creator, defaultvalue, description, displayname, dr, help, incrementseed, incrementstep, isactive, identitied, pkey, nullable, columnlength, modifier, modifytime, name, precise, columnsequence, tableid, ts, versiontype, resid, groupid, columntype, forlocale ) values (  'bd_defdoc@@@def2', 'varchar', null, null, null, null, '自定义项2',0, null,null,null, 'Y', null, 'N', 'Y',101, null, null, 'def2',0,19, 'bd_defdoc', '2018-11-19 11:25:05',-1, null, null,0, 'N' ) ;
insert into md_column ( id, sqldatetype, createtime, creator, defaultvalue, description, displayname, dr, help, incrementseed, incrementstep, isactive, identitied, pkey, nullable, columnlength, modifier, modifytime, name, precise, columnsequence, tableid, ts, versiontype, resid, groupid, columntype, forlocale ) values (  'bd_defdoc@@@def3', 'varchar', null, null, null, null, '自定义项3',0, null,null,null, 'Y', null, 'N', 'Y',101, null, null, 'def3',0,20, 'bd_defdoc', '2018-11-19 11:25:05',-1, null, null,0, 'N' ) ;
insert into md_column ( id, sqldatetype, createtime, creator, defaultvalue, description, displayname, dr, help, incrementseed, incrementstep, isactive, identitied, pkey, nullable, columnlength, modifier, modifytime, name, precise, columnsequence, tableid, ts, versiontype, resid, groupid, columntype, forlocale ) values (  'bd_defdoc@@@def4', 'varchar', null, null, null, null, '自定义项4',0, null,null,null, 'Y', null, 'N', 'Y',101, null, null, 'def4',0,21, 'bd_defdoc', '2018-11-19 11:25:05',-1, null, null,0, 'N' ) ;
insert into md_column ( id, sqldatetype, createtime, creator, defaultvalue, description, displayname, dr, help, incrementseed, incrementstep, isactive, identitied, pkey, nullable, columnlength, modifier, modifytime, name, precise, columnsequence, tableid, ts, versiontype, resid, groupid, columntype, forlocale ) values (  'bd_defdoc@@@def5', 'varchar', null, null, null, null, '自定义项5',0, null,null,null, 'Y', null, 'N', 'Y',101, null, null, 'def5',0,22, 'bd_defdoc', '2018-11-19 11:25:05',-1, null, null,0, 'N' ) ;
insert into md_column ( id, sqldatetype, createtime, creator, defaultvalue, description, displayname, dr, help, incrementseed, incrementstep, isactive, identitied, pkey, nullable, columnlength, modifier, modifytime, name, precise, columnsequence, tableid, ts, versiontype, resid, groupid, columntype, forlocale ) values (  'bd_defdoc@@@def6', 'varchar', null, null, null, null, '自定义项6',0, null,null,null, 'Y', null, 'N', 'Y',101, null, null, 'def6',0,23, 'bd_defdoc', '2018-11-19 11:25:05',-1, null, null,0, 'N' ) ;
insert into md_column ( id, sqldatetype, createtime, creator, defaultvalue, description, displayname, dr, help, incrementseed, incrementstep, isactive, identitied, pkey, nullable, columnlength, modifier, modifytime, name, precise, columnsequence, tableid, ts, versiontype, resid, groupid, columntype, forlocale ) values (  'bd_defdoc@@@def7', 'varchar', null, null, null, null, '自定义项7',0, null,null,null, 'Y', null, 'N', 'Y',101, null, null, 'def7',0,24, 'bd_defdoc', '2018-11-19 11:25:05',-1, null, null,0, 'N' ) ;
insert into md_column ( id, sqldatetype, createtime, creator, defaultvalue, description, displayname, dr, help, incrementseed, incrementstep, isactive, identitied, pkey, nullable, columnlength, modifier, modifytime, name, precise, columnsequence, tableid, ts, versiontype, resid, groupid, columntype, forlocale ) values (  'bd_defdoc@@@def8', 'varchar', null, null, null, null, '自定义项8',0, null,null,null, 'Y', null, 'N', 'Y',101, null, null, 'def8',0,25, 'bd_defdoc', '2018-11-19 11:25:05',-1, null, null,0, 'N' ) ;
insert into md_column ( id, sqldatetype, createtime, creator, defaultvalue, description, displayname, dr, help, incrementseed, incrementstep, isactive, identitied, pkey, nullable, columnlength, modifier, modifytime, name, precise, columnsequence, tableid, ts, versiontype, resid, groupid, columntype, forlocale ) values (  'bd_defdoc@@@def9', 'varchar', null, null, null, null, '自定义项9',0, null,null,null, 'Y', null, 'N', 'Y',101, null, null, 'def9',0,26, 'bd_defdoc', '2018-11-19 11:25:05',-1, null, null,0, 'N' ) ;
insert into md_column ( id, sqldatetype, createtime, creator, defaultvalue, description, displayname, dr, help, incrementseed, incrementstep, isactive, identitied, pkey, nullable, columnlength, modifier, modifytime, name, precise, columnsequence, tableid, ts, versiontype, resid, groupid, columntype, forlocale ) values (  'bd_defdoc@@@def10', 'varchar', null, null, null, null, '自定义项10',0, null,null,null, 'Y', null, 'N', 'Y',101, null, null, 'def10',0,27, 'bd_defdoc', '2018-11-19 11:25:05',-1, null, null,0, 'N' ) ;
insert into md_column ( id, sqldatetype, createtime, creator, defaultvalue, description, displayname, dr, help, incrementseed, incrementstep, isactive, identitied, pkey, nullable, columnlength, modifier, modifytime, name, precise, columnsequence, tableid, ts, versiontype, resid, groupid, columntype, forlocale ) values (  'bd_defdoc@@@def11', 'varchar', null, null, null, null, '自定义项11',0, null,null,null, 'Y', null, 'N', 'Y',101, null, null, 'def11',0,28, 'bd_defdoc', '2018-11-19 11:25:05',-1, null, null,0, 'N' ) ;
insert into md_column ( id, sqldatetype, createtime, creator, defaultvalue, description, displayname, dr, help, incrementseed, incrementstep, isactive, identitied, pkey, nullable, columnlength, modifier, modifytime, name, precise, columnsequence, tableid, ts, versiontype, resid, groupid, columntype, forlocale ) values (  'bd_defdoc@@@def12', 'varchar', null, null, null, null, '自定义项12',0, null,null,null, 'Y', null, 'N', 'Y',101, null, null, 'def12',0,29, 'bd_defdoc', '2018-11-19 11:25:05',-1, null, null,0, 'N' ) ;
insert into md_column ( id, sqldatetype, createtime, creator, defaultvalue, description, displayname, dr, help, incrementseed, incrementstep, isactive, identitied, pkey, nullable, columnlength, modifier, modifytime, name, precise, columnsequence, tableid, ts, versiontype, resid, groupid, columntype, forlocale ) values (  'bd_defdoc@@@def13', 'varchar', null, null, null, null, '自定义项13',0, null,null,null, 'Y', null, 'N', 'Y',101, null, null, 'def13',0,30, 'bd_defdoc', '2018-11-19 11:25:05',-1, null, null,0, 'N' ) ;
insert into md_column ( id, sqldatetype, createtime, creator, defaultvalue, description, displayname, dr, help, incrementseed, incrementstep, isactive, identitied, pkey, nullable, columnlength, modifier, modifytime, name, precise, columnsequence, tableid, ts, versiontype, resid, groupid, columntype, forlocale ) values (  'bd_defdoc@@@def14', 'varchar', null, null, null, null, '自定义项14',0, null,null,null, 'Y', null, 'N', 'Y',101, null, null, 'def14',0,31, 'bd_defdoc', '2018-11-19 11:25:05',-1, null, null,0, 'N' ) ;
insert into md_column ( id, sqldatetype, createtime, creator, defaultvalue, description, displayname, dr, help, incrementseed, incrementstep, isactive, identitied, pkey, nullable, columnlength, modifier, modifytime, name, precise, columnsequence, tableid, ts, versiontype, resid, groupid, columntype, forlocale ) values (  'bd_defdoc@@@def15', 'varchar', null, null, null, null, '自定义项15',0, null,null,null, 'Y', null, 'N', 'Y',101, null, null, 'def15',0,32, 'bd_defdoc', '2018-11-19 11:25:05',-1, null, null,0, 'N' ) ;
insert into md_column ( id, sqldatetype, createtime, creator, defaultvalue, description, displayname, dr, help, incrementseed, incrementstep, isactive, identitied, pkey, nullable, columnlength, modifier, modifytime, name, precise, columnsequence, tableid, ts, versiontype, resid, groupid, columntype, forlocale ) values (  'bd_defdoc@@@def16', 'varchar', null, null, null, null, '自定义项16',0, null,null,null, 'Y', null, 'N', 'Y',101, null, null, 'def16',0,33, 'bd_defdoc', '2018-11-19 11:25:05',-1, null, null,0, 'N' ) ;
insert into md_column ( id, sqldatetype, createtime, creator, defaultvalue, description, displayname, dr, help, incrementseed, incrementstep, isactive, identitied, pkey, nullable, columnlength, modifier, modifytime, name, precise, columnsequence, tableid, ts, versiontype, resid, groupid, columntype, forlocale ) values (  'bd_defdoc@@@def17', 'varchar', null, null, null, null, '自定义项17',0, null,null,null, 'Y', null, 'N', 'Y',101, null, null, 'def17',0,34, 'bd_defdoc', '2018-11-19 11:25:05',-1, null, null,0, 'N' ) ;
insert into md_column ( id, sqldatetype, createtime, creator, defaultvalue, description, displayname, dr, help, incrementseed, incrementstep, isactive, identitied, pkey, nullable, columnlength, modifier, modifytime, name, precise, columnsequence, tableid, ts, versiontype, resid, groupid, columntype, forlocale ) values (  'bd_defdoc@@@def18', 'varchar', null, null, null, null, '自定义项18',0, null,null,null, 'Y', null, 'N', 'Y',101, null, null, 'def18',0,35, 'bd_defdoc', '2018-11-19 11:25:05',-1, null, null,0, 'N' ) ;
insert into md_column ( id, sqldatetype, createtime, creator, defaultvalue, description, displayname, dr, help, incrementseed, incrementstep, isactive, identitied, pkey, nullable, columnlength, modifier, modifytime, name, precise, columnsequence, tableid, ts, versiontype, resid, groupid, columntype, forlocale ) values (  'bd_defdoc@@@def19', 'varchar', null, null, null, null, '自定义项19',0, null,null,null, 'Y', null, 'N', 'Y',101, null, null, 'def19',0,36, 'bd_defdoc', '2018-11-19 11:25:05',-1, null, null,0, 'N' ) ;
insert into md_column ( id, sqldatetype, createtime, creator, defaultvalue, description, displayname, dr, help, incrementseed, incrementstep, isactive, identitied, pkey, nullable, columnlength, modifier, modifytime, name, precise, columnsequence, tableid, ts, versiontype, resid, groupid, columntype, forlocale ) values (  'bd_defdoc@@@def20', 'varchar', null, null, null, null, '自定义项20',0, null,null,null, 'Y', null, 'N', 'Y',101, null, null, 'def20',0,37, 'bd_defdoc', '2018-11-19 11:25:05',-1, null, null,0, 'N' ) ;
insert into md_column ( id, sqldatetype, createtime, creator, defaultvalue, description, displayname, dr, help, incrementseed, incrementstep, isactive, identitied, pkey, nullable, columnlength, modifier, modifytime, name, precise, columnsequence, tableid, ts, versiontype, resid, groupid, columntype, forlocale ) values (  'bd_defdoc@@@name2', 'varchar', null, null, null, null, '档案名称2',0, 'URC',null,null, 'Y', null, 'N', 'Y',200, null, null, 'name2',0,0, 'bd_defdoc', '2018-11-19 11:25:05',0, '2UC000-000556', 'bd_defdoc@@@name',0, 'N' ) ;
insert into md_column ( id, sqldatetype, createtime, creator, defaultvalue, description, displayname, dr, help, incrementseed, incrementstep, isactive, identitied, pkey, nullable, columnlength, modifier, modifytime, name, precise, columnsequence, tableid, ts, versiontype, resid, groupid, columntype, forlocale ) values (  'bd_defdoc@@@name3', 'varchar', null, null, null, null, '档案名称3',0, 'URC',null,null, 'Y', null, 'N', 'Y',200, null, null, 'name3',0,0, 'bd_defdoc', '2018-11-19 11:25:05',0, '2UC000-000556', 'bd_defdoc@@@name',0, 'N' ) ;
insert into md_column ( id, sqldatetype, createtime, creator, defaultvalue, description, displayname, dr, help, incrementseed, incrementstep, isactive, identitied, pkey, nullable, columnlength, modifier, modifytime, name, precise, columnsequence, tableid, ts, versiontype, resid, groupid, columntype, forlocale ) values (  'bd_defdoc@@@name4', 'varchar', null, null, null, null, '档案名称4',0, 'URC',null,null, 'Y', null, 'N', 'Y',200, null, null, 'name4',0,0, 'bd_defdoc', '2018-11-19 11:25:05',0, '2UC000-000556', 'bd_defdoc@@@name',0, 'N' ) ;
insert into md_column ( id, sqldatetype, createtime, creator, defaultvalue, description, displayname, dr, help, incrementseed, incrementstep, isactive, identitied, pkey, nullable, columnlength, modifier, modifytime, name, precise, columnsequence, tableid, ts, versiontype, resid, groupid, columntype, forlocale ) values (  'bd_defdoc@@@name5', 'varchar', null, null, null, null, '档案名称5',0, 'URC',null,null, 'Y', null, 'N', 'Y',200, null, null, 'name5',0,0, 'bd_defdoc', '2018-11-19 11:25:05',0, '2UC000-000556', 'bd_defdoc@@@name',0, 'N' ) ;
insert into md_column ( id, sqldatetype, createtime, creator, defaultvalue, description, displayname, dr, help, incrementseed, incrementstep, isactive, identitied, pkey, nullable, columnlength, modifier, modifytime, name, precise, columnsequence, tableid, ts, versiontype, resid, groupid, columntype, forlocale ) values (  'bd_defdoc@@@name6', 'varchar', null, null, null, null, '档案名称6',0, 'URC',null,null, 'Y', null, 'N', 'Y',200, null, null, 'name6',0,0, 'bd_defdoc', '2018-11-19 11:25:05',0, '2UC000-000556', 'bd_defdoc@@@name',0, 'N' ) ;
insert into md_column ( id, sqldatetype, createtime, creator, defaultvalue, description, displayname, dr, help, incrementseed, incrementstep, isactive, identitied, pkey, nullable, columnlength, modifier, modifytime, name, precise, columnsequence, tableid, ts, versiontype, resid, groupid, columntype, forlocale ) values (  'bd_defdoc@@@shortname2', 'varchar', null, null, null, null, '简称2',0, null,null,null, 'Y', null, 'N', 'Y',200, null, null, 'shortname2',0,0, 'bd_defdoc', '2018-11-19 11:25:05',0, '2UC000-000675', 'bd_defdoc@@@shortname',0, 'N' ) ;
insert into md_column ( id, sqldatetype, createtime, creator, defaultvalue, description, displayname, dr, help, incrementseed, incrementstep, isactive, identitied, pkey, nullable, columnlength, modifier, modifytime, name, precise, columnsequence, tableid, ts, versiontype, resid, groupid, columntype, forlocale ) values (  'bd_defdoc@@@shortname3', 'varchar', null, null, null, null, '简称3',0, null,null,null, 'Y', null, 'N', 'Y',200, null, null, 'shortname3',0,0, 'bd_defdoc', '2018-11-19 11:25:05',0, '2UC000-000675', 'bd_defdoc@@@shortname',0, 'N' ) ;
insert into md_column ( id, sqldatetype, createtime, creator, defaultvalue, description, displayname, dr, help, incrementseed, incrementstep, isactive, identitied, pkey, nullable, columnlength, modifier, modifytime, name, precise, columnsequence, tableid, ts, versiontype, resid, groupid, columntype, forlocale ) values (  'bd_defdoc@@@shortname4', 'varchar', null, null, null, null, '简称4',0, null,null,null, 'Y', null, 'N', 'Y',200, null, null, 'shortname4',0,0, 'bd_defdoc', '2018-11-19 11:25:05',0, '2UC000-000675', 'bd_defdoc@@@shortname',0, 'N' ) ;
insert into md_column ( id, sqldatetype, createtime, creator, defaultvalue, description, displayname, dr, help, incrementseed, incrementstep, isactive, identitied, pkey, nullable, columnlength, modifier, modifytime, name, precise, columnsequence, tableid, ts, versiontype, resid, groupid, columntype, forlocale ) values (  'bd_defdoc@@@shortname5', 'varchar', null, null, null, null, '简称5',0, null,null,null, 'Y', null, 'N', 'Y',200, null, null, 'shortname5',0,0, 'bd_defdoc', '2018-11-19 11:25:05',0, '2UC000-000675', 'bd_defdoc@@@shortname',0, 'N' ) ;
insert into md_column ( id, sqldatetype, createtime, creator, defaultvalue, description, displayname, dr, help, incrementseed, incrementstep, isactive, identitied, pkey, nullable, columnlength, modifier, modifytime, name, precise, columnsequence, tableid, ts, versiontype, resid, groupid, columntype, forlocale ) values (  'bd_defdoc@@@shortname6', 'varchar', null, null, null, null, '简称6',0, null,null,null, 'Y', null, 'N', 'Y',200, null, null, 'shortname6',0,0, 'bd_defdoc', '2018-11-19 11:25:05',0, '2UC000-000675', 'bd_defdoc@@@shortname',0, 'N' ) ;
insert into md_ORMap ( attributeid, classid, columnid, dr, tableid, ts ) values (  'c4d4a8fa-e660-11e8-8985-5f606a994521', '1001AA100000000001H7', 'bd_defdoc@@@def13',0, 'bd_defdoc', '2018-11-19 11:25:05' ) ;
insert into md_ORMap ( attributeid, classid, columnid, dr, tableid, ts ) values (  'c4d4a8ff-e660-11e8-8985-5f606a994521', '1001AA100000000001H7', 'bd_defdoc@@@def18',0, 'bd_defdoc', '2018-11-19 11:25:05' ) ;
insert into md_ORMap ( attributeid, classid, columnid, dr, tableid, ts ) values (  'c4d45ab8-e660-11e8-8985-5f606a994521', '1001AA100000000001H7', 'bd_defdoc@@@creationtime',0, 'bd_defdoc', '2018-11-19 11:25:05' ) ;
insert into md_ORMap ( attributeid, classid, columnid, dr, tableid, ts ) values (  'c4d45ad1-e660-11e8-8985-5f606a994521', '1001AA100000000001H7', 'bd_defdoc@@@def4',0, 'bd_defdoc', '2018-11-19 11:25:05' ) ;
insert into md_ORMap ( attributeid, classid, columnid, dr, tableid, ts ) values (  'c4d4a8f9-e660-11e8-8985-5f606a994521', '1001AA100000000001H7', 'bd_defdoc@@@def12',0, 'bd_defdoc', '2018-11-19 11:25:05' ) ;
insert into md_ORMap ( attributeid, classid, columnid, dr, tableid, ts ) values (  'c4d45ac8-e660-11e8-8985-5f606a994521', '1001AA100000000001H7', 'bd_defdoc@@@pk_group',0, 'bd_defdoc', '2018-11-19 11:25:05' ) ;
insert into md_ORMap ( attributeid, classid, columnid, dr, tableid, ts ) values (  'c4d4a8fb-e660-11e8-8985-5f606a994521', '1001AA100000000001H7', 'bd_defdoc@@@def14',0, 'bd_defdoc', '2018-11-19 11:25:05' ) ;
insert into md_ORMap ( attributeid, classid, columnid, dr, tableid, ts ) values (  'c4d45abd-e660-11e8-8985-5f606a994521', '1001AA100000000001H7', 'bd_defdoc@@@memo',0, 'bd_defdoc', '2018-11-19 11:25:05' ) ;
insert into md_ORMap ( attributeid, classid, columnid, dr, tableid, ts ) values (  'c4d45abb-e660-11e8-8985-5f606a994521', '1001AA100000000001H7', 'bd_defdoc@@@innercode',0, 'bd_defdoc', '2018-11-19 11:25:05' ) ;
insert into md_ORMap ( attributeid, classid, columnid, dr, tableid, ts ) values (  'c4d45ab9-e660-11e8-8985-5f606a994521', '1001AA100000000001H7', 'bd_defdoc@@@creator',0, 'bd_defdoc', '2018-11-19 11:25:05' ) ;
insert into md_ORMap ( attributeid, classid, columnid, dr, tableid, ts ) values (  'c4d4a8f7-e660-11e8-8985-5f606a994521', '1001AA100000000001H7', 'bd_defdoc@@@def10',0, 'bd_defdoc', '2018-11-19 11:25:05' ) ;
insert into md_ORMap ( attributeid, classid, columnid, dr, tableid, ts ) values (  'c4d45abe-e660-11e8-8985-5f606a994521', '1001AA100000000001H7', 'bd_defdoc@@@mnecode',0, 'bd_defdoc', '2018-11-19 11:25:05' ) ;
insert into md_ORMap ( attributeid, classid, columnid, dr, tableid, ts ) values (  'c4d4a8f8-e660-11e8-8985-5f606a994521', '1001AA100000000001H7', 'bd_defdoc@@@def11',0, 'bd_defdoc', '2018-11-19 11:25:05' ) ;
insert into md_ORMap ( attributeid, classid, columnid, dr, tableid, ts ) values (  'c4d45abc-e660-11e8-8985-5f606a994521', '1001AA100000000001H7', 'bd_defdoc@@PK@@',0, 'bd_defdoc', '2018-11-19 11:25:05' ) ;
insert into md_ORMap ( attributeid, classid, columnid, dr, tableid, ts ) values (  'c4d45acd-e660-11e8-8985-5f606a994521', '1001AA100000000001H7', 'bd_defdoc@@@datatype',0, 'bd_defdoc', '2018-11-19 11:25:05' ) ;
insert into md_ORMap ( attributeid, classid, columnid, dr, tableid, ts ) values (  'c4d45ac3-e660-11e8-8985-5f606a994521', '1001AA100000000001H7', 'bd_defdoc@@@shortname',0, 'bd_defdoc', '2018-11-19 11:25:05' ) ;
insert into md_ORMap ( attributeid, classid, columnid, dr, tableid, ts ) values (  'c4d45abf-e660-11e8-8985-5f606a994521', '1001AA100000000001H7', 'bd_defdoc@@@modifier',0, 'bd_defdoc', '2018-11-19 11:25:05' ) ;
insert into md_ORMap ( attributeid, classid, columnid, dr, tableid, ts ) values (  'c4d45ace-e660-11e8-8985-5f606a994521', '1001AA100000000001H7', 'bd_defdoc@@@def1',0, 'bd_defdoc', '2018-11-19 11:25:05' ) ;
insert into md_ORMap ( attributeid, classid, columnid, dr, tableid, ts ) values (  'c4d45acc-e660-11e8-8985-5f606a994521', '1001AA100000000001H7', 'bd_defdoc@@@dataoriginflag',0, 'bd_defdoc', '2018-11-19 11:25:05' ) ;
insert into md_ORMap ( attributeid, classid, columnid, dr, tableid, ts ) values (  'c4d45ad0-e660-11e8-8985-5f606a994521', '1001AA100000000001H7', 'bd_defdoc@@@def3',0, 'bd_defdoc', '2018-11-19 11:25:05' ) ;
insert into md_ORMap ( attributeid, classid, columnid, dr, tableid, ts ) values (  'c4d45ad2-e660-11e8-8985-5f606a994521', '1001AA100000000001H7', 'bd_defdoc@@@def5',0, 'bd_defdoc', '2018-11-19 11:25:05' ) ;
insert into md_ORMap ( attributeid, classid, columnid, dr, tableid, ts ) values (  'c4d4a901-e660-11e8-8985-5f606a994521', '1001AA100000000001H7', 'bd_defdoc@@@def20',0, 'bd_defdoc', '2018-11-19 11:25:05' ) ;
insert into md_ORMap ( attributeid, classid, columnid, dr, tableid, ts ) values (  'c4d45aca-e660-11e8-8985-5f606a994521', '1001AA100000000001H7', 'bd_defdoc@@@enablestate',0, 'bd_defdoc', '2018-11-19 11:25:05' ) ;
insert into md_ORMap ( attributeid, classid, columnid, dr, tableid, ts ) values (  'c4d4a900-e660-11e8-8985-5f606a994521', '1001AA100000000001H7', 'bd_defdoc@@@def19',0, 'bd_defdoc', '2018-11-19 11:25:05' ) ;
insert into md_ORMap ( attributeid, classid, columnid, dr, tableid, ts ) values (  'c4d4a8f5-e660-11e8-8985-5f606a994521', '1001AA100000000001H7', 'bd_defdoc@@@def8',0, 'bd_defdoc', '2018-11-19 11:25:05' ) ;
insert into md_ORMap ( attributeid, classid, columnid, dr, tableid, ts ) values (  'c4d45ac5-e660-11e8-8985-5f606a994521', '1001AA100000000001H7', 'bd_defdoc@@@pid',0, 'bd_defdoc', '2018-11-19 11:25:05' ) ;
insert into md_ORMap ( attributeid, classid, columnid, dr, tableid, ts ) values (  'c4d4a8fe-e660-11e8-8985-5f606a994521', '1001AA100000000001H7', 'bd_defdoc@@@def17',0, 'bd_defdoc', '2018-11-19 11:25:05' ) ;
insert into md_ORMap ( attributeid, classid, columnid, dr, tableid, ts ) values (  'c4d45ac2-e660-11e8-8985-5f606a994521', '1001AA100000000001H7', 'bd_defdoc@@@name',0, 'bd_defdoc', '2018-11-19 11:25:05' ) ;
insert into md_ORMap ( attributeid, classid, columnid, dr, tableid, ts ) values (  'c4d45ac7-e660-11e8-8985-5f606a994521', '1001AA100000000001H7', 'bd_defdoc@@@pk_defdoclist',0, 'bd_defdoc', '2018-11-19 11:25:05' ) ;
insert into md_ORMap ( attributeid, classid, columnid, dr, tableid, ts ) values (  'c4d4a8f3-e660-11e8-8985-5f606a994521', '1001AA100000000001H7', 'bd_defdoc@@@def6',0, 'bd_defdoc', '2018-11-19 11:25:05' ) ;
insert into md_ORMap ( attributeid, classid, columnid, dr, tableid, ts ) values (  'c4d45ac1-e660-11e8-8985-5f606a994521', '1001AA100000000001H7', 'bd_defdoc@@@modifiedtime',0, 'bd_defdoc', '2018-11-19 11:25:05' ) ;
insert into md_ORMap ( attributeid, classid, columnid, dr, tableid, ts ) values (  'c4d4a8fd-e660-11e8-8985-5f606a994521', '1001AA100000000001H7', 'bd_defdoc@@@def16',0, 'bd_defdoc', '2018-11-19 11:25:05' ) ;
insert into md_ORMap ( attributeid, classid, columnid, dr, tableid, ts ) values (  'c4d45ab5-e660-11e8-8985-5f606a994521', '1001AA100000000001H7', 'bd_defdoc@@@code',0, 'bd_defdoc', '2018-11-19 11:25:05' ) ;
insert into md_ORMap ( attributeid, classid, columnid, dr, tableid, ts ) values (  'c4d4a8f6-e660-11e8-8985-5f606a994521', '1001AA100000000001H7', 'bd_defdoc@@@def9',0, 'bd_defdoc', '2018-11-19 11:25:05' ) ;
insert into md_ORMap ( attributeid, classid, columnid, dr, tableid, ts ) values (  'c4d4a8f4-e660-11e8-8985-5f606a994521', '1001AA100000000001H7', 'bd_defdoc@@@def7',0, 'bd_defdoc', '2018-11-19 11:25:05' ) ;
insert into md_ORMap ( attributeid, classid, columnid, dr, tableid, ts ) values (  'c4d4a8fc-e660-11e8-8985-5f606a994521', '1001AA100000000001H7', 'bd_defdoc@@@def15',0, 'bd_defdoc', '2018-11-19 11:25:05' ) ;
insert into md_ORMap ( attributeid, classid, columnid, dr, tableid, ts ) values (  'c4d45ac9-e660-11e8-8985-5f606a994521', '1001AA100000000001H7', 'bd_defdoc@@@pk_org',0, 'bd_defdoc', '2018-11-19 11:25:05' ) ;
insert into md_ORMap ( attributeid, classid, columnid, dr, tableid, ts ) values (  'c4d45acf-e660-11e8-8985-5f606a994521', '1001AA100000000001H7', 'bd_defdoc@@@def2',0, 'bd_defdoc', '2018-11-19 11:25:05' ) ;


--Defdoc-C0J00105
delete from md_db_relation where startattrid in (select id from md_property where classid in ('1001AA100000000001IG','@@@@' ) )  and starttableid in ('bd_defdoc','@@@@');
delete from md_ORMap where ATTRIBUTEID in(select id from md_property where classid in ('1001AA100000000001IG','@@@@' ) )  and tableid in ('bd_defdoc','@@@@') ;
delete from md_table where id not in (select distinct tableid from md_ormap );
delete from md_column where  tableid in('bd_defdoc','@@@@') and id not in(select distinct columnid from md_ormap) and (nvl(groupid ,'~')='~' or groupid = id )  and name <> 'extend_bean_tag' ;
delete from md_column where tableid in ('bd_defdoc','@@@@')and groupid is not null and groupid not in( select distinct id from md_column where tableid in ('bd_defdoc','@@@@') ) ;
delete from md_db_relation where starttableid not in (select id from md_table);
delete from md_property where classID in (select distinct id from md_class where componentID='f989168a-e660-11e8-8985-5f606a994521'  )  ;
delete from md_association where componentID = 'f989168a-e660-11e8-8985-5f606a994521'  ;
delete from md_bizItfMap where classID in (select distinct id from md_class where componentID='f989168a-e660-11e8-8985-5f606a994521'  );
delete from md_bizItfMap where classID in ( select id from md_opInterface where componentID = 'f989168a-e660-11e8-8985-5f606a994521'  );
delete from md_accessorPara where id in (select distinct id from md_class where componentID='f989168a-e660-11e8-8985-5f606a994521'  );
delete from md_enumValue where id in (select distinct id from md_class where componentID='f989168a-e660-11e8-8985-5f606a994521'  ) ;
delete from md_class where componentID = 'f989168a-e660-11e8-8985-5f606a994521'  ;
delete from md_component where id = 'f989168a-e660-11e8-8985-5f606a994521' ;
delete from md_table where (id='bd_defdoc');
delete from md_column where (id='bd_defdoc@@PK@@');
delete from md_column where (id='bd_defdoc@@@pk_defdoclist');
delete from md_column where (id='bd_defdoc@@@pk_org');
delete from md_column where (id='bd_defdoc@@@pk_group');
delete from md_column where (id='bd_defdoc@@@code');
delete from md_column where (id='bd_defdoc@@@name');
delete from md_column where (id='bd_defdoc@@@shortname');
delete from md_column where (id='bd_defdoc@@@mnecode');
delete from md_column where (id='bd_defdoc@@@pid');
delete from md_column where (id='bd_defdoc@@@memo');
delete from md_column where (id='bd_defdoc@@@creator');
delete from md_column where (id='bd_defdoc@@@creationtime');
delete from md_column where (id='bd_defdoc@@@modifier');
delete from md_column where (id='bd_defdoc@@@modifiedtime');
delete from md_column where (id='bd_defdoc@@@innercode');
delete from md_column where (id='bd_defdoc@@@enablestate');
delete from md_column where (id='bd_defdoc@@@dataoriginflag');
delete from md_column where (id='bd_defdoc@@@datatype');
delete from md_column where (id='bd_defdoc@@@def1');
delete from md_column where (id='bd_defdoc@@@def2');
delete from md_column where (id='bd_defdoc@@@def3');
delete from md_column where (id='bd_defdoc@@@def4');
delete from md_column where (id='bd_defdoc@@@def5');
delete from md_column where (id='bd_defdoc@@@def6');
delete from md_column where (id='bd_defdoc@@@def7');
delete from md_column where (id='bd_defdoc@@@def8');
delete from md_column where (id='bd_defdoc@@@def9');
delete from md_column where (id='bd_defdoc@@@def10');
delete from md_column where (id='bd_defdoc@@@def11');
delete from md_column where (id='bd_defdoc@@@def12');
delete from md_column where (id='bd_defdoc@@@def13');
delete from md_column where (id='bd_defdoc@@@def14');
delete from md_column where (id='bd_defdoc@@@def15');
delete from md_column where (id='bd_defdoc@@@def16');
delete from md_column where (id='bd_defdoc@@@def17');
delete from md_column where (id='bd_defdoc@@@def18');
delete from md_column where (id='bd_defdoc@@@def19');
delete from md_column where (id='bd_defdoc@@@def20');
delete from md_column where (id='bd_defdoc@@@name2');
delete from md_column where (id='bd_defdoc@@@name3');
delete from md_column where (id='bd_defdoc@@@name4');
delete from md_column where (id='bd_defdoc@@@name5');
delete from md_column where (id='bd_defdoc@@@name6');
delete from md_column where (id='bd_defdoc@@@shortname2');
delete from md_column where (id='bd_defdoc@@@shortname3');
delete from md_column where (id='bd_defdoc@@@shortname4');
delete from md_column where (id='bd_defdoc@@@shortname5');
delete from md_column where (id='bd_defdoc@@@shortname6');


insert into md_component ( createtime, creator, description, displayname, dr, fromsourcebmf, help, id, industry, isbizmodel, modifier, modifytime, name, namespace, ownmodule, preload, resid, resmodule, ts, version, versiontype ) values (  '2018-11-12 17:54:41', null, null, '样品组别(自定义档案)',0, 'Y', null, 'f989168a-e660-11e8-8985-5f606a994521', '0', 'N', null, null, 'Defdoc-C0J00105', 'uap', 'uapbd', null, null, '10140uddb', '2018-11-19 11:25:41', '1',0 ) ;
insert into md_class ( id, accessorclassname, classtype, componentid, createtime, creator, description, displayname, dr, fullclassname, help, isactive, keyattribute, modifier, modifytime, name, parentclassid, precise, refmodelname, returntype, ts, versiontype, isprimary, defaulttablename, stereotype, isauthen, resid, bizitfimpclassname, modinfoclassname, iscreatesql, isextendbean, userdefclassname, industry, fixedlength ) values (  '1001AA100000000001IG', 'nc.md.model.access.javamap.NCBeanStyle',201, 'f989168a-e660-11e8-8985-5f606a994521', '2018-11-12 17:54:41', null, null, '样品组别(自定义档案)',0, 'nc.vo.bd.defdoc.DefdocVO', 'ignorebdmode,BDMODE,URC,DEFDOC,BUSILOG,DOC', null, 'f9891690-e660-11e8-8985-5f606a994521', null, null, 'Defdoc-C0J00105', null,null, '样品组别(自定义档案)', null, '2018-11-19 11:25:41',0, 'Y', 'bd_defdoc', null, 'Y', null, null, null, 'Y', null, null, '0', null ) ;
insert into md_property ( id, accessorclassname, classid, createtime, creator, datatype, datatypestyle, defaultvalue, description, displayname, dr, help, isactive, hided, nullable, readonly, attrlength, attrmaxvalue, attrminvalue, modifier, modifytime, name, precise, refmodelname, attrsequence, ts, visibility, versiontype, fixedlength, calculation, isauthen, resid, customattr, notserialize, dynamicattr, dynamictable, accesspower, accesspowergroup, industry ) values (  'f9891690-e660-11e8-8985-5f606a994521', null, '1001AA100000000001IG', null, null, 'BS000010000100001051',300, null, null, '自定义档案主键',0, null, 'Y', 'N', 'N', 'N',20, null, null, null, null, 'pk_defdoc',0, null,0, '2018-11-19 11:25:41',0,0, 'N', 'N', 'Y', '2UC000-000747', 'N', 'N', 'N', null, 'N', null, '0' ) ;
insert into md_property ( id, accessorclassname, classid, createtime, creator, datatype, datatypestyle, defaultvalue, description, displayname, dr, help, isactive, hided, nullable, readonly, attrlength, attrmaxvalue, attrminvalue, modifier, modifytime, name, precise, refmodelname, attrsequence, ts, visibility, versiontype, fixedlength, calculation, isauthen, resid, customattr, notserialize, dynamicattr, dynamictable, accesspower, accesspowergroup, industry ) values (  'f989169b-e660-11e8-8985-5f606a994521', null, '1001AA100000000001IG', null, null, '16c1dca0-e3ed-4dcc-8ed7-75fd59e2bef1',305, null, null, '自定义档案列表主键',0, null, 'Y', 'N', 'N', 'N',20, null, null, null, null, 'pk_defdoclist',0, '自定义档案列表',1, '2018-11-19 11:25:41',0,0, 'N', 'N', 'Y', '2UC000-000748', 'N', 'N', 'N', null, 'N', null, '0' ) ;
insert into md_property ( id, accessorclassname, classid, createtime, creator, datatype, datatypestyle, defaultvalue, description, displayname, dr, help, isactive, hided, nullable, readonly, attrlength, attrmaxvalue, attrminvalue, modifier, modifytime, name, precise, refmodelname, attrsequence, ts, visibility, versiontype, fixedlength, calculation, isauthen, resid, customattr, notserialize, dynamicattr, dynamictable, accesspower, accesspowergroup, industry ) values (  'f989169d-e660-11e8-8985-5f606a994521', null, '1001AA100000000001IG', null, null, '985be8a4-3a36-4778-8afe-2d8ed3902659',305, null, null, '所属组织',0, null, 'Y', 'N', 'N', 'N',20, null, null, null, null, 'pk_org',0, '业务单元',2, '2018-11-19 11:25:41',0,0, 'N', 'N', 'Y', '2UC000-000360', 'N', 'N', 'N', null, 'N', null, '0' ) ;
insert into md_property ( id, accessorclassname, classid, createtime, creator, datatype, datatypestyle, defaultvalue, description, displayname, dr, help, isactive, hided, nullable, readonly, attrlength, attrmaxvalue, attrminvalue, modifier, modifytime, name, precise, refmodelname, attrsequence, ts, visibility, versiontype, fixedlength, calculation, isauthen, resid, customattr, notserialize, dynamicattr, dynamictable, accesspower, accesspowergroup, industry ) values (  'f989169c-e660-11e8-8985-5f606a994521', null, '1001AA100000000001IG', null, null, '3b6dd171-2900-47f3-bfbe-41e4483a2a65',305, null, null, '所属集团',0, null, 'Y', 'N', 'Y', 'N',20, null, null, null, null, 'pk_group',0, '集团',3, '2018-11-19 11:25:41',0,0, 'N', 'N', 'Y', '2UC000-000367', 'N', 'N', 'N', null, 'N', null, '0' ) ;
insert into md_property ( id, accessorclassname, classid, createtime, creator, datatype, datatypestyle, defaultvalue, description, displayname, dr, help, isactive, hided, nullable, readonly, attrlength, attrmaxvalue, attrminvalue, modifier, modifytime, name, precise, refmodelname, attrsequence, ts, visibility, versiontype, fixedlength, calculation, isauthen, resid, customattr, notserialize, dynamicattr, dynamictable, accesspower, accesspowergroup, industry ) values (  'f9891689-e660-11e8-8985-5f606a994521', null, '1001AA100000000001IG', null, null, 'BS000010000100001001',300, null, null, '档案编码',0, 'URC', 'Y', 'N', 'N', 'N',40, null, null, null, null, 'code',0, null,4, '2018-11-19 11:25:41',0,0, 'N', 'N', 'Y', '2UC000-000557', 'N', 'N', 'N', null, 'N', null, '0' ) ;
insert into md_property ( id, accessorclassname, classid, createtime, creator, datatype, datatypestyle, defaultvalue, description, displayname, dr, help, isactive, hided, nullable, readonly, attrlength, attrmaxvalue, attrminvalue, modifier, modifytime, name, precise, refmodelname, attrsequence, ts, visibility, versiontype, fixedlength, calculation, isauthen, resid, customattr, notserialize, dynamicattr, dynamictable, accesspower, accesspowergroup, industry ) values (  'f9891696-e660-11e8-8985-5f606a994521', null, '1001AA100000000001IG', null, null, 'BS000010000100001058',300, null, null, '档案名称',0, 'URC', 'Y', 'N', 'Y', 'N',200, null, null, null, null, 'name',0, null,5, '2018-11-19 11:25:41',0,0, 'N', 'N', 'Y', '2UC000-000556', 'N', 'N', 'N', null, 'N', null, '0' ) ;
insert into md_property ( id, accessorclassname, classid, createtime, creator, datatype, datatypestyle, defaultvalue, description, displayname, dr, help, isactive, hided, nullable, readonly, attrlength, attrmaxvalue, attrminvalue, modifier, modifytime, name, precise, refmodelname, attrsequence, ts, visibility, versiontype, fixedlength, calculation, isauthen, resid, customattr, notserialize, dynamicattr, dynamictable, accesspower, accesspowergroup, industry ) values (  'f9891697-e660-11e8-8985-5f606a994521', null, '1001AA100000000001IG', null, null, 'BS000010000100001058',300, null, null, '简称',0, null, 'Y', 'N', 'Y', 'N',200, null, null, null, null, 'shortname',0, null,6, '2018-11-19 11:25:41',0,0, 'N', 'N', 'Y', '2UC000-000675', 'N', 'N', 'N', null, 'N', null, '0' ) ;
insert into md_property ( id, accessorclassname, classid, createtime, creator, datatype, datatypestyle, defaultvalue, description, displayname, dr, help, isactive, hided, nullable, readonly, attrlength, attrmaxvalue, attrminvalue, modifier, modifytime, name, precise, refmodelname, attrsequence, ts, visibility, versiontype, fixedlength, calculation, isauthen, resid, customattr, notserialize, dynamicattr, dynamictable, accesspower, accesspowergroup, industry ) values (  'f9891692-e660-11e8-8985-5f606a994521', null, '1001AA100000000001IG', null, null, 'BS000010000100001001',300, null, null, '助记码',0, null, 'Y', 'N', 'Y', 'N',50, null, null, null, null, 'mnecode',0, null,7, '2018-11-19 11:25:41',0,0, 'N', 'N', 'Y', '2UC000-000172', 'N', 'N', 'N', null, 'N', null, '0' ) ;
insert into md_property ( id, accessorclassname, classid, createtime, creator, datatype, datatypestyle, defaultvalue, description, displayname, dr, help, isactive, hided, nullable, readonly, attrlength, attrmaxvalue, attrminvalue, modifier, modifytime, name, precise, refmodelname, attrsequence, ts, visibility, versiontype, fixedlength, calculation, isauthen, resid, customattr, notserialize, dynamicattr, dynamictable, accesspower, accesspowergroup, industry ) values (  'f9891699-e660-11e8-8985-5f606a994521', null, '1001AA100000000001IG', null, null, 'BS000010000100001001',300, null, null, '上级档案',0, null, 'Y', 'N', 'Y', 'N',20, null, null, null, null, 'pid',0, null,8, '2018-11-19 11:25:41',0,0, 'N', 'N', 'Y', '2UC000-000007', 'N', 'N', 'N', null, 'N', null, '0' ) ;
insert into md_property ( id, accessorclassname, classid, createtime, creator, datatype, datatypestyle, defaultvalue, description, displayname, dr, help, isactive, hided, nullable, readonly, attrlength, attrmaxvalue, attrminvalue, modifier, modifytime, name, precise, refmodelname, attrsequence, ts, visibility, versiontype, fixedlength, calculation, isauthen, resid, customattr, notserialize, dynamicattr, dynamictable, accesspower, accesspowergroup, industry ) values (  'f9891691-e660-11e8-8985-5f606a994521', null, '1001AA100000000001IG', null, null, 'BS000010000100001001',300, null, null, '备注',0, null, 'Y', 'N', 'Y', 'N',200, null, null, null, null, 'memo',0, null,9, '2018-11-19 11:25:41',0,0, 'N', 'N', 'Y', '2UC000-000258', 'N', 'N', 'N', null, 'N', null, '0' ) ;
insert into md_property ( id, accessorclassname, classid, createtime, creator, datatype, datatypestyle, defaultvalue, description, displayname, dr, help, isactive, hided, nullable, readonly, attrlength, attrmaxvalue, attrminvalue, modifier, modifytime, name, precise, refmodelname, attrsequence, ts, visibility, versiontype, fixedlength, calculation, isauthen, resid, customattr, notserialize, dynamicattr, dynamictable, accesspower, accesspowergroup, industry ) values (  'f989168d-e660-11e8-8985-5f606a994521', null, '1001AA100000000001IG', null, null, 'f6f9a473-56c0-432f-8bc7-fbf8fde54fee',305, null, null, '创建人',0, null, 'Y', 'N', 'Y', 'N',20, null, null, null, null, 'creator',0, '用户',10, '2018-11-19 11:25:41',0,0, 'N', 'N', 'Y', '2UC000-000155', 'N', 'N', 'N', null, 'N', null, '0' ) ;
insert into md_property ( id, accessorclassname, classid, createtime, creator, datatype, datatypestyle, defaultvalue, description, displayname, dr, help, isactive, hided, nullable, readonly, attrlength, attrmaxvalue, attrminvalue, modifier, modifytime, name, precise, refmodelname, attrsequence, ts, visibility, versiontype, fixedlength, calculation, isauthen, resid, customattr, notserialize, dynamicattr, dynamictable, accesspower, accesspowergroup, industry ) values (  'f989168c-e660-11e8-8985-5f606a994521', null, '1001AA100000000001IG', null, null, 'BS000010000100001034',300, null, null, '创建时间',0, null, 'Y', 'N', 'Y', 'N',19, null, null, null, null, 'creationtime',0, null,11, '2018-11-19 11:25:41',0,0, 'N', 'N', 'Y', '2UC000-000157', 'N', 'N', 'N', null, 'N', null, '0' ) ;
insert into md_property ( id, accessorclassname, classid, createtime, creator, datatype, datatypestyle, defaultvalue, description, displayname, dr, help, isactive, hided, nullable, readonly, attrlength, attrmaxvalue, attrminvalue, modifier, modifytime, name, precise, refmodelname, attrsequence, ts, visibility, versiontype, fixedlength, calculation, isauthen, resid, customattr, notserialize, dynamicattr, dynamictable, accesspower, accesspowergroup, industry ) values (  'f9891693-e660-11e8-8985-5f606a994521', null, '1001AA100000000001IG', null, null, 'f6f9a473-56c0-432f-8bc7-fbf8fde54fee',305, null, null, '最后修改人',0, null, 'Y', 'N', 'Y', 'N',20, null, null, null, null, 'modifier',0, '用户',12, '2018-11-19 11:25:41',0,0, 'N', 'N', 'Y', '2UC000-000490', 'N', 'N', 'N', null, 'N', null, '0' ) ;
insert into md_property ( id, accessorclassname, classid, createtime, creator, datatype, datatypestyle, defaultvalue, description, displayname, dr, help, isactive, hided, nullable, readonly, attrlength, attrmaxvalue, attrminvalue, modifier, modifytime, name, precise, refmodelname, attrsequence, ts, visibility, versiontype, fixedlength, calculation, isauthen, resid, customattr, notserialize, dynamicattr, dynamictable, accesspower, accesspowergroup, industry ) values (  'f9891695-e660-11e8-8985-5f606a994521', null, '1001AA100000000001IG', null, null, 'BS000010000100001034',300, null, null, '最后修改时间',0, null, 'Y', 'N', 'Y', 'N',19, null, null, null, null, 'modifiedtime',0, null,13, '2018-11-19 11:25:41',0,0, 'N', 'N', 'Y', '2UC000-000491', 'N', 'N', 'N', null, 'N', null, '0' ) ;
insert into md_property ( id, accessorclassname, classid, createtime, creator, datatype, datatypestyle, defaultvalue, description, displayname, dr, help, isactive, hided, nullable, readonly, attrlength, attrmaxvalue, attrminvalue, modifier, modifytime, name, precise, refmodelname, attrsequence, ts, visibility, versiontype, fixedlength, calculation, isauthen, resid, customattr, notserialize, dynamicattr, dynamictable, accesspower, accesspowergroup, industry ) values (  'f989168f-e660-11e8-8985-5f606a994521', null, '1001AA100000000001IG', null, null, 'BS000010000100001001',300, null, null, '内部编码',0, null, 'Y', 'N', 'Y', 'N',200, null, null, null, null, 'innercode',0, null,14, '2018-11-19 11:25:41',0,0, 'N', 'N', 'Y', '2UC000-000136', 'N', 'N', 'N', null, 'N', null, '0' ) ;
insert into md_property ( id, accessorclassname, classid, createtime, creator, datatype, datatypestyle, defaultvalue, description, displayname, dr, help, isactive, hided, nullable, readonly, attrlength, attrmaxvalue, attrminvalue, modifier, modifytime, name, precise, refmodelname, attrsequence, ts, visibility, versiontype, fixedlength, calculation, isauthen, resid, customattr, notserialize, dynamicattr, dynamictable, accesspower, accesspowergroup, industry ) values (  'f989169e-e660-11e8-8985-5f606a994521', null, '1001AA100000000001IG', null, null, '6b533ffa-3e43-4147-8670-ba0f5471fd40',300, null, null, '启用状态',0, null, 'Y', 'N', 'Y', 'N',0, null, null, null, null, 'enablestate',0, null,15, '2018-11-19 11:25:41',0,0, 'N', 'N', 'Y', '2UC000-000249', 'N', 'N', 'N', null, 'N', null, '0' ) ;
insert into md_property ( id, accessorclassname, classid, createtime, creator, datatype, datatypestyle, defaultvalue, description, displayname, dr, help, isactive, hided, nullable, readonly, attrlength, attrmaxvalue, attrminvalue, modifier, modifytime, name, precise, refmodelname, attrsequence, ts, visibility, versiontype, fixedlength, calculation, isauthen, resid, customattr, notserialize, dynamicattr, dynamictable, accesspower, accesspowergroup, industry ) values (  'f98916a0-e660-11e8-8985-5f606a994521', null, '1001AA100000000001IG', null, null, 'BS000010000100001004',300, null, null, '分布式',0, null, 'Y', 'N', 'Y', 'N',0, null, null, null, null, 'dataoriginflag',0, null,16, '2018-11-19 11:25:41',0,0, 'N', 'N', 'Y', '2UC000-000151', 'N', 'N', 'N', null, 'N', null, '0' ) ;
insert into md_property ( id, accessorclassname, classid, createtime, creator, datatype, datatypestyle, defaultvalue, description, displayname, dr, help, isactive, hided, nullable, readonly, attrlength, attrmaxvalue, attrminvalue, modifier, modifytime, name, precise, refmodelname, attrsequence, ts, visibility, versiontype, fixedlength, calculation, isauthen, resid, customattr, notserialize, dynamicattr, dynamictable, accesspower, accesspowergroup, industry ) values (  'f98916a1-e660-11e8-8985-5f606a994521', null, '1001AA100000000001IG', null, null, 'ba3f1197-8584-445d-88a0-102e505f94e5',300, '1', null, '数据类型',0, null, 'Y', 'N', 'Y', 'N',0, null, null, null, null, 'datatype',0, null,17, '2018-11-19 11:25:41',0,0, 'N', 'N', 'Y', '2UC000-000458', 'N', 'N', 'N', null, 'N', null, '0' ) ;
insert into md_property ( id, accessorclassname, classid, createtime, creator, datatype, datatypestyle, defaultvalue, description, displayname, dr, help, isactive, hided, nullable, readonly, attrlength, attrmaxvalue, attrminvalue, modifier, modifytime, name, precise, refmodelname, attrsequence, ts, visibility, versiontype, fixedlength, calculation, isauthen, resid, customattr, notserialize, dynamicattr, dynamictable, accesspower, accesspowergroup, industry ) values (  'f98916a2-e660-11e8-8985-5f606a994521', null, '1001AA100000000001IG', null, null, 'BS000010000100001056',300, null, null, '自定义项1',0, null, 'Y', 'N', 'Y', 'N',101, null, null, null, null, 'def1',0, null,18, '2018-11-19 11:25:41',0,-1, 'N', 'N', 'Y', null, 'Y', 'N', 'N', null, 'N', null, '0' ) ;
insert into md_property ( id, accessorclassname, classid, createtime, creator, datatype, datatypestyle, defaultvalue, description, displayname, dr, help, isactive, hided, nullable, readonly, attrlength, attrmaxvalue, attrminvalue, modifier, modifytime, name, precise, refmodelname, attrsequence, ts, visibility, versiontype, fixedlength, calculation, isauthen, resid, customattr, notserialize, dynamicattr, dynamictable, accesspower, accesspowergroup, industry ) values (  'f98916a3-e660-11e8-8985-5f606a994521', null, '1001AA100000000001IG', null, null, 'BS000010000100001056',300, null, null, '自定义项2',0, null, 'Y', 'N', 'Y', 'N',101, null, null, null, null, 'def2',0, null,19, '2018-11-19 11:25:41',0,-1, 'N', 'N', 'Y', null, 'Y', 'N', 'N', null, 'N', null, '0' ) ;
insert into md_property ( id, accessorclassname, classid, createtime, creator, datatype, datatypestyle, defaultvalue, description, displayname, dr, help, isactive, hided, nullable, readonly, attrlength, attrmaxvalue, attrminvalue, modifier, modifytime, name, precise, refmodelname, attrsequence, ts, visibility, versiontype, fixedlength, calculation, isauthen, resid, customattr, notserialize, dynamicattr, dynamictable, accesspower, accesspowergroup, industry ) values (  'f98916a4-e660-11e8-8985-5f606a994521', null, '1001AA100000000001IG', null, null, 'BS000010000100001056',300, null, null, '自定义项3',0, null, 'Y', 'N', 'Y', 'N',101, null, null, null, null, 'def3',0, null,20, '2018-11-19 11:25:41',0,-1, 'N', 'N', 'Y', null, 'Y', 'N', 'N', null, 'N', null, '0' ) ;
insert into md_property ( id, accessorclassname, classid, createtime, creator, datatype, datatypestyle, defaultvalue, description, displayname, dr, help, isactive, hided, nullable, readonly, attrlength, attrmaxvalue, attrminvalue, modifier, modifytime, name, precise, refmodelname, attrsequence, ts, visibility, versiontype, fixedlength, calculation, isauthen, resid, customattr, notserialize, dynamicattr, dynamictable, accesspower, accesspowergroup, industry ) values (  'f98916a5-e660-11e8-8985-5f606a994521', null, '1001AA100000000001IG', null, null, 'BS000010000100001056',300, null, null, '自定义项4',0, null, 'Y', 'N', 'Y', 'N',101, null, null, null, null, 'def4',0, null,21, '2018-11-19 11:25:41',0,-1, 'N', 'N', 'Y', null, 'Y', 'N', 'N', null, 'N', null, '0' ) ;
insert into md_property ( id, accessorclassname, classid, createtime, creator, datatype, datatypestyle, defaultvalue, description, displayname, dr, help, isactive, hided, nullable, readonly, attrlength, attrmaxvalue, attrminvalue, modifier, modifytime, name, precise, refmodelname, attrsequence, ts, visibility, versiontype, fixedlength, calculation, isauthen, resid, customattr, notserialize, dynamicattr, dynamictable, accesspower, accesspowergroup, industry ) values (  'f98916a6-e660-11e8-8985-5f606a994521', null, '1001AA100000000001IG', null, null, 'BS000010000100001056',300, null, null, '自定义项5',0, null, 'Y', 'N', 'Y', 'N',101, null, null, null, null, 'def5',0, null,22, '2018-11-19 11:25:41',0,-1, 'N', 'N', 'Y', null, 'Y', 'N', 'N', null, 'N', null, '0' ) ;
insert into md_property ( id, accessorclassname, classid, createtime, creator, datatype, datatypestyle, defaultvalue, description, displayname, dr, help, isactive, hided, nullable, readonly, attrlength, attrmaxvalue, attrminvalue, modifier, modifytime, name, precise, refmodelname, attrsequence, ts, visibility, versiontype, fixedlength, calculation, isauthen, resid, customattr, notserialize, dynamicattr, dynamictable, accesspower, accesspowergroup, industry ) values (  'f98916a7-e660-11e8-8985-5f606a994521', null, '1001AA100000000001IG', null, null, 'BS000010000100001056',300, null, null, '自定义项6',0, null, 'Y', 'N', 'Y', 'N',101, null, null, null, null, 'def6',0, null,23, '2018-11-19 11:25:41',0,-1, 'N', 'N', 'Y', null, 'Y', 'N', 'N', null, 'N', null, '0' ) ;
insert into md_property ( id, accessorclassname, classid, createtime, creator, datatype, datatypestyle, defaultvalue, description, displayname, dr, help, isactive, hided, nullable, readonly, attrlength, attrmaxvalue, attrminvalue, modifier, modifytime, name, precise, refmodelname, attrsequence, ts, visibility, versiontype, fixedlength, calculation, isauthen, resid, customattr, notserialize, dynamicattr, dynamictable, accesspower, accesspowergroup, industry ) values (  'f98916a8-e660-11e8-8985-5f606a994521', null, '1001AA100000000001IG', null, null, 'BS000010000100001056',300, null, null, '自定义项7',0, null, 'Y', 'N', 'Y', 'N',101, null, null, null, null, 'def7',0, null,24, '2018-11-19 11:25:41',0,-1, 'N', 'N', 'Y', null, 'Y', 'N', 'N', null, 'N', null, '0' ) ;
insert into md_property ( id, accessorclassname, classid, createtime, creator, datatype, datatypestyle, defaultvalue, description, displayname, dr, help, isactive, hided, nullable, readonly, attrlength, attrmaxvalue, attrminvalue, modifier, modifytime, name, precise, refmodelname, attrsequence, ts, visibility, versiontype, fixedlength, calculation, isauthen, resid, customattr, notserialize, dynamicattr, dynamictable, accesspower, accesspowergroup, industry ) values (  'f98916a9-e660-11e8-8985-5f606a994521', null, '1001AA100000000001IG', null, null, 'BS000010000100001056',300, null, null, '自定义项8',0, null, 'Y', 'N', 'Y', 'N',101, null, null, null, null, 'def8',0, null,25, '2018-11-19 11:25:41',0,-1, 'N', 'N', 'Y', null, 'Y', 'N', 'N', null, 'N', null, '0' ) ;
insert into md_property ( id, accessorclassname, classid, createtime, creator, datatype, datatypestyle, defaultvalue, description, displayname, dr, help, isactive, hided, nullable, readonly, attrlength, attrmaxvalue, attrminvalue, modifier, modifytime, name, precise, refmodelname, attrsequence, ts, visibility, versiontype, fixedlength, calculation, isauthen, resid, customattr, notserialize, dynamicattr, dynamictable, accesspower, accesspowergroup, industry ) values (  'f98916aa-e660-11e8-8985-5f606a994521', null, '1001AA100000000001IG', null, null, 'BS000010000100001056',300, null, null, '自定义项9',0, null, 'Y', 'N', 'Y', 'N',101, null, null, null, null, 'def9',0, null,26, '2018-11-19 11:25:41',0,-1, 'N', 'N', 'Y', null, 'Y', 'N', 'N', null, 'N', null, '0' ) ;
insert into md_property ( id, accessorclassname, classid, createtime, creator, datatype, datatypestyle, defaultvalue, description, displayname, dr, help, isactive, hided, nullable, readonly, attrlength, attrmaxvalue, attrminvalue, modifier, modifytime, name, precise, refmodelname, attrsequence, ts, visibility, versiontype, fixedlength, calculation, isauthen, resid, customattr, notserialize, dynamicattr, dynamictable, accesspower, accesspowergroup, industry ) values (  'f98916ab-e660-11e8-8985-5f606a994521', null, '1001AA100000000001IG', null, null, 'BS000010000100001056',300, null, null, '自定义项10',0, null, 'Y', 'N', 'Y', 'N',101, null, null, null, null, 'def10',0, null,27, '2018-11-19 11:25:41',0,-1, 'N', 'N', 'Y', null, 'Y', 'N', 'N', null, 'N', null, '0' ) ;
insert into md_property ( id, accessorclassname, classid, createtime, creator, datatype, datatypestyle, defaultvalue, description, displayname, dr, help, isactive, hided, nullable, readonly, attrlength, attrmaxvalue, attrminvalue, modifier, modifytime, name, precise, refmodelname, attrsequence, ts, visibility, versiontype, fixedlength, calculation, isauthen, resid, customattr, notserialize, dynamicattr, dynamictable, accesspower, accesspowergroup, industry ) values (  'f98916ac-e660-11e8-8985-5f606a994521', null, '1001AA100000000001IG', null, null, 'BS000010000100001056',300, null, null, '自定义项11',0, null, 'Y', 'N', 'Y', 'N',101, null, null, null, null, 'def11',0, null,28, '2018-11-19 11:25:41',0,-1, 'N', 'N', 'Y', null, 'Y', 'N', 'N', null, 'N', null, '0' ) ;
insert into md_property ( id, accessorclassname, classid, createtime, creator, datatype, datatypestyle, defaultvalue, description, displayname, dr, help, isactive, hided, nullable, readonly, attrlength, attrmaxvalue, attrminvalue, modifier, modifytime, name, precise, refmodelname, attrsequence, ts, visibility, versiontype, fixedlength, calculation, isauthen, resid, customattr, notserialize, dynamicattr, dynamictable, accesspower, accesspowergroup, industry ) values (  'f98916ad-e660-11e8-8985-5f606a994521', null, '1001AA100000000001IG', null, null, 'BS000010000100001056',300, null, null, '自定义项12',0, null, 'Y', 'N', 'Y', 'N',101, null, null, null, null, 'def12',0, null,29, '2018-11-19 11:25:41',0,-1, 'N', 'N', 'Y', null, 'Y', 'N', 'N', null, 'N', null, '0' ) ;
insert into md_property ( id, accessorclassname, classid, createtime, creator, datatype, datatypestyle, defaultvalue, description, displayname, dr, help, isactive, hided, nullable, readonly, attrlength, attrmaxvalue, attrminvalue, modifier, modifytime, name, precise, refmodelname, attrsequence, ts, visibility, versiontype, fixedlength, calculation, isauthen, resid, customattr, notserialize, dynamicattr, dynamictable, accesspower, accesspowergroup, industry ) values (  'f98916ae-e660-11e8-8985-5f606a994521', null, '1001AA100000000001IG', null, null, 'BS000010000100001056',300, null, null, '自定义项13',0, null, 'Y', 'N', 'Y', 'N',101, null, null, null, null, 'def13',0, null,30, '2018-11-19 11:25:41',0,-1, 'N', 'N', 'Y', null, 'Y', 'N', 'N', null, 'N', null, '0' ) ;
insert into md_property ( id, accessorclassname, classid, createtime, creator, datatype, datatypestyle, defaultvalue, description, displayname, dr, help, isactive, hided, nullable, readonly, attrlength, attrmaxvalue, attrminvalue, modifier, modifytime, name, precise, refmodelname, attrsequence, ts, visibility, versiontype, fixedlength, calculation, isauthen, resid, customattr, notserialize, dynamicattr, dynamictable, accesspower, accesspowergroup, industry ) values (  'f98916af-e660-11e8-8985-5f606a994521', null, '1001AA100000000001IG', null, null, 'BS000010000100001056',300, null, null, '自定义项14',0, null, 'Y', 'N', 'Y', 'N',101, null, null, null, null, 'def14',0, null,31, '2018-11-19 11:25:41',0,-1, 'N', 'N', 'Y', null, 'Y', 'N', 'N', null, 'N', null, '0' ) ;
insert into md_property ( id, accessorclassname, classid, createtime, creator, datatype, datatypestyle, defaultvalue, description, displayname, dr, help, isactive, hided, nullable, readonly, attrlength, attrmaxvalue, attrminvalue, modifier, modifytime, name, precise, refmodelname, attrsequence, ts, visibility, versiontype, fixedlength, calculation, isauthen, resid, customattr, notserialize, dynamicattr, dynamictable, accesspower, accesspowergroup, industry ) values (  'f98916b0-e660-11e8-8985-5f606a994521', null, '1001AA100000000001IG', null, null, 'BS000010000100001056',300, null, null, '自定义项15',0, null, 'Y', 'N', 'Y', 'N',101, null, null, null, null, 'def15',0, null,32, '2018-11-19 11:25:41',0,-1, 'N', 'N', 'Y', null, 'Y', 'N', 'N', null, 'N', null, '0' ) ;
insert into md_property ( id, accessorclassname, classid, createtime, creator, datatype, datatypestyle, defaultvalue, description, displayname, dr, help, isactive, hided, nullable, readonly, attrlength, attrmaxvalue, attrminvalue, modifier, modifytime, name, precise, refmodelname, attrsequence, ts, visibility, versiontype, fixedlength, calculation, isauthen, resid, customattr, notserialize, dynamicattr, dynamictable, accesspower, accesspowergroup, industry ) values (  'f98916b1-e660-11e8-8985-5f606a994521', null, '1001AA100000000001IG', null, null, 'BS000010000100001056',300, null, null, '自定义项16',0, null, 'Y', 'N', 'Y', 'N',101, null, null, null, null, 'def16',0, null,33, '2018-11-19 11:25:41',0,-1, 'N', 'N', 'Y', null, 'Y', 'N', 'N', null, 'N', null, '0' ) ;
insert into md_property ( id, accessorclassname, classid, createtime, creator, datatype, datatypestyle, defaultvalue, description, displayname, dr, help, isactive, hided, nullable, readonly, attrlength, attrmaxvalue, attrminvalue, modifier, modifytime, name, precise, refmodelname, attrsequence, ts, visibility, versiontype, fixedlength, calculation, isauthen, resid, customattr, notserialize, dynamicattr, dynamictable, accesspower, accesspowergroup, industry ) values (  'f98916b2-e660-11e8-8985-5f606a994521', null, '1001AA100000000001IG', null, null, 'BS000010000100001056',300, null, null, '自定义项17',0, null, 'Y', 'N', 'Y', 'N',101, null, null, null, null, 'def17',0, null,34, '2018-11-19 11:25:41',0,-1, 'N', 'N', 'Y', null, 'Y', 'N', 'N', null, 'N', null, '0' ) ;
insert into md_property ( id, accessorclassname, classid, createtime, creator, datatype, datatypestyle, defaultvalue, description, displayname, dr, help, isactive, hided, nullable, readonly, attrlength, attrmaxvalue, attrminvalue, modifier, modifytime, name, precise, refmodelname, attrsequence, ts, visibility, versiontype, fixedlength, calculation, isauthen, resid, customattr, notserialize, dynamicattr, dynamictable, accesspower, accesspowergroup, industry ) values (  'f98916b3-e660-11e8-8985-5f606a994521', null, '1001AA100000000001IG', null, null, 'BS000010000100001056',300, null, null, '自定义项18',0, null, 'Y', 'N', 'Y', 'N',101, null, null, null, null, 'def18',0, null,35, '2018-11-19 11:25:41',0,-1, 'N', 'N', 'Y', null, 'Y', 'N', 'N', null, 'N', null, '0' ) ;
insert into md_property ( id, accessorclassname, classid, createtime, creator, datatype, datatypestyle, defaultvalue, description, displayname, dr, help, isactive, hided, nullable, readonly, attrlength, attrmaxvalue, attrminvalue, modifier, modifytime, name, precise, refmodelname, attrsequence, ts, visibility, versiontype, fixedlength, calculation, isauthen, resid, customattr, notserialize, dynamicattr, dynamictable, accesspower, accesspowergroup, industry ) values (  'f98916b4-e660-11e8-8985-5f606a994521', null, '1001AA100000000001IG', null, null, 'BS000010000100001056',300, null, null, '自定义项19',0, null, 'Y', 'N', 'Y', 'N',101, null, null, null, null, 'def19',0, null,36, '2018-11-19 11:25:41',0,-1, 'N', 'N', 'Y', null, 'Y', 'N', 'N', null, 'N', null, '0' ) ;
insert into md_property ( id, accessorclassname, classid, createtime, creator, datatype, datatypestyle, defaultvalue, description, displayname, dr, help, isactive, hided, nullable, readonly, attrlength, attrmaxvalue, attrminvalue, modifier, modifytime, name, precise, refmodelname, attrsequence, ts, visibility, versiontype, fixedlength, calculation, isauthen, resid, customattr, notserialize, dynamicattr, dynamictable, accesspower, accesspowergroup, industry ) values (  'f98916b5-e660-11e8-8985-5f606a994521', null, '1001AA100000000001IG', null, null, 'BS000010000100001056',300, null, null, '自定义项20',0, null, 'Y', 'N', 'Y', 'N',101, null, null, null, null, 'def20',0, null,37, '2018-11-19 11:25:41',0,-1, 'N', 'N', 'Y', null, 'Y', 'N', 'N', null, 'N', null, '0' ) ;
insert into md_bizItfMap ( bizinterfaceid, intattrid, classid, classattrid, bizitfimpclassname, classattrpath, dr, ts ) values (  '6c8722b9-911a-489b-8d0d-18bd3734fcf6', '5dd3c721-22ad-42b1-9c10-4351c236bc77', '1001AA100000000001IG', 'f9891690-e660-11e8-8985-5f606a994521', null, null,0, '2018-11-19 11:25:41' ) ;
insert into md_bizItfMap ( bizinterfaceid, intattrid, classid, classattrid, bizitfimpclassname, classattrpath, dr, ts ) values (  '6c8722b9-911a-489b-8d0d-18bd3734fcf6', 'ecf1b76a-6e44-42e2-a55e-87596504775b', '1001AA100000000001IG', 'f989169d-e660-11e8-8985-5f606a994521', null, null,0, '2018-11-19 11:25:41' ) ;
insert into md_bizItfMap ( bizinterfaceid, intattrid, classid, classattrid, bizitfimpclassname, classattrpath, dr, ts ) values (  '6c8722b9-911a-489b-8d0d-18bd3734fcf6', 'd32cc17b-f415-415a-923f-0764443eb102', '1001AA100000000001IG', 'f9891689-e660-11e8-8985-5f606a994521', null, null,0, '2018-11-19 11:25:41' ) ;
insert into md_bizItfMap ( bizinterfaceid, intattrid, classid, classattrid, bizitfimpclassname, classattrpath, dr, ts ) values (  '6c8722b9-911a-489b-8d0d-18bd3734fcf6', '89578a97-42fe-439b-827c-8eabd9e3604c', '1001AA100000000001IG', 'f9891696-e660-11e8-8985-5f606a994521', null, null,0, '2018-11-19 11:25:41' ) ;
insert into md_bizItfMap ( bizinterfaceid, intattrid, classid, classattrid, bizitfimpclassname, classattrpath, dr, ts ) values (  '6c8722b9-911a-489b-8d0d-18bd3734fcf6', 'a47e6cda-09e4-480b-923f-ec6f41e3e06c', '1001AA100000000001IG', 'f989169c-e660-11e8-8985-5f606a994521', null, null,0, '2018-11-19 11:25:41' ) ;
insert into md_association ( id, componentid, creator, createtime, dr, endcardinality, startbeanid, endelementid, isactive, modifier, modifytime, name, startcardinality, startelementid, ts, type, versiontype, industry ) values (  '56ca40b4-2127-4770-8017-99de6a5f52a2', 'f989168a-e660-11e8-8985-5f606a994521', null, null,0, '1', '1001AA100000000001IG', '16c1dca0-e3ed-4dcc-8ed7-75fd59e2bef1', 'Y', null, null, 'Defdoc-C0J00105_pk_defdoclist', '1', 'f989169b-e660-11e8-8985-5f606a994521', '2018-11-19 11:25:41',3,0, '0' ) ;
insert into md_association ( id, componentid, creator, createtime, dr, endcardinality, startbeanid, endelementid, isactive, modifier, modifytime, name, startcardinality, startelementid, ts, type, versiontype, industry ) values (  '4a371b6f-459a-40b6-abf8-bdf7c60774f4', 'f989168a-e660-11e8-8985-5f606a994521', null, null,0, '1', '1001AA100000000001IG', '985be8a4-3a36-4778-8afe-2d8ed3902659', 'Y', null, null, 'Defdoc-C0J00105_pk_org', '1', 'f989169d-e660-11e8-8985-5f606a994521', '2018-11-19 11:25:41',3,0, '0' ) ;
insert into md_association ( id, componentid, creator, createtime, dr, endcardinality, startbeanid, endelementid, isactive, modifier, modifytime, name, startcardinality, startelementid, ts, type, versiontype, industry ) values (  'fe4422a1-039d-4f59-bc0c-2aaf05670c5f', 'f989168a-e660-11e8-8985-5f606a994521', null, null,0, '1', '1001AA100000000001IG', '3b6dd171-2900-47f3-bfbe-41e4483a2a65', 'Y', null, null, 'Defdoc-C0J00105_pk_group', '1', 'f989169c-e660-11e8-8985-5f606a994521', '2018-11-19 11:25:41',3,0, '0' ) ;
insert into md_association ( id, componentid, creator, createtime, dr, endcardinality, startbeanid, endelementid, isactive, modifier, modifytime, name, startcardinality, startelementid, ts, type, versiontype, industry ) values (  '99408a34-4801-431d-a786-c5f4884bceee', 'f989168a-e660-11e8-8985-5f606a994521', null, null,0, '1', '1001AA100000000001IG', 'f6f9a473-56c0-432f-8bc7-fbf8fde54fee', 'Y', null, null, 'Defdoc-C0J00105_creator', '1', 'f989168d-e660-11e8-8985-5f606a994521', '2018-11-19 11:25:41',3,0, '0' ) ;
insert into md_association ( id, componentid, creator, createtime, dr, endcardinality, startbeanid, endelementid, isactive, modifier, modifytime, name, startcardinality, startelementid, ts, type, versiontype, industry ) values (  '2e9e7b8b-74fd-4cdb-be38-a849302f2c93', 'f989168a-e660-11e8-8985-5f606a994521', null, null,0, '1', '1001AA100000000001IG', 'f6f9a473-56c0-432f-8bc7-fbf8fde54fee', 'Y', null, null, 'Defdoc-C0J00105_modifier', '1', 'f9891693-e660-11e8-8985-5f606a994521', '2018-11-19 11:25:41',3,0, '0' ) ;
insert into md_table ( id, createtime, creator, databaseid, description, displayname, dr, help, isactive, fromsourcebmf, modifier, modifytime, name, ts, versiontype, resmodule, resid, parenttable, isextendtable, industry ) values (  'bd_defdoc', '2018-11-12 17:54:41', null, null, null, '样品组别(自定义档案)',0, 'ignorebdmode,BDMODE,URC,DEFDOC,BUSILOG,DOC', null, 'Y', null, null, 'bd_defdoc', '2018-11-19 11:25:41',0, '10140uddb', null, null, null, '0' ) ;
insert into md_column ( id, sqldatetype, createtime, creator, defaultvalue, description, displayname, dr, help, incrementseed, incrementstep, isactive, identitied, pkey, nullable, columnlength, modifier, modifytime, name, precise, columnsequence, tableid, ts, versiontype, resid, groupid, columntype, forlocale ) values (  'bd_defdoc@@PK@@', 'char', null, null, null, null, '自定义档案主键',0, null,null,null, 'Y', null, 'Y', 'N',20, null, null, 'pk_defdoc',0,0, 'bd_defdoc', '2018-11-19 11:25:41',0, '2UC000-000747', null,0, 'N' ) ;
insert into md_column ( id, sqldatetype, createtime, creator, defaultvalue, description, displayname, dr, help, incrementseed, incrementstep, isactive, identitied, pkey, nullable, columnlength, modifier, modifytime, name, precise, columnsequence, tableid, ts, versiontype, resid, groupid, columntype, forlocale ) values (  'bd_defdoc@@@pk_defdoclist', 'char', null, null, null, null, '自定义档案列表主键',0, null,null,null, 'Y', null, 'N', 'N',20, null, null, 'pk_defdoclist',0,1, 'bd_defdoc', '2018-11-19 11:25:41',0, '2UC000-000748', null,0, 'N' ) ;
insert into md_column ( id, sqldatetype, createtime, creator, defaultvalue, description, displayname, dr, help, incrementseed, incrementstep, isactive, identitied, pkey, nullable, columnlength, modifier, modifytime, name, precise, columnsequence, tableid, ts, versiontype, resid, groupid, columntype, forlocale ) values (  'bd_defdoc@@@pk_org', 'char', null, null, null, null, '所属组织',0, null,null,null, 'Y', null, 'N', 'N',20, null, null, 'pk_org',0,2, 'bd_defdoc', '2018-11-19 11:25:41',0, '2UC000-000360', null,0, 'N' ) ;
insert into md_column ( id, sqldatetype, createtime, creator, defaultvalue, description, displayname, dr, help, incrementseed, incrementstep, isactive, identitied, pkey, nullable, columnlength, modifier, modifytime, name, precise, columnsequence, tableid, ts, versiontype, resid, groupid, columntype, forlocale ) values (  'bd_defdoc@@@pk_group', 'varchar', null, null, '*~', null, '所属集团',0, null,null,null, 'Y', null, 'N', 'Y',20, null, null, 'pk_group',0,3, 'bd_defdoc', '2018-11-19 11:25:41',0, '2UC000-000367', null,0, 'N' ) ;
insert into md_column ( id, sqldatetype, createtime, creator, defaultvalue, description, displayname, dr, help, incrementseed, incrementstep, isactive, identitied, pkey, nullable, columnlength, modifier, modifytime, name, precise, columnsequence, tableid, ts, versiontype, resid, groupid, columntype, forlocale ) values (  'bd_defdoc@@@code', 'varchar', null, null, null, null, '档案编码',0, 'URC',null,null, 'Y', null, 'N', 'N',40, null, null, 'code',0,4, 'bd_defdoc', '2018-11-19 11:25:41',0, '2UC000-000557', null,0, 'N' ) ;
insert into md_column ( id, sqldatetype, createtime, creator, defaultvalue, description, displayname, dr, help, incrementseed, incrementstep, isactive, identitied, pkey, nullable, columnlength, modifier, modifytime, name, precise, columnsequence, tableid, ts, versiontype, resid, groupid, columntype, forlocale ) values (  'bd_defdoc@@@name', 'varchar', null, null, null, null, '档案名称',0, 'URC',null,null, 'Y', null, 'N', 'Y',200, null, null, 'name',0,0, 'bd_defdoc', '2018-11-19 11:25:41',0, '2UC000-000556', 'bd_defdoc@@@name',0, 'N' ) ;
insert into md_column ( id, sqldatetype, createtime, creator, defaultvalue, description, displayname, dr, help, incrementseed, incrementstep, isactive, identitied, pkey, nullable, columnlength, modifier, modifytime, name, precise, columnsequence, tableid, ts, versiontype, resid, groupid, columntype, forlocale ) values (  'bd_defdoc@@@shortname', 'varchar', null, null, null, null, '简称',0, null,null,null, 'Y', null, 'N', 'Y',200, null, null, 'shortname',0,0, 'bd_defdoc', '2018-11-19 11:25:41',0, '2UC000-000675', 'bd_defdoc@@@shortname',0, 'N' ) ;
insert into md_column ( id, sqldatetype, createtime, creator, defaultvalue, description, displayname, dr, help, incrementseed, incrementstep, isactive, identitied, pkey, nullable, columnlength, modifier, modifytime, name, precise, columnsequence, tableid, ts, versiontype, resid, groupid, columntype, forlocale ) values (  'bd_defdoc@@@mnecode', 'varchar', null, null, null, null, '助记码',0, null,null,null, 'Y', null, 'N', 'Y',50, null, null, 'mnecode',0,7, 'bd_defdoc', '2018-11-19 11:25:41',0, '2UC000-000172', null,0, 'N' ) ;
insert into md_column ( id, sqldatetype, createtime, creator, defaultvalue, description, displayname, dr, help, incrementseed, incrementstep, isactive, identitied, pkey, nullable, columnlength, modifier, modifytime, name, precise, columnsequence, tableid, ts, versiontype, resid, groupid, columntype, forlocale ) values (  'bd_defdoc@@@pid', 'varchar', null, null, '*~', null, '上级档案',0, null,null,null, 'Y', null, 'N', 'Y',20, null, null, 'pid',0,8, 'bd_defdoc', '2018-11-19 11:25:41',0, '2UC000-000007', null,0, 'N' ) ;
insert into md_column ( id, sqldatetype, createtime, creator, defaultvalue, description, displayname, dr, help, incrementseed, incrementstep, isactive, identitied, pkey, nullable, columnlength, modifier, modifytime, name, precise, columnsequence, tableid, ts, versiontype, resid, groupid, columntype, forlocale ) values (  'bd_defdoc@@@memo', 'varchar', null, null, null, null, '备注',0, null,null,null, 'Y', null, 'N', 'Y',200, null, null, 'memo',0,9, 'bd_defdoc', '2018-11-19 11:25:41',0, '2UC000-000258', null,0, 'N' ) ;
insert into md_column ( id, sqldatetype, createtime, creator, defaultvalue, description, displayname, dr, help, incrementseed, incrementstep, isactive, identitied, pkey, nullable, columnlength, modifier, modifytime, name, precise, columnsequence, tableid, ts, versiontype, resid, groupid, columntype, forlocale ) values (  'bd_defdoc@@@creator', 'varchar', null, null, '*~', null, '创建人',0, null,null,null, 'Y', null, 'N', 'Y',20, null, null, 'creator',0,10, 'bd_defdoc', '2018-11-19 11:25:41',0, '2UC000-000155', null,0, 'N' ) ;
insert into md_column ( id, sqldatetype, createtime, creator, defaultvalue, description, displayname, dr, help, incrementseed, incrementstep, isactive, identitied, pkey, nullable, columnlength, modifier, modifytime, name, precise, columnsequence, tableid, ts, versiontype, resid, groupid, columntype, forlocale ) values (  'bd_defdoc@@@creationtime', 'char', null, null, null, null, '创建时间',0, null,null,null, 'Y', null, 'N', 'Y',19, null, null, 'creationtime',0,11, 'bd_defdoc', '2018-11-19 11:25:41',0, '2UC000-000157', null,0, 'N' ) ;
insert into md_column ( id, sqldatetype, createtime, creator, defaultvalue, description, displayname, dr, help, incrementseed, incrementstep, isactive, identitied, pkey, nullable, columnlength, modifier, modifytime, name, precise, columnsequence, tableid, ts, versiontype, resid, groupid, columntype, forlocale ) values (  'bd_defdoc@@@modifier', 'varchar', null, null, '*~', null, '最后修改人',0, null,null,null, 'Y', null, 'N', 'Y',20, null, null, 'modifier',0,12, 'bd_defdoc', '2018-11-19 11:25:41',0, '2UC000-000490', null,0, 'N' ) ;
insert into md_column ( id, sqldatetype, createtime, creator, defaultvalue, description, displayname, dr, help, incrementseed, incrementstep, isactive, identitied, pkey, nullable, columnlength, modifier, modifytime, name, precise, columnsequence, tableid, ts, versiontype, resid, groupid, columntype, forlocale ) values (  'bd_defdoc@@@modifiedtime', 'char', null, null, null, null, '最后修改时间',0, null,null,null, 'Y', null, 'N', 'Y',19, null, null, 'modifiedtime',0,13, 'bd_defdoc', '2018-11-19 11:25:41',0, '2UC000-000491', null,0, 'N' ) ;
insert into md_column ( id, sqldatetype, createtime, creator, defaultvalue, description, displayname, dr, help, incrementseed, incrementstep, isactive, identitied, pkey, nullable, columnlength, modifier, modifytime, name, precise, columnsequence, tableid, ts, versiontype, resid, groupid, columntype, forlocale ) values (  'bd_defdoc@@@innercode', 'varchar', null, null, null, null, '内部编码',0, null,null,null, 'Y', null, 'N', 'Y',200, null, null, 'innercode',0,14, 'bd_defdoc', '2018-11-19 11:25:41',0, '2UC000-000136', null,0, 'N' ) ;
insert into md_column ( id, sqldatetype, createtime, creator, defaultvalue, description, displayname, dr, help, incrementseed, incrementstep, isactive, identitied, pkey, nullable, columnlength, modifier, modifytime, name, precise, columnsequence, tableid, ts, versiontype, resid, groupid, columntype, forlocale ) values (  'bd_defdoc@@@enablestate', 'int', null, null, null, null, '启用状态',0, null,null,null, 'Y', null, 'N', 'Y',0, null, null, 'enablestate',0,15, 'bd_defdoc', '2018-11-19 11:25:41',0, '2UC000-000249', null,0, 'N' ) ;
insert into md_column ( id, sqldatetype, createtime, creator, defaultvalue, description, displayname, dr, help, incrementseed, incrementstep, isactive, identitied, pkey, nullable, columnlength, modifier, modifytime, name, precise, columnsequence, tableid, ts, versiontype, resid, groupid, columntype, forlocale ) values (  'bd_defdoc@@@dataoriginflag', 'int', null, null, null, null, '分布式',0, null,null,null, 'Y', null, 'N', 'Y',0, null, null, 'dataoriginflag',0,16, 'bd_defdoc', '2018-11-19 11:25:41',0, '2UC000-000151', null,0, 'N' ) ;
insert into md_column ( id, sqldatetype, createtime, creator, defaultvalue, description, displayname, dr, help, incrementseed, incrementstep, isactive, identitied, pkey, nullable, columnlength, modifier, modifytime, name, precise, columnsequence, tableid, ts, versiontype, resid, groupid, columntype, forlocale ) values (  'bd_defdoc@@@datatype', 'int', null, null, '1', null, '数据类型',0, null,null,null, 'Y', null, 'N', 'Y',0, null, null, 'datatype',0,17, 'bd_defdoc', '2018-11-19 11:25:41',0, '2UC000-000458', null,0, 'N' ) ;
insert into md_column ( id, sqldatetype, createtime, creator, defaultvalue, description, displayname, dr, help, incrementseed, incrementstep, isactive, identitied, pkey, nullable, columnlength, modifier, modifytime, name, precise, columnsequence, tableid, ts, versiontype, resid, groupid, columntype, forlocale ) values (  'bd_defdoc@@@def1', 'varchar', null, null, null, null, '自定义项1',0, null,null,null, 'Y', null, 'N', 'Y',101, null, null, 'def1',0,18, 'bd_defdoc', '2018-11-19 11:25:41',-1, null, null,0, 'N' ) ;
insert into md_column ( id, sqldatetype, createtime, creator, defaultvalue, description, displayname, dr, help, incrementseed, incrementstep, isactive, identitied, pkey, nullable, columnlength, modifier, modifytime, name, precise, columnsequence, tableid, ts, versiontype, resid, groupid, columntype, forlocale ) values (  'bd_defdoc@@@def2', 'varchar', null, null, null, null, '自定义项2',0, null,null,null, 'Y', null, 'N', 'Y',101, null, null, 'def2',0,19, 'bd_defdoc', '2018-11-19 11:25:41',-1, null, null,0, 'N' ) ;
insert into md_column ( id, sqldatetype, createtime, creator, defaultvalue, description, displayname, dr, help, incrementseed, incrementstep, isactive, identitied, pkey, nullable, columnlength, modifier, modifytime, name, precise, columnsequence, tableid, ts, versiontype, resid, groupid, columntype, forlocale ) values (  'bd_defdoc@@@def3', 'varchar', null, null, null, null, '自定义项3',0, null,null,null, 'Y', null, 'N', 'Y',101, null, null, 'def3',0,20, 'bd_defdoc', '2018-11-19 11:25:41',-1, null, null,0, 'N' ) ;
insert into md_column ( id, sqldatetype, createtime, creator, defaultvalue, description, displayname, dr, help, incrementseed, incrementstep, isactive, identitied, pkey, nullable, columnlength, modifier, modifytime, name, precise, columnsequence, tableid, ts, versiontype, resid, groupid, columntype, forlocale ) values (  'bd_defdoc@@@def4', 'varchar', null, null, null, null, '自定义项4',0, null,null,null, 'Y', null, 'N', 'Y',101, null, null, 'def4',0,21, 'bd_defdoc', '2018-11-19 11:25:41',-1, null, null,0, 'N' ) ;
insert into md_column ( id, sqldatetype, createtime, creator, defaultvalue, description, displayname, dr, help, incrementseed, incrementstep, isactive, identitied, pkey, nullable, columnlength, modifier, modifytime, name, precise, columnsequence, tableid, ts, versiontype, resid, groupid, columntype, forlocale ) values (  'bd_defdoc@@@def5', 'varchar', null, null, null, null, '自定义项5',0, null,null,null, 'Y', null, 'N', 'Y',101, null, null, 'def5',0,22, 'bd_defdoc', '2018-11-19 11:25:41',-1, null, null,0, 'N' ) ;
insert into md_column ( id, sqldatetype, createtime, creator, defaultvalue, description, displayname, dr, help, incrementseed, incrementstep, isactive, identitied, pkey, nullable, columnlength, modifier, modifytime, name, precise, columnsequence, tableid, ts, versiontype, resid, groupid, columntype, forlocale ) values (  'bd_defdoc@@@def6', 'varchar', null, null, null, null, '自定义项6',0, null,null,null, 'Y', null, 'N', 'Y',101, null, null, 'def6',0,23, 'bd_defdoc', '2018-11-19 11:25:41',-1, null, null,0, 'N' ) ;
insert into md_column ( id, sqldatetype, createtime, creator, defaultvalue, description, displayname, dr, help, incrementseed, incrementstep, isactive, identitied, pkey, nullable, columnlength, modifier, modifytime, name, precise, columnsequence, tableid, ts, versiontype, resid, groupid, columntype, forlocale ) values (  'bd_defdoc@@@def7', 'varchar', null, null, null, null, '自定义项7',0, null,null,null, 'Y', null, 'N', 'Y',101, null, null, 'def7',0,24, 'bd_defdoc', '2018-11-19 11:25:41',-1, null, null,0, 'N' ) ;
insert into md_column ( id, sqldatetype, createtime, creator, defaultvalue, description, displayname, dr, help, incrementseed, incrementstep, isactive, identitied, pkey, nullable, columnlength, modifier, modifytime, name, precise, columnsequence, tableid, ts, versiontype, resid, groupid, columntype, forlocale ) values (  'bd_defdoc@@@def8', 'varchar', null, null, null, null, '自定义项8',0, null,null,null, 'Y', null, 'N', 'Y',101, null, null, 'def8',0,25, 'bd_defdoc', '2018-11-19 11:25:41',-1, null, null,0, 'N' ) ;
insert into md_column ( id, sqldatetype, createtime, creator, defaultvalue, description, displayname, dr, help, incrementseed, incrementstep, isactive, identitied, pkey, nullable, columnlength, modifier, modifytime, name, precise, columnsequence, tableid, ts, versiontype, resid, groupid, columntype, forlocale ) values (  'bd_defdoc@@@def9', 'varchar', null, null, null, null, '自定义项9',0, null,null,null, 'Y', null, 'N', 'Y',101, null, null, 'def9',0,26, 'bd_defdoc', '2018-11-19 11:25:41',-1, null, null,0, 'N' ) ;
insert into md_column ( id, sqldatetype, createtime, creator, defaultvalue, description, displayname, dr, help, incrementseed, incrementstep, isactive, identitied, pkey, nullable, columnlength, modifier, modifytime, name, precise, columnsequence, tableid, ts, versiontype, resid, groupid, columntype, forlocale ) values (  'bd_defdoc@@@def10', 'varchar', null, null, null, null, '自定义项10',0, null,null,null, 'Y', null, 'N', 'Y',101, null, null, 'def10',0,27, 'bd_defdoc', '2018-11-19 11:25:41',-1, null, null,0, 'N' ) ;
insert into md_column ( id, sqldatetype, createtime, creator, defaultvalue, description, displayname, dr, help, incrementseed, incrementstep, isactive, identitied, pkey, nullable, columnlength, modifier, modifytime, name, precise, columnsequence, tableid, ts, versiontype, resid, groupid, columntype, forlocale ) values (  'bd_defdoc@@@def11', 'varchar', null, null, null, null, '自定义项11',0, null,null,null, 'Y', null, 'N', 'Y',101, null, null, 'def11',0,28, 'bd_defdoc', '2018-11-19 11:25:41',-1, null, null,0, 'N' ) ;
insert into md_column ( id, sqldatetype, createtime, creator, defaultvalue, description, displayname, dr, help, incrementseed, incrementstep, isactive, identitied, pkey, nullable, columnlength, modifier, modifytime, name, precise, columnsequence, tableid, ts, versiontype, resid, groupid, columntype, forlocale ) values (  'bd_defdoc@@@def12', 'varchar', null, null, null, null, '自定义项12',0, null,null,null, 'Y', null, 'N', 'Y',101, null, null, 'def12',0,29, 'bd_defdoc', '2018-11-19 11:25:41',-1, null, null,0, 'N' ) ;
insert into md_column ( id, sqldatetype, createtime, creator, defaultvalue, description, displayname, dr, help, incrementseed, incrementstep, isactive, identitied, pkey, nullable, columnlength, modifier, modifytime, name, precise, columnsequence, tableid, ts, versiontype, resid, groupid, columntype, forlocale ) values (  'bd_defdoc@@@def13', 'varchar', null, null, null, null, '自定义项13',0, null,null,null, 'Y', null, 'N', 'Y',101, null, null, 'def13',0,30, 'bd_defdoc', '2018-11-19 11:25:41',-1, null, null,0, 'N' ) ;
insert into md_column ( id, sqldatetype, createtime, creator, defaultvalue, description, displayname, dr, help, incrementseed, incrementstep, isactive, identitied, pkey, nullable, columnlength, modifier, modifytime, name, precise, columnsequence, tableid, ts, versiontype, resid, groupid, columntype, forlocale ) values (  'bd_defdoc@@@def14', 'varchar', null, null, null, null, '自定义项14',0, null,null,null, 'Y', null, 'N', 'Y',101, null, null, 'def14',0,31, 'bd_defdoc', '2018-11-19 11:25:41',-1, null, null,0, 'N' ) ;
insert into md_column ( id, sqldatetype, createtime, creator, defaultvalue, description, displayname, dr, help, incrementseed, incrementstep, isactive, identitied, pkey, nullable, columnlength, modifier, modifytime, name, precise, columnsequence, tableid, ts, versiontype, resid, groupid, columntype, forlocale ) values (  'bd_defdoc@@@def15', 'varchar', null, null, null, null, '自定义项15',0, null,null,null, 'Y', null, 'N', 'Y',101, null, null, 'def15',0,32, 'bd_defdoc', '2018-11-19 11:25:41',-1, null, null,0, 'N' ) ;
insert into md_column ( id, sqldatetype, createtime, creator, defaultvalue, description, displayname, dr, help, incrementseed, incrementstep, isactive, identitied, pkey, nullable, columnlength, modifier, modifytime, name, precise, columnsequence, tableid, ts, versiontype, resid, groupid, columntype, forlocale ) values (  'bd_defdoc@@@def16', 'varchar', null, null, null, null, '自定义项16',0, null,null,null, 'Y', null, 'N', 'Y',101, null, null, 'def16',0,33, 'bd_defdoc', '2018-11-19 11:25:41',-1, null, null,0, 'N' ) ;
insert into md_column ( id, sqldatetype, createtime, creator, defaultvalue, description, displayname, dr, help, incrementseed, incrementstep, isactive, identitied, pkey, nullable, columnlength, modifier, modifytime, name, precise, columnsequence, tableid, ts, versiontype, resid, groupid, columntype, forlocale ) values (  'bd_defdoc@@@def17', 'varchar', null, null, null, null, '自定义项17',0, null,null,null, 'Y', null, 'N', 'Y',101, null, null, 'def17',0,34, 'bd_defdoc', '2018-11-19 11:25:41',-1, null, null,0, 'N' ) ;
insert into md_column ( id, sqldatetype, createtime, creator, defaultvalue, description, displayname, dr, help, incrementseed, incrementstep, isactive, identitied, pkey, nullable, columnlength, modifier, modifytime, name, precise, columnsequence, tableid, ts, versiontype, resid, groupid, columntype, forlocale ) values (  'bd_defdoc@@@def18', 'varchar', null, null, null, null, '自定义项18',0, null,null,null, 'Y', null, 'N', 'Y',101, null, null, 'def18',0,35, 'bd_defdoc', '2018-11-19 11:25:41',-1, null, null,0, 'N' ) ;
insert into md_column ( id, sqldatetype, createtime, creator, defaultvalue, description, displayname, dr, help, incrementseed, incrementstep, isactive, identitied, pkey, nullable, columnlength, modifier, modifytime, name, precise, columnsequence, tableid, ts, versiontype, resid, groupid, columntype, forlocale ) values (  'bd_defdoc@@@def19', 'varchar', null, null, null, null, '自定义项19',0, null,null,null, 'Y', null, 'N', 'Y',101, null, null, 'def19',0,36, 'bd_defdoc', '2018-11-19 11:25:41',-1, null, null,0, 'N' ) ;
insert into md_column ( id, sqldatetype, createtime, creator, defaultvalue, description, displayname, dr, help, incrementseed, incrementstep, isactive, identitied, pkey, nullable, columnlength, modifier, modifytime, name, precise, columnsequence, tableid, ts, versiontype, resid, groupid, columntype, forlocale ) values (  'bd_defdoc@@@def20', 'varchar', null, null, null, null, '自定义项20',0, null,null,null, 'Y', null, 'N', 'Y',101, null, null, 'def20',0,37, 'bd_defdoc', '2018-11-19 11:25:41',-1, null, null,0, 'N' ) ;
insert into md_column ( id, sqldatetype, createtime, creator, defaultvalue, description, displayname, dr, help, incrementseed, incrementstep, isactive, identitied, pkey, nullable, columnlength, modifier, modifytime, name, precise, columnsequence, tableid, ts, versiontype, resid, groupid, columntype, forlocale ) values (  'bd_defdoc@@@name2', 'varchar', null, null, null, null, '档案名称2',0, 'URC',null,null, 'Y', null, 'N', 'Y',200, null, null, 'name2',0,0, 'bd_defdoc', '2018-11-19 11:25:41',0, '2UC000-000556', 'bd_defdoc@@@name',0, 'N' ) ;
insert into md_column ( id, sqldatetype, createtime, creator, defaultvalue, description, displayname, dr, help, incrementseed, incrementstep, isactive, identitied, pkey, nullable, columnlength, modifier, modifytime, name, precise, columnsequence, tableid, ts, versiontype, resid, groupid, columntype, forlocale ) values (  'bd_defdoc@@@name3', 'varchar', null, null, null, null, '档案名称3',0, 'URC',null,null, 'Y', null, 'N', 'Y',200, null, null, 'name3',0,0, 'bd_defdoc', '2018-11-19 11:25:41',0, '2UC000-000556', 'bd_defdoc@@@name',0, 'N' ) ;
insert into md_column ( id, sqldatetype, createtime, creator, defaultvalue, description, displayname, dr, help, incrementseed, incrementstep, isactive, identitied, pkey, nullable, columnlength, modifier, modifytime, name, precise, columnsequence, tableid, ts, versiontype, resid, groupid, columntype, forlocale ) values (  'bd_defdoc@@@name4', 'varchar', null, null, null, null, '档案名称4',0, 'URC',null,null, 'Y', null, 'N', 'Y',200, null, null, 'name4',0,0, 'bd_defdoc', '2018-11-19 11:25:41',0, '2UC000-000556', 'bd_defdoc@@@name',0, 'N' ) ;
insert into md_column ( id, sqldatetype, createtime, creator, defaultvalue, description, displayname, dr, help, incrementseed, incrementstep, isactive, identitied, pkey, nullable, columnlength, modifier, modifytime, name, precise, columnsequence, tableid, ts, versiontype, resid, groupid, columntype, forlocale ) values (  'bd_defdoc@@@name5', 'varchar', null, null, null, null, '档案名称5',0, 'URC',null,null, 'Y', null, 'N', 'Y',200, null, null, 'name5',0,0, 'bd_defdoc', '2018-11-19 11:25:41',0, '2UC000-000556', 'bd_defdoc@@@name',0, 'N' ) ;
insert into md_column ( id, sqldatetype, createtime, creator, defaultvalue, description, displayname, dr, help, incrementseed, incrementstep, isactive, identitied, pkey, nullable, columnlength, modifier, modifytime, name, precise, columnsequence, tableid, ts, versiontype, resid, groupid, columntype, forlocale ) values (  'bd_defdoc@@@name6', 'varchar', null, null, null, null, '档案名称6',0, 'URC',null,null, 'Y', null, 'N', 'Y',200, null, null, 'name6',0,0, 'bd_defdoc', '2018-11-19 11:25:41',0, '2UC000-000556', 'bd_defdoc@@@name',0, 'N' ) ;
insert into md_column ( id, sqldatetype, createtime, creator, defaultvalue, description, displayname, dr, help, incrementseed, incrementstep, isactive, identitied, pkey, nullable, columnlength, modifier, modifytime, name, precise, columnsequence, tableid, ts, versiontype, resid, groupid, columntype, forlocale ) values (  'bd_defdoc@@@shortname2', 'varchar', null, null, null, null, '简称2',0, null,null,null, 'Y', null, 'N', 'Y',200, null, null, 'shortname2',0,0, 'bd_defdoc', '2018-11-19 11:25:41',0, '2UC000-000675', 'bd_defdoc@@@shortname',0, 'N' ) ;
insert into md_column ( id, sqldatetype, createtime, creator, defaultvalue, description, displayname, dr, help, incrementseed, incrementstep, isactive, identitied, pkey, nullable, columnlength, modifier, modifytime, name, precise, columnsequence, tableid, ts, versiontype, resid, groupid, columntype, forlocale ) values (  'bd_defdoc@@@shortname3', 'varchar', null, null, null, null, '简称3',0, null,null,null, 'Y', null, 'N', 'Y',200, null, null, 'shortname3',0,0, 'bd_defdoc', '2018-11-19 11:25:41',0, '2UC000-000675', 'bd_defdoc@@@shortname',0, 'N' ) ;
insert into md_column ( id, sqldatetype, createtime, creator, defaultvalue, description, displayname, dr, help, incrementseed, incrementstep, isactive, identitied, pkey, nullable, columnlength, modifier, modifytime, name, precise, columnsequence, tableid, ts, versiontype, resid, groupid, columntype, forlocale ) values (  'bd_defdoc@@@shortname4', 'varchar', null, null, null, null, '简称4',0, null,null,null, 'Y', null, 'N', 'Y',200, null, null, 'shortname4',0,0, 'bd_defdoc', '2018-11-19 11:25:41',0, '2UC000-000675', 'bd_defdoc@@@shortname',0, 'N' ) ;
insert into md_column ( id, sqldatetype, createtime, creator, defaultvalue, description, displayname, dr, help, incrementseed, incrementstep, isactive, identitied, pkey, nullable, columnlength, modifier, modifytime, name, precise, columnsequence, tableid, ts, versiontype, resid, groupid, columntype, forlocale ) values (  'bd_defdoc@@@shortname5', 'varchar', null, null, null, null, '简称5',0, null,null,null, 'Y', null, 'N', 'Y',200, null, null, 'shortname5',0,0, 'bd_defdoc', '2018-11-19 11:25:41',0, '2UC000-000675', 'bd_defdoc@@@shortname',0, 'N' ) ;
insert into md_column ( id, sqldatetype, createtime, creator, defaultvalue, description, displayname, dr, help, incrementseed, incrementstep, isactive, identitied, pkey, nullable, columnlength, modifier, modifytime, name, precise, columnsequence, tableid, ts, versiontype, resid, groupid, columntype, forlocale ) values (  'bd_defdoc@@@shortname6', 'varchar', null, null, null, null, '简称6',0, null,null,null, 'Y', null, 'N', 'Y',200, null, null, 'shortname6',0,0, 'bd_defdoc', '2018-11-19 11:25:41',0, '2UC000-000675', 'bd_defdoc@@@shortname',0, 'N' ) ;
insert into md_ORMap ( attributeid, classid, columnid, dr, tableid, ts ) values (  'f98916a5-e660-11e8-8985-5f606a994521', '1001AA100000000001IG', 'bd_defdoc@@@def4',0, 'bd_defdoc', '2018-11-19 11:25:41' ) ;
insert into md_ORMap ( attributeid, classid, columnid, dr, tableid, ts ) values (  'f9891690-e660-11e8-8985-5f606a994521', '1001AA100000000001IG', 'bd_defdoc@@PK@@',0, 'bd_defdoc', '2018-11-19 11:25:41' ) ;
insert into md_ORMap ( attributeid, classid, columnid, dr, tableid, ts ) values (  'f98916aa-e660-11e8-8985-5f606a994521', '1001AA100000000001IG', 'bd_defdoc@@@def9',0, 'bd_defdoc', '2018-11-19 11:25:41' ) ;
insert into md_ORMap ( attributeid, classid, columnid, dr, tableid, ts ) values (  'f9891699-e660-11e8-8985-5f606a994521', '1001AA100000000001IG', 'bd_defdoc@@@pid',0, 'bd_defdoc', '2018-11-19 11:25:41' ) ;
insert into md_ORMap ( attributeid, classid, columnid, dr, tableid, ts ) values (  'f98916a1-e660-11e8-8985-5f606a994521', '1001AA100000000001IG', 'bd_defdoc@@@datatype',0, 'bd_defdoc', '2018-11-19 11:25:41' ) ;
insert into md_ORMap ( attributeid, classid, columnid, dr, tableid, ts ) values (  'f98916a2-e660-11e8-8985-5f606a994521', '1001AA100000000001IG', 'bd_defdoc@@@def1',0, 'bd_defdoc', '2018-11-19 11:25:41' ) ;
insert into md_ORMap ( attributeid, classid, columnid, dr, tableid, ts ) values (  'f9891693-e660-11e8-8985-5f606a994521', '1001AA100000000001IG', 'bd_defdoc@@@modifier',0, 'bd_defdoc', '2018-11-19 11:25:41' ) ;
insert into md_ORMap ( attributeid, classid, columnid, dr, tableid, ts ) values (  'f989169d-e660-11e8-8985-5f606a994521', '1001AA100000000001IG', 'bd_defdoc@@@pk_org',0, 'bd_defdoc', '2018-11-19 11:25:41' ) ;
insert into md_ORMap ( attributeid, classid, columnid, dr, tableid, ts ) values (  'f989168c-e660-11e8-8985-5f606a994521', '1001AA100000000001IG', 'bd_defdoc@@@creationtime',0, 'bd_defdoc', '2018-11-19 11:25:41' ) ;
insert into md_ORMap ( attributeid, classid, columnid, dr, tableid, ts ) values (  'f98916a0-e660-11e8-8985-5f606a994521', '1001AA100000000001IG', 'bd_defdoc@@@dataoriginflag',0, 'bd_defdoc', '2018-11-19 11:25:41' ) ;
insert into md_ORMap ( attributeid, classid, columnid, dr, tableid, ts ) values (  'f989168f-e660-11e8-8985-5f606a994521', '1001AA100000000001IG', 'bd_defdoc@@@innercode',0, 'bd_defdoc', '2018-11-19 11:25:41' ) ;
insert into md_ORMap ( attributeid, classid, columnid, dr, tableid, ts ) values (  'f9891696-e660-11e8-8985-5f606a994521', '1001AA100000000001IG', 'bd_defdoc@@@name',0, 'bd_defdoc', '2018-11-19 11:25:41' ) ;
insert into md_ORMap ( attributeid, classid, columnid, dr, tableid, ts ) values (  'f98916b3-e660-11e8-8985-5f606a994521', '1001AA100000000001IG', 'bd_defdoc@@@def18',0, 'bd_defdoc', '2018-11-19 11:25:41' ) ;
insert into md_ORMap ( attributeid, classid, columnid, dr, tableid, ts ) values (  'f98916a3-e660-11e8-8985-5f606a994521', '1001AA100000000001IG', 'bd_defdoc@@@def2',0, 'bd_defdoc', '2018-11-19 11:25:41' ) ;
insert into md_ORMap ( attributeid, classid, columnid, dr, tableid, ts ) values (  'f98916b2-e660-11e8-8985-5f606a994521', '1001AA100000000001IG', 'bd_defdoc@@@def17',0, 'bd_defdoc', '2018-11-19 11:25:41' ) ;
insert into md_ORMap ( attributeid, classid, columnid, dr, tableid, ts ) values (  'f98916ac-e660-11e8-8985-5f606a994521', '1001AA100000000001IG', 'bd_defdoc@@@def11',0, 'bd_defdoc', '2018-11-19 11:25:41' ) ;
insert into md_ORMap ( attributeid, classid, columnid, dr, tableid, ts ) values (  'f9891695-e660-11e8-8985-5f606a994521', '1001AA100000000001IG', 'bd_defdoc@@@modifiedtime',0, 'bd_defdoc', '2018-11-19 11:25:41' ) ;
insert into md_ORMap ( attributeid, classid, columnid, dr, tableid, ts ) values (  'f98916af-e660-11e8-8985-5f606a994521', '1001AA100000000001IG', 'bd_defdoc@@@def14',0, 'bd_defdoc', '2018-11-19 11:25:41' ) ;
insert into md_ORMap ( attributeid, classid, columnid, dr, tableid, ts ) values (  'f98916ae-e660-11e8-8985-5f606a994521', '1001AA100000000001IG', 'bd_defdoc@@@def13',0, 'bd_defdoc', '2018-11-19 11:25:41' ) ;
insert into md_ORMap ( attributeid, classid, columnid, dr, tableid, ts ) values (  'f98916a8-e660-11e8-8985-5f606a994521', '1001AA100000000001IG', 'bd_defdoc@@@def7',0, 'bd_defdoc', '2018-11-19 11:25:41' ) ;
insert into md_ORMap ( attributeid, classid, columnid, dr, tableid, ts ) values (  'f98916a9-e660-11e8-8985-5f606a994521', '1001AA100000000001IG', 'bd_defdoc@@@def8',0, 'bd_defdoc', '2018-11-19 11:25:41' ) ;
insert into md_ORMap ( attributeid, classid, columnid, dr, tableid, ts ) values (  'f98916b4-e660-11e8-8985-5f606a994521', '1001AA100000000001IG', 'bd_defdoc@@@def19',0, 'bd_defdoc', '2018-11-19 11:25:41' ) ;
insert into md_ORMap ( attributeid, classid, columnid, dr, tableid, ts ) values (  'f98916b1-e660-11e8-8985-5f606a994521', '1001AA100000000001IG', 'bd_defdoc@@@def16',0, 'bd_defdoc', '2018-11-19 11:25:41' ) ;
insert into md_ORMap ( attributeid, classid, columnid, dr, tableid, ts ) values (  'f98916b5-e660-11e8-8985-5f606a994521', '1001AA100000000001IG', 'bd_defdoc@@@def20',0, 'bd_defdoc', '2018-11-19 11:25:41' ) ;
insert into md_ORMap ( attributeid, classid, columnid, dr, tableid, ts ) values (  'f98916ab-e660-11e8-8985-5f606a994521', '1001AA100000000001IG', 'bd_defdoc@@@def10',0, 'bd_defdoc', '2018-11-19 11:25:41' ) ;
insert into md_ORMap ( attributeid, classid, columnid, dr, tableid, ts ) values (  'f9891692-e660-11e8-8985-5f606a994521', '1001AA100000000001IG', 'bd_defdoc@@@mnecode',0, 'bd_defdoc', '2018-11-19 11:25:41' ) ;
insert into md_ORMap ( attributeid, classid, columnid, dr, tableid, ts ) values (  'f98916a6-e660-11e8-8985-5f606a994521', '1001AA100000000001IG', 'bd_defdoc@@@def5',0, 'bd_defdoc', '2018-11-19 11:25:41' ) ;
insert into md_ORMap ( attributeid, classid, columnid, dr, tableid, ts ) values (  'f98916ad-e660-11e8-8985-5f606a994521', '1001AA100000000001IG', 'bd_defdoc@@@def12',0, 'bd_defdoc', '2018-11-19 11:25:41' ) ;
insert into md_ORMap ( attributeid, classid, columnid, dr, tableid, ts ) values (  'f98916a4-e660-11e8-8985-5f606a994521', '1001AA100000000001IG', 'bd_defdoc@@@def3',0, 'bd_defdoc', '2018-11-19 11:25:41' ) ;
insert into md_ORMap ( attributeid, classid, columnid, dr, tableid, ts ) values (  'f9891689-e660-11e8-8985-5f606a994521', '1001AA100000000001IG', 'bd_defdoc@@@code',0, 'bd_defdoc', '2018-11-19 11:25:41' ) ;
insert into md_ORMap ( attributeid, classid, columnid, dr, tableid, ts ) values (  'f9891697-e660-11e8-8985-5f606a994521', '1001AA100000000001IG', 'bd_defdoc@@@shortname',0, 'bd_defdoc', '2018-11-19 11:25:41' ) ;
insert into md_ORMap ( attributeid, classid, columnid, dr, tableid, ts ) values (  'f98916a7-e660-11e8-8985-5f606a994521', '1001AA100000000001IG', 'bd_defdoc@@@def6',0, 'bd_defdoc', '2018-11-19 11:25:41' ) ;
insert into md_ORMap ( attributeid, classid, columnid, dr, tableid, ts ) values (  'f989169c-e660-11e8-8985-5f606a994521', '1001AA100000000001IG', 'bd_defdoc@@@pk_group',0, 'bd_defdoc', '2018-11-19 11:25:41' ) ;
insert into md_ORMap ( attributeid, classid, columnid, dr, tableid, ts ) values (  'f9891691-e660-11e8-8985-5f606a994521', '1001AA100000000001IG', 'bd_defdoc@@@memo',0, 'bd_defdoc', '2018-11-19 11:25:41' ) ;
insert into md_ORMap ( attributeid, classid, columnid, dr, tableid, ts ) values (  'f989169e-e660-11e8-8985-5f606a994521', '1001AA100000000001IG', 'bd_defdoc@@@enablestate',0, 'bd_defdoc', '2018-11-19 11:25:41' ) ;
insert into md_ORMap ( attributeid, classid, columnid, dr, tableid, ts ) values (  'f98916b0-e660-11e8-8985-5f606a994521', '1001AA100000000001IG', 'bd_defdoc@@@def15',0, 'bd_defdoc', '2018-11-19 11:25:41' ) ;
insert into md_ORMap ( attributeid, classid, columnid, dr, tableid, ts ) values (  'f989168d-e660-11e8-8985-5f606a994521', '1001AA100000000001IG', 'bd_defdoc@@@creator',0, 'bd_defdoc', '2018-11-19 11:25:41' ) ;
insert into md_ORMap ( attributeid, classid, columnid, dr, tableid, ts ) values (  'f989169b-e660-11e8-8985-5f606a994521', '1001AA100000000001IG', 'bd_defdoc@@@pk_defdoclist',0, 'bd_defdoc', '2018-11-19 11:25:41' ) ;


--Defdoc-C0J00107
delete from md_db_relation where startattrid in (select id from md_property where classid in ('1001AA100000000001JP','@@@@' ) )  and starttableid in ('bd_defdoc','@@@@');
delete from md_ORMap where ATTRIBUTEID in(select id from md_property where classid in ('1001AA100000000001JP','@@@@' ) )  and tableid in ('bd_defdoc','@@@@') ;
delete from md_table where id not in (select distinct tableid from md_ormap );
delete from md_column where  tableid in('bd_defdoc','@@@@') and id not in(select distinct columnid from md_ormap) and (nvl(groupid ,'~')='~' or groupid = id )  and name <> 'extend_bean_tag' ;
delete from md_column where tableid in ('bd_defdoc','@@@@')and groupid is not null and groupid not in( select distinct id from md_column where tableid in ('bd_defdoc','@@@@') ) ;
delete from md_db_relation where starttableid not in (select id from md_table);
delete from md_property where classID in (select distinct id from md_class where componentID='0cc6c74e-e661-11e8-8985-5f606a994521'  )  ;
delete from md_association where componentID = '0cc6c74e-e661-11e8-8985-5f606a994521'  ;
delete from md_bizItfMap where classID in (select distinct id from md_class where componentID='0cc6c74e-e661-11e8-8985-5f606a994521'  );
delete from md_bizItfMap where classID in ( select id from md_opInterface where componentID = '0cc6c74e-e661-11e8-8985-5f606a994521'  );
delete from md_accessorPara where id in (select distinct id from md_class where componentID='0cc6c74e-e661-11e8-8985-5f606a994521'  );
delete from md_enumValue where id in (select distinct id from md_class where componentID='0cc6c74e-e661-11e8-8985-5f606a994521'  ) ;
delete from md_class where componentID = '0cc6c74e-e661-11e8-8985-5f606a994521'  ;
delete from md_component where id = '0cc6c74e-e661-11e8-8985-5f606a994521' ;
delete from md_table where (id='bd_defdoc');
delete from md_column where (id='bd_defdoc@@PK@@');
delete from md_column where (id='bd_defdoc@@@pk_defdoclist');
delete from md_column where (id='bd_defdoc@@@pk_org');
delete from md_column where (id='bd_defdoc@@@pk_group');
delete from md_column where (id='bd_defdoc@@@code');
delete from md_column where (id='bd_defdoc@@@name');
delete from md_column where (id='bd_defdoc@@@shortname');
delete from md_column where (id='bd_defdoc@@@mnecode');
delete from md_column where (id='bd_defdoc@@@pid');
delete from md_column where (id='bd_defdoc@@@memo');
delete from md_column where (id='bd_defdoc@@@creator');
delete from md_column where (id='bd_defdoc@@@creationtime');
delete from md_column where (id='bd_defdoc@@@modifier');
delete from md_column where (id='bd_defdoc@@@modifiedtime');
delete from md_column where (id='bd_defdoc@@@innercode');
delete from md_column where (id='bd_defdoc@@@enablestate');
delete from md_column where (id='bd_defdoc@@@dataoriginflag');
delete from md_column where (id='bd_defdoc@@@datatype');
delete from md_column where (id='bd_defdoc@@@def1');
delete from md_column where (id='bd_defdoc@@@def2');
delete from md_column where (id='bd_defdoc@@@def3');
delete from md_column where (id='bd_defdoc@@@def4');
delete from md_column where (id='bd_defdoc@@@def5');
delete from md_column where (id='bd_defdoc@@@def6');
delete from md_column where (id='bd_defdoc@@@def7');
delete from md_column where (id='bd_defdoc@@@def8');
delete from md_column where (id='bd_defdoc@@@def9');
delete from md_column where (id='bd_defdoc@@@def10');
delete from md_column where (id='bd_defdoc@@@def11');
delete from md_column where (id='bd_defdoc@@@def12');
delete from md_column where (id='bd_defdoc@@@def13');
delete from md_column where (id='bd_defdoc@@@def14');
delete from md_column where (id='bd_defdoc@@@def15');
delete from md_column where (id='bd_defdoc@@@def16');
delete from md_column where (id='bd_defdoc@@@def17');
delete from md_column where (id='bd_defdoc@@@def18');
delete from md_column where (id='bd_defdoc@@@def19');
delete from md_column where (id='bd_defdoc@@@def20');
delete from md_column where (id='bd_defdoc@@@name2');
delete from md_column where (id='bd_defdoc@@@name3');
delete from md_column where (id='bd_defdoc@@@name4');
delete from md_column where (id='bd_defdoc@@@name5');
delete from md_column where (id='bd_defdoc@@@name6');
delete from md_column where (id='bd_defdoc@@@shortname2');
delete from md_column where (id='bd_defdoc@@@shortname3');
delete from md_column where (id='bd_defdoc@@@shortname4');
delete from md_column where (id='bd_defdoc@@@shortname5');
delete from md_column where (id='bd_defdoc@@@shortname6');


insert into md_component ( createtime, creator, description, displayname, dr, fromsourcebmf, help, id, industry, isbizmodel, modifier, modifytime, name, namespace, ownmodule, preload, resid, resmodule, ts, version, versiontype ) values (  '2018-11-12 17:55:13', null, null, '测试温度(自定义档案)',0, 'Y', null, '0cc6c74e-e661-11e8-8985-5f606a994521', '0', 'N', null, null, 'Defdoc-C0J00107', 'uap', 'uapbd', null, null, '10140uddb', '2018-11-19 11:26:44', '1',0 ) ;
insert into md_class ( id, accessorclassname, classtype, componentid, createtime, creator, description, displayname, dr, fullclassname, help, isactive, keyattribute, modifier, modifytime, name, parentclassid, precise, refmodelname, returntype, ts, versiontype, isprimary, defaulttablename, stereotype, isauthen, resid, bizitfimpclassname, modinfoclassname, iscreatesql, isextendbean, userdefclassname, industry, fixedlength ) values (  '1001AA100000000001JP', 'nc.md.model.access.javamap.NCBeanStyle',201, '0cc6c74e-e661-11e8-8985-5f606a994521', '2018-11-12 17:55:13', null, null, '测试温度(自定义档案)',0, 'nc.vo.bd.defdoc.DefdocVO', 'ignorebdmode,BDMODE,URC,DEFDOC,BUSILOG,DOC', null, '0cc6c754-e661-11e8-8985-5f606a994521', null, null, 'Defdoc-C0J00107', null,null, '测试温度(自定义档案)', null, '2018-11-19 11:26:44',0, 'Y', 'bd_defdoc', null, 'Y', null, null, null, 'Y', null, null, '0', null ) ;
insert into md_property ( id, accessorclassname, classid, createtime, creator, datatype, datatypestyle, defaultvalue, description, displayname, dr, help, isactive, hided, nullable, readonly, attrlength, attrmaxvalue, attrminvalue, modifier, modifytime, name, precise, refmodelname, attrsequence, ts, visibility, versiontype, fixedlength, calculation, isauthen, resid, customattr, notserialize, dynamicattr, dynamictable, accesspower, accesspowergroup, industry ) values (  '0cc6c754-e661-11e8-8985-5f606a994521', null, '1001AA100000000001JP', null, null, 'BS000010000100001051',300, null, null, '自定义档案主键',0, null, 'Y', 'N', 'N', 'N',20, null, null, null, null, 'pk_defdoc',0, null,0, '2018-11-19 11:26:44',0,0, 'N', 'N', 'Y', '2UC000-000747', 'N', 'N', 'N', null, 'N', null, '0' ) ;
insert into md_property ( id, accessorclassname, classid, createtime, creator, datatype, datatypestyle, defaultvalue, description, displayname, dr, help, isactive, hided, nullable, readonly, attrlength, attrmaxvalue, attrminvalue, modifier, modifytime, name, precise, refmodelname, attrsequence, ts, visibility, versiontype, fixedlength, calculation, isauthen, resid, customattr, notserialize, dynamicattr, dynamictable, accesspower, accesspowergroup, industry ) values (  '0cc6c75f-e661-11e8-8985-5f606a994521', null, '1001AA100000000001JP', null, null, '16c1dca0-e3ed-4dcc-8ed7-75fd59e2bef1',305, null, null, '自定义档案列表主键',0, null, 'Y', 'N', 'N', 'N',20, null, null, null, null, 'pk_defdoclist',0, '自定义档案列表',1, '2018-11-19 11:26:44',0,0, 'N', 'N', 'Y', '2UC000-000748', 'N', 'N', 'N', null, 'N', null, '0' ) ;
insert into md_property ( id, accessorclassname, classid, createtime, creator, datatype, datatypestyle, defaultvalue, description, displayname, dr, help, isactive, hided, nullable, readonly, attrlength, attrmaxvalue, attrminvalue, modifier, modifytime, name, precise, refmodelname, attrsequence, ts, visibility, versiontype, fixedlength, calculation, isauthen, resid, customattr, notserialize, dynamicattr, dynamictable, accesspower, accesspowergroup, industry ) values (  '0cc6c761-e661-11e8-8985-5f606a994521', null, '1001AA100000000001JP', null, null, '985be8a4-3a36-4778-8afe-2d8ed3902659',305, null, null, '所属组织',0, null, 'Y', 'N', 'N', 'N',20, null, null, null, null, 'pk_org',0, '业务单元',2, '2018-11-19 11:26:44',0,0, 'N', 'N', 'Y', '2UC000-000360', 'N', 'N', 'N', null, 'N', null, '0' ) ;
insert into md_property ( id, accessorclassname, classid, createtime, creator, datatype, datatypestyle, defaultvalue, description, displayname, dr, help, isactive, hided, nullable, readonly, attrlength, attrmaxvalue, attrminvalue, modifier, modifytime, name, precise, refmodelname, attrsequence, ts, visibility, versiontype, fixedlength, calculation, isauthen, resid, customattr, notserialize, dynamicattr, dynamictable, accesspower, accesspowergroup, industry ) values (  '0cc6c760-e661-11e8-8985-5f606a994521', null, '1001AA100000000001JP', null, null, '3b6dd171-2900-47f3-bfbe-41e4483a2a65',305, null, null, '所属集团',0, null, 'Y', 'N', 'Y', 'N',20, null, null, null, null, 'pk_group',0, '集团',3, '2018-11-19 11:26:44',0,0, 'N', 'N', 'Y', '2UC000-000367', 'N', 'N', 'N', null, 'N', null, '0' ) ;
insert into md_property ( id, accessorclassname, classid, createtime, creator, datatype, datatypestyle, defaultvalue, description, displayname, dr, help, isactive, hided, nullable, readonly, attrlength, attrmaxvalue, attrminvalue, modifier, modifytime, name, precise, refmodelname, attrsequence, ts, visibility, versiontype, fixedlength, calculation, isauthen, resid, customattr, notserialize, dynamicattr, dynamictable, accesspower, accesspowergroup, industry ) values (  '0cc6c74d-e661-11e8-8985-5f606a994521', null, '1001AA100000000001JP', null, null, 'BS000010000100001001',300, null, null, '档案编码',0, 'URC', 'Y', 'N', 'N', 'N',40, null, null, null, null, 'code',0, null,4, '2018-11-19 11:26:44',0,0, 'N', 'N', 'Y', '2UC000-000557', 'N', 'N', 'N', null, 'N', null, '0' ) ;
insert into md_property ( id, accessorclassname, classid, createtime, creator, datatype, datatypestyle, defaultvalue, description, displayname, dr, help, isactive, hided, nullable, readonly, attrlength, attrmaxvalue, attrminvalue, modifier, modifytime, name, precise, refmodelname, attrsequence, ts, visibility, versiontype, fixedlength, calculation, isauthen, resid, customattr, notserialize, dynamicattr, dynamictable, accesspower, accesspowergroup, industry ) values (  '0cc6c75a-e661-11e8-8985-5f606a994521', null, '1001AA100000000001JP', null, null, 'BS000010000100001058',300, null, null, '档案名称',0, 'URC', 'Y', 'N', 'Y', 'N',200, null, null, null, null, 'name',0, null,5, '2018-11-19 11:26:44',0,0, 'N', 'N', 'Y', '2UC000-000556', 'N', 'N', 'N', null, 'N', null, '0' ) ;
insert into md_property ( id, accessorclassname, classid, createtime, creator, datatype, datatypestyle, defaultvalue, description, displayname, dr, help, isactive, hided, nullable, readonly, attrlength, attrmaxvalue, attrminvalue, modifier, modifytime, name, precise, refmodelname, attrsequence, ts, visibility, versiontype, fixedlength, calculation, isauthen, resid, customattr, notserialize, dynamicattr, dynamictable, accesspower, accesspowergroup, industry ) values (  '0cc6c75b-e661-11e8-8985-5f606a994521', null, '1001AA100000000001JP', null, null, 'BS000010000100001058',300, null, null, '简称',0, null, 'Y', 'N', 'Y', 'N',200, null, null, null, null, 'shortname',0, null,6, '2018-11-19 11:26:44',0,0, 'N', 'N', 'Y', '2UC000-000675', 'N', 'N', 'N', null, 'N', null, '0' ) ;
insert into md_property ( id, accessorclassname, classid, createtime, creator, datatype, datatypestyle, defaultvalue, description, displayname, dr, help, isactive, hided, nullable, readonly, attrlength, attrmaxvalue, attrminvalue, modifier, modifytime, name, precise, refmodelname, attrsequence, ts, visibility, versiontype, fixedlength, calculation, isauthen, resid, customattr, notserialize, dynamicattr, dynamictable, accesspower, accesspowergroup, industry ) values (  '0cc6c756-e661-11e8-8985-5f606a994521', null, '1001AA100000000001JP', null, null, 'BS000010000100001001',300, null, null, '助记码',0, null, 'Y', 'N', 'Y', 'N',50, null, null, null, null, 'mnecode',0, null,7, '2018-11-19 11:26:44',0,0, 'N', 'N', 'Y', '2UC000-000172', 'N', 'N', 'N', null, 'N', null, '0' ) ;
insert into md_property ( id, accessorclassname, classid, createtime, creator, datatype, datatypestyle, defaultvalue, description, displayname, dr, help, isactive, hided, nullable, readonly, attrlength, attrmaxvalue, attrminvalue, modifier, modifytime, name, precise, refmodelname, attrsequence, ts, visibility, versiontype, fixedlength, calculation, isauthen, resid, customattr, notserialize, dynamicattr, dynamictable, accesspower, accesspowergroup, industry ) values (  '0cc6c75d-e661-11e8-8985-5f606a994521', null, '1001AA100000000001JP', null, null, 'BS000010000100001001',300, null, null, '上级档案',0, null, 'Y', 'N', 'Y', 'N',20, null, null, null, null, 'pid',0, null,8, '2018-11-19 11:26:44',0,0, 'N', 'N', 'Y', '2UC000-000007', 'N', 'N', 'N', null, 'N', null, '0' ) ;
insert into md_property ( id, accessorclassname, classid, createtime, creator, datatype, datatypestyle, defaultvalue, description, displayname, dr, help, isactive, hided, nullable, readonly, attrlength, attrmaxvalue, attrminvalue, modifier, modifytime, name, precise, refmodelname, attrsequence, ts, visibility, versiontype, fixedlength, calculation, isauthen, resid, customattr, notserialize, dynamicattr, dynamictable, accesspower, accesspowergroup, industry ) values (  '0cc6c755-e661-11e8-8985-5f606a994521', null, '1001AA100000000001JP', null, null, 'BS000010000100001001',300, null, null, '备注',0, null, 'Y', 'N', 'Y', 'N',200, null, null, null, null, 'memo',0, null,9, '2018-11-19 11:26:44',0,0, 'N', 'N', 'Y', '2UC000-000258', 'N', 'N', 'N', null, 'N', null, '0' ) ;
insert into md_property ( id, accessorclassname, classid, createtime, creator, datatype, datatypestyle, defaultvalue, description, displayname, dr, help, isactive, hided, nullable, readonly, attrlength, attrmaxvalue, attrminvalue, modifier, modifytime, name, precise, refmodelname, attrsequence, ts, visibility, versiontype, fixedlength, calculation, isauthen, resid, customattr, notserialize, dynamicattr, dynamictable, accesspower, accesspowergroup, industry ) values (  '0cc6c751-e661-11e8-8985-5f606a994521', null, '1001AA100000000001JP', null, null, 'f6f9a473-56c0-432f-8bc7-fbf8fde54fee',305, null, null, '创建人',0, null, 'Y', 'N', 'Y', 'N',20, null, null, null, null, 'creator',0, '用户',10, '2018-11-19 11:26:44',0,0, 'N', 'N', 'Y', '2UC000-000155', 'N', 'N', 'N', null, 'N', null, '0' ) ;
insert into md_property ( id, accessorclassname, classid, createtime, creator, datatype, datatypestyle, defaultvalue, description, displayname, dr, help, isactive, hided, nullable, readonly, attrlength, attrmaxvalue, attrminvalue, modifier, modifytime, name, precise, refmodelname, attrsequence, ts, visibility, versiontype, fixedlength, calculation, isauthen, resid, customattr, notserialize, dynamicattr, dynamictable, accesspower, accesspowergroup, industry ) values (  '0cc6c750-e661-11e8-8985-5f606a994521', null, '1001AA100000000001JP', null, null, 'BS000010000100001034',300, null, null, '创建时间',0, null, 'Y', 'N', 'Y', 'N',19, null, null, null, null, 'creationtime',0, null,11, '2018-11-19 11:26:44',0,0, 'N', 'N', 'Y', '2UC000-000157', 'N', 'N', 'N', null, 'N', null, '0' ) ;
insert into md_property ( id, accessorclassname, classid, createtime, creator, datatype, datatypestyle, defaultvalue, description, displayname, dr, help, isactive, hided, nullable, readonly, attrlength, attrmaxvalue, attrminvalue, modifier, modifytime, name, precise, refmodelname, attrsequence, ts, visibility, versiontype, fixedlength, calculation, isauthen, resid, customattr, notserialize, dynamicattr, dynamictable, accesspower, accesspowergroup, industry ) values (  '0cc6c757-e661-11e8-8985-5f606a994521', null, '1001AA100000000001JP', null, null, 'f6f9a473-56c0-432f-8bc7-fbf8fde54fee',305, null, null, '最后修改人',0, null, 'Y', 'N', 'Y', 'N',20, null, null, null, null, 'modifier',0, '用户',12, '2018-11-19 11:26:44',0,0, 'N', 'N', 'Y', '2UC000-000490', 'N', 'N', 'N', null, 'N', null, '0' ) ;
insert into md_property ( id, accessorclassname, classid, createtime, creator, datatype, datatypestyle, defaultvalue, description, displayname, dr, help, isactive, hided, nullable, readonly, attrlength, attrmaxvalue, attrminvalue, modifier, modifytime, name, precise, refmodelname, attrsequence, ts, visibility, versiontype, fixedlength, calculation, isauthen, resid, customattr, notserialize, dynamicattr, dynamictable, accesspower, accesspowergroup, industry ) values (  '0cc6c759-e661-11e8-8985-5f606a994521', null, '1001AA100000000001JP', null, null, 'BS000010000100001034',300, null, null, '最后修改时间',0, null, 'Y', 'N', 'Y', 'N',19, null, null, null, null, 'modifiedtime',0, null,13, '2018-11-19 11:26:44',0,0, 'N', 'N', 'Y', '2UC000-000491', 'N', 'N', 'N', null, 'N', null, '0' ) ;
insert into md_property ( id, accessorclassname, classid, createtime, creator, datatype, datatypestyle, defaultvalue, description, displayname, dr, help, isactive, hided, nullable, readonly, attrlength, attrmaxvalue, attrminvalue, modifier, modifytime, name, precise, refmodelname, attrsequence, ts, visibility, versiontype, fixedlength, calculation, isauthen, resid, customattr, notserialize, dynamicattr, dynamictable, accesspower, accesspowergroup, industry ) values (  '0cc6c753-e661-11e8-8985-5f606a994521', null, '1001AA100000000001JP', null, null, 'BS000010000100001001',300, null, null, '内部编码',0, null, 'Y', 'N', 'Y', 'N',200, null, null, null, null, 'innercode',0, null,14, '2018-11-19 11:26:44',0,0, 'N', 'N', 'Y', '2UC000-000136', 'N', 'N', 'N', null, 'N', null, '0' ) ;
insert into md_property ( id, accessorclassname, classid, createtime, creator, datatype, datatypestyle, defaultvalue, description, displayname, dr, help, isactive, hided, nullable, readonly, attrlength, attrmaxvalue, attrminvalue, modifier, modifytime, name, precise, refmodelname, attrsequence, ts, visibility, versiontype, fixedlength, calculation, isauthen, resid, customattr, notserialize, dynamicattr, dynamictable, accesspower, accesspowergroup, industry ) values (  '0cc6c762-e661-11e8-8985-5f606a994521', null, '1001AA100000000001JP', null, null, '6b533ffa-3e43-4147-8670-ba0f5471fd40',300, null, null, '启用状态',0, null, 'Y', 'N', 'Y', 'N',0, null, null, null, null, 'enablestate',0, null,15, '2018-11-19 11:26:44',0,0, 'N', 'N', 'Y', '2UC000-000249', 'N', 'N', 'N', null, 'N', null, '0' ) ;
insert into md_property ( id, accessorclassname, classid, createtime, creator, datatype, datatypestyle, defaultvalue, description, displayname, dr, help, isactive, hided, nullable, readonly, attrlength, attrmaxvalue, attrminvalue, modifier, modifytime, name, precise, refmodelname, attrsequence, ts, visibility, versiontype, fixedlength, calculation, isauthen, resid, customattr, notserialize, dynamicattr, dynamictable, accesspower, accesspowergroup, industry ) values (  '0cc6c764-e661-11e8-8985-5f606a994521', null, '1001AA100000000001JP', null, null, 'BS000010000100001004',300, null, null, '分布式',0, null, 'Y', 'N', 'Y', 'N',0, null, null, null, null, 'dataoriginflag',0, null,16, '2018-11-19 11:26:44',0,0, 'N', 'N', 'Y', '2UC000-000151', 'N', 'N', 'N', null, 'N', null, '0' ) ;
insert into md_property ( id, accessorclassname, classid, createtime, creator, datatype, datatypestyle, defaultvalue, description, displayname, dr, help, isactive, hided, nullable, readonly, attrlength, attrmaxvalue, attrminvalue, modifier, modifytime, name, precise, refmodelname, attrsequence, ts, visibility, versiontype, fixedlength, calculation, isauthen, resid, customattr, notserialize, dynamicattr, dynamictable, accesspower, accesspowergroup, industry ) values (  '0cc6c765-e661-11e8-8985-5f606a994521', null, '1001AA100000000001JP', null, null, 'ba3f1197-8584-445d-88a0-102e505f94e5',300, '1', null, '数据类型',0, null, 'Y', 'N', 'Y', 'N',0, null, null, null, null, 'datatype',0, null,17, '2018-11-19 11:26:44',0,0, 'N', 'N', 'Y', '2UC000-000458', 'N', 'N', 'N', null, 'N', null, '0' ) ;
insert into md_property ( id, accessorclassname, classid, createtime, creator, datatype, datatypestyle, defaultvalue, description, displayname, dr, help, isactive, hided, nullable, readonly, attrlength, attrmaxvalue, attrminvalue, modifier, modifytime, name, precise, refmodelname, attrsequence, ts, visibility, versiontype, fixedlength, calculation, isauthen, resid, customattr, notserialize, dynamicattr, dynamictable, accesspower, accesspowergroup, industry ) values (  '0cc6c766-e661-11e8-8985-5f606a994521', null, '1001AA100000000001JP', null, null, 'BS000010000100001056',300, null, null, '自定义项1',0, null, 'Y', 'N', 'Y', 'N',101, null, null, null, null, 'def1',0, null,18, '2018-11-19 11:26:44',0,-1, 'N', 'N', 'Y', null, 'Y', 'N', 'N', null, 'N', null, '0' ) ;
insert into md_property ( id, accessorclassname, classid, createtime, creator, datatype, datatypestyle, defaultvalue, description, displayname, dr, help, isactive, hided, nullable, readonly, attrlength, attrmaxvalue, attrminvalue, modifier, modifytime, name, precise, refmodelname, attrsequence, ts, visibility, versiontype, fixedlength, calculation, isauthen, resid, customattr, notserialize, dynamicattr, dynamictable, accesspower, accesspowergroup, industry ) values (  '0cc6c767-e661-11e8-8985-5f606a994521', null, '1001AA100000000001JP', null, null, 'BS000010000100001056',300, null, null, '自定义项2',0, null, 'Y', 'N', 'Y', 'N',101, null, null, null, null, 'def2',0, null,19, '2018-11-19 11:26:44',0,-1, 'N', 'N', 'Y', null, 'Y', 'N', 'N', null, 'N', null, '0' ) ;
insert into md_property ( id, accessorclassname, classid, createtime, creator, datatype, datatypestyle, defaultvalue, description, displayname, dr, help, isactive, hided, nullable, readonly, attrlength, attrmaxvalue, attrminvalue, modifier, modifytime, name, precise, refmodelname, attrsequence, ts, visibility, versiontype, fixedlength, calculation, isauthen, resid, customattr, notserialize, dynamicattr, dynamictable, accesspower, accesspowergroup, industry ) values (  '0cc6c768-e661-11e8-8985-5f606a994521', null, '1001AA100000000001JP', null, null, 'BS000010000100001056',300, null, null, '自定义项3',0, null, 'Y', 'N', 'Y', 'N',101, null, null, null, null, 'def3',0, null,20, '2018-11-19 11:26:44',0,-1, 'N', 'N', 'Y', null, 'Y', 'N', 'N', null, 'N', null, '0' ) ;
insert into md_property ( id, accessorclassname, classid, createtime, creator, datatype, datatypestyle, defaultvalue, description, displayname, dr, help, isactive, hided, nullable, readonly, attrlength, attrmaxvalue, attrminvalue, modifier, modifytime, name, precise, refmodelname, attrsequence, ts, visibility, versiontype, fixedlength, calculation, isauthen, resid, customattr, notserialize, dynamicattr, dynamictable, accesspower, accesspowergroup, industry ) values (  '0cc6c769-e661-11e8-8985-5f606a994521', null, '1001AA100000000001JP', null, null, 'BS000010000100001056',300, null, null, '自定义项4',0, null, 'Y', 'N', 'Y', 'N',101, null, null, null, null, 'def4',0, null,21, '2018-11-19 11:26:44',0,-1, 'N', 'N', 'Y', null, 'Y', 'N', 'N', null, 'N', null, '0' ) ;
insert into md_property ( id, accessorclassname, classid, createtime, creator, datatype, datatypestyle, defaultvalue, description, displayname, dr, help, isactive, hided, nullable, readonly, attrlength, attrmaxvalue, attrminvalue, modifier, modifytime, name, precise, refmodelname, attrsequence, ts, visibility, versiontype, fixedlength, calculation, isauthen, resid, customattr, notserialize, dynamicattr, dynamictable, accesspower, accesspowergroup, industry ) values (  '0cc6c76a-e661-11e8-8985-5f606a994521', null, '1001AA100000000001JP', null, null, 'BS000010000100001056',300, null, null, '自定义项5',0, null, 'Y', 'N', 'Y', 'N',101, null, null, null, null, 'def5',0, null,22, '2018-11-19 11:26:44',0,-1, 'N', 'N', 'Y', null, 'Y', 'N', 'N', null, 'N', null, '0' ) ;
insert into md_property ( id, accessorclassname, classid, createtime, creator, datatype, datatypestyle, defaultvalue, description, displayname, dr, help, isactive, hided, nullable, readonly, attrlength, attrmaxvalue, attrminvalue, modifier, modifytime, name, precise, refmodelname, attrsequence, ts, visibility, versiontype, fixedlength, calculation, isauthen, resid, customattr, notserialize, dynamicattr, dynamictable, accesspower, accesspowergroup, industry ) values (  '0cc6c76b-e661-11e8-8985-5f606a994521', null, '1001AA100000000001JP', null, null, 'BS000010000100001056',300, null, null, '自定义项6',0, null, 'Y', 'N', 'Y', 'N',101, null, null, null, null, 'def6',0, null,23, '2018-11-19 11:26:44',0,-1, 'N', 'N', 'Y', null, 'Y', 'N', 'N', null, 'N', null, '0' ) ;
insert into md_property ( id, accessorclassname, classid, createtime, creator, datatype, datatypestyle, defaultvalue, description, displayname, dr, help, isactive, hided, nullable, readonly, attrlength, attrmaxvalue, attrminvalue, modifier, modifytime, name, precise, refmodelname, attrsequence, ts, visibility, versiontype, fixedlength, calculation, isauthen, resid, customattr, notserialize, dynamicattr, dynamictable, accesspower, accesspowergroup, industry ) values (  '0cc6c76c-e661-11e8-8985-5f606a994521', null, '1001AA100000000001JP', null, null, 'BS000010000100001056',300, null, null, '自定义项7',0, null, 'Y', 'N', 'Y', 'N',101, null, null, null, null, 'def7',0, null,24, '2018-11-19 11:26:44',0,-1, 'N', 'N', 'Y', null, 'Y', 'N', 'N', null, 'N', null, '0' ) ;
insert into md_property ( id, accessorclassname, classid, createtime, creator, datatype, datatypestyle, defaultvalue, description, displayname, dr, help, isactive, hided, nullable, readonly, attrlength, attrmaxvalue, attrminvalue, modifier, modifytime, name, precise, refmodelname, attrsequence, ts, visibility, versiontype, fixedlength, calculation, isauthen, resid, customattr, notserialize, dynamicattr, dynamictable, accesspower, accesspowergroup, industry ) values (  '0cc6c76d-e661-11e8-8985-5f606a994521', null, '1001AA100000000001JP', null, null, 'BS000010000100001056',300, null, null, '自定义项8',0, null, 'Y', 'N', 'Y', 'N',101, null, null, null, null, 'def8',0, null,25, '2018-11-19 11:26:44',0,-1, 'N', 'N', 'Y', null, 'Y', 'N', 'N', null, 'N', null, '0' ) ;
insert into md_property ( id, accessorclassname, classid, createtime, creator, datatype, datatypestyle, defaultvalue, description, displayname, dr, help, isactive, hided, nullable, readonly, attrlength, attrmaxvalue, attrminvalue, modifier, modifytime, name, precise, refmodelname, attrsequence, ts, visibility, versiontype, fixedlength, calculation, isauthen, resid, customattr, notserialize, dynamicattr, dynamictable, accesspower, accesspowergroup, industry ) values (  '0cc6c76e-e661-11e8-8985-5f606a994521', null, '1001AA100000000001JP', null, null, 'BS000010000100001056',300, null, null, '自定义项9',0, null, 'Y', 'N', 'Y', 'N',101, null, null, null, null, 'def9',0, null,26, '2018-11-19 11:26:44',0,-1, 'N', 'N', 'Y', null, 'Y', 'N', 'N', null, 'N', null, '0' ) ;
insert into md_property ( id, accessorclassname, classid, createtime, creator, datatype, datatypestyle, defaultvalue, description, displayname, dr, help, isactive, hided, nullable, readonly, attrlength, attrmaxvalue, attrminvalue, modifier, modifytime, name, precise, refmodelname, attrsequence, ts, visibility, versiontype, fixedlength, calculation, isauthen, resid, customattr, notserialize, dynamicattr, dynamictable, accesspower, accesspowergroup, industry ) values (  '0cc6c76f-e661-11e8-8985-5f606a994521', null, '1001AA100000000001JP', null, null, 'BS000010000100001056',300, null, null, '自定义项10',0, null, 'Y', 'N', 'Y', 'N',101, null, null, null, null, 'def10',0, null,27, '2018-11-19 11:26:44',0,-1, 'N', 'N', 'Y', null, 'Y', 'N', 'N', null, 'N', null, '0' ) ;
insert into md_property ( id, accessorclassname, classid, createtime, creator, datatype, datatypestyle, defaultvalue, description, displayname, dr, help, isactive, hided, nullable, readonly, attrlength, attrmaxvalue, attrminvalue, modifier, modifytime, name, precise, refmodelname, attrsequence, ts, visibility, versiontype, fixedlength, calculation, isauthen, resid, customattr, notserialize, dynamicattr, dynamictable, accesspower, accesspowergroup, industry ) values (  '0cc6c770-e661-11e8-8985-5f606a994521', null, '1001AA100000000001JP', null, null, 'BS000010000100001056',300, null, null, '自定义项11',0, null, 'Y', 'N', 'Y', 'N',101, null, null, null, null, 'def11',0, null,28, '2018-11-19 11:26:44',0,-1, 'N', 'N', 'Y', null, 'Y', 'N', 'N', null, 'N', null, '0' ) ;
insert into md_property ( id, accessorclassname, classid, createtime, creator, datatype, datatypestyle, defaultvalue, description, displayname, dr, help, isactive, hided, nullable, readonly, attrlength, attrmaxvalue, attrminvalue, modifier, modifytime, name, precise, refmodelname, attrsequence, ts, visibility, versiontype, fixedlength, calculation, isauthen, resid, customattr, notserialize, dynamicattr, dynamictable, accesspower, accesspowergroup, industry ) values (  '0cc6c771-e661-11e8-8985-5f606a994521', null, '1001AA100000000001JP', null, null, 'BS000010000100001056',300, null, null, '自定义项12',0, null, 'Y', 'N', 'Y', 'N',101, null, null, null, null, 'def12',0, null,29, '2018-11-19 11:26:44',0,-1, 'N', 'N', 'Y', null, 'Y', 'N', 'N', null, 'N', null, '0' ) ;
insert into md_property ( id, accessorclassname, classid, createtime, creator, datatype, datatypestyle, defaultvalue, description, displayname, dr, help, isactive, hided, nullable, readonly, attrlength, attrmaxvalue, attrminvalue, modifier, modifytime, name, precise, refmodelname, attrsequence, ts, visibility, versiontype, fixedlength, calculation, isauthen, resid, customattr, notserialize, dynamicattr, dynamictable, accesspower, accesspowergroup, industry ) values (  '0cc6c772-e661-11e8-8985-5f606a994521', null, '1001AA100000000001JP', null, null, 'BS000010000100001056',300, null, null, '自定义项13',0, null, 'Y', 'N', 'Y', 'N',101, null, null, null, null, 'def13',0, null,30, '2018-11-19 11:26:44',0,-1, 'N', 'N', 'Y', null, 'Y', 'N', 'N', null, 'N', null, '0' ) ;
insert into md_property ( id, accessorclassname, classid, createtime, creator, datatype, datatypestyle, defaultvalue, description, displayname, dr, help, isactive, hided, nullable, readonly, attrlength, attrmaxvalue, attrminvalue, modifier, modifytime, name, precise, refmodelname, attrsequence, ts, visibility, versiontype, fixedlength, calculation, isauthen, resid, customattr, notserialize, dynamicattr, dynamictable, accesspower, accesspowergroup, industry ) values (  '0cc6c773-e661-11e8-8985-5f606a994521', null, '1001AA100000000001JP', null, null, 'BS000010000100001056',300, null, null, '自定义项14',0, null, 'Y', 'N', 'Y', 'N',101, null, null, null, null, 'def14',0, null,31, '2018-11-19 11:26:44',0,-1, 'N', 'N', 'Y', null, 'Y', 'N', 'N', null, 'N', null, '0' ) ;
insert into md_property ( id, accessorclassname, classid, createtime, creator, datatype, datatypestyle, defaultvalue, description, displayname, dr, help, isactive, hided, nullable, readonly, attrlength, attrmaxvalue, attrminvalue, modifier, modifytime, name, precise, refmodelname, attrsequence, ts, visibility, versiontype, fixedlength, calculation, isauthen, resid, customattr, notserialize, dynamicattr, dynamictable, accesspower, accesspowergroup, industry ) values (  '0cc6c774-e661-11e8-8985-5f606a994521', null, '1001AA100000000001JP', null, null, 'BS000010000100001056',300, null, null, '自定义项15',0, null, 'Y', 'N', 'Y', 'N',101, null, null, null, null, 'def15',0, null,32, '2018-11-19 11:26:44',0,-1, 'N', 'N', 'Y', null, 'Y', 'N', 'N', null, 'N', null, '0' ) ;
insert into md_property ( id, accessorclassname, classid, createtime, creator, datatype, datatypestyle, defaultvalue, description, displayname, dr, help, isactive, hided, nullable, readonly, attrlength, attrmaxvalue, attrminvalue, modifier, modifytime, name, precise, refmodelname, attrsequence, ts, visibility, versiontype, fixedlength, calculation, isauthen, resid, customattr, notserialize, dynamicattr, dynamictable, accesspower, accesspowergroup, industry ) values (  '0cc6c775-e661-11e8-8985-5f606a994521', null, '1001AA100000000001JP', null, null, 'BS000010000100001056',300, null, null, '自定义项16',0, null, 'Y', 'N', 'Y', 'N',101, null, null, null, null, 'def16',0, null,33, '2018-11-19 11:26:44',0,-1, 'N', 'N', 'Y', null, 'Y', 'N', 'N', null, 'N', null, '0' ) ;
insert into md_property ( id, accessorclassname, classid, createtime, creator, datatype, datatypestyle, defaultvalue, description, displayname, dr, help, isactive, hided, nullable, readonly, attrlength, attrmaxvalue, attrminvalue, modifier, modifytime, name, precise, refmodelname, attrsequence, ts, visibility, versiontype, fixedlength, calculation, isauthen, resid, customattr, notserialize, dynamicattr, dynamictable, accesspower, accesspowergroup, industry ) values (  '0cc6c776-e661-11e8-8985-5f606a994521', null, '1001AA100000000001JP', null, null, 'BS000010000100001056',300, null, null, '自定义项17',0, null, 'Y', 'N', 'Y', 'N',101, null, null, null, null, 'def17',0, null,34, '2018-11-19 11:26:44',0,-1, 'N', 'N', 'Y', null, 'Y', 'N', 'N', null, 'N', null, '0' ) ;
insert into md_property ( id, accessorclassname, classid, createtime, creator, datatype, datatypestyle, defaultvalue, description, displayname, dr, help, isactive, hided, nullable, readonly, attrlength, attrmaxvalue, attrminvalue, modifier, modifytime, name, precise, refmodelname, attrsequence, ts, visibility, versiontype, fixedlength, calculation, isauthen, resid, customattr, notserialize, dynamicattr, dynamictable, accesspower, accesspowergroup, industry ) values (  '0cc6c777-e661-11e8-8985-5f606a994521', null, '1001AA100000000001JP', null, null, 'BS000010000100001056',300, null, null, '自定义项18',0, null, 'Y', 'N', 'Y', 'N',101, null, null, null, null, 'def18',0, null,35, '2018-11-19 11:26:44',0,-1, 'N', 'N', 'Y', null, 'Y', 'N', 'N', null, 'N', null, '0' ) ;
insert into md_property ( id, accessorclassname, classid, createtime, creator, datatype, datatypestyle, defaultvalue, description, displayname, dr, help, isactive, hided, nullable, readonly, attrlength, attrmaxvalue, attrminvalue, modifier, modifytime, name, precise, refmodelname, attrsequence, ts, visibility, versiontype, fixedlength, calculation, isauthen, resid, customattr, notserialize, dynamicattr, dynamictable, accesspower, accesspowergroup, industry ) values (  '0cc6c778-e661-11e8-8985-5f606a994521', null, '1001AA100000000001JP', null, null, 'BS000010000100001056',300, null, null, '自定义项19',0, null, 'Y', 'N', 'Y', 'N',101, null, null, null, null, 'def19',0, null,36, '2018-11-19 11:26:44',0,-1, 'N', 'N', 'Y', null, 'Y', 'N', 'N', null, 'N', null, '0' ) ;
insert into md_property ( id, accessorclassname, classid, createtime, creator, datatype, datatypestyle, defaultvalue, description, displayname, dr, help, isactive, hided, nullable, readonly, attrlength, attrmaxvalue, attrminvalue, modifier, modifytime, name, precise, refmodelname, attrsequence, ts, visibility, versiontype, fixedlength, calculation, isauthen, resid, customattr, notserialize, dynamicattr, dynamictable, accesspower, accesspowergroup, industry ) values (  '0cc6c779-e661-11e8-8985-5f606a994521', null, '1001AA100000000001JP', null, null, 'BS000010000100001056',300, null, null, '自定义项20',0, null, 'Y', 'N', 'Y', 'N',101, null, null, null, null, 'def20',0, null,37, '2018-11-19 11:26:44',0,-1, 'N', 'N', 'Y', null, 'Y', 'N', 'N', null, 'N', null, '0' ) ;
insert into md_bizItfMap ( bizinterfaceid, intattrid, classid, classattrid, bizitfimpclassname, classattrpath, dr, ts ) values (  '6c8722b9-911a-489b-8d0d-18bd3734fcf6', '5dd3c721-22ad-42b1-9c10-4351c236bc77', '1001AA100000000001JP', '0cc6c754-e661-11e8-8985-5f606a994521', null, null,0, '2018-11-19 11:26:44' ) ;
insert into md_bizItfMap ( bizinterfaceid, intattrid, classid, classattrid, bizitfimpclassname, classattrpath, dr, ts ) values (  '6c8722b9-911a-489b-8d0d-18bd3734fcf6', 'ecf1b76a-6e44-42e2-a55e-87596504775b', '1001AA100000000001JP', '0cc6c761-e661-11e8-8985-5f606a994521', null, null,0, '2018-11-19 11:26:44' ) ;
insert into md_bizItfMap ( bizinterfaceid, intattrid, classid, classattrid, bizitfimpclassname, classattrpath, dr, ts ) values (  '6c8722b9-911a-489b-8d0d-18bd3734fcf6', 'd32cc17b-f415-415a-923f-0764443eb102', '1001AA100000000001JP', '0cc6c74d-e661-11e8-8985-5f606a994521', null, null,0, '2018-11-19 11:26:44' ) ;
insert into md_bizItfMap ( bizinterfaceid, intattrid, classid, classattrid, bizitfimpclassname, classattrpath, dr, ts ) values (  '6c8722b9-911a-489b-8d0d-18bd3734fcf6', '89578a97-42fe-439b-827c-8eabd9e3604c', '1001AA100000000001JP', '0cc6c75a-e661-11e8-8985-5f606a994521', null, null,0, '2018-11-19 11:26:44' ) ;
insert into md_bizItfMap ( bizinterfaceid, intattrid, classid, classattrid, bizitfimpclassname, classattrpath, dr, ts ) values (  '6c8722b9-911a-489b-8d0d-18bd3734fcf6', 'a47e6cda-09e4-480b-923f-ec6f41e3e06c', '1001AA100000000001JP', '0cc6c760-e661-11e8-8985-5f606a994521', null, null,0, '2018-11-19 11:26:44' ) ;
insert into md_association ( id, componentid, creator, createtime, dr, endcardinality, startbeanid, endelementid, isactive, modifier, modifytime, name, startcardinality, startelementid, ts, type, versiontype, industry ) values (  '50dbbd62-9ca6-412f-a505-eb54379aa0c3', '0cc6c74e-e661-11e8-8985-5f606a994521', null, null,0, '1', '1001AA100000000001JP', '16c1dca0-e3ed-4dcc-8ed7-75fd59e2bef1', 'Y', null, null, 'Defdoc-C0J00107_pk_defdoclist', '1', '0cc6c75f-e661-11e8-8985-5f606a994521', '2018-11-19 11:26:44',3,0, '0' ) ;
insert into md_association ( id, componentid, creator, createtime, dr, endcardinality, startbeanid, endelementid, isactive, modifier, modifytime, name, startcardinality, startelementid, ts, type, versiontype, industry ) values (  '6f5d1b7a-790a-437e-b693-3824bb190d4f', '0cc6c74e-e661-11e8-8985-5f606a994521', null, null,0, '1', '1001AA100000000001JP', '985be8a4-3a36-4778-8afe-2d8ed3902659', 'Y', null, null, 'Defdoc-C0J00107_pk_org', '1', '0cc6c761-e661-11e8-8985-5f606a994521', '2018-11-19 11:26:44',3,0, '0' ) ;
insert into md_association ( id, componentid, creator, createtime, dr, endcardinality, startbeanid, endelementid, isactive, modifier, modifytime, name, startcardinality, startelementid, ts, type, versiontype, industry ) values (  '5d8c4137-6fa3-4301-bbd5-9fda024a8ecd', '0cc6c74e-e661-11e8-8985-5f606a994521', null, null,0, '1', '1001AA100000000001JP', '3b6dd171-2900-47f3-bfbe-41e4483a2a65', 'Y', null, null, 'Defdoc-C0J00107_pk_group', '1', '0cc6c760-e661-11e8-8985-5f606a994521', '2018-11-19 11:26:44',3,0, '0' ) ;
insert into md_association ( id, componentid, creator, createtime, dr, endcardinality, startbeanid, endelementid, isactive, modifier, modifytime, name, startcardinality, startelementid, ts, type, versiontype, industry ) values (  '8b50a30b-be5f-492b-812b-7d763b30f233', '0cc6c74e-e661-11e8-8985-5f606a994521', null, null,0, '1', '1001AA100000000001JP', 'f6f9a473-56c0-432f-8bc7-fbf8fde54fee', 'Y', null, null, 'Defdoc-C0J00107_creator', '1', '0cc6c751-e661-11e8-8985-5f606a994521', '2018-11-19 11:26:44',3,0, '0' ) ;
insert into md_association ( id, componentid, creator, createtime, dr, endcardinality, startbeanid, endelementid, isactive, modifier, modifytime, name, startcardinality, startelementid, ts, type, versiontype, industry ) values (  '832dcc89-ccf7-4c72-a717-58e10ecc6921', '0cc6c74e-e661-11e8-8985-5f606a994521', null, null,0, '1', '1001AA100000000001JP', 'f6f9a473-56c0-432f-8bc7-fbf8fde54fee', 'Y', null, null, 'Defdoc-C0J00107_modifier', '1', '0cc6c757-e661-11e8-8985-5f606a994521', '2018-11-19 11:26:44',3,0, '0' ) ;
insert into md_table ( id, createtime, creator, databaseid, description, displayname, dr, help, isactive, fromsourcebmf, modifier, modifytime, name, ts, versiontype, resmodule, resid, parenttable, isextendtable, industry ) values (  'bd_defdoc', '2018-11-12 17:55:13', null, null, null, '测试温度(自定义档案)',0, 'ignorebdmode,BDMODE,URC,DEFDOC,BUSILOG,DOC', null, 'Y', null, null, 'bd_defdoc', '2018-11-19 11:26:44',0, '10140uddb', null, null, null, '0' ) ;
insert into md_column ( id, sqldatetype, createtime, creator, defaultvalue, description, displayname, dr, help, incrementseed, incrementstep, isactive, identitied, pkey, nullable, columnlength, modifier, modifytime, name, precise, columnsequence, tableid, ts, versiontype, resid, groupid, columntype, forlocale ) values (  'bd_defdoc@@PK@@', 'char', null, null, null, null, '自定义档案主键',0, null,null,null, 'Y', null, 'Y', 'N',20, null, null, 'pk_defdoc',0,0, 'bd_defdoc', '2018-11-19 11:26:44',0, '2UC000-000747', null,0, 'N' ) ;
insert into md_column ( id, sqldatetype, createtime, creator, defaultvalue, description, displayname, dr, help, incrementseed, incrementstep, isactive, identitied, pkey, nullable, columnlength, modifier, modifytime, name, precise, columnsequence, tableid, ts, versiontype, resid, groupid, columntype, forlocale ) values (  'bd_defdoc@@@pk_defdoclist', 'char', null, null, null, null, '自定义档案列表主键',0, null,null,null, 'Y', null, 'N', 'N',20, null, null, 'pk_defdoclist',0,1, 'bd_defdoc', '2018-11-19 11:26:44',0, '2UC000-000748', null,0, 'N' ) ;
insert into md_column ( id, sqldatetype, createtime, creator, defaultvalue, description, displayname, dr, help, incrementseed, incrementstep, isactive, identitied, pkey, nullable, columnlength, modifier, modifytime, name, precise, columnsequence, tableid, ts, versiontype, resid, groupid, columntype, forlocale ) values (  'bd_defdoc@@@pk_org', 'char', null, null, null, null, '所属组织',0, null,null,null, 'Y', null, 'N', 'N',20, null, null, 'pk_org',0,2, 'bd_defdoc', '2018-11-19 11:26:44',0, '2UC000-000360', null,0, 'N' ) ;
insert into md_column ( id, sqldatetype, createtime, creator, defaultvalue, description, displayname, dr, help, incrementseed, incrementstep, isactive, identitied, pkey, nullable, columnlength, modifier, modifytime, name, precise, columnsequence, tableid, ts, versiontype, resid, groupid, columntype, forlocale ) values (  'bd_defdoc@@@pk_group', 'varchar', null, null, '*~', null, '所属集团',0, null,null,null, 'Y', null, 'N', 'Y',20, null, null, 'pk_group',0,3, 'bd_defdoc', '2018-11-19 11:26:44',0, '2UC000-000367', null,0, 'N' ) ;
insert into md_column ( id, sqldatetype, createtime, creator, defaultvalue, description, displayname, dr, help, incrementseed, incrementstep, isactive, identitied, pkey, nullable, columnlength, modifier, modifytime, name, precise, columnsequence, tableid, ts, versiontype, resid, groupid, columntype, forlocale ) values (  'bd_defdoc@@@code', 'varchar', null, null, null, null, '档案编码',0, 'URC',null,null, 'Y', null, 'N', 'N',40, null, null, 'code',0,4, 'bd_defdoc', '2018-11-19 11:26:44',0, '2UC000-000557', null,0, 'N' ) ;
insert into md_column ( id, sqldatetype, createtime, creator, defaultvalue, description, displayname, dr, help, incrementseed, incrementstep, isactive, identitied, pkey, nullable, columnlength, modifier, modifytime, name, precise, columnsequence, tableid, ts, versiontype, resid, groupid, columntype, forlocale ) values (  'bd_defdoc@@@name', 'varchar', null, null, null, null, '档案名称',0, 'URC',null,null, 'Y', null, 'N', 'Y',200, null, null, 'name',0,0, 'bd_defdoc', '2018-11-19 11:26:44',0, '2UC000-000556', 'bd_defdoc@@@name',0, 'N' ) ;
insert into md_column ( id, sqldatetype, createtime, creator, defaultvalue, description, displayname, dr, help, incrementseed, incrementstep, isactive, identitied, pkey, nullable, columnlength, modifier, modifytime, name, precise, columnsequence, tableid, ts, versiontype, resid, groupid, columntype, forlocale ) values (  'bd_defdoc@@@shortname', 'varchar', null, null, null, null, '简称',0, null,null,null, 'Y', null, 'N', 'Y',200, null, null, 'shortname',0,0, 'bd_defdoc', '2018-11-19 11:26:44',0, '2UC000-000675', 'bd_defdoc@@@shortname',0, 'N' ) ;
insert into md_column ( id, sqldatetype, createtime, creator, defaultvalue, description, displayname, dr, help, incrementseed, incrementstep, isactive, identitied, pkey, nullable, columnlength, modifier, modifytime, name, precise, columnsequence, tableid, ts, versiontype, resid, groupid, columntype, forlocale ) values (  'bd_defdoc@@@mnecode', 'varchar', null, null, null, null, '助记码',0, null,null,null, 'Y', null, 'N', 'Y',50, null, null, 'mnecode',0,7, 'bd_defdoc', '2018-11-19 11:26:44',0, '2UC000-000172', null,0, 'N' ) ;
insert into md_column ( id, sqldatetype, createtime, creator, defaultvalue, description, displayname, dr, help, incrementseed, incrementstep, isactive, identitied, pkey, nullable, columnlength, modifier, modifytime, name, precise, columnsequence, tableid, ts, versiontype, resid, groupid, columntype, forlocale ) values (  'bd_defdoc@@@pid', 'varchar', null, null, '*~', null, '上级档案',0, null,null,null, 'Y', null, 'N', 'Y',20, null, null, 'pid',0,8, 'bd_defdoc', '2018-11-19 11:26:44',0, '2UC000-000007', null,0, 'N' ) ;
insert into md_column ( id, sqldatetype, createtime, creator, defaultvalue, description, displayname, dr, help, incrementseed, incrementstep, isactive, identitied, pkey, nullable, columnlength, modifier, modifytime, name, precise, columnsequence, tableid, ts, versiontype, resid, groupid, columntype, forlocale ) values (  'bd_defdoc@@@memo', 'varchar', null, null, null, null, '备注',0, null,null,null, 'Y', null, 'N', 'Y',200, null, null, 'memo',0,9, 'bd_defdoc', '2018-11-19 11:26:44',0, '2UC000-000258', null,0, 'N' ) ;
insert into md_column ( id, sqldatetype, createtime, creator, defaultvalue, description, displayname, dr, help, incrementseed, incrementstep, isactive, identitied, pkey, nullable, columnlength, modifier, modifytime, name, precise, columnsequence, tableid, ts, versiontype, resid, groupid, columntype, forlocale ) values (  'bd_defdoc@@@creator', 'varchar', null, null, '*~', null, '创建人',0, null,null,null, 'Y', null, 'N', 'Y',20, null, null, 'creator',0,10, 'bd_defdoc', '2018-11-19 11:26:44',0, '2UC000-000155', null,0, 'N' ) ;
insert into md_column ( id, sqldatetype, createtime, creator, defaultvalue, description, displayname, dr, help, incrementseed, incrementstep, isactive, identitied, pkey, nullable, columnlength, modifier, modifytime, name, precise, columnsequence, tableid, ts, versiontype, resid, groupid, columntype, forlocale ) values (  'bd_defdoc@@@creationtime', 'char', null, null, null, null, '创建时间',0, null,null,null, 'Y', null, 'N', 'Y',19, null, null, 'creationtime',0,11, 'bd_defdoc', '2018-11-19 11:26:44',0, '2UC000-000157', null,0, 'N' ) ;
insert into md_column ( id, sqldatetype, createtime, creator, defaultvalue, description, displayname, dr, help, incrementseed, incrementstep, isactive, identitied, pkey, nullable, columnlength, modifier, modifytime, name, precise, columnsequence, tableid, ts, versiontype, resid, groupid, columntype, forlocale ) values (  'bd_defdoc@@@modifier', 'varchar', null, null, '*~', null, '最后修改人',0, null,null,null, 'Y', null, 'N', 'Y',20, null, null, 'modifier',0,12, 'bd_defdoc', '2018-11-19 11:26:44',0, '2UC000-000490', null,0, 'N' ) ;
insert into md_column ( id, sqldatetype, createtime, creator, defaultvalue, description, displayname, dr, help, incrementseed, incrementstep, isactive, identitied, pkey, nullable, columnlength, modifier, modifytime, name, precise, columnsequence, tableid, ts, versiontype, resid, groupid, columntype, forlocale ) values (  'bd_defdoc@@@modifiedtime', 'char', null, null, null, null, '最后修改时间',0, null,null,null, 'Y', null, 'N', 'Y',19, null, null, 'modifiedtime',0,13, 'bd_defdoc', '2018-11-19 11:26:44',0, '2UC000-000491', null,0, 'N' ) ;
insert into md_column ( id, sqldatetype, createtime, creator, defaultvalue, description, displayname, dr, help, incrementseed, incrementstep, isactive, identitied, pkey, nullable, columnlength, modifier, modifytime, name, precise, columnsequence, tableid, ts, versiontype, resid, groupid, columntype, forlocale ) values (  'bd_defdoc@@@innercode', 'varchar', null, null, null, null, '内部编码',0, null,null,null, 'Y', null, 'N', 'Y',200, null, null, 'innercode',0,14, 'bd_defdoc', '2018-11-19 11:26:44',0, '2UC000-000136', null,0, 'N' ) ;
insert into md_column ( id, sqldatetype, createtime, creator, defaultvalue, description, displayname, dr, help, incrementseed, incrementstep, isactive, identitied, pkey, nullable, columnlength, modifier, modifytime, name, precise, columnsequence, tableid, ts, versiontype, resid, groupid, columntype, forlocale ) values (  'bd_defdoc@@@enablestate', 'int', null, null, null, null, '启用状态',0, null,null,null, 'Y', null, 'N', 'Y',0, null, null, 'enablestate',0,15, 'bd_defdoc', '2018-11-19 11:26:44',0, '2UC000-000249', null,0, 'N' ) ;
insert into md_column ( id, sqldatetype, createtime, creator, defaultvalue, description, displayname, dr, help, incrementseed, incrementstep, isactive, identitied, pkey, nullable, columnlength, modifier, modifytime, name, precise, columnsequence, tableid, ts, versiontype, resid, groupid, columntype, forlocale ) values (  'bd_defdoc@@@dataoriginflag', 'int', null, null, null, null, '分布式',0, null,null,null, 'Y', null, 'N', 'Y',0, null, null, 'dataoriginflag',0,16, 'bd_defdoc', '2018-11-19 11:26:44',0, '2UC000-000151', null,0, 'N' ) ;
insert into md_column ( id, sqldatetype, createtime, creator, defaultvalue, description, displayname, dr, help, incrementseed, incrementstep, isactive, identitied, pkey, nullable, columnlength, modifier, modifytime, name, precise, columnsequence, tableid, ts, versiontype, resid, groupid, columntype, forlocale ) values (  'bd_defdoc@@@datatype', 'int', null, null, '1', null, '数据类型',0, null,null,null, 'Y', null, 'N', 'Y',0, null, null, 'datatype',0,17, 'bd_defdoc', '2018-11-19 11:26:44',0, '2UC000-000458', null,0, 'N' ) ;
insert into md_column ( id, sqldatetype, createtime, creator, defaultvalue, description, displayname, dr, help, incrementseed, incrementstep, isactive, identitied, pkey, nullable, columnlength, modifier, modifytime, name, precise, columnsequence, tableid, ts, versiontype, resid, groupid, columntype, forlocale ) values (  'bd_defdoc@@@def1', 'varchar', null, null, null, null, '自定义项1',0, null,null,null, 'Y', null, 'N', 'Y',101, null, null, 'def1',0,18, 'bd_defdoc', '2018-11-19 11:26:44',-1, null, null,0, 'N' ) ;
insert into md_column ( id, sqldatetype, createtime, creator, defaultvalue, description, displayname, dr, help, incrementseed, incrementstep, isactive, identitied, pkey, nullable, columnlength, modifier, modifytime, name, precise, columnsequence, tableid, ts, versiontype, resid, groupid, columntype, forlocale ) values (  'bd_defdoc@@@def2', 'varchar', null, null, null, null, '自定义项2',0, null,null,null, 'Y', null, 'N', 'Y',101, null, null, 'def2',0,19, 'bd_defdoc', '2018-11-19 11:26:44',-1, null, null,0, 'N' ) ;
insert into md_column ( id, sqldatetype, createtime, creator, defaultvalue, description, displayname, dr, help, incrementseed, incrementstep, isactive, identitied, pkey, nullable, columnlength, modifier, modifytime, name, precise, columnsequence, tableid, ts, versiontype, resid, groupid, columntype, forlocale ) values (  'bd_defdoc@@@def3', 'varchar', null, null, null, null, '自定义项3',0, null,null,null, 'Y', null, 'N', 'Y',101, null, null, 'def3',0,20, 'bd_defdoc', '2018-11-19 11:26:44',-1, null, null,0, 'N' ) ;
insert into md_column ( id, sqldatetype, createtime, creator, defaultvalue, description, displayname, dr, help, incrementseed, incrementstep, isactive, identitied, pkey, nullable, columnlength, modifier, modifytime, name, precise, columnsequence, tableid, ts, versiontype, resid, groupid, columntype, forlocale ) values (  'bd_defdoc@@@def4', 'varchar', null, null, null, null, '自定义项4',0, null,null,null, 'Y', null, 'N', 'Y',101, null, null, 'def4',0,21, 'bd_defdoc', '2018-11-19 11:26:44',-1, null, null,0, 'N' ) ;
insert into md_column ( id, sqldatetype, createtime, creator, defaultvalue, description, displayname, dr, help, incrementseed, incrementstep, isactive, identitied, pkey, nullable, columnlength, modifier, modifytime, name, precise, columnsequence, tableid, ts, versiontype, resid, groupid, columntype, forlocale ) values (  'bd_defdoc@@@def5', 'varchar', null, null, null, null, '自定义项5',0, null,null,null, 'Y', null, 'N', 'Y',101, null, null, 'def5',0,22, 'bd_defdoc', '2018-11-19 11:26:44',-1, null, null,0, 'N' ) ;
insert into md_column ( id, sqldatetype, createtime, creator, defaultvalue, description, displayname, dr, help, incrementseed, incrementstep, isactive, identitied, pkey, nullable, columnlength, modifier, modifytime, name, precise, columnsequence, tableid, ts, versiontype, resid, groupid, columntype, forlocale ) values (  'bd_defdoc@@@def6', 'varchar', null, null, null, null, '自定义项6',0, null,null,null, 'Y', null, 'N', 'Y',101, null, null, 'def6',0,23, 'bd_defdoc', '2018-11-19 11:26:44',-1, null, null,0, 'N' ) ;
insert into md_column ( id, sqldatetype, createtime, creator, defaultvalue, description, displayname, dr, help, incrementseed, incrementstep, isactive, identitied, pkey, nullable, columnlength, modifier, modifytime, name, precise, columnsequence, tableid, ts, versiontype, resid, groupid, columntype, forlocale ) values (  'bd_defdoc@@@def7', 'varchar', null, null, null, null, '自定义项7',0, null,null,null, 'Y', null, 'N', 'Y',101, null, null, 'def7',0,24, 'bd_defdoc', '2018-11-19 11:26:44',-1, null, null,0, 'N' ) ;
insert into md_column ( id, sqldatetype, createtime, creator, defaultvalue, description, displayname, dr, help, incrementseed, incrementstep, isactive, identitied, pkey, nullable, columnlength, modifier, modifytime, name, precise, columnsequence, tableid, ts, versiontype, resid, groupid, columntype, forlocale ) values (  'bd_defdoc@@@def8', 'varchar', null, null, null, null, '自定义项8',0, null,null,null, 'Y', null, 'N', 'Y',101, null, null, 'def8',0,25, 'bd_defdoc', '2018-11-19 11:26:44',-1, null, null,0, 'N' ) ;
insert into md_column ( id, sqldatetype, createtime, creator, defaultvalue, description, displayname, dr, help, incrementseed, incrementstep, isactive, identitied, pkey, nullable, columnlength, modifier, modifytime, name, precise, columnsequence, tableid, ts, versiontype, resid, groupid, columntype, forlocale ) values (  'bd_defdoc@@@def9', 'varchar', null, null, null, null, '自定义项9',0, null,null,null, 'Y', null, 'N', 'Y',101, null, null, 'def9',0,26, 'bd_defdoc', '2018-11-19 11:26:44',-1, null, null,0, 'N' ) ;
insert into md_column ( id, sqldatetype, createtime, creator, defaultvalue, description, displayname, dr, help, incrementseed, incrementstep, isactive, identitied, pkey, nullable, columnlength, modifier, modifytime, name, precise, columnsequence, tableid, ts, versiontype, resid, groupid, columntype, forlocale ) values (  'bd_defdoc@@@def10', 'varchar', null, null, null, null, '自定义项10',0, null,null,null, 'Y', null, 'N', 'Y',101, null, null, 'def10',0,27, 'bd_defdoc', '2018-11-19 11:26:44',-1, null, null,0, 'N' ) ;
insert into md_column ( id, sqldatetype, createtime, creator, defaultvalue, description, displayname, dr, help, incrementseed, incrementstep, isactive, identitied, pkey, nullable, columnlength, modifier, modifytime, name, precise, columnsequence, tableid, ts, versiontype, resid, groupid, columntype, forlocale ) values (  'bd_defdoc@@@def11', 'varchar', null, null, null, null, '自定义项11',0, null,null,null, 'Y', null, 'N', 'Y',101, null, null, 'def11',0,28, 'bd_defdoc', '2018-11-19 11:26:44',-1, null, null,0, 'N' ) ;
insert into md_column ( id, sqldatetype, createtime, creator, defaultvalue, description, displayname, dr, help, incrementseed, incrementstep, isactive, identitied, pkey, nullable, columnlength, modifier, modifytime, name, precise, columnsequence, tableid, ts, versiontype, resid, groupid, columntype, forlocale ) values (  'bd_defdoc@@@def12', 'varchar', null, null, null, null, '自定义项12',0, null,null,null, 'Y', null, 'N', 'Y',101, null, null, 'def12',0,29, 'bd_defdoc', '2018-11-19 11:26:44',-1, null, null,0, 'N' ) ;
insert into md_column ( id, sqldatetype, createtime, creator, defaultvalue, description, displayname, dr, help, incrementseed, incrementstep, isactive, identitied, pkey, nullable, columnlength, modifier, modifytime, name, precise, columnsequence, tableid, ts, versiontype, resid, groupid, columntype, forlocale ) values (  'bd_defdoc@@@def13', 'varchar', null, null, null, null, '自定义项13',0, null,null,null, 'Y', null, 'N', 'Y',101, null, null, 'def13',0,30, 'bd_defdoc', '2018-11-19 11:26:44',-1, null, null,0, 'N' ) ;
insert into md_column ( id, sqldatetype, createtime, creator, defaultvalue, description, displayname, dr, help, incrementseed, incrementstep, isactive, identitied, pkey, nullable, columnlength, modifier, modifytime, name, precise, columnsequence, tableid, ts, versiontype, resid, groupid, columntype, forlocale ) values (  'bd_defdoc@@@def14', 'varchar', null, null, null, null, '自定义项14',0, null,null,null, 'Y', null, 'N', 'Y',101, null, null, 'def14',0,31, 'bd_defdoc', '2018-11-19 11:26:44',-1, null, null,0, 'N' ) ;
insert into md_column ( id, sqldatetype, createtime, creator, defaultvalue, description, displayname, dr, help, incrementseed, incrementstep, isactive, identitied, pkey, nullable, columnlength, modifier, modifytime, name, precise, columnsequence, tableid, ts, versiontype, resid, groupid, columntype, forlocale ) values (  'bd_defdoc@@@def15', 'varchar', null, null, null, null, '自定义项15',0, null,null,null, 'Y', null, 'N', 'Y',101, null, null, 'def15',0,32, 'bd_defdoc', '2018-11-19 11:26:44',-1, null, null,0, 'N' ) ;
insert into md_column ( id, sqldatetype, createtime, creator, defaultvalue, description, displayname, dr, help, incrementseed, incrementstep, isactive, identitied, pkey, nullable, columnlength, modifier, modifytime, name, precise, columnsequence, tableid, ts, versiontype, resid, groupid, columntype, forlocale ) values (  'bd_defdoc@@@def16', 'varchar', null, null, null, null, '自定义项16',0, null,null,null, 'Y', null, 'N', 'Y',101, null, null, 'def16',0,33, 'bd_defdoc', '2018-11-19 11:26:44',-1, null, null,0, 'N' ) ;
insert into md_column ( id, sqldatetype, createtime, creator, defaultvalue, description, displayname, dr, help, incrementseed, incrementstep, isactive, identitied, pkey, nullable, columnlength, modifier, modifytime, name, precise, columnsequence, tableid, ts, versiontype, resid, groupid, columntype, forlocale ) values (  'bd_defdoc@@@def17', 'varchar', null, null, null, null, '自定义项17',0, null,null,null, 'Y', null, 'N', 'Y',101, null, null, 'def17',0,34, 'bd_defdoc', '2018-11-19 11:26:44',-1, null, null,0, 'N' ) ;
insert into md_column ( id, sqldatetype, createtime, creator, defaultvalue, description, displayname, dr, help, incrementseed, incrementstep, isactive, identitied, pkey, nullable, columnlength, modifier, modifytime, name, precise, columnsequence, tableid, ts, versiontype, resid, groupid, columntype, forlocale ) values (  'bd_defdoc@@@def18', 'varchar', null, null, null, null, '自定义项18',0, null,null,null, 'Y', null, 'N', 'Y',101, null, null, 'def18',0,35, 'bd_defdoc', '2018-11-19 11:26:44',-1, null, null,0, 'N' ) ;
insert into md_column ( id, sqldatetype, createtime, creator, defaultvalue, description, displayname, dr, help, incrementseed, incrementstep, isactive, identitied, pkey, nullable, columnlength, modifier, modifytime, name, precise, columnsequence, tableid, ts, versiontype, resid, groupid, columntype, forlocale ) values (  'bd_defdoc@@@def19', 'varchar', null, null, null, null, '自定义项19',0, null,null,null, 'Y', null, 'N', 'Y',101, null, null, 'def19',0,36, 'bd_defdoc', '2018-11-19 11:26:44',-1, null, null,0, 'N' ) ;
insert into md_column ( id, sqldatetype, createtime, creator, defaultvalue, description, displayname, dr, help, incrementseed, incrementstep, isactive, identitied, pkey, nullable, columnlength, modifier, modifytime, name, precise, columnsequence, tableid, ts, versiontype, resid, groupid, columntype, forlocale ) values (  'bd_defdoc@@@def20', 'varchar', null, null, null, null, '自定义项20',0, null,null,null, 'Y', null, 'N', 'Y',101, null, null, 'def20',0,37, 'bd_defdoc', '2018-11-19 11:26:44',-1, null, null,0, 'N' ) ;
insert into md_column ( id, sqldatetype, createtime, creator, defaultvalue, description, displayname, dr, help, incrementseed, incrementstep, isactive, identitied, pkey, nullable, columnlength, modifier, modifytime, name, precise, columnsequence, tableid, ts, versiontype, resid, groupid, columntype, forlocale ) values (  'bd_defdoc@@@name2', 'varchar', null, null, null, null, '档案名称2',0, 'URC',null,null, 'Y', null, 'N', 'Y',200, null, null, 'name2',0,0, 'bd_defdoc', '2018-11-19 11:26:44',0, '2UC000-000556', 'bd_defdoc@@@name',0, 'N' ) ;
insert into md_column ( id, sqldatetype, createtime, creator, defaultvalue, description, displayname, dr, help, incrementseed, incrementstep, isactive, identitied, pkey, nullable, columnlength, modifier, modifytime, name, precise, columnsequence, tableid, ts, versiontype, resid, groupid, columntype, forlocale ) values (  'bd_defdoc@@@name3', 'varchar', null, null, null, null, '档案名称3',0, 'URC',null,null, 'Y', null, 'N', 'Y',200, null, null, 'name3',0,0, 'bd_defdoc', '2018-11-19 11:26:44',0, '2UC000-000556', 'bd_defdoc@@@name',0, 'N' ) ;
insert into md_column ( id, sqldatetype, createtime, creator, defaultvalue, description, displayname, dr, help, incrementseed, incrementstep, isactive, identitied, pkey, nullable, columnlength, modifier, modifytime, name, precise, columnsequence, tableid, ts, versiontype, resid, groupid, columntype, forlocale ) values (  'bd_defdoc@@@name4', 'varchar', null, null, null, null, '档案名称4',0, 'URC',null,null, 'Y', null, 'N', 'Y',200, null, null, 'name4',0,0, 'bd_defdoc', '2018-11-19 11:26:44',0, '2UC000-000556', 'bd_defdoc@@@name',0, 'N' ) ;
insert into md_column ( id, sqldatetype, createtime, creator, defaultvalue, description, displayname, dr, help, incrementseed, incrementstep, isactive, identitied, pkey, nullable, columnlength, modifier, modifytime, name, precise, columnsequence, tableid, ts, versiontype, resid, groupid, columntype, forlocale ) values (  'bd_defdoc@@@name5', 'varchar', null, null, null, null, '档案名称5',0, 'URC',null,null, 'Y', null, 'N', 'Y',200, null, null, 'name5',0,0, 'bd_defdoc', '2018-11-19 11:26:44',0, '2UC000-000556', 'bd_defdoc@@@name',0, 'N' ) ;
insert into md_column ( id, sqldatetype, createtime, creator, defaultvalue, description, displayname, dr, help, incrementseed, incrementstep, isactive, identitied, pkey, nullable, columnlength, modifier, modifytime, name, precise, columnsequence, tableid, ts, versiontype, resid, groupid, columntype, forlocale ) values (  'bd_defdoc@@@name6', 'varchar', null, null, null, null, '档案名称6',0, 'URC',null,null, 'Y', null, 'N', 'Y',200, null, null, 'name6',0,0, 'bd_defdoc', '2018-11-19 11:26:44',0, '2UC000-000556', 'bd_defdoc@@@name',0, 'N' ) ;
insert into md_column ( id, sqldatetype, createtime, creator, defaultvalue, description, displayname, dr, help, incrementseed, incrementstep, isactive, identitied, pkey, nullable, columnlength, modifier, modifytime, name, precise, columnsequence, tableid, ts, versiontype, resid, groupid, columntype, forlocale ) values (  'bd_defdoc@@@shortname2', 'varchar', null, null, null, null, '简称2',0, null,null,null, 'Y', null, 'N', 'Y',200, null, null, 'shortname2',0,0, 'bd_defdoc', '2018-11-19 11:26:44',0, '2UC000-000675', 'bd_defdoc@@@shortname',0, 'N' ) ;
insert into md_column ( id, sqldatetype, createtime, creator, defaultvalue, description, displayname, dr, help, incrementseed, incrementstep, isactive, identitied, pkey, nullable, columnlength, modifier, modifytime, name, precise, columnsequence, tableid, ts, versiontype, resid, groupid, columntype, forlocale ) values (  'bd_defdoc@@@shortname3', 'varchar', null, null, null, null, '简称3',0, null,null,null, 'Y', null, 'N', 'Y',200, null, null, 'shortname3',0,0, 'bd_defdoc', '2018-11-19 11:26:44',0, '2UC000-000675', 'bd_defdoc@@@shortname',0, 'N' ) ;
insert into md_column ( id, sqldatetype, createtime, creator, defaultvalue, description, displayname, dr, help, incrementseed, incrementstep, isactive, identitied, pkey, nullable, columnlength, modifier, modifytime, name, precise, columnsequence, tableid, ts, versiontype, resid, groupid, columntype, forlocale ) values (  'bd_defdoc@@@shortname4', 'varchar', null, null, null, null, '简称4',0, null,null,null, 'Y', null, 'N', 'Y',200, null, null, 'shortname4',0,0, 'bd_defdoc', '2018-11-19 11:26:44',0, '2UC000-000675', 'bd_defdoc@@@shortname',0, 'N' ) ;
insert into md_column ( id, sqldatetype, createtime, creator, defaultvalue, description, displayname, dr, help, incrementseed, incrementstep, isactive, identitied, pkey, nullable, columnlength, modifier, modifytime, name, precise, columnsequence, tableid, ts, versiontype, resid, groupid, columntype, forlocale ) values (  'bd_defdoc@@@shortname5', 'varchar', null, null, null, null, '简称5',0, null,null,null, 'Y', null, 'N', 'Y',200, null, null, 'shortname5',0,0, 'bd_defdoc', '2018-11-19 11:26:44',0, '2UC000-000675', 'bd_defdoc@@@shortname',0, 'N' ) ;
insert into md_column ( id, sqldatetype, createtime, creator, defaultvalue, description, displayname, dr, help, incrementseed, incrementstep, isactive, identitied, pkey, nullable, columnlength, modifier, modifytime, name, precise, columnsequence, tableid, ts, versiontype, resid, groupid, columntype, forlocale ) values (  'bd_defdoc@@@shortname6', 'varchar', null, null, null, null, '简称6',0, null,null,null, 'Y', null, 'N', 'Y',200, null, null, 'shortname6',0,0, 'bd_defdoc', '2018-11-19 11:26:44',0, '2UC000-000675', 'bd_defdoc@@@shortname',0, 'N' ) ;
insert into md_ORMap ( attributeid, classid, columnid, dr, tableid, ts ) values (  '0cc6c773-e661-11e8-8985-5f606a994521', '1001AA100000000001JP', 'bd_defdoc@@@def14',0, 'bd_defdoc', '2018-11-19 11:26:44' ) ;
insert into md_ORMap ( attributeid, classid, columnid, dr, tableid, ts ) values (  '0cc6c762-e661-11e8-8985-5f606a994521', '1001AA100000000001JP', 'bd_defdoc@@@enablestate',0, 'bd_defdoc', '2018-11-19 11:26:44' ) ;
insert into md_ORMap ( attributeid, classid, columnid, dr, tableid, ts ) values (  '0cc6c76b-e661-11e8-8985-5f606a994521', '1001AA100000000001JP', 'bd_defdoc@@@def6',0, 'bd_defdoc', '2018-11-19 11:26:44' ) ;
insert into md_ORMap ( attributeid, classid, columnid, dr, tableid, ts ) values (  '0cc6c770-e661-11e8-8985-5f606a994521', '1001AA100000000001JP', 'bd_defdoc@@@def11',0, 'bd_defdoc', '2018-11-19 11:26:44' ) ;
insert into md_ORMap ( attributeid, classid, columnid, dr, tableid, ts ) values (  '0cc6c779-e661-11e8-8985-5f606a994521', '1001AA100000000001JP', 'bd_defdoc@@@def20',0, 'bd_defdoc', '2018-11-19 11:26:44' ) ;
insert into md_ORMap ( attributeid, classid, columnid, dr, tableid, ts ) values (  '0cc6c751-e661-11e8-8985-5f606a994521', '1001AA100000000001JP', 'bd_defdoc@@@creator',0, 'bd_defdoc', '2018-11-19 11:26:44' ) ;
insert into md_ORMap ( attributeid, classid, columnid, dr, tableid, ts ) values (  '0cc6c76f-e661-11e8-8985-5f606a994521', '1001AA100000000001JP', 'bd_defdoc@@@def10',0, 'bd_defdoc', '2018-11-19 11:26:44' ) ;
insert into md_ORMap ( attributeid, classid, columnid, dr, tableid, ts ) values (  '0cc6c756-e661-11e8-8985-5f606a994521', '1001AA100000000001JP', 'bd_defdoc@@@mnecode',0, 'bd_defdoc', '2018-11-19 11:26:44' ) ;
insert into md_ORMap ( attributeid, classid, columnid, dr, tableid, ts ) values (  '0cc6c776-e661-11e8-8985-5f606a994521', '1001AA100000000001JP', 'bd_defdoc@@@def17',0, 'bd_defdoc', '2018-11-19 11:26:44' ) ;
insert into md_ORMap ( attributeid, classid, columnid, dr, tableid, ts ) values (  '0cc6c767-e661-11e8-8985-5f606a994521', '1001AA100000000001JP', 'bd_defdoc@@@def2',0, 'bd_defdoc', '2018-11-19 11:26:44' ) ;
insert into md_ORMap ( attributeid, classid, columnid, dr, tableid, ts ) values (  '0cc6c764-e661-11e8-8985-5f606a994521', '1001AA100000000001JP', 'bd_defdoc@@@dataoriginflag',0, 'bd_defdoc', '2018-11-19 11:26:44' ) ;
insert into md_ORMap ( attributeid, classid, columnid, dr, tableid, ts ) values (  '0cc6c76d-e661-11e8-8985-5f606a994521', '1001AA100000000001JP', 'bd_defdoc@@@def8',0, 'bd_defdoc', '2018-11-19 11:26:44' ) ;
insert into md_ORMap ( attributeid, classid, columnid, dr, tableid, ts ) values (  '0cc6c771-e661-11e8-8985-5f606a994521', '1001AA100000000001JP', 'bd_defdoc@@@def12',0, 'bd_defdoc', '2018-11-19 11:26:44' ) ;
insert into md_ORMap ( attributeid, classid, columnid, dr, tableid, ts ) values (  '0cc6c75d-e661-11e8-8985-5f606a994521', '1001AA100000000001JP', 'bd_defdoc@@@pid',0, 'bd_defdoc', '2018-11-19 11:26:44' ) ;
insert into md_ORMap ( attributeid, classid, columnid, dr, tableid, ts ) values (  '0cc6c757-e661-11e8-8985-5f606a994521', '1001AA100000000001JP', 'bd_defdoc@@@modifier',0, 'bd_defdoc', '2018-11-19 11:26:44' ) ;
insert into md_ORMap ( attributeid, classid, columnid, dr, tableid, ts ) values (  '0cc6c759-e661-11e8-8985-5f606a994521', '1001AA100000000001JP', 'bd_defdoc@@@modifiedtime',0, 'bd_defdoc', '2018-11-19 11:26:44' ) ;
insert into md_ORMap ( attributeid, classid, columnid, dr, tableid, ts ) values (  '0cc6c76e-e661-11e8-8985-5f606a994521', '1001AA100000000001JP', 'bd_defdoc@@@def9',0, 'bd_defdoc', '2018-11-19 11:26:44' ) ;
insert into md_ORMap ( attributeid, classid, columnid, dr, tableid, ts ) values (  '0cc6c76a-e661-11e8-8985-5f606a994521', '1001AA100000000001JP', 'bd_defdoc@@@def5',0, 'bd_defdoc', '2018-11-19 11:26:44' ) ;
insert into md_ORMap ( attributeid, classid, columnid, dr, tableid, ts ) values (  '0cc6c760-e661-11e8-8985-5f606a994521', '1001AA100000000001JP', 'bd_defdoc@@@pk_group',0, 'bd_defdoc', '2018-11-19 11:26:44' ) ;
insert into md_ORMap ( attributeid, classid, columnid, dr, tableid, ts ) values (  '0cc6c778-e661-11e8-8985-5f606a994521', '1001AA100000000001JP', 'bd_defdoc@@@def19',0, 'bd_defdoc', '2018-11-19 11:26:44' ) ;
insert into md_ORMap ( attributeid, classid, columnid, dr, tableid, ts ) values (  '0cc6c772-e661-11e8-8985-5f606a994521', '1001AA100000000001JP', 'bd_defdoc@@@def13',0, 'bd_defdoc', '2018-11-19 11:26:44' ) ;
insert into md_ORMap ( attributeid, classid, columnid, dr, tableid, ts ) values (  '0cc6c774-e661-11e8-8985-5f606a994521', '1001AA100000000001JP', 'bd_defdoc@@@def15',0, 'bd_defdoc', '2018-11-19 11:26:44' ) ;
insert into md_ORMap ( attributeid, classid, columnid, dr, tableid, ts ) values (  '0cc6c75a-e661-11e8-8985-5f606a994521', '1001AA100000000001JP', 'bd_defdoc@@@name',0, 'bd_defdoc', '2018-11-19 11:26:44' ) ;
insert into md_ORMap ( attributeid, classid, columnid, dr, tableid, ts ) values (  '0cc6c753-e661-11e8-8985-5f606a994521', '1001AA100000000001JP', 'bd_defdoc@@@innercode',0, 'bd_defdoc', '2018-11-19 11:26:44' ) ;
insert into md_ORMap ( attributeid, classid, columnid, dr, tableid, ts ) values (  '0cc6c75b-e661-11e8-8985-5f606a994521', '1001AA100000000001JP', 'bd_defdoc@@@shortname',0, 'bd_defdoc', '2018-11-19 11:26:44' ) ;
insert into md_ORMap ( attributeid, classid, columnid, dr, tableid, ts ) values (  '0cc6c754-e661-11e8-8985-5f606a994521', '1001AA100000000001JP', 'bd_defdoc@@PK@@',0, 'bd_defdoc', '2018-11-19 11:26:44' ) ;
insert into md_ORMap ( attributeid, classid, columnid, dr, tableid, ts ) values (  '0cc6c777-e661-11e8-8985-5f606a994521', '1001AA100000000001JP', 'bd_defdoc@@@def18',0, 'bd_defdoc', '2018-11-19 11:26:44' ) ;
insert into md_ORMap ( attributeid, classid, columnid, dr, tableid, ts ) values (  '0cc6c76c-e661-11e8-8985-5f606a994521', '1001AA100000000001JP', 'bd_defdoc@@@def7',0, 'bd_defdoc', '2018-11-19 11:26:44' ) ;
insert into md_ORMap ( attributeid, classid, columnid, dr, tableid, ts ) values (  '0cc6c766-e661-11e8-8985-5f606a994521', '1001AA100000000001JP', 'bd_defdoc@@@def1',0, 'bd_defdoc', '2018-11-19 11:26:44' ) ;
insert into md_ORMap ( attributeid, classid, columnid, dr, tableid, ts ) values (  '0cc6c761-e661-11e8-8985-5f606a994521', '1001AA100000000001JP', 'bd_defdoc@@@pk_org',0, 'bd_defdoc', '2018-11-19 11:26:44' ) ;
insert into md_ORMap ( attributeid, classid, columnid, dr, tableid, ts ) values (  '0cc6c775-e661-11e8-8985-5f606a994521', '1001AA100000000001JP', 'bd_defdoc@@@def16',0, 'bd_defdoc', '2018-11-19 11:26:44' ) ;
insert into md_ORMap ( attributeid, classid, columnid, dr, tableid, ts ) values (  '0cc6c755-e661-11e8-8985-5f606a994521', '1001AA100000000001JP', 'bd_defdoc@@@memo',0, 'bd_defdoc', '2018-11-19 11:26:44' ) ;
insert into md_ORMap ( attributeid, classid, columnid, dr, tableid, ts ) values (  '0cc6c74d-e661-11e8-8985-5f606a994521', '1001AA100000000001JP', 'bd_defdoc@@@code',0, 'bd_defdoc', '2018-11-19 11:26:44' ) ;
insert into md_ORMap ( attributeid, classid, columnid, dr, tableid, ts ) values (  '0cc6c750-e661-11e8-8985-5f606a994521', '1001AA100000000001JP', 'bd_defdoc@@@creationtime',0, 'bd_defdoc', '2018-11-19 11:26:44' ) ;
insert into md_ORMap ( attributeid, classid, columnid, dr, tableid, ts ) values (  '0cc6c769-e661-11e8-8985-5f606a994521', '1001AA100000000001JP', 'bd_defdoc@@@def4',0, 'bd_defdoc', '2018-11-19 11:26:44' ) ;
insert into md_ORMap ( attributeid, classid, columnid, dr, tableid, ts ) values (  '0cc6c768-e661-11e8-8985-5f606a994521', '1001AA100000000001JP', 'bd_defdoc@@@def3',0, 'bd_defdoc', '2018-11-19 11:26:44' ) ;
insert into md_ORMap ( attributeid, classid, columnid, dr, tableid, ts ) values (  '0cc6c765-e661-11e8-8985-5f606a994521', '1001AA100000000001JP', 'bd_defdoc@@@datatype',0, 'bd_defdoc', '2018-11-19 11:26:44' ) ;
insert into md_ORMap ( attributeid, classid, columnid, dr, tableid, ts ) values (  '0cc6c75f-e661-11e8-8985-5f606a994521', '1001AA100000000001JP', 'bd_defdoc@@@pk_defdoclist',0, 'bd_defdoc', '2018-11-19 11:26:44' ) ;


--Defdoc-C0J00109
delete from md_db_relation where startattrid in (select id from md_property where classid in ('1001AA100000000001KY','@@@@' ) )  and starttableid in ('bd_defdoc','@@@@');
delete from md_ORMap where ATTRIBUTEID in(select id from md_property where classid in ('1001AA100000000001KY','@@@@' ) )  and tableid in ('bd_defdoc','@@@@') ;
delete from md_table where id not in (select distinct tableid from md_ormap );
delete from md_column where  tableid in('bd_defdoc','@@@@') and id not in(select distinct columnid from md_ormap) and (nvl(groupid ,'~')='~' or groupid = id )  and name <> 'extend_bean_tag' ;
delete from md_column where tableid in ('bd_defdoc','@@@@')and groupid is not null and groupid not in( select distinct id from md_column where tableid in ('bd_defdoc','@@@@') ) ;
delete from md_db_relation where starttableid not in (select id from md_table);
delete from md_property where classID in (select distinct id from md_class where componentID='1a0a2a42-e661-11e8-8985-5f606a994521'  )  ;
delete from md_association where componentID = '1a0a2a42-e661-11e8-8985-5f606a994521'  ;
delete from md_bizItfMap where classID in (select distinct id from md_class where componentID='1a0a2a42-e661-11e8-8985-5f606a994521'  );
delete from md_bizItfMap where classID in ( select id from md_opInterface where componentID = '1a0a2a42-e661-11e8-8985-5f606a994521'  );
delete from md_accessorPara where id in (select distinct id from md_class where componentID='1a0a2a42-e661-11e8-8985-5f606a994521'  );
delete from md_enumValue where id in (select distinct id from md_class where componentID='1a0a2a42-e661-11e8-8985-5f606a994521'  ) ;
delete from md_class where componentID = '1a0a2a42-e661-11e8-8985-5f606a994521'  ;
delete from md_component where id = '1a0a2a42-e661-11e8-8985-5f606a994521' ;
delete from md_table where (id='bd_defdoc');
delete from md_column where (id='bd_defdoc@@PK@@');
delete from md_column where (id='bd_defdoc@@@pk_defdoclist');
delete from md_column where (id='bd_defdoc@@@pk_org');
delete from md_column where (id='bd_defdoc@@@pk_group');
delete from md_column where (id='bd_defdoc@@@code');
delete from md_column where (id='bd_defdoc@@@name');
delete from md_column where (id='bd_defdoc@@@shortname');
delete from md_column where (id='bd_defdoc@@@mnecode');
delete from md_column where (id='bd_defdoc@@@pid');
delete from md_column where (id='bd_defdoc@@@memo');
delete from md_column where (id='bd_defdoc@@@creator');
delete from md_column where (id='bd_defdoc@@@creationtime');
delete from md_column where (id='bd_defdoc@@@modifier');
delete from md_column where (id='bd_defdoc@@@modifiedtime');
delete from md_column where (id='bd_defdoc@@@innercode');
delete from md_column where (id='bd_defdoc@@@enablestate');
delete from md_column where (id='bd_defdoc@@@dataoriginflag');
delete from md_column where (id='bd_defdoc@@@datatype');
delete from md_column where (id='bd_defdoc@@@def1');
delete from md_column where (id='bd_defdoc@@@def2');
delete from md_column where (id='bd_defdoc@@@def3');
delete from md_column where (id='bd_defdoc@@@def4');
delete from md_column where (id='bd_defdoc@@@def5');
delete from md_column where (id='bd_defdoc@@@def6');
delete from md_column where (id='bd_defdoc@@@def7');
delete from md_column where (id='bd_defdoc@@@def8');
delete from md_column where (id='bd_defdoc@@@def9');
delete from md_column where (id='bd_defdoc@@@def10');
delete from md_column where (id='bd_defdoc@@@def11');
delete from md_column where (id='bd_defdoc@@@def12');
delete from md_column where (id='bd_defdoc@@@def13');
delete from md_column where (id='bd_defdoc@@@def14');
delete from md_column where (id='bd_defdoc@@@def15');
delete from md_column where (id='bd_defdoc@@@def16');
delete from md_column where (id='bd_defdoc@@@def17');
delete from md_column where (id='bd_defdoc@@@def18');
delete from md_column where (id='bd_defdoc@@@def19');
delete from md_column where (id='bd_defdoc@@@def20');
delete from md_column where (id='bd_defdoc@@@name2');
delete from md_column where (id='bd_defdoc@@@name3');
delete from md_column where (id='bd_defdoc@@@name4');
delete from md_column where (id='bd_defdoc@@@name5');
delete from md_column where (id='bd_defdoc@@@name6');
delete from md_column where (id='bd_defdoc@@@shortname2');
delete from md_column where (id='bd_defdoc@@@shortname3');
delete from md_column where (id='bd_defdoc@@@shortname4');
delete from md_column where (id='bd_defdoc@@@shortname5');
delete from md_column where (id='bd_defdoc@@@shortname6');


insert into md_component ( createtime, creator, description, displayname, dr, fromsourcebmf, help, id, industry, isbizmodel, modifier, modifytime, name, namespace, ownmodule, preload, resid, resmodule, ts, version, versiontype ) values (  '2018-11-12 17:55:35', null, null, '制造商(自定义档案)',0, 'Y', null, '1a0a2a42-e661-11e8-8985-5f606a994521', '0', 'N', null, null, 'Defdoc-C0J00109', 'uap', 'uapbd', null, null, '10140uddb', '2018-11-19 11:27:03', '1',0 ) ;
insert into md_class ( id, accessorclassname, classtype, componentid, createtime, creator, description, displayname, dr, fullclassname, help, isactive, keyattribute, modifier, modifytime, name, parentclassid, precise, refmodelname, returntype, ts, versiontype, isprimary, defaulttablename, stereotype, isauthen, resid, bizitfimpclassname, modinfoclassname, iscreatesql, isextendbean, userdefclassname, industry, fixedlength ) values (  '1001AA100000000001KY', 'nc.md.model.access.javamap.NCBeanStyle',201, '1a0a2a42-e661-11e8-8985-5f606a994521', '2018-11-12 17:55:35', null, null, '制造商(自定义档案)',0, 'nc.vo.bd.defdoc.DefdocVO', 'ignorebdmode,BDMODE,URC,DEFDOC,BUSILOG,DOC', null, '1a0a2a48-e661-11e8-8985-5f606a994521', null, null, 'Defdoc-C0J00109', null,null, '制造商(自定义档案)', null, '2018-11-19 11:27:03',0, 'Y', 'bd_defdoc', null, 'Y', null, null, null, 'Y', null, null, '0', null ) ;
insert into md_property ( id, accessorclassname, classid, createtime, creator, datatype, datatypestyle, defaultvalue, description, displayname, dr, help, isactive, hided, nullable, readonly, attrlength, attrmaxvalue, attrminvalue, modifier, modifytime, name, precise, refmodelname, attrsequence, ts, visibility, versiontype, fixedlength, calculation, isauthen, resid, customattr, notserialize, dynamicattr, dynamictable, accesspower, accesspowergroup, industry ) values (  '1a0a2a48-e661-11e8-8985-5f606a994521', null, '1001AA100000000001KY', null, null, 'BS000010000100001051',300, null, null, '自定义档案主键',0, null, 'Y', 'N', 'N', 'N',20, null, null, null, null, 'pk_defdoc',0, null,0, '2018-11-19 11:27:03',0,0, 'N', 'N', 'Y', '2UC000-000747', 'N', 'N', 'N', null, 'N', null, '0' ) ;
insert into md_property ( id, accessorclassname, classid, createtime, creator, datatype, datatypestyle, defaultvalue, description, displayname, dr, help, isactive, hided, nullable, readonly, attrlength, attrmaxvalue, attrminvalue, modifier, modifytime, name, precise, refmodelname, attrsequence, ts, visibility, versiontype, fixedlength, calculation, isauthen, resid, customattr, notserialize, dynamicattr, dynamictable, accesspower, accesspowergroup, industry ) values (  '1a0a2a53-e661-11e8-8985-5f606a994521', null, '1001AA100000000001KY', null, null, '16c1dca0-e3ed-4dcc-8ed7-75fd59e2bef1',305, null, null, '自定义档案列表主键',0, null, 'Y', 'N', 'N', 'N',20, null, null, null, null, 'pk_defdoclist',0, '自定义档案列表',1, '2018-11-19 11:27:03',0,0, 'N', 'N', 'Y', '2UC000-000748', 'N', 'N', 'N', null, 'N', null, '0' ) ;
insert into md_property ( id, accessorclassname, classid, createtime, creator, datatype, datatypestyle, defaultvalue, description, displayname, dr, help, isactive, hided, nullable, readonly, attrlength, attrmaxvalue, attrminvalue, modifier, modifytime, name, precise, refmodelname, attrsequence, ts, visibility, versiontype, fixedlength, calculation, isauthen, resid, customattr, notserialize, dynamicattr, dynamictable, accesspower, accesspowergroup, industry ) values (  '1a0a2a55-e661-11e8-8985-5f606a994521', null, '1001AA100000000001KY', null, null, '985be8a4-3a36-4778-8afe-2d8ed3902659',305, null, null, '所属组织',0, null, 'Y', 'N', 'N', 'N',20, null, null, null, null, 'pk_org',0, '业务单元',2, '2018-11-19 11:27:03',0,0, 'N', 'N', 'Y', '2UC000-000360', 'N', 'N', 'N', null, 'N', null, '0' ) ;
insert into md_property ( id, accessorclassname, classid, createtime, creator, datatype, datatypestyle, defaultvalue, description, displayname, dr, help, isactive, hided, nullable, readonly, attrlength, attrmaxvalue, attrminvalue, modifier, modifytime, name, precise, refmodelname, attrsequence, ts, visibility, versiontype, fixedlength, calculation, isauthen, resid, customattr, notserialize, dynamicattr, dynamictable, accesspower, accesspowergroup, industry ) values (  '1a0a2a54-e661-11e8-8985-5f606a994521', null, '1001AA100000000001KY', null, null, '3b6dd171-2900-47f3-bfbe-41e4483a2a65',305, null, null, '所属集团',0, null, 'Y', 'N', 'Y', 'N',20, null, null, null, null, 'pk_group',0, '集团',3, '2018-11-19 11:27:03',0,0, 'N', 'N', 'Y', '2UC000-000367', 'N', 'N', 'N', null, 'N', null, '0' ) ;
insert into md_property ( id, accessorclassname, classid, createtime, creator, datatype, datatypestyle, defaultvalue, description, displayname, dr, help, isactive, hided, nullable, readonly, attrlength, attrmaxvalue, attrminvalue, modifier, modifytime, name, precise, refmodelname, attrsequence, ts, visibility, versiontype, fixedlength, calculation, isauthen, resid, customattr, notserialize, dynamicattr, dynamictable, accesspower, accesspowergroup, industry ) values (  '1a0a2a41-e661-11e8-8985-5f606a994521', null, '1001AA100000000001KY', null, null, 'BS000010000100001001',300, null, null, '档案编码',0, 'URC', 'Y', 'N', 'N', 'N',40, null, null, null, null, 'code',0, null,4, '2018-11-19 11:27:03',0,0, 'N', 'N', 'Y', '2UC000-000557', 'N', 'N', 'N', null, 'N', null, '0' ) ;
insert into md_property ( id, accessorclassname, classid, createtime, creator, datatype, datatypestyle, defaultvalue, description, displayname, dr, help, isactive, hided, nullable, readonly, attrlength, attrmaxvalue, attrminvalue, modifier, modifytime, name, precise, refmodelname, attrsequence, ts, visibility, versiontype, fixedlength, calculation, isauthen, resid, customattr, notserialize, dynamicattr, dynamictable, accesspower, accesspowergroup, industry ) values (  '1a0a2a4e-e661-11e8-8985-5f606a994521', null, '1001AA100000000001KY', null, null, 'BS000010000100001058',300, null, null, '档案名称',0, 'URC', 'Y', 'N', 'Y', 'N',200, null, null, null, null, 'name',0, null,5, '2018-11-19 11:27:03',0,0, 'N', 'N', 'Y', '2UC000-000556', 'N', 'N', 'N', null, 'N', null, '0' ) ;
insert into md_property ( id, accessorclassname, classid, createtime, creator, datatype, datatypestyle, defaultvalue, description, displayname, dr, help, isactive, hided, nullable, readonly, attrlength, attrmaxvalue, attrminvalue, modifier, modifytime, name, precise, refmodelname, attrsequence, ts, visibility, versiontype, fixedlength, calculation, isauthen, resid, customattr, notserialize, dynamicattr, dynamictable, accesspower, accesspowergroup, industry ) values (  '1a0a2a4f-e661-11e8-8985-5f606a994521', null, '1001AA100000000001KY', null, null, 'BS000010000100001058',300, null, null, '简称',0, null, 'Y', 'N', 'Y', 'N',200, null, null, null, null, 'shortname',0, null,6, '2018-11-19 11:27:03',0,0, 'N', 'N', 'Y', '2UC000-000675', 'N', 'N', 'N', null, 'N', null, '0' ) ;
insert into md_property ( id, accessorclassname, classid, createtime, creator, datatype, datatypestyle, defaultvalue, description, displayname, dr, help, isactive, hided, nullable, readonly, attrlength, attrmaxvalue, attrminvalue, modifier, modifytime, name, precise, refmodelname, attrsequence, ts, visibility, versiontype, fixedlength, calculation, isauthen, resid, customattr, notserialize, dynamicattr, dynamictable, accesspower, accesspowergroup, industry ) values (  '1a0a2a4a-e661-11e8-8985-5f606a994521', null, '1001AA100000000001KY', null, null, 'BS000010000100001001',300, null, null, '助记码',0, null, 'Y', 'N', 'Y', 'N',50, null, null, null, null, 'mnecode',0, null,7, '2018-11-19 11:27:03',0,0, 'N', 'N', 'Y', '2UC000-000172', 'N', 'N', 'N', null, 'N', null, '0' ) ;
insert into md_property ( id, accessorclassname, classid, createtime, creator, datatype, datatypestyle, defaultvalue, description, displayname, dr, help, isactive, hided, nullable, readonly, attrlength, attrmaxvalue, attrminvalue, modifier, modifytime, name, precise, refmodelname, attrsequence, ts, visibility, versiontype, fixedlength, calculation, isauthen, resid, customattr, notserialize, dynamicattr, dynamictable, accesspower, accesspowergroup, industry ) values (  '1a0a2a51-e661-11e8-8985-5f606a994521', null, '1001AA100000000001KY', null, null, 'BS000010000100001001',300, null, null, '上级档案',0, null, 'Y', 'N', 'Y', 'N',20, null, null, null, null, 'pid',0, null,8, '2018-11-19 11:27:03',0,0, 'N', 'N', 'Y', '2UC000-000007', 'N', 'N', 'N', null, 'N', null, '0' ) ;
insert into md_property ( id, accessorclassname, classid, createtime, creator, datatype, datatypestyle, defaultvalue, description, displayname, dr, help, isactive, hided, nullable, readonly, attrlength, attrmaxvalue, attrminvalue, modifier, modifytime, name, precise, refmodelname, attrsequence, ts, visibility, versiontype, fixedlength, calculation, isauthen, resid, customattr, notserialize, dynamicattr, dynamictable, accesspower, accesspowergroup, industry ) values (  '1a0a2a49-e661-11e8-8985-5f606a994521', null, '1001AA100000000001KY', null, null, 'BS000010000100001001',300, null, null, '备注',0, null, 'Y', 'N', 'Y', 'N',200, null, null, null, null, 'memo',0, null,9, '2018-11-19 11:27:03',0,0, 'N', 'N', 'Y', '2UC000-000258', 'N', 'N', 'N', null, 'N', null, '0' ) ;
insert into md_property ( id, accessorclassname, classid, createtime, creator, datatype, datatypestyle, defaultvalue, description, displayname, dr, help, isactive, hided, nullable, readonly, attrlength, attrmaxvalue, attrminvalue, modifier, modifytime, name, precise, refmodelname, attrsequence, ts, visibility, versiontype, fixedlength, calculation, isauthen, resid, customattr, notserialize, dynamicattr, dynamictable, accesspower, accesspowergroup, industry ) values (  '1a0a2a45-e661-11e8-8985-5f606a994521', null, '1001AA100000000001KY', null, null, 'f6f9a473-56c0-432f-8bc7-fbf8fde54fee',305, null, null, '创建人',0, null, 'Y', 'N', 'Y', 'N',20, null, null, null, null, 'creator',0, '用户',10, '2018-11-19 11:27:03',0,0, 'N', 'N', 'Y', '2UC000-000155', 'N', 'N', 'N', null, 'N', null, '0' ) ;
insert into md_property ( id, accessorclassname, classid, createtime, creator, datatype, datatypestyle, defaultvalue, description, displayname, dr, help, isactive, hided, nullable, readonly, attrlength, attrmaxvalue, attrminvalue, modifier, modifytime, name, precise, refmodelname, attrsequence, ts, visibility, versiontype, fixedlength, calculation, isauthen, resid, customattr, notserialize, dynamicattr, dynamictable, accesspower, accesspowergroup, industry ) values (  '1a0a2a44-e661-11e8-8985-5f606a994521', null, '1001AA100000000001KY', null, null, 'BS000010000100001034',300, null, null, '创建时间',0, null, 'Y', 'N', 'Y', 'N',19, null, null, null, null, 'creationtime',0, null,11, '2018-11-19 11:27:03',0,0, 'N', 'N', 'Y', '2UC000-000157', 'N', 'N', 'N', null, 'N', null, '0' ) ;
insert into md_property ( id, accessorclassname, classid, createtime, creator, datatype, datatypestyle, defaultvalue, description, displayname, dr, help, isactive, hided, nullable, readonly, attrlength, attrmaxvalue, attrminvalue, modifier, modifytime, name, precise, refmodelname, attrsequence, ts, visibility, versiontype, fixedlength, calculation, isauthen, resid, customattr, notserialize, dynamicattr, dynamictable, accesspower, accesspowergroup, industry ) values (  '1a0a2a4b-e661-11e8-8985-5f606a994521', null, '1001AA100000000001KY', null, null, 'f6f9a473-56c0-432f-8bc7-fbf8fde54fee',305, null, null, '最后修改人',0, null, 'Y', 'N', 'Y', 'N',20, null, null, null, null, 'modifier',0, '用户',12, '2018-11-19 11:27:03',0,0, 'N', 'N', 'Y', '2UC000-000490', 'N', 'N', 'N', null, 'N', null, '0' ) ;
insert into md_property ( id, accessorclassname, classid, createtime, creator, datatype, datatypestyle, defaultvalue, description, displayname, dr, help, isactive, hided, nullable, readonly, attrlength, attrmaxvalue, attrminvalue, modifier, modifytime, name, precise, refmodelname, attrsequence, ts, visibility, versiontype, fixedlength, calculation, isauthen, resid, customattr, notserialize, dynamicattr, dynamictable, accesspower, accesspowergroup, industry ) values (  '1a0a2a4d-e661-11e8-8985-5f606a994521', null, '1001AA100000000001KY', null, null, 'BS000010000100001034',300, null, null, '最后修改时间',0, null, 'Y', 'N', 'Y', 'N',19, null, null, null, null, 'modifiedtime',0, null,13, '2018-11-19 11:27:03',0,0, 'N', 'N', 'Y', '2UC000-000491', 'N', 'N', 'N', null, 'N', null, '0' ) ;
insert into md_property ( id, accessorclassname, classid, createtime, creator, datatype, datatypestyle, defaultvalue, description, displayname, dr, help, isactive, hided, nullable, readonly, attrlength, attrmaxvalue, attrminvalue, modifier, modifytime, name, precise, refmodelname, attrsequence, ts, visibility, versiontype, fixedlength, calculation, isauthen, resid, customattr, notserialize, dynamicattr, dynamictable, accesspower, accesspowergroup, industry ) values (  '1a0a2a47-e661-11e8-8985-5f606a994521', null, '1001AA100000000001KY', null, null, 'BS000010000100001001',300, null, null, '内部编码',0, null, 'Y', 'N', 'Y', 'N',200, null, null, null, null, 'innercode',0, null,14, '2018-11-19 11:27:03',0,0, 'N', 'N', 'Y', '2UC000-000136', 'N', 'N', 'N', null, 'N', null, '0' ) ;
insert into md_property ( id, accessorclassname, classid, createtime, creator, datatype, datatypestyle, defaultvalue, description, displayname, dr, help, isactive, hided, nullable, readonly, attrlength, attrmaxvalue, attrminvalue, modifier, modifytime, name, precise, refmodelname, attrsequence, ts, visibility, versiontype, fixedlength, calculation, isauthen, resid, customattr, notserialize, dynamicattr, dynamictable, accesspower, accesspowergroup, industry ) values (  '1a0a2a56-e661-11e8-8985-5f606a994521', null, '1001AA100000000001KY', null, null, '6b533ffa-3e43-4147-8670-ba0f5471fd40',300, null, null, '启用状态',0, null, 'Y', 'N', 'Y', 'N',0, null, null, null, null, 'enablestate',0, null,15, '2018-11-19 11:27:03',0,0, 'N', 'N', 'Y', '2UC000-000249', 'N', 'N', 'N', null, 'N', null, '0' ) ;
insert into md_property ( id, accessorclassname, classid, createtime, creator, datatype, datatypestyle, defaultvalue, description, displayname, dr, help, isactive, hided, nullable, readonly, attrlength, attrmaxvalue, attrminvalue, modifier, modifytime, name, precise, refmodelname, attrsequence, ts, visibility, versiontype, fixedlength, calculation, isauthen, resid, customattr, notserialize, dynamicattr, dynamictable, accesspower, accesspowergroup, industry ) values (  '1a0a2a58-e661-11e8-8985-5f606a994521', null, '1001AA100000000001KY', null, null, 'BS000010000100001004',300, null, null, '分布式',0, null, 'Y', 'N', 'Y', 'N',0, null, null, null, null, 'dataoriginflag',0, null,16, '2018-11-19 11:27:03',0,0, 'N', 'N', 'Y', '2UC000-000151', 'N', 'N', 'N', null, 'N', null, '0' ) ;
insert into md_property ( id, accessorclassname, classid, createtime, creator, datatype, datatypestyle, defaultvalue, description, displayname, dr, help, isactive, hided, nullable, readonly, attrlength, attrmaxvalue, attrminvalue, modifier, modifytime, name, precise, refmodelname, attrsequence, ts, visibility, versiontype, fixedlength, calculation, isauthen, resid, customattr, notserialize, dynamicattr, dynamictable, accesspower, accesspowergroup, industry ) values (  '1a0a2a59-e661-11e8-8985-5f606a994521', null, '1001AA100000000001KY', null, null, 'ba3f1197-8584-445d-88a0-102e505f94e5',300, '1', null, '数据类型',0, null, 'Y', 'N', 'Y', 'N',0, null, null, null, null, 'datatype',0, null,17, '2018-11-19 11:27:03',0,0, 'N', 'N', 'Y', '2UC000-000458', 'N', 'N', 'N', null, 'N', null, '0' ) ;
insert into md_property ( id, accessorclassname, classid, createtime, creator, datatype, datatypestyle, defaultvalue, description, displayname, dr, help, isactive, hided, nullable, readonly, attrlength, attrmaxvalue, attrminvalue, modifier, modifytime, name, precise, refmodelname, attrsequence, ts, visibility, versiontype, fixedlength, calculation, isauthen, resid, customattr, notserialize, dynamicattr, dynamictable, accesspower, accesspowergroup, industry ) values (  '1a0a2a5a-e661-11e8-8985-5f606a994521', null, '1001AA100000000001KY', null, null, 'BS000010000100001056',300, null, null, '自定义项1',0, null, 'Y', 'N', 'Y', 'N',101, null, null, null, null, 'def1',0, null,18, '2018-11-19 11:27:03',0,-1, 'N', 'N', 'Y', null, 'Y', 'N', 'N', null, 'N', null, '0' ) ;
insert into md_property ( id, accessorclassname, classid, createtime, creator, datatype, datatypestyle, defaultvalue, description, displayname, dr, help, isactive, hided, nullable, readonly, attrlength, attrmaxvalue, attrminvalue, modifier, modifytime, name, precise, refmodelname, attrsequence, ts, visibility, versiontype, fixedlength, calculation, isauthen, resid, customattr, notserialize, dynamicattr, dynamictable, accesspower, accesspowergroup, industry ) values (  '1a0a2a5b-e661-11e8-8985-5f606a994521', null, '1001AA100000000001KY', null, null, 'BS000010000100001056',300, null, null, '自定义项2',0, null, 'Y', 'N', 'Y', 'N',101, null, null, null, null, 'def2',0, null,19, '2018-11-19 11:27:03',0,-1, 'N', 'N', 'Y', null, 'Y', 'N', 'N', null, 'N', null, '0' ) ;
insert into md_property ( id, accessorclassname, classid, createtime, creator, datatype, datatypestyle, defaultvalue, description, displayname, dr, help, isactive, hided, nullable, readonly, attrlength, attrmaxvalue, attrminvalue, modifier, modifytime, name, precise, refmodelname, attrsequence, ts, visibility, versiontype, fixedlength, calculation, isauthen, resid, customattr, notserialize, dynamicattr, dynamictable, accesspower, accesspowergroup, industry ) values (  '1a0a2a5c-e661-11e8-8985-5f606a994521', null, '1001AA100000000001KY', null, null, 'BS000010000100001056',300, null, null, '自定义项3',0, null, 'Y', 'N', 'Y', 'N',101, null, null, null, null, 'def3',0, null,20, '2018-11-19 11:27:03',0,-1, 'N', 'N', 'Y', null, 'Y', 'N', 'N', null, 'N', null, '0' ) ;
insert into md_property ( id, accessorclassname, classid, createtime, creator, datatype, datatypestyle, defaultvalue, description, displayname, dr, help, isactive, hided, nullable, readonly, attrlength, attrmaxvalue, attrminvalue, modifier, modifytime, name, precise, refmodelname, attrsequence, ts, visibility, versiontype, fixedlength, calculation, isauthen, resid, customattr, notserialize, dynamicattr, dynamictable, accesspower, accesspowergroup, industry ) values (  '1a0a2a5d-e661-11e8-8985-5f606a994521', null, '1001AA100000000001KY', null, null, 'BS000010000100001056',300, null, null, '自定义项4',0, null, 'Y', 'N', 'Y', 'N',101, null, null, null, null, 'def4',0, null,21, '2018-11-19 11:27:03',0,-1, 'N', 'N', 'Y', null, 'Y', 'N', 'N', null, 'N', null, '0' ) ;
insert into md_property ( id, accessorclassname, classid, createtime, creator, datatype, datatypestyle, defaultvalue, description, displayname, dr, help, isactive, hided, nullable, readonly, attrlength, attrmaxvalue, attrminvalue, modifier, modifytime, name, precise, refmodelname, attrsequence, ts, visibility, versiontype, fixedlength, calculation, isauthen, resid, customattr, notserialize, dynamicattr, dynamictable, accesspower, accesspowergroup, industry ) values (  '1a0a2a5e-e661-11e8-8985-5f606a994521', null, '1001AA100000000001KY', null, null, 'BS000010000100001056',300, null, null, '自定义项5',0, null, 'Y', 'N', 'Y', 'N',101, null, null, null, null, 'def5',0, null,22, '2018-11-19 11:27:03',0,-1, 'N', 'N', 'Y', null, 'Y', 'N', 'N', null, 'N', null, '0' ) ;
insert into md_property ( id, accessorclassname, classid, createtime, creator, datatype, datatypestyle, defaultvalue, description, displayname, dr, help, isactive, hided, nullable, readonly, attrlength, attrmaxvalue, attrminvalue, modifier, modifytime, name, precise, refmodelname, attrsequence, ts, visibility, versiontype, fixedlength, calculation, isauthen, resid, customattr, notserialize, dynamicattr, dynamictable, accesspower, accesspowergroup, industry ) values (  '1a0a2a5f-e661-11e8-8985-5f606a994521', null, '1001AA100000000001KY', null, null, 'BS000010000100001056',300, null, null, '自定义项6',0, null, 'Y', 'N', 'Y', 'N',101, null, null, null, null, 'def6',0, null,23, '2018-11-19 11:27:03',0,-1, 'N', 'N', 'Y', null, 'Y', 'N', 'N', null, 'N', null, '0' ) ;
insert into md_property ( id, accessorclassname, classid, createtime, creator, datatype, datatypestyle, defaultvalue, description, displayname, dr, help, isactive, hided, nullable, readonly, attrlength, attrmaxvalue, attrminvalue, modifier, modifytime, name, precise, refmodelname, attrsequence, ts, visibility, versiontype, fixedlength, calculation, isauthen, resid, customattr, notserialize, dynamicattr, dynamictable, accesspower, accesspowergroup, industry ) values (  '1a0a2a60-e661-11e8-8985-5f606a994521', null, '1001AA100000000001KY', null, null, 'BS000010000100001056',300, null, null, '自定义项7',0, null, 'Y', 'N', 'Y', 'N',101, null, null, null, null, 'def7',0, null,24, '2018-11-19 11:27:03',0,-1, 'N', 'N', 'Y', null, 'Y', 'N', 'N', null, 'N', null, '0' ) ;
insert into md_property ( id, accessorclassname, classid, createtime, creator, datatype, datatypestyle, defaultvalue, description, displayname, dr, help, isactive, hided, nullable, readonly, attrlength, attrmaxvalue, attrminvalue, modifier, modifytime, name, precise, refmodelname, attrsequence, ts, visibility, versiontype, fixedlength, calculation, isauthen, resid, customattr, notserialize, dynamicattr, dynamictable, accesspower, accesspowergroup, industry ) values (  '1a0a2a61-e661-11e8-8985-5f606a994521', null, '1001AA100000000001KY', null, null, 'BS000010000100001056',300, null, null, '自定义项8',0, null, 'Y', 'N', 'Y', 'N',101, null, null, null, null, 'def8',0, null,25, '2018-11-19 11:27:03',0,-1, 'N', 'N', 'Y', null, 'Y', 'N', 'N', null, 'N', null, '0' ) ;
insert into md_property ( id, accessorclassname, classid, createtime, creator, datatype, datatypestyle, defaultvalue, description, displayname, dr, help, isactive, hided, nullable, readonly, attrlength, attrmaxvalue, attrminvalue, modifier, modifytime, name, precise, refmodelname, attrsequence, ts, visibility, versiontype, fixedlength, calculation, isauthen, resid, customattr, notserialize, dynamicattr, dynamictable, accesspower, accesspowergroup, industry ) values (  '1a0a2a62-e661-11e8-8985-5f606a994521', null, '1001AA100000000001KY', null, null, 'BS000010000100001056',300, null, null, '自定义项9',0, null, 'Y', 'N', 'Y', 'N',101, null, null, null, null, 'def9',0, null,26, '2018-11-19 11:27:03',0,-1, 'N', 'N', 'Y', null, 'Y', 'N', 'N', null, 'N', null, '0' ) ;
insert into md_property ( id, accessorclassname, classid, createtime, creator, datatype, datatypestyle, defaultvalue, description, displayname, dr, help, isactive, hided, nullable, readonly, attrlength, attrmaxvalue, attrminvalue, modifier, modifytime, name, precise, refmodelname, attrsequence, ts, visibility, versiontype, fixedlength, calculation, isauthen, resid, customattr, notserialize, dynamicattr, dynamictable, accesspower, accesspowergroup, industry ) values (  '1a0a2a63-e661-11e8-8985-5f606a994521', null, '1001AA100000000001KY', null, null, 'BS000010000100001056',300, null, null, '自定义项10',0, null, 'Y', 'N', 'Y', 'N',101, null, null, null, null, 'def10',0, null,27, '2018-11-19 11:27:03',0,-1, 'N', 'N', 'Y', null, 'Y', 'N', 'N', null, 'N', null, '0' ) ;
insert into md_property ( id, accessorclassname, classid, createtime, creator, datatype, datatypestyle, defaultvalue, description, displayname, dr, help, isactive, hided, nullable, readonly, attrlength, attrmaxvalue, attrminvalue, modifier, modifytime, name, precise, refmodelname, attrsequence, ts, visibility, versiontype, fixedlength, calculation, isauthen, resid, customattr, notserialize, dynamicattr, dynamictable, accesspower, accesspowergroup, industry ) values (  '1a0a2a64-e661-11e8-8985-5f606a994521', null, '1001AA100000000001KY', null, null, 'BS000010000100001056',300, null, null, '自定义项11',0, null, 'Y', 'N', 'Y', 'N',101, null, null, null, null, 'def11',0, null,28, '2018-11-19 11:27:03',0,-1, 'N', 'N', 'Y', null, 'Y', 'N', 'N', null, 'N', null, '0' ) ;
insert into md_property ( id, accessorclassname, classid, createtime, creator, datatype, datatypestyle, defaultvalue, description, displayname, dr, help, isactive, hided, nullable, readonly, attrlength, attrmaxvalue, attrminvalue, modifier, modifytime, name, precise, refmodelname, attrsequence, ts, visibility, versiontype, fixedlength, calculation, isauthen, resid, customattr, notserialize, dynamicattr, dynamictable, accesspower, accesspowergroup, industry ) values (  '1a0a2a65-e661-11e8-8985-5f606a994521', null, '1001AA100000000001KY', null, null, 'BS000010000100001056',300, null, null, '自定义项12',0, null, 'Y', 'N', 'Y', 'N',101, null, null, null, null, 'def12',0, null,29, '2018-11-19 11:27:03',0,-1, 'N', 'N', 'Y', null, 'Y', 'N', 'N', null, 'N', null, '0' ) ;
insert into md_property ( id, accessorclassname, classid, createtime, creator, datatype, datatypestyle, defaultvalue, description, displayname, dr, help, isactive, hided, nullable, readonly, attrlength, attrmaxvalue, attrminvalue, modifier, modifytime, name, precise, refmodelname, attrsequence, ts, visibility, versiontype, fixedlength, calculation, isauthen, resid, customattr, notserialize, dynamicattr, dynamictable, accesspower, accesspowergroup, industry ) values (  '1a0a2a66-e661-11e8-8985-5f606a994521', null, '1001AA100000000001KY', null, null, 'BS000010000100001056',300, null, null, '自定义项13',0, null, 'Y', 'N', 'Y', 'N',101, null, null, null, null, 'def13',0, null,30, '2018-11-19 11:27:03',0,-1, 'N', 'N', 'Y', null, 'Y', 'N', 'N', null, 'N', null, '0' ) ;
insert into md_property ( id, accessorclassname, classid, createtime, creator, datatype, datatypestyle, defaultvalue, description, displayname, dr, help, isactive, hided, nullable, readonly, attrlength, attrmaxvalue, attrminvalue, modifier, modifytime, name, precise, refmodelname, attrsequence, ts, visibility, versiontype, fixedlength, calculation, isauthen, resid, customattr, notserialize, dynamicattr, dynamictable, accesspower, accesspowergroup, industry ) values (  '1a0a2a67-e661-11e8-8985-5f606a994521', null, '1001AA100000000001KY', null, null, 'BS000010000100001056',300, null, null, '自定义项14',0, null, 'Y', 'N', 'Y', 'N',101, null, null, null, null, 'def14',0, null,31, '2018-11-19 11:27:03',0,-1, 'N', 'N', 'Y', null, 'Y', 'N', 'N', null, 'N', null, '0' ) ;
insert into md_property ( id, accessorclassname, classid, createtime, creator, datatype, datatypestyle, defaultvalue, description, displayname, dr, help, isactive, hided, nullable, readonly, attrlength, attrmaxvalue, attrminvalue, modifier, modifytime, name, precise, refmodelname, attrsequence, ts, visibility, versiontype, fixedlength, calculation, isauthen, resid, customattr, notserialize, dynamicattr, dynamictable, accesspower, accesspowergroup, industry ) values (  '1a0a2a68-e661-11e8-8985-5f606a994521', null, '1001AA100000000001KY', null, null, 'BS000010000100001056',300, null, null, '自定义项15',0, null, 'Y', 'N', 'Y', 'N',101, null, null, null, null, 'def15',0, null,32, '2018-11-19 11:27:03',0,-1, 'N', 'N', 'Y', null, 'Y', 'N', 'N', null, 'N', null, '0' ) ;
insert into md_property ( id, accessorclassname, classid, createtime, creator, datatype, datatypestyle, defaultvalue, description, displayname, dr, help, isactive, hided, nullable, readonly, attrlength, attrmaxvalue, attrminvalue, modifier, modifytime, name, precise, refmodelname, attrsequence, ts, visibility, versiontype, fixedlength, calculation, isauthen, resid, customattr, notserialize, dynamicattr, dynamictable, accesspower, accesspowergroup, industry ) values (  '1a0a2a69-e661-11e8-8985-5f606a994521', null, '1001AA100000000001KY', null, null, 'BS000010000100001056',300, null, null, '自定义项16',0, null, 'Y', 'N', 'Y', 'N',101, null, null, null, null, 'def16',0, null,33, '2018-11-19 11:27:03',0,-1, 'N', 'N', 'Y', null, 'Y', 'N', 'N', null, 'N', null, '0' ) ;
insert into md_property ( id, accessorclassname, classid, createtime, creator, datatype, datatypestyle, defaultvalue, description, displayname, dr, help, isactive, hided, nullable, readonly, attrlength, attrmaxvalue, attrminvalue, modifier, modifytime, name, precise, refmodelname, attrsequence, ts, visibility, versiontype, fixedlength, calculation, isauthen, resid, customattr, notserialize, dynamicattr, dynamictable, accesspower, accesspowergroup, industry ) values (  '1a0a2a6a-e661-11e8-8985-5f606a994521', null, '1001AA100000000001KY', null, null, 'BS000010000100001056',300, null, null, '自定义项17',0, null, 'Y', 'N', 'Y', 'N',101, null, null, null, null, 'def17',0, null,34, '2018-11-19 11:27:03',0,-1, 'N', 'N', 'Y', null, 'Y', 'N', 'N', null, 'N', null, '0' ) ;
insert into md_property ( id, accessorclassname, classid, createtime, creator, datatype, datatypestyle, defaultvalue, description, displayname, dr, help, isactive, hided, nullable, readonly, attrlength, attrmaxvalue, attrminvalue, modifier, modifytime, name, precise, refmodelname, attrsequence, ts, visibility, versiontype, fixedlength, calculation, isauthen, resid, customattr, notserialize, dynamicattr, dynamictable, accesspower, accesspowergroup, industry ) values (  '1a0a2a6b-e661-11e8-8985-5f606a994521', null, '1001AA100000000001KY', null, null, 'BS000010000100001056',300, null, null, '自定义项18',0, null, 'Y', 'N', 'Y', 'N',101, null, null, null, null, 'def18',0, null,35, '2018-11-19 11:27:03',0,-1, 'N', 'N', 'Y', null, 'Y', 'N', 'N', null, 'N', null, '0' ) ;
insert into md_property ( id, accessorclassname, classid, createtime, creator, datatype, datatypestyle, defaultvalue, description, displayname, dr, help, isactive, hided, nullable, readonly, attrlength, attrmaxvalue, attrminvalue, modifier, modifytime, name, precise, refmodelname, attrsequence, ts, visibility, versiontype, fixedlength, calculation, isauthen, resid, customattr, notserialize, dynamicattr, dynamictable, accesspower, accesspowergroup, industry ) values (  '1a0a2a6c-e661-11e8-8985-5f606a994521', null, '1001AA100000000001KY', null, null, 'BS000010000100001056',300, null, null, '自定义项19',0, null, 'Y', 'N', 'Y', 'N',101, null, null, null, null, 'def19',0, null,36, '2018-11-19 11:27:03',0,-1, 'N', 'N', 'Y', null, 'Y', 'N', 'N', null, 'N', null, '0' ) ;
insert into md_property ( id, accessorclassname, classid, createtime, creator, datatype, datatypestyle, defaultvalue, description, displayname, dr, help, isactive, hided, nullable, readonly, attrlength, attrmaxvalue, attrminvalue, modifier, modifytime, name, precise, refmodelname, attrsequence, ts, visibility, versiontype, fixedlength, calculation, isauthen, resid, customattr, notserialize, dynamicattr, dynamictable, accesspower, accesspowergroup, industry ) values (  '1a0a2a6d-e661-11e8-8985-5f606a994521', null, '1001AA100000000001KY', null, null, 'BS000010000100001056',300, null, null, '自定义项20',0, null, 'Y', 'N', 'Y', 'N',101, null, null, null, null, 'def20',0, null,37, '2018-11-19 11:27:03',0,-1, 'N', 'N', 'Y', null, 'Y', 'N', 'N', null, 'N', null, '0' ) ;
insert into md_bizItfMap ( bizinterfaceid, intattrid, classid, classattrid, bizitfimpclassname, classattrpath, dr, ts ) values (  '6c8722b9-911a-489b-8d0d-18bd3734fcf6', '5dd3c721-22ad-42b1-9c10-4351c236bc77', '1001AA100000000001KY', '1a0a2a48-e661-11e8-8985-5f606a994521', null, null,0, '2018-11-19 11:27:03' ) ;
insert into md_bizItfMap ( bizinterfaceid, intattrid, classid, classattrid, bizitfimpclassname, classattrpath, dr, ts ) values (  '6c8722b9-911a-489b-8d0d-18bd3734fcf6', 'ecf1b76a-6e44-42e2-a55e-87596504775b', '1001AA100000000001KY', '1a0a2a55-e661-11e8-8985-5f606a994521', null, null,0, '2018-11-19 11:27:03' ) ;
insert into md_bizItfMap ( bizinterfaceid, intattrid, classid, classattrid, bizitfimpclassname, classattrpath, dr, ts ) values (  '6c8722b9-911a-489b-8d0d-18bd3734fcf6', 'd32cc17b-f415-415a-923f-0764443eb102', '1001AA100000000001KY', '1a0a2a41-e661-11e8-8985-5f606a994521', null, null,0, '2018-11-19 11:27:03' ) ;
insert into md_bizItfMap ( bizinterfaceid, intattrid, classid, classattrid, bizitfimpclassname, classattrpath, dr, ts ) values (  '6c8722b9-911a-489b-8d0d-18bd3734fcf6', '89578a97-42fe-439b-827c-8eabd9e3604c', '1001AA100000000001KY', '1a0a2a4e-e661-11e8-8985-5f606a994521', null, null,0, '2018-11-19 11:27:03' ) ;
insert into md_bizItfMap ( bizinterfaceid, intattrid, classid, classattrid, bizitfimpclassname, classattrpath, dr, ts ) values (  '6c8722b9-911a-489b-8d0d-18bd3734fcf6', 'a47e6cda-09e4-480b-923f-ec6f41e3e06c', '1001AA100000000001KY', '1a0a2a54-e661-11e8-8985-5f606a994521', null, null,0, '2018-11-19 11:27:03' ) ;
insert into md_association ( id, componentid, creator, createtime, dr, endcardinality, startbeanid, endelementid, isactive, modifier, modifytime, name, startcardinality, startelementid, ts, type, versiontype, industry ) values (  '410ac37a-9f80-49a9-8d51-5e70191eab49', '1a0a2a42-e661-11e8-8985-5f606a994521', null, null,0, '1', '1001AA100000000001KY', '16c1dca0-e3ed-4dcc-8ed7-75fd59e2bef1', 'Y', null, null, 'Defdoc-C0J00109_pk_defdoclist', '1', '1a0a2a53-e661-11e8-8985-5f606a994521', '2018-11-19 11:27:03',3,0, '0' ) ;
insert into md_association ( id, componentid, creator, createtime, dr, endcardinality, startbeanid, endelementid, isactive, modifier, modifytime, name, startcardinality, startelementid, ts, type, versiontype, industry ) values (  '14d5f197-04d2-48e7-b0ca-d2b8094dd6aa', '1a0a2a42-e661-11e8-8985-5f606a994521', null, null,0, '1', '1001AA100000000001KY', '985be8a4-3a36-4778-8afe-2d8ed3902659', 'Y', null, null, 'Defdoc-C0J00109_pk_org', '1', '1a0a2a55-e661-11e8-8985-5f606a994521', '2018-11-19 11:27:03',3,0, '0' ) ;
insert into md_association ( id, componentid, creator, createtime, dr, endcardinality, startbeanid, endelementid, isactive, modifier, modifytime, name, startcardinality, startelementid, ts, type, versiontype, industry ) values (  'a66c9452-a115-4d42-9cf7-66c8acd94397', '1a0a2a42-e661-11e8-8985-5f606a994521', null, null,0, '1', '1001AA100000000001KY', '3b6dd171-2900-47f3-bfbe-41e4483a2a65', 'Y', null, null, 'Defdoc-C0J00109_pk_group', '1', '1a0a2a54-e661-11e8-8985-5f606a994521', '2018-11-19 11:27:03',3,0, '0' ) ;
insert into md_association ( id, componentid, creator, createtime, dr, endcardinality, startbeanid, endelementid, isactive, modifier, modifytime, name, startcardinality, startelementid, ts, type, versiontype, industry ) values (  'a7107829-f8a8-462d-aa35-dd41a1a8de56', '1a0a2a42-e661-11e8-8985-5f606a994521', null, null,0, '1', '1001AA100000000001KY', 'f6f9a473-56c0-432f-8bc7-fbf8fde54fee', 'Y', null, null, 'Defdoc-C0J00109_creator', '1', '1a0a2a45-e661-11e8-8985-5f606a994521', '2018-11-19 11:27:03',3,0, '0' ) ;
insert into md_association ( id, componentid, creator, createtime, dr, endcardinality, startbeanid, endelementid, isactive, modifier, modifytime, name, startcardinality, startelementid, ts, type, versiontype, industry ) values (  'cd79279a-5925-4d88-973a-2a03789207ea', '1a0a2a42-e661-11e8-8985-5f606a994521', null, null,0, '1', '1001AA100000000001KY', 'f6f9a473-56c0-432f-8bc7-fbf8fde54fee', 'Y', null, null, 'Defdoc-C0J00109_modifier', '1', '1a0a2a4b-e661-11e8-8985-5f606a994521', '2018-11-19 11:27:03',3,0, '0' ) ;
insert into md_table ( id, createtime, creator, databaseid, description, displayname, dr, help, isactive, fromsourcebmf, modifier, modifytime, name, ts, versiontype, resmodule, resid, parenttable, isextendtable, industry ) values (  'bd_defdoc', '2018-11-12 17:55:35', null, null, null, '制造商(自定义档案)',0, 'ignorebdmode,BDMODE,URC,DEFDOC,BUSILOG,DOC', null, 'Y', null, null, 'bd_defdoc', '2018-11-19 11:27:03',0, '10140uddb', null, null, null, '0' ) ;
insert into md_column ( id, sqldatetype, createtime, creator, defaultvalue, description, displayname, dr, help, incrementseed, incrementstep, isactive, identitied, pkey, nullable, columnlength, modifier, modifytime, name, precise, columnsequence, tableid, ts, versiontype, resid, groupid, columntype, forlocale ) values (  'bd_defdoc@@PK@@', 'char', null, null, null, null, '自定义档案主键',0, null,null,null, 'Y', null, 'Y', 'N',20, null, null, 'pk_defdoc',0,0, 'bd_defdoc', '2018-11-19 11:27:03',0, '2UC000-000747', null,0, 'N' ) ;
insert into md_column ( id, sqldatetype, createtime, creator, defaultvalue, description, displayname, dr, help, incrementseed, incrementstep, isactive, identitied, pkey, nullable, columnlength, modifier, modifytime, name, precise, columnsequence, tableid, ts, versiontype, resid, groupid, columntype, forlocale ) values (  'bd_defdoc@@@pk_defdoclist', 'char', null, null, null, null, '自定义档案列表主键',0, null,null,null, 'Y', null, 'N', 'N',20, null, null, 'pk_defdoclist',0,1, 'bd_defdoc', '2018-11-19 11:27:03',0, '2UC000-000748', null,0, 'N' ) ;
insert into md_column ( id, sqldatetype, createtime, creator, defaultvalue, description, displayname, dr, help, incrementseed, incrementstep, isactive, identitied, pkey, nullable, columnlength, modifier, modifytime, name, precise, columnsequence, tableid, ts, versiontype, resid, groupid, columntype, forlocale ) values (  'bd_defdoc@@@pk_org', 'char', null, null, null, null, '所属组织',0, null,null,null, 'Y', null, 'N', 'N',20, null, null, 'pk_org',0,2, 'bd_defdoc', '2018-11-19 11:27:03',0, '2UC000-000360', null,0, 'N' ) ;
insert into md_column ( id, sqldatetype, createtime, creator, defaultvalue, description, displayname, dr, help, incrementseed, incrementstep, isactive, identitied, pkey, nullable, columnlength, modifier, modifytime, name, precise, columnsequence, tableid, ts, versiontype, resid, groupid, columntype, forlocale ) values (  'bd_defdoc@@@pk_group', 'varchar', null, null, '*~', null, '所属集团',0, null,null,null, 'Y', null, 'N', 'Y',20, null, null, 'pk_group',0,3, 'bd_defdoc', '2018-11-19 11:27:03',0, '2UC000-000367', null,0, 'N' ) ;
insert into md_column ( id, sqldatetype, createtime, creator, defaultvalue, description, displayname, dr, help, incrementseed, incrementstep, isactive, identitied, pkey, nullable, columnlength, modifier, modifytime, name, precise, columnsequence, tableid, ts, versiontype, resid, groupid, columntype, forlocale ) values (  'bd_defdoc@@@code', 'varchar', null, null, null, null, '档案编码',0, 'URC',null,null, 'Y', null, 'N', 'N',40, null, null, 'code',0,4, 'bd_defdoc', '2018-11-19 11:27:03',0, '2UC000-000557', null,0, 'N' ) ;
insert into md_column ( id, sqldatetype, createtime, creator, defaultvalue, description, displayname, dr, help, incrementseed, incrementstep, isactive, identitied, pkey, nullable, columnlength, modifier, modifytime, name, precise, columnsequence, tableid, ts, versiontype, resid, groupid, columntype, forlocale ) values (  'bd_defdoc@@@name', 'varchar', null, null, null, null, '档案名称',0, 'URC',null,null, 'Y', null, 'N', 'Y',200, null, null, 'name',0,0, 'bd_defdoc', '2018-11-19 11:27:03',0, '2UC000-000556', 'bd_defdoc@@@name',0, 'N' ) ;
insert into md_column ( id, sqldatetype, createtime, creator, defaultvalue, description, displayname, dr, help, incrementseed, incrementstep, isactive, identitied, pkey, nullable, columnlength, modifier, modifytime, name, precise, columnsequence, tableid, ts, versiontype, resid, groupid, columntype, forlocale ) values (  'bd_defdoc@@@shortname', 'varchar', null, null, null, null, '简称',0, null,null,null, 'Y', null, 'N', 'Y',200, null, null, 'shortname',0,0, 'bd_defdoc', '2018-11-19 11:27:03',0, '2UC000-000675', 'bd_defdoc@@@shortname',0, 'N' ) ;
insert into md_column ( id, sqldatetype, createtime, creator, defaultvalue, description, displayname, dr, help, incrementseed, incrementstep, isactive, identitied, pkey, nullable, columnlength, modifier, modifytime, name, precise, columnsequence, tableid, ts, versiontype, resid, groupid, columntype, forlocale ) values (  'bd_defdoc@@@mnecode', 'varchar', null, null, null, null, '助记码',0, null,null,null, 'Y', null, 'N', 'Y',50, null, null, 'mnecode',0,7, 'bd_defdoc', '2018-11-19 11:27:03',0, '2UC000-000172', null,0, 'N' ) ;
insert into md_column ( id, sqldatetype, createtime, creator, defaultvalue, description, displayname, dr, help, incrementseed, incrementstep, isactive, identitied, pkey, nullable, columnlength, modifier, modifytime, name, precise, columnsequence, tableid, ts, versiontype, resid, groupid, columntype, forlocale ) values (  'bd_defdoc@@@pid', 'varchar', null, null, '*~', null, '上级档案',0, null,null,null, 'Y', null, 'N', 'Y',20, null, null, 'pid',0,8, 'bd_defdoc', '2018-11-19 11:27:03',0, '2UC000-000007', null,0, 'N' ) ;
insert into md_column ( id, sqldatetype, createtime, creator, defaultvalue, description, displayname, dr, help, incrementseed, incrementstep, isactive, identitied, pkey, nullable, columnlength, modifier, modifytime, name, precise, columnsequence, tableid, ts, versiontype, resid, groupid, columntype, forlocale ) values (  'bd_defdoc@@@memo', 'varchar', null, null, null, null, '备注',0, null,null,null, 'Y', null, 'N', 'Y',200, null, null, 'memo',0,9, 'bd_defdoc', '2018-11-19 11:27:03',0, '2UC000-000258', null,0, 'N' ) ;
insert into md_column ( id, sqldatetype, createtime, creator, defaultvalue, description, displayname, dr, help, incrementseed, incrementstep, isactive, identitied, pkey, nullable, columnlength, modifier, modifytime, name, precise, columnsequence, tableid, ts, versiontype, resid, groupid, columntype, forlocale ) values (  'bd_defdoc@@@creator', 'varchar', null, null, '*~', null, '创建人',0, null,null,null, 'Y', null, 'N', 'Y',20, null, null, 'creator',0,10, 'bd_defdoc', '2018-11-19 11:27:03',0, '2UC000-000155', null,0, 'N' ) ;
insert into md_column ( id, sqldatetype, createtime, creator, defaultvalue, description, displayname, dr, help, incrementseed, incrementstep, isactive, identitied, pkey, nullable, columnlength, modifier, modifytime, name, precise, columnsequence, tableid, ts, versiontype, resid, groupid, columntype, forlocale ) values (  'bd_defdoc@@@creationtime', 'char', null, null, null, null, '创建时间',0, null,null,null, 'Y', null, 'N', 'Y',19, null, null, 'creationtime',0,11, 'bd_defdoc', '2018-11-19 11:27:03',0, '2UC000-000157', null,0, 'N' ) ;
insert into md_column ( id, sqldatetype, createtime, creator, defaultvalue, description, displayname, dr, help, incrementseed, incrementstep, isactive, identitied, pkey, nullable, columnlength, modifier, modifytime, name, precise, columnsequence, tableid, ts, versiontype, resid, groupid, columntype, forlocale ) values (  'bd_defdoc@@@modifier', 'varchar', null, null, '*~', null, '最后修改人',0, null,null,null, 'Y', null, 'N', 'Y',20, null, null, 'modifier',0,12, 'bd_defdoc', '2018-11-19 11:27:03',0, '2UC000-000490', null,0, 'N' ) ;
insert into md_column ( id, sqldatetype, createtime, creator, defaultvalue, description, displayname, dr, help, incrementseed, incrementstep, isactive, identitied, pkey, nullable, columnlength, modifier, modifytime, name, precise, columnsequence, tableid, ts, versiontype, resid, groupid, columntype, forlocale ) values (  'bd_defdoc@@@modifiedtime', 'char', null, null, null, null, '最后修改时间',0, null,null,null, 'Y', null, 'N', 'Y',19, null, null, 'modifiedtime',0,13, 'bd_defdoc', '2018-11-19 11:27:03',0, '2UC000-000491', null,0, 'N' ) ;
insert into md_column ( id, sqldatetype, createtime, creator, defaultvalue, description, displayname, dr, help, incrementseed, incrementstep, isactive, identitied, pkey, nullable, columnlength, modifier, modifytime, name, precise, columnsequence, tableid, ts, versiontype, resid, groupid, columntype, forlocale ) values (  'bd_defdoc@@@innercode', 'varchar', null, null, null, null, '内部编码',0, null,null,null, 'Y', null, 'N', 'Y',200, null, null, 'innercode',0,14, 'bd_defdoc', '2018-11-19 11:27:03',0, '2UC000-000136', null,0, 'N' ) ;
insert into md_column ( id, sqldatetype, createtime, creator, defaultvalue, description, displayname, dr, help, incrementseed, incrementstep, isactive, identitied, pkey, nullable, columnlength, modifier, modifytime, name, precise, columnsequence, tableid, ts, versiontype, resid, groupid, columntype, forlocale ) values (  'bd_defdoc@@@enablestate', 'int', null, null, null, null, '启用状态',0, null,null,null, 'Y', null, 'N', 'Y',0, null, null, 'enablestate',0,15, 'bd_defdoc', '2018-11-19 11:27:03',0, '2UC000-000249', null,0, 'N' ) ;
insert into md_column ( id, sqldatetype, createtime, creator, defaultvalue, description, displayname, dr, help, incrementseed, incrementstep, isactive, identitied, pkey, nullable, columnlength, modifier, modifytime, name, precise, columnsequence, tableid, ts, versiontype, resid, groupid, columntype, forlocale ) values (  'bd_defdoc@@@dataoriginflag', 'int', null, null, null, null, '分布式',0, null,null,null, 'Y', null, 'N', 'Y',0, null, null, 'dataoriginflag',0,16, 'bd_defdoc', '2018-11-19 11:27:03',0, '2UC000-000151', null,0, 'N' ) ;
insert into md_column ( id, sqldatetype, createtime, creator, defaultvalue, description, displayname, dr, help, incrementseed, incrementstep, isactive, identitied, pkey, nullable, columnlength, modifier, modifytime, name, precise, columnsequence, tableid, ts, versiontype, resid, groupid, columntype, forlocale ) values (  'bd_defdoc@@@datatype', 'int', null, null, '1', null, '数据类型',0, null,null,null, 'Y', null, 'N', 'Y',0, null, null, 'datatype',0,17, 'bd_defdoc', '2018-11-19 11:27:03',0, '2UC000-000458', null,0, 'N' ) ;
insert into md_column ( id, sqldatetype, createtime, creator, defaultvalue, description, displayname, dr, help, incrementseed, incrementstep, isactive, identitied, pkey, nullable, columnlength, modifier, modifytime, name, precise, columnsequence, tableid, ts, versiontype, resid, groupid, columntype, forlocale ) values (  'bd_defdoc@@@def1', 'varchar', null, null, null, null, '自定义项1',0, null,null,null, 'Y', null, 'N', 'Y',101, null, null, 'def1',0,18, 'bd_defdoc', '2018-11-19 11:27:03',-1, null, null,0, 'N' ) ;
insert into md_column ( id, sqldatetype, createtime, creator, defaultvalue, description, displayname, dr, help, incrementseed, incrementstep, isactive, identitied, pkey, nullable, columnlength, modifier, modifytime, name, precise, columnsequence, tableid, ts, versiontype, resid, groupid, columntype, forlocale ) values (  'bd_defdoc@@@def2', 'varchar', null, null, null, null, '自定义项2',0, null,null,null, 'Y', null, 'N', 'Y',101, null, null, 'def2',0,19, 'bd_defdoc', '2018-11-19 11:27:03',-1, null, null,0, 'N' ) ;
insert into md_column ( id, sqldatetype, createtime, creator, defaultvalue, description, displayname, dr, help, incrementseed, incrementstep, isactive, identitied, pkey, nullable, columnlength, modifier, modifytime, name, precise, columnsequence, tableid, ts, versiontype, resid, groupid, columntype, forlocale ) values (  'bd_defdoc@@@def3', 'varchar', null, null, null, null, '自定义项3',0, null,null,null, 'Y', null, 'N', 'Y',101, null, null, 'def3',0,20, 'bd_defdoc', '2018-11-19 11:27:03',-1, null, null,0, 'N' ) ;
insert into md_column ( id, sqldatetype, createtime, creator, defaultvalue, description, displayname, dr, help, incrementseed, incrementstep, isactive, identitied, pkey, nullable, columnlength, modifier, modifytime, name, precise, columnsequence, tableid, ts, versiontype, resid, groupid, columntype, forlocale ) values (  'bd_defdoc@@@def4', 'varchar', null, null, null, null, '自定义项4',0, null,null,null, 'Y', null, 'N', 'Y',101, null, null, 'def4',0,21, 'bd_defdoc', '2018-11-19 11:27:03',-1, null, null,0, 'N' ) ;
insert into md_column ( id, sqldatetype, createtime, creator, defaultvalue, description, displayname, dr, help, incrementseed, incrementstep, isactive, identitied, pkey, nullable, columnlength, modifier, modifytime, name, precise, columnsequence, tableid, ts, versiontype, resid, groupid, columntype, forlocale ) values (  'bd_defdoc@@@def5', 'varchar', null, null, null, null, '自定义项5',0, null,null,null, 'Y', null, 'N', 'Y',101, null, null, 'def5',0,22, 'bd_defdoc', '2018-11-19 11:27:03',-1, null, null,0, 'N' ) ;
insert into md_column ( id, sqldatetype, createtime, creator, defaultvalue, description, displayname, dr, help, incrementseed, incrementstep, isactive, identitied, pkey, nullable, columnlength, modifier, modifytime, name, precise, columnsequence, tableid, ts, versiontype, resid, groupid, columntype, forlocale ) values (  'bd_defdoc@@@def6', 'varchar', null, null, null, null, '自定义项6',0, null,null,null, 'Y', null, 'N', 'Y',101, null, null, 'def6',0,23, 'bd_defdoc', '2018-11-19 11:27:03',-1, null, null,0, 'N' ) ;
insert into md_column ( id, sqldatetype, createtime, creator, defaultvalue, description, displayname, dr, help, incrementseed, incrementstep, isactive, identitied, pkey, nullable, columnlength, modifier, modifytime, name, precise, columnsequence, tableid, ts, versiontype, resid, groupid, columntype, forlocale ) values (  'bd_defdoc@@@def7', 'varchar', null, null, null, null, '自定义项7',0, null,null,null, 'Y', null, 'N', 'Y',101, null, null, 'def7',0,24, 'bd_defdoc', '2018-11-19 11:27:03',-1, null, null,0, 'N' ) ;
insert into md_column ( id, sqldatetype, createtime, creator, defaultvalue, description, displayname, dr, help, incrementseed, incrementstep, isactive, identitied, pkey, nullable, columnlength, modifier, modifytime, name, precise, columnsequence, tableid, ts, versiontype, resid, groupid, columntype, forlocale ) values (  'bd_defdoc@@@def8', 'varchar', null, null, null, null, '自定义项8',0, null,null,null, 'Y', null, 'N', 'Y',101, null, null, 'def8',0,25, 'bd_defdoc', '2018-11-19 11:27:03',-1, null, null,0, 'N' ) ;
insert into md_column ( id, sqldatetype, createtime, creator, defaultvalue, description, displayname, dr, help, incrementseed, incrementstep, isactive, identitied, pkey, nullable, columnlength, modifier, modifytime, name, precise, columnsequence, tableid, ts, versiontype, resid, groupid, columntype, forlocale ) values (  'bd_defdoc@@@def9', 'varchar', null, null, null, null, '自定义项9',0, null,null,null, 'Y', null, 'N', 'Y',101, null, null, 'def9',0,26, 'bd_defdoc', '2018-11-19 11:27:03',-1, null, null,0, 'N' ) ;
insert into md_column ( id, sqldatetype, createtime, creator, defaultvalue, description, displayname, dr, help, incrementseed, incrementstep, isactive, identitied, pkey, nullable, columnlength, modifier, modifytime, name, precise, columnsequence, tableid, ts, versiontype, resid, groupid, columntype, forlocale ) values (  'bd_defdoc@@@def10', 'varchar', null, null, null, null, '自定义项10',0, null,null,null, 'Y', null, 'N', 'Y',101, null, null, 'def10',0,27, 'bd_defdoc', '2018-11-19 11:27:03',-1, null, null,0, 'N' ) ;
insert into md_column ( id, sqldatetype, createtime, creator, defaultvalue, description, displayname, dr, help, incrementseed, incrementstep, isactive, identitied, pkey, nullable, columnlength, modifier, modifytime, name, precise, columnsequence, tableid, ts, versiontype, resid, groupid, columntype, forlocale ) values (  'bd_defdoc@@@def11', 'varchar', null, null, null, null, '自定义项11',0, null,null,null, 'Y', null, 'N', 'Y',101, null, null, 'def11',0,28, 'bd_defdoc', '2018-11-19 11:27:03',-1, null, null,0, 'N' ) ;
insert into md_column ( id, sqldatetype, createtime, creator, defaultvalue, description, displayname, dr, help, incrementseed, incrementstep, isactive, identitied, pkey, nullable, columnlength, modifier, modifytime, name, precise, columnsequence, tableid, ts, versiontype, resid, groupid, columntype, forlocale ) values (  'bd_defdoc@@@def12', 'varchar', null, null, null, null, '自定义项12',0, null,null,null, 'Y', null, 'N', 'Y',101, null, null, 'def12',0,29, 'bd_defdoc', '2018-11-19 11:27:03',-1, null, null,0, 'N' ) ;
insert into md_column ( id, sqldatetype, createtime, creator, defaultvalue, description, displayname, dr, help, incrementseed, incrementstep, isactive, identitied, pkey, nullable, columnlength, modifier, modifytime, name, precise, columnsequence, tableid, ts, versiontype, resid, groupid, columntype, forlocale ) values (  'bd_defdoc@@@def13', 'varchar', null, null, null, null, '自定义项13',0, null,null,null, 'Y', null, 'N', 'Y',101, null, null, 'def13',0,30, 'bd_defdoc', '2018-11-19 11:27:03',-1, null, null,0, 'N' ) ;
insert into md_column ( id, sqldatetype, createtime, creator, defaultvalue, description, displayname, dr, help, incrementseed, incrementstep, isactive, identitied, pkey, nullable, columnlength, modifier, modifytime, name, precise, columnsequence, tableid, ts, versiontype, resid, groupid, columntype, forlocale ) values (  'bd_defdoc@@@def14', 'varchar', null, null, null, null, '自定义项14',0, null,null,null, 'Y', null, 'N', 'Y',101, null, null, 'def14',0,31, 'bd_defdoc', '2018-11-19 11:27:03',-1, null, null,0, 'N' ) ;
insert into md_column ( id, sqldatetype, createtime, creator, defaultvalue, description, displayname, dr, help, incrementseed, incrementstep, isactive, identitied, pkey, nullable, columnlength, modifier, modifytime, name, precise, columnsequence, tableid, ts, versiontype, resid, groupid, columntype, forlocale ) values (  'bd_defdoc@@@def15', 'varchar', null, null, null, null, '自定义项15',0, null,null,null, 'Y', null, 'N', 'Y',101, null, null, 'def15',0,32, 'bd_defdoc', '2018-11-19 11:27:03',-1, null, null,0, 'N' ) ;
insert into md_column ( id, sqldatetype, createtime, creator, defaultvalue, description, displayname, dr, help, incrementseed, incrementstep, isactive, identitied, pkey, nullable, columnlength, modifier, modifytime, name, precise, columnsequence, tableid, ts, versiontype, resid, groupid, columntype, forlocale ) values (  'bd_defdoc@@@def16', 'varchar', null, null, null, null, '自定义项16',0, null,null,null, 'Y', null, 'N', 'Y',101, null, null, 'def16',0,33, 'bd_defdoc', '2018-11-19 11:27:03',-1, null, null,0, 'N' ) ;
insert into md_column ( id, sqldatetype, createtime, creator, defaultvalue, description, displayname, dr, help, incrementseed, incrementstep, isactive, identitied, pkey, nullable, columnlength, modifier, modifytime, name, precise, columnsequence, tableid, ts, versiontype, resid, groupid, columntype, forlocale ) values (  'bd_defdoc@@@def17', 'varchar', null, null, null, null, '自定义项17',0, null,null,null, 'Y', null, 'N', 'Y',101, null, null, 'def17',0,34, 'bd_defdoc', '2018-11-19 11:27:03',-1, null, null,0, 'N' ) ;
insert into md_column ( id, sqldatetype, createtime, creator, defaultvalue, description, displayname, dr, help, incrementseed, incrementstep, isactive, identitied, pkey, nullable, columnlength, modifier, modifytime, name, precise, columnsequence, tableid, ts, versiontype, resid, groupid, columntype, forlocale ) values (  'bd_defdoc@@@def18', 'varchar', null, null, null, null, '自定义项18',0, null,null,null, 'Y', null, 'N', 'Y',101, null, null, 'def18',0,35, 'bd_defdoc', '2018-11-19 11:27:03',-1, null, null,0, 'N' ) ;
insert into md_column ( id, sqldatetype, createtime, creator, defaultvalue, description, displayname, dr, help, incrementseed, incrementstep, isactive, identitied, pkey, nullable, columnlength, modifier, modifytime, name, precise, columnsequence, tableid, ts, versiontype, resid, groupid, columntype, forlocale ) values (  'bd_defdoc@@@def19', 'varchar', null, null, null, null, '自定义项19',0, null,null,null, 'Y', null, 'N', 'Y',101, null, null, 'def19',0,36, 'bd_defdoc', '2018-11-19 11:27:03',-1, null, null,0, 'N' ) ;
insert into md_column ( id, sqldatetype, createtime, creator, defaultvalue, description, displayname, dr, help, incrementseed, incrementstep, isactive, identitied, pkey, nullable, columnlength, modifier, modifytime, name, precise, columnsequence, tableid, ts, versiontype, resid, groupid, columntype, forlocale ) values (  'bd_defdoc@@@def20', 'varchar', null, null, null, null, '自定义项20',0, null,null,null, 'Y', null, 'N', 'Y',101, null, null, 'def20',0,37, 'bd_defdoc', '2018-11-19 11:27:03',-1, null, null,0, 'N' ) ;
insert into md_column ( id, sqldatetype, createtime, creator, defaultvalue, description, displayname, dr, help, incrementseed, incrementstep, isactive, identitied, pkey, nullable, columnlength, modifier, modifytime, name, precise, columnsequence, tableid, ts, versiontype, resid, groupid, columntype, forlocale ) values (  'bd_defdoc@@@name2', 'varchar', null, null, null, null, '档案名称2',0, 'URC',null,null, 'Y', null, 'N', 'Y',200, null, null, 'name2',0,0, 'bd_defdoc', '2018-11-19 11:27:03',0, '2UC000-000556', 'bd_defdoc@@@name',0, 'N' ) ;
insert into md_column ( id, sqldatetype, createtime, creator, defaultvalue, description, displayname, dr, help, incrementseed, incrementstep, isactive, identitied, pkey, nullable, columnlength, modifier, modifytime, name, precise, columnsequence, tableid, ts, versiontype, resid, groupid, columntype, forlocale ) values (  'bd_defdoc@@@name3', 'varchar', null, null, null, null, '档案名称3',0, 'URC',null,null, 'Y', null, 'N', 'Y',200, null, null, 'name3',0,0, 'bd_defdoc', '2018-11-19 11:27:03',0, '2UC000-000556', 'bd_defdoc@@@name',0, 'N' ) ;
insert into md_column ( id, sqldatetype, createtime, creator, defaultvalue, description, displayname, dr, help, incrementseed, incrementstep, isactive, identitied, pkey, nullable, columnlength, modifier, modifytime, name, precise, columnsequence, tableid, ts, versiontype, resid, groupid, columntype, forlocale ) values (  'bd_defdoc@@@name4', 'varchar', null, null, null, null, '档案名称4',0, 'URC',null,null, 'Y', null, 'N', 'Y',200, null, null, 'name4',0,0, 'bd_defdoc', '2018-11-19 11:27:03',0, '2UC000-000556', 'bd_defdoc@@@name',0, 'N' ) ;
insert into md_column ( id, sqldatetype, createtime, creator, defaultvalue, description, displayname, dr, help, incrementseed, incrementstep, isactive, identitied, pkey, nullable, columnlength, modifier, modifytime, name, precise, columnsequence, tableid, ts, versiontype, resid, groupid, columntype, forlocale ) values (  'bd_defdoc@@@name5', 'varchar', null, null, null, null, '档案名称5',0, 'URC',null,null, 'Y', null, 'N', 'Y',200, null, null, 'name5',0,0, 'bd_defdoc', '2018-11-19 11:27:03',0, '2UC000-000556', 'bd_defdoc@@@name',0, 'N' ) ;
insert into md_column ( id, sqldatetype, createtime, creator, defaultvalue, description, displayname, dr, help, incrementseed, incrementstep, isactive, identitied, pkey, nullable, columnlength, modifier, modifytime, name, precise, columnsequence, tableid, ts, versiontype, resid, groupid, columntype, forlocale ) values (  'bd_defdoc@@@name6', 'varchar', null, null, null, null, '档案名称6',0, 'URC',null,null, 'Y', null, 'N', 'Y',200, null, null, 'name6',0,0, 'bd_defdoc', '2018-11-19 11:27:03',0, '2UC000-000556', 'bd_defdoc@@@name',0, 'N' ) ;
insert into md_column ( id, sqldatetype, createtime, creator, defaultvalue, description, displayname, dr, help, incrementseed, incrementstep, isactive, identitied, pkey, nullable, columnlength, modifier, modifytime, name, precise, columnsequence, tableid, ts, versiontype, resid, groupid, columntype, forlocale ) values (  'bd_defdoc@@@shortname2', 'varchar', null, null, null, null, '简称2',0, null,null,null, 'Y', null, 'N', 'Y',200, null, null, 'shortname2',0,0, 'bd_defdoc', '2018-11-19 11:27:03',0, '2UC000-000675', 'bd_defdoc@@@shortname',0, 'N' ) ;
insert into md_column ( id, sqldatetype, createtime, creator, defaultvalue, description, displayname, dr, help, incrementseed, incrementstep, isactive, identitied, pkey, nullable, columnlength, modifier, modifytime, name, precise, columnsequence, tableid, ts, versiontype, resid, groupid, columntype, forlocale ) values (  'bd_defdoc@@@shortname3', 'varchar', null, null, null, null, '简称3',0, null,null,null, 'Y', null, 'N', 'Y',200, null, null, 'shortname3',0,0, 'bd_defdoc', '2018-11-19 11:27:03',0, '2UC000-000675', 'bd_defdoc@@@shortname',0, 'N' ) ;
insert into md_column ( id, sqldatetype, createtime, creator, defaultvalue, description, displayname, dr, help, incrementseed, incrementstep, isactive, identitied, pkey, nullable, columnlength, modifier, modifytime, name, precise, columnsequence, tableid, ts, versiontype, resid, groupid, columntype, forlocale ) values (  'bd_defdoc@@@shortname4', 'varchar', null, null, null, null, '简称4',0, null,null,null, 'Y', null, 'N', 'Y',200, null, null, 'shortname4',0,0, 'bd_defdoc', '2018-11-19 11:27:03',0, '2UC000-000675', 'bd_defdoc@@@shortname',0, 'N' ) ;
insert into md_column ( id, sqldatetype, createtime, creator, defaultvalue, description, displayname, dr, help, incrementseed, incrementstep, isactive, identitied, pkey, nullable, columnlength, modifier, modifytime, name, precise, columnsequence, tableid, ts, versiontype, resid, groupid, columntype, forlocale ) values (  'bd_defdoc@@@shortname5', 'varchar', null, null, null, null, '简称5',0, null,null,null, 'Y', null, 'N', 'Y',200, null, null, 'shortname5',0,0, 'bd_defdoc', '2018-11-19 11:27:03',0, '2UC000-000675', 'bd_defdoc@@@shortname',0, 'N' ) ;
insert into md_column ( id, sqldatetype, createtime, creator, defaultvalue, description, displayname, dr, help, incrementseed, incrementstep, isactive, identitied, pkey, nullable, columnlength, modifier, modifytime, name, precise, columnsequence, tableid, ts, versiontype, resid, groupid, columntype, forlocale ) values (  'bd_defdoc@@@shortname6', 'varchar', null, null, null, null, '简称6',0, null,null,null, 'Y', null, 'N', 'Y',200, null, null, 'shortname6',0,0, 'bd_defdoc', '2018-11-19 11:27:03',0, '2UC000-000675', 'bd_defdoc@@@shortname',0, 'N' ) ;
insert into md_ORMap ( attributeid, classid, columnid, dr, tableid, ts ) values (  '1a0a2a54-e661-11e8-8985-5f606a994521', '1001AA100000000001KY', 'bd_defdoc@@@pk_group',0, 'bd_defdoc', '2018-11-19 11:27:03' ) ;
insert into md_ORMap ( attributeid, classid, columnid, dr, tableid, ts ) values (  '1a0a2a63-e661-11e8-8985-5f606a994521', '1001AA100000000001KY', 'bd_defdoc@@@def10',0, 'bd_defdoc', '2018-11-19 11:27:03' ) ;
insert into md_ORMap ( attributeid, classid, columnid, dr, tableid, ts ) values (  '1a0a2a5d-e661-11e8-8985-5f606a994521', '1001AA100000000001KY', 'bd_defdoc@@@def4',0, 'bd_defdoc', '2018-11-19 11:27:03' ) ;
insert into md_ORMap ( attributeid, classid, columnid, dr, tableid, ts ) values (  '1a0a2a68-e661-11e8-8985-5f606a994521', '1001AA100000000001KY', 'bd_defdoc@@@def15',0, 'bd_defdoc', '2018-11-19 11:27:03' ) ;
insert into md_ORMap ( attributeid, classid, columnid, dr, tableid, ts ) values (  '1a0a2a60-e661-11e8-8985-5f606a994521', '1001AA100000000001KY', 'bd_defdoc@@@def7',0, 'bd_defdoc', '2018-11-19 11:27:03' ) ;
insert into md_ORMap ( attributeid, classid, columnid, dr, tableid, ts ) values (  '1a0a2a56-e661-11e8-8985-5f606a994521', '1001AA100000000001KY', 'bd_defdoc@@@enablestate',0, 'bd_defdoc', '2018-11-19 11:27:03' ) ;
insert into md_ORMap ( attributeid, classid, columnid, dr, tableid, ts ) values (  '1a0a2a5e-e661-11e8-8985-5f606a994521', '1001AA100000000001KY', 'bd_defdoc@@@def5',0, 'bd_defdoc', '2018-11-19 11:27:03' ) ;
insert into md_ORMap ( attributeid, classid, columnid, dr, tableid, ts ) values (  '1a0a2a4f-e661-11e8-8985-5f606a994521', '1001AA100000000001KY', 'bd_defdoc@@@shortname',0, 'bd_defdoc', '2018-11-19 11:27:03' ) ;
insert into md_ORMap ( attributeid, classid, columnid, dr, tableid, ts ) values (  '1a0a2a65-e661-11e8-8985-5f606a994521', '1001AA100000000001KY', 'bd_defdoc@@@def12',0, 'bd_defdoc', '2018-11-19 11:27:03' ) ;
insert into md_ORMap ( attributeid, classid, columnid, dr, tableid, ts ) values (  '1a0a2a4d-e661-11e8-8985-5f606a994521', '1001AA100000000001KY', 'bd_defdoc@@@modifiedtime',0, 'bd_defdoc', '2018-11-19 11:27:03' ) ;
insert into md_ORMap ( attributeid, classid, columnid, dr, tableid, ts ) values (  '1a0a2a67-e661-11e8-8985-5f606a994521', '1001AA100000000001KY', 'bd_defdoc@@@def14',0, 'bd_defdoc', '2018-11-19 11:27:03' ) ;
insert into md_ORMap ( attributeid, classid, columnid, dr, tableid, ts ) values (  '1a0a2a5f-e661-11e8-8985-5f606a994521', '1001AA100000000001KY', 'bd_defdoc@@@def6',0, 'bd_defdoc', '2018-11-19 11:27:03' ) ;
insert into md_ORMap ( attributeid, classid, columnid, dr, tableid, ts ) values (  '1a0a2a66-e661-11e8-8985-5f606a994521', '1001AA100000000001KY', 'bd_defdoc@@@def13',0, 'bd_defdoc', '2018-11-19 11:27:03' ) ;
insert into md_ORMap ( attributeid, classid, columnid, dr, tableid, ts ) values (  '1a0a2a6a-e661-11e8-8985-5f606a994521', '1001AA100000000001KY', 'bd_defdoc@@@def17',0, 'bd_defdoc', '2018-11-19 11:27:03' ) ;
insert into md_ORMap ( attributeid, classid, columnid, dr, tableid, ts ) values (  '1a0a2a51-e661-11e8-8985-5f606a994521', '1001AA100000000001KY', 'bd_defdoc@@@pid',0, 'bd_defdoc', '2018-11-19 11:27:03' ) ;
insert into md_ORMap ( attributeid, classid, columnid, dr, tableid, ts ) values (  '1a0a2a4a-e661-11e8-8985-5f606a994521', '1001AA100000000001KY', 'bd_defdoc@@@mnecode',0, 'bd_defdoc', '2018-11-19 11:27:03' ) ;
insert into md_ORMap ( attributeid, classid, columnid, dr, tableid, ts ) values (  '1a0a2a6c-e661-11e8-8985-5f606a994521', '1001AA100000000001KY', 'bd_defdoc@@@def19',0, 'bd_defdoc', '2018-11-19 11:27:03' ) ;
insert into md_ORMap ( attributeid, classid, columnid, dr, tableid, ts ) values (  '1a0a2a69-e661-11e8-8985-5f606a994521', '1001AA100000000001KY', 'bd_defdoc@@@def16',0, 'bd_defdoc', '2018-11-19 11:27:03' ) ;
insert into md_ORMap ( attributeid, classid, columnid, dr, tableid, ts ) values (  '1a0a2a58-e661-11e8-8985-5f606a994521', '1001AA100000000001KY', 'bd_defdoc@@@dataoriginflag',0, 'bd_defdoc', '2018-11-19 11:27:03' ) ;
insert into md_ORMap ( attributeid, classid, columnid, dr, tableid, ts ) values (  '1a0a2a64-e661-11e8-8985-5f606a994521', '1001AA100000000001KY', 'bd_defdoc@@@def11',0, 'bd_defdoc', '2018-11-19 11:27:03' ) ;
insert into md_ORMap ( attributeid, classid, columnid, dr, tableid, ts ) values (  '1a0a2a53-e661-11e8-8985-5f606a994521', '1001AA100000000001KY', 'bd_defdoc@@@pk_defdoclist',0, 'bd_defdoc', '2018-11-19 11:27:03' ) ;
insert into md_ORMap ( attributeid, classid, columnid, dr, tableid, ts ) values (  '1a0a2a48-e661-11e8-8985-5f606a994521', '1001AA100000000001KY', 'bd_defdoc@@PK@@',0, 'bd_defdoc', '2018-11-19 11:27:03' ) ;
insert into md_ORMap ( attributeid, classid, columnid, dr, tableid, ts ) values (  '1a0a2a4e-e661-11e8-8985-5f606a994521', '1001AA100000000001KY', 'bd_defdoc@@@name',0, 'bd_defdoc', '2018-11-19 11:27:03' ) ;
insert into md_ORMap ( attributeid, classid, columnid, dr, tableid, ts ) values (  '1a0a2a5b-e661-11e8-8985-5f606a994521', '1001AA100000000001KY', 'bd_defdoc@@@def2',0, 'bd_defdoc', '2018-11-19 11:27:03' ) ;
insert into md_ORMap ( attributeid, classid, columnid, dr, tableid, ts ) values (  '1a0a2a41-e661-11e8-8985-5f606a994521', '1001AA100000000001KY', 'bd_defdoc@@@code',0, 'bd_defdoc', '2018-11-19 11:27:03' ) ;
insert into md_ORMap ( attributeid, classid, columnid, dr, tableid, ts ) values (  '1a0a2a62-e661-11e8-8985-5f606a994521', '1001AA100000000001KY', 'bd_defdoc@@@def9',0, 'bd_defdoc', '2018-11-19 11:27:03' ) ;
insert into md_ORMap ( attributeid, classid, columnid, dr, tableid, ts ) values (  '1a0a2a6d-e661-11e8-8985-5f606a994521', '1001AA100000000001KY', 'bd_defdoc@@@def20',0, 'bd_defdoc', '2018-11-19 11:27:03' ) ;
insert into md_ORMap ( attributeid, classid, columnid, dr, tableid, ts ) values (  '1a0a2a59-e661-11e8-8985-5f606a994521', '1001AA100000000001KY', 'bd_defdoc@@@datatype',0, 'bd_defdoc', '2018-11-19 11:27:03' ) ;
insert into md_ORMap ( attributeid, classid, columnid, dr, tableid, ts ) values (  '1a0a2a4b-e661-11e8-8985-5f606a994521', '1001AA100000000001KY', 'bd_defdoc@@@modifier',0, 'bd_defdoc', '2018-11-19 11:27:03' ) ;
insert into md_ORMap ( attributeid, classid, columnid, dr, tableid, ts ) values (  '1a0a2a5c-e661-11e8-8985-5f606a994521', '1001AA100000000001KY', 'bd_defdoc@@@def3',0, 'bd_defdoc', '2018-11-19 11:27:03' ) ;
insert into md_ORMap ( attributeid, classid, columnid, dr, tableid, ts ) values (  '1a0a2a6b-e661-11e8-8985-5f606a994521', '1001AA100000000001KY', 'bd_defdoc@@@def18',0, 'bd_defdoc', '2018-11-19 11:27:03' ) ;
insert into md_ORMap ( attributeid, classid, columnid, dr, tableid, ts ) values (  '1a0a2a47-e661-11e8-8985-5f606a994521', '1001AA100000000001KY', 'bd_defdoc@@@innercode',0, 'bd_defdoc', '2018-11-19 11:27:03' ) ;
insert into md_ORMap ( attributeid, classid, columnid, dr, tableid, ts ) values (  '1a0a2a45-e661-11e8-8985-5f606a994521', '1001AA100000000001KY', 'bd_defdoc@@@creator',0, 'bd_defdoc', '2018-11-19 11:27:03' ) ;
insert into md_ORMap ( attributeid, classid, columnid, dr, tableid, ts ) values (  '1a0a2a49-e661-11e8-8985-5f606a994521', '1001AA100000000001KY', 'bd_defdoc@@@memo',0, 'bd_defdoc', '2018-11-19 11:27:03' ) ;
insert into md_ORMap ( attributeid, classid, columnid, dr, tableid, ts ) values (  '1a0a2a5a-e661-11e8-8985-5f606a994521', '1001AA100000000001KY', 'bd_defdoc@@@def1',0, 'bd_defdoc', '2018-11-19 11:27:03' ) ;
insert into md_ORMap ( attributeid, classid, columnid, dr, tableid, ts ) values (  '1a0a2a61-e661-11e8-8985-5f606a994521', '1001AA100000000001KY', 'bd_defdoc@@@def8',0, 'bd_defdoc', '2018-11-19 11:27:03' ) ;
insert into md_ORMap ( attributeid, classid, columnid, dr, tableid, ts ) values (  '1a0a2a44-e661-11e8-8985-5f606a994521', '1001AA100000000001KY', 'bd_defdoc@@@creationtime',0, 'bd_defdoc', '2018-11-19 11:27:03' ) ;
insert into md_ORMap ( attributeid, classid, columnid, dr, tableid, ts ) values (  '1a0a2a55-e661-11e8-8985-5f606a994521', '1001AA100000000001KY', 'bd_defdoc@@@pk_org',0, 'bd_defdoc', '2018-11-19 11:27:03' ) ;


--Defdoc-C0J00110
delete from md_db_relation where startattrid in (select id from md_property where classid in ('1001AA100000000001M7','@@@@' ) )  and starttableid in ('bd_defdoc','@@@@');
delete from md_ORMap where ATTRIBUTEID in(select id from md_property where classid in ('1001AA100000000001M7','@@@@' ) )  and tableid in ('bd_defdoc','@@@@') ;
delete from md_table where id not in (select distinct tableid from md_ormap );
delete from md_column where  tableid in('bd_defdoc','@@@@') and id not in(select distinct columnid from md_ormap) and (nvl(groupid ,'~')='~' or groupid = id )  and name <> 'extend_bean_tag' ;
delete from md_column where tableid in ('bd_defdoc','@@@@')and groupid is not null and groupid not in( select distinct id from md_column where tableid in ('bd_defdoc','@@@@') ) ;
delete from md_db_relation where starttableid not in (select id from md_table);
delete from md_property where classID in (select distinct id from md_class where componentID='2763ad46-e661-11e8-8985-5f606a994521'  )  ;
delete from md_association where componentID = '2763ad46-e661-11e8-8985-5f606a994521'  ;
delete from md_bizItfMap where classID in (select distinct id from md_class where componentID='2763ad46-e661-11e8-8985-5f606a994521'  );
delete from md_bizItfMap where classID in ( select id from md_opInterface where componentID = '2763ad46-e661-11e8-8985-5f606a994521'  );
delete from md_accessorPara where id in (select distinct id from md_class where componentID='2763ad46-e661-11e8-8985-5f606a994521'  );
delete from md_enumValue where id in (select distinct id from md_class where componentID='2763ad46-e661-11e8-8985-5f606a994521'  ) ;
delete from md_class where componentID = '2763ad46-e661-11e8-8985-5f606a994521'  ;
delete from md_component where id = '2763ad46-e661-11e8-8985-5f606a994521' ;
delete from md_table where (id='bd_defdoc');
delete from md_column where (id='bd_defdoc@@PK@@');
delete from md_column where (id='bd_defdoc@@@pk_defdoclist');
delete from md_column where (id='bd_defdoc@@@pk_org');
delete from md_column where (id='bd_defdoc@@@pk_group');
delete from md_column where (id='bd_defdoc@@@code');
delete from md_column where (id='bd_defdoc@@@name');
delete from md_column where (id='bd_defdoc@@@shortname');
delete from md_column where (id='bd_defdoc@@@mnecode');
delete from md_column where (id='bd_defdoc@@@pid');
delete from md_column where (id='bd_defdoc@@@memo');
delete from md_column where (id='bd_defdoc@@@creator');
delete from md_column where (id='bd_defdoc@@@creationtime');
delete from md_column where (id='bd_defdoc@@@modifier');
delete from md_column where (id='bd_defdoc@@@modifiedtime');
delete from md_column where (id='bd_defdoc@@@innercode');
delete from md_column where (id='bd_defdoc@@@enablestate');
delete from md_column where (id='bd_defdoc@@@dataoriginflag');
delete from md_column where (id='bd_defdoc@@@datatype');
delete from md_column where (id='bd_defdoc@@@def1');
delete from md_column where (id='bd_defdoc@@@def2');
delete from md_column where (id='bd_defdoc@@@def3');
delete from md_column where (id='bd_defdoc@@@def4');
delete from md_column where (id='bd_defdoc@@@def5');
delete from md_column where (id='bd_defdoc@@@def6');
delete from md_column where (id='bd_defdoc@@@def7');
delete from md_column where (id='bd_defdoc@@@def8');
delete from md_column where (id='bd_defdoc@@@def9');
delete from md_column where (id='bd_defdoc@@@def10');
delete from md_column where (id='bd_defdoc@@@def11');
delete from md_column where (id='bd_defdoc@@@def12');
delete from md_column where (id='bd_defdoc@@@def13');
delete from md_column where (id='bd_defdoc@@@def14');
delete from md_column where (id='bd_defdoc@@@def15');
delete from md_column where (id='bd_defdoc@@@def16');
delete from md_column where (id='bd_defdoc@@@def17');
delete from md_column where (id='bd_defdoc@@@def18');
delete from md_column where (id='bd_defdoc@@@def19');
delete from md_column where (id='bd_defdoc@@@def20');
delete from md_column where (id='bd_defdoc@@@name2');
delete from md_column where (id='bd_defdoc@@@name3');
delete from md_column where (id='bd_defdoc@@@name4');
delete from md_column where (id='bd_defdoc@@@name5');
delete from md_column where (id='bd_defdoc@@@name6');
delete from md_column where (id='bd_defdoc@@@shortname2');
delete from md_column where (id='bd_defdoc@@@shortname3');
delete from md_column where (id='bd_defdoc@@@shortname4');
delete from md_column where (id='bd_defdoc@@@shortname5');
delete from md_column where (id='bd_defdoc@@@shortname6');


insert into md_component ( createtime, creator, description, displayname, dr, fromsourcebmf, help, id, industry, isbizmodel, modifier, modifytime, name, namespace, ownmodule, preload, resid, resmodule, ts, version, versiontype ) values (  '2018-11-12 17:55:58', null, null, '触点牌号(自定义档案)',0, 'Y', null, '2763ad46-e661-11e8-8985-5f606a994521', '0', 'N', null, null, 'Defdoc-C0J00110', 'uap', 'uapbd', null, null, '10140uddb', '2018-11-19 11:27:27', '1',0 ) ;
insert into md_class ( id, accessorclassname, classtype, componentid, createtime, creator, description, displayname, dr, fullclassname, help, isactive, keyattribute, modifier, modifytime, name, parentclassid, precise, refmodelname, returntype, ts, versiontype, isprimary, defaulttablename, stereotype, isauthen, resid, bizitfimpclassname, modinfoclassname, iscreatesql, isextendbean, userdefclassname, industry, fixedlength ) values (  '1001AA100000000001M7', 'nc.md.model.access.javamap.NCBeanStyle',201, '2763ad46-e661-11e8-8985-5f606a994521', '2018-11-12 17:55:58', null, null, '触点牌号(自定义档案)',0, 'nc.vo.bd.defdoc.DefdocVO', 'ignorebdmode,BDMODE,URC,DEFDOC,BUSILOG,DOC', null, '2763ad4c-e661-11e8-8985-5f606a994521', null, null, 'Defdoc-C0J00110', null,null, '触点牌号(自定义档案)', null, '2018-11-19 11:27:27',0, 'Y', 'bd_defdoc', null, 'Y', null, null, null, 'Y', null, null, '0', null ) ;
insert into md_property ( id, accessorclassname, classid, createtime, creator, datatype, datatypestyle, defaultvalue, description, displayname, dr, help, isactive, hided, nullable, readonly, attrlength, attrmaxvalue, attrminvalue, modifier, modifytime, name, precise, refmodelname, attrsequence, ts, visibility, versiontype, fixedlength, calculation, isauthen, resid, customattr, notserialize, dynamicattr, dynamictable, accesspower, accesspowergroup, industry ) values (  '2763ad4c-e661-11e8-8985-5f606a994521', null, '1001AA100000000001M7', null, null, 'BS000010000100001051',300, null, null, '自定义档案主键',0, null, 'Y', 'N', 'N', 'N',20, null, null, null, null, 'pk_defdoc',0, null,0, '2018-11-19 11:27:27',0,0, 'N', 'N', 'Y', '2UC000-000747', 'N', 'N', 'N', null, 'N', null, '0' ) ;
insert into md_property ( id, accessorclassname, classid, createtime, creator, datatype, datatypestyle, defaultvalue, description, displayname, dr, help, isactive, hided, nullable, readonly, attrlength, attrmaxvalue, attrminvalue, modifier, modifytime, name, precise, refmodelname, attrsequence, ts, visibility, versiontype, fixedlength, calculation, isauthen, resid, customattr, notserialize, dynamicattr, dynamictable, accesspower, accesspowergroup, industry ) values (  '2763ad57-e661-11e8-8985-5f606a994521', null, '1001AA100000000001M7', null, null, '16c1dca0-e3ed-4dcc-8ed7-75fd59e2bef1',305, null, null, '自定义档案列表主键',0, null, 'Y', 'N', 'N', 'N',20, null, null, null, null, 'pk_defdoclist',0, '自定义档案列表',1, '2018-11-19 11:27:27',0,0, 'N', 'N', 'Y', '2UC000-000748', 'N', 'N', 'N', null, 'N', null, '0' ) ;
insert into md_property ( id, accessorclassname, classid, createtime, creator, datatype, datatypestyle, defaultvalue, description, displayname, dr, help, isactive, hided, nullable, readonly, attrlength, attrmaxvalue, attrminvalue, modifier, modifytime, name, precise, refmodelname, attrsequence, ts, visibility, versiontype, fixedlength, calculation, isauthen, resid, customattr, notserialize, dynamicattr, dynamictable, accesspower, accesspowergroup, industry ) values (  '2763ad59-e661-11e8-8985-5f606a994521', null, '1001AA100000000001M7', null, null, '985be8a4-3a36-4778-8afe-2d8ed3902659',305, null, null, '所属组织',0, null, 'Y', 'N', 'N', 'N',20, null, null, null, null, 'pk_org',0, '业务单元',2, '2018-11-19 11:27:27',0,0, 'N', 'N', 'Y', '2UC000-000360', 'N', 'N', 'N', null, 'N', null, '0' ) ;
insert into md_property ( id, accessorclassname, classid, createtime, creator, datatype, datatypestyle, defaultvalue, description, displayname, dr, help, isactive, hided, nullable, readonly, attrlength, attrmaxvalue, attrminvalue, modifier, modifytime, name, precise, refmodelname, attrsequence, ts, visibility, versiontype, fixedlength, calculation, isauthen, resid, customattr, notserialize, dynamicattr, dynamictable, accesspower, accesspowergroup, industry ) values (  '2763ad58-e661-11e8-8985-5f606a994521', null, '1001AA100000000001M7', null, null, '3b6dd171-2900-47f3-bfbe-41e4483a2a65',305, null, null, '所属集团',0, null, 'Y', 'N', 'Y', 'N',20, null, null, null, null, 'pk_group',0, '集团',3, '2018-11-19 11:27:27',0,0, 'N', 'N', 'Y', '2UC000-000367', 'N', 'N', 'N', null, 'N', null, '0' ) ;
insert into md_property ( id, accessorclassname, classid, createtime, creator, datatype, datatypestyle, defaultvalue, description, displayname, dr, help, isactive, hided, nullable, readonly, attrlength, attrmaxvalue, attrminvalue, modifier, modifytime, name, precise, refmodelname, attrsequence, ts, visibility, versiontype, fixedlength, calculation, isauthen, resid, customattr, notserialize, dynamicattr, dynamictable, accesspower, accesspowergroup, industry ) values (  '2763ad45-e661-11e8-8985-5f606a994521', null, '1001AA100000000001M7', null, null, 'BS000010000100001001',300, null, null, '档案编码',0, 'URC', 'Y', 'N', 'N', 'N',40, null, null, null, null, 'code',0, null,4, '2018-11-19 11:27:27',0,0, 'N', 'N', 'Y', '2UC000-000557', 'N', 'N', 'N', null, 'N', null, '0' ) ;
insert into md_property ( id, accessorclassname, classid, createtime, creator, datatype, datatypestyle, defaultvalue, description, displayname, dr, help, isactive, hided, nullable, readonly, attrlength, attrmaxvalue, attrminvalue, modifier, modifytime, name, precise, refmodelname, attrsequence, ts, visibility, versiontype, fixedlength, calculation, isauthen, resid, customattr, notserialize, dynamicattr, dynamictable, accesspower, accesspowergroup, industry ) values (  '2763ad52-e661-11e8-8985-5f606a994521', null, '1001AA100000000001M7', null, null, 'BS000010000100001058',300, null, null, '档案名称',0, 'URC', 'Y', 'N', 'Y', 'N',200, null, null, null, null, 'name',0, null,5, '2018-11-19 11:27:27',0,0, 'N', 'N', 'Y', '2UC000-000556', 'N', 'N', 'N', null, 'N', null, '0' ) ;
insert into md_property ( id, accessorclassname, classid, createtime, creator, datatype, datatypestyle, defaultvalue, description, displayname, dr, help, isactive, hided, nullable, readonly, attrlength, attrmaxvalue, attrminvalue, modifier, modifytime, name, precise, refmodelname, attrsequence, ts, visibility, versiontype, fixedlength, calculation, isauthen, resid, customattr, notserialize, dynamicattr, dynamictable, accesspower, accesspowergroup, industry ) values (  '2763ad53-e661-11e8-8985-5f606a994521', null, '1001AA100000000001M7', null, null, 'BS000010000100001058',300, null, null, '简称',0, null, 'Y', 'N', 'Y', 'N',200, null, null, null, null, 'shortname',0, null,6, '2018-11-19 11:27:27',0,0, 'N', 'N', 'Y', '2UC000-000675', 'N', 'N', 'N', null, 'N', null, '0' ) ;
insert into md_property ( id, accessorclassname, classid, createtime, creator, datatype, datatypestyle, defaultvalue, description, displayname, dr, help, isactive, hided, nullable, readonly, attrlength, attrmaxvalue, attrminvalue, modifier, modifytime, name, precise, refmodelname, attrsequence, ts, visibility, versiontype, fixedlength, calculation, isauthen, resid, customattr, notserialize, dynamicattr, dynamictable, accesspower, accesspowergroup, industry ) values (  '2763ad4e-e661-11e8-8985-5f606a994521', null, '1001AA100000000001M7', null, null, 'BS000010000100001001',300, null, null, '助记码',0, null, 'Y', 'N', 'Y', 'N',50, null, null, null, null, 'mnecode',0, null,7, '2018-11-19 11:27:27',0,0, 'N', 'N', 'Y', '2UC000-000172', 'N', 'N', 'N', null, 'N', null, '0' ) ;
insert into md_property ( id, accessorclassname, classid, createtime, creator, datatype, datatypestyle, defaultvalue, description, displayname, dr, help, isactive, hided, nullable, readonly, attrlength, attrmaxvalue, attrminvalue, modifier, modifytime, name, precise, refmodelname, attrsequence, ts, visibility, versiontype, fixedlength, calculation, isauthen, resid, customattr, notserialize, dynamicattr, dynamictable, accesspower, accesspowergroup, industry ) values (  '2763ad55-e661-11e8-8985-5f606a994521', null, '1001AA100000000001M7', null, null, 'BS000010000100001001',300, null, null, '上级档案',0, null, 'Y', 'N', 'Y', 'N',20, null, null, null, null, 'pid',0, null,8, '2018-11-19 11:27:27',0,0, 'N', 'N', 'Y', '2UC000-000007', 'N', 'N', 'N', null, 'N', null, '0' ) ;
insert into md_property ( id, accessorclassname, classid, createtime, creator, datatype, datatypestyle, defaultvalue, description, displayname, dr, help, isactive, hided, nullable, readonly, attrlength, attrmaxvalue, attrminvalue, modifier, modifytime, name, precise, refmodelname, attrsequence, ts, visibility, versiontype, fixedlength, calculation, isauthen, resid, customattr, notserialize, dynamicattr, dynamictable, accesspower, accesspowergroup, industry ) values (  '2763ad4d-e661-11e8-8985-5f606a994521', null, '1001AA100000000001M7', null, null, 'BS000010000100001001',300, null, null, '备注',0, null, 'Y', 'N', 'Y', 'N',200, null, null, null, null, 'memo',0, null,9, '2018-11-19 11:27:27',0,0, 'N', 'N', 'Y', '2UC000-000258', 'N', 'N', 'N', null, 'N', null, '0' ) ;
insert into md_property ( id, accessorclassname, classid, createtime, creator, datatype, datatypestyle, defaultvalue, description, displayname, dr, help, isactive, hided, nullable, readonly, attrlength, attrmaxvalue, attrminvalue, modifier, modifytime, name, precise, refmodelname, attrsequence, ts, visibility, versiontype, fixedlength, calculation, isauthen, resid, customattr, notserialize, dynamicattr, dynamictable, accesspower, accesspowergroup, industry ) values (  '2763ad49-e661-11e8-8985-5f606a994521', null, '1001AA100000000001M7', null, null, 'f6f9a473-56c0-432f-8bc7-fbf8fde54fee',305, null, null, '创建人',0, null, 'Y', 'N', 'Y', 'N',20, null, null, null, null, 'creator',0, '用户',10, '2018-11-19 11:27:27',0,0, 'N', 'N', 'Y', '2UC000-000155', 'N', 'N', 'N', null, 'N', null, '0' ) ;
insert into md_property ( id, accessorclassname, classid, createtime, creator, datatype, datatypestyle, defaultvalue, description, displayname, dr, help, isactive, hided, nullable, readonly, attrlength, attrmaxvalue, attrminvalue, modifier, modifytime, name, precise, refmodelname, attrsequence, ts, visibility, versiontype, fixedlength, calculation, isauthen, resid, customattr, notserialize, dynamicattr, dynamictable, accesspower, accesspowergroup, industry ) values (  '2763ad48-e661-11e8-8985-5f606a994521', null, '1001AA100000000001M7', null, null, 'BS000010000100001034',300, null, null, '创建时间',0, null, 'Y', 'N', 'Y', 'N',19, null, null, null, null, 'creationtime',0, null,11, '2018-11-19 11:27:27',0,0, 'N', 'N', 'Y', '2UC000-000157', 'N', 'N', 'N', null, 'N', null, '0' ) ;
insert into md_property ( id, accessorclassname, classid, createtime, creator, datatype, datatypestyle, defaultvalue, description, displayname, dr, help, isactive, hided, nullable, readonly, attrlength, attrmaxvalue, attrminvalue, modifier, modifytime, name, precise, refmodelname, attrsequence, ts, visibility, versiontype, fixedlength, calculation, isauthen, resid, customattr, notserialize, dynamicattr, dynamictable, accesspower, accesspowergroup, industry ) values (  '2763ad4f-e661-11e8-8985-5f606a994521', null, '1001AA100000000001M7', null, null, 'f6f9a473-56c0-432f-8bc7-fbf8fde54fee',305, null, null, '最后修改人',0, null, 'Y', 'N', 'Y', 'N',20, null, null, null, null, 'modifier',0, '用户',12, '2018-11-19 11:27:27',0,0, 'N', 'N', 'Y', '2UC000-000490', 'N', 'N', 'N', null, 'N', null, '0' ) ;
insert into md_property ( id, accessorclassname, classid, createtime, creator, datatype, datatypestyle, defaultvalue, description, displayname, dr, help, isactive, hided, nullable, readonly, attrlength, attrmaxvalue, attrminvalue, modifier, modifytime, name, precise, refmodelname, attrsequence, ts, visibility, versiontype, fixedlength, calculation, isauthen, resid, customattr, notserialize, dynamicattr, dynamictable, accesspower, accesspowergroup, industry ) values (  '2763ad51-e661-11e8-8985-5f606a994521', null, '1001AA100000000001M7', null, null, 'BS000010000100001034',300, null, null, '最后修改时间',0, null, 'Y', 'N', 'Y', 'N',19, null, null, null, null, 'modifiedtime',0, null,13, '2018-11-19 11:27:27',0,0, 'N', 'N', 'Y', '2UC000-000491', 'N', 'N', 'N', null, 'N', null, '0' ) ;
insert into md_property ( id, accessorclassname, classid, createtime, creator, datatype, datatypestyle, defaultvalue, description, displayname, dr, help, isactive, hided, nullable, readonly, attrlength, attrmaxvalue, attrminvalue, modifier, modifytime, name, precise, refmodelname, attrsequence, ts, visibility, versiontype, fixedlength, calculation, isauthen, resid, customattr, notserialize, dynamicattr, dynamictable, accesspower, accesspowergroup, industry ) values (  '2763ad4b-e661-11e8-8985-5f606a994521', null, '1001AA100000000001M7', null, null, 'BS000010000100001001',300, null, null, '内部编码',0, null, 'Y', 'N', 'Y', 'N',200, null, null, null, null, 'innercode',0, null,14, '2018-11-19 11:27:27',0,0, 'N', 'N', 'Y', '2UC000-000136', 'N', 'N', 'N', null, 'N', null, '0' ) ;
insert into md_property ( id, accessorclassname, classid, createtime, creator, datatype, datatypestyle, defaultvalue, description, displayname, dr, help, isactive, hided, nullable, readonly, attrlength, attrmaxvalue, attrminvalue, modifier, modifytime, name, precise, refmodelname, attrsequence, ts, visibility, versiontype, fixedlength, calculation, isauthen, resid, customattr, notserialize, dynamicattr, dynamictable, accesspower, accesspowergroup, industry ) values (  '2763ad5a-e661-11e8-8985-5f606a994521', null, '1001AA100000000001M7', null, null, '6b533ffa-3e43-4147-8670-ba0f5471fd40',300, null, null, '启用状态',0, null, 'Y', 'N', 'Y', 'N',0, null, null, null, null, 'enablestate',0, null,15, '2018-11-19 11:27:27',0,0, 'N', 'N', 'Y', '2UC000-000249', 'N', 'N', 'N', null, 'N', null, '0' ) ;
insert into md_property ( id, accessorclassname, classid, createtime, creator, datatype, datatypestyle, defaultvalue, description, displayname, dr, help, isactive, hided, nullable, readonly, attrlength, attrmaxvalue, attrminvalue, modifier, modifytime, name, precise, refmodelname, attrsequence, ts, visibility, versiontype, fixedlength, calculation, isauthen, resid, customattr, notserialize, dynamicattr, dynamictable, accesspower, accesspowergroup, industry ) values (  '2763ad5c-e661-11e8-8985-5f606a994521', null, '1001AA100000000001M7', null, null, 'BS000010000100001004',300, null, null, '分布式',0, null, 'Y', 'N', 'Y', 'N',0, null, null, null, null, 'dataoriginflag',0, null,16, '2018-11-19 11:27:27',0,0, 'N', 'N', 'Y', '2UC000-000151', 'N', 'N', 'N', null, 'N', null, '0' ) ;
insert into md_property ( id, accessorclassname, classid, createtime, creator, datatype, datatypestyle, defaultvalue, description, displayname, dr, help, isactive, hided, nullable, readonly, attrlength, attrmaxvalue, attrminvalue, modifier, modifytime, name, precise, refmodelname, attrsequence, ts, visibility, versiontype, fixedlength, calculation, isauthen, resid, customattr, notserialize, dynamicattr, dynamictable, accesspower, accesspowergroup, industry ) values (  '2763ad5d-e661-11e8-8985-5f606a994521', null, '1001AA100000000001M7', null, null, 'ba3f1197-8584-445d-88a0-102e505f94e5',300, '1', null, '数据类型',0, null, 'Y', 'N', 'Y', 'N',0, null, null, null, null, 'datatype',0, null,17, '2018-11-19 11:27:27',0,0, 'N', 'N', 'Y', '2UC000-000458', 'N', 'N', 'N', null, 'N', null, '0' ) ;
insert into md_property ( id, accessorclassname, classid, createtime, creator, datatype, datatypestyle, defaultvalue, description, displayname, dr, help, isactive, hided, nullable, readonly, attrlength, attrmaxvalue, attrminvalue, modifier, modifytime, name, precise, refmodelname, attrsequence, ts, visibility, versiontype, fixedlength, calculation, isauthen, resid, customattr, notserialize, dynamicattr, dynamictable, accesspower, accesspowergroup, industry ) values (  '2763ad5e-e661-11e8-8985-5f606a994521', null, '1001AA100000000001M7', null, null, 'BS000010000100001056',300, null, null, '自定义项1',0, null, 'Y', 'N', 'Y', 'N',101, null, null, null, null, 'def1',0, null,18, '2018-11-19 11:27:27',0,-1, 'N', 'N', 'Y', null, 'Y', 'N', 'N', null, 'N', null, '0' ) ;
insert into md_property ( id, accessorclassname, classid, createtime, creator, datatype, datatypestyle, defaultvalue, description, displayname, dr, help, isactive, hided, nullable, readonly, attrlength, attrmaxvalue, attrminvalue, modifier, modifytime, name, precise, refmodelname, attrsequence, ts, visibility, versiontype, fixedlength, calculation, isauthen, resid, customattr, notserialize, dynamicattr, dynamictable, accesspower, accesspowergroup, industry ) values (  '2763ad5f-e661-11e8-8985-5f606a994521', null, '1001AA100000000001M7', null, null, 'BS000010000100001056',300, null, null, '自定义项2',0, null, 'Y', 'N', 'Y', 'N',101, null, null, null, null, 'def2',0, null,19, '2018-11-19 11:27:27',0,-1, 'N', 'N', 'Y', null, 'Y', 'N', 'N', null, 'N', null, '0' ) ;
insert into md_property ( id, accessorclassname, classid, createtime, creator, datatype, datatypestyle, defaultvalue, description, displayname, dr, help, isactive, hided, nullable, readonly, attrlength, attrmaxvalue, attrminvalue, modifier, modifytime, name, precise, refmodelname, attrsequence, ts, visibility, versiontype, fixedlength, calculation, isauthen, resid, customattr, notserialize, dynamicattr, dynamictable, accesspower, accesspowergroup, industry ) values (  '2763ad60-e661-11e8-8985-5f606a994521', null, '1001AA100000000001M7', null, null, 'BS000010000100001056',300, null, null, '自定义项3',0, null, 'Y', 'N', 'Y', 'N',101, null, null, null, null, 'def3',0, null,20, '2018-11-19 11:27:27',0,-1, 'N', 'N', 'Y', null, 'Y', 'N', 'N', null, 'N', null, '0' ) ;
insert into md_property ( id, accessorclassname, classid, createtime, creator, datatype, datatypestyle, defaultvalue, description, displayname, dr, help, isactive, hided, nullable, readonly, attrlength, attrmaxvalue, attrminvalue, modifier, modifytime, name, precise, refmodelname, attrsequence, ts, visibility, versiontype, fixedlength, calculation, isauthen, resid, customattr, notserialize, dynamicattr, dynamictable, accesspower, accesspowergroup, industry ) values (  '2763ad61-e661-11e8-8985-5f606a994521', null, '1001AA100000000001M7', null, null, 'BS000010000100001056',300, null, null, '自定义项4',0, null, 'Y', 'N', 'Y', 'N',101, null, null, null, null, 'def4',0, null,21, '2018-11-19 11:27:27',0,-1, 'N', 'N', 'Y', null, 'Y', 'N', 'N', null, 'N', null, '0' ) ;
insert into md_property ( id, accessorclassname, classid, createtime, creator, datatype, datatypestyle, defaultvalue, description, displayname, dr, help, isactive, hided, nullable, readonly, attrlength, attrmaxvalue, attrminvalue, modifier, modifytime, name, precise, refmodelname, attrsequence, ts, visibility, versiontype, fixedlength, calculation, isauthen, resid, customattr, notserialize, dynamicattr, dynamictable, accesspower, accesspowergroup, industry ) values (  '2763ad62-e661-11e8-8985-5f606a994521', null, '1001AA100000000001M7', null, null, 'BS000010000100001056',300, null, null, '自定义项5',0, null, 'Y', 'N', 'Y', 'N',101, null, null, null, null, 'def5',0, null,22, '2018-11-19 11:27:27',0,-1, 'N', 'N', 'Y', null, 'Y', 'N', 'N', null, 'N', null, '0' ) ;
insert into md_property ( id, accessorclassname, classid, createtime, creator, datatype, datatypestyle, defaultvalue, description, displayname, dr, help, isactive, hided, nullable, readonly, attrlength, attrmaxvalue, attrminvalue, modifier, modifytime, name, precise, refmodelname, attrsequence, ts, visibility, versiontype, fixedlength, calculation, isauthen, resid, customattr, notserialize, dynamicattr, dynamictable, accesspower, accesspowergroup, industry ) values (  '2763ad63-e661-11e8-8985-5f606a994521', null, '1001AA100000000001M7', null, null, 'BS000010000100001056',300, null, null, '自定义项6',0, null, 'Y', 'N', 'Y', 'N',101, null, null, null, null, 'def6',0, null,23, '2018-11-19 11:27:27',0,-1, 'N', 'N', 'Y', null, 'Y', 'N', 'N', null, 'N', null, '0' ) ;
insert into md_property ( id, accessorclassname, classid, createtime, creator, datatype, datatypestyle, defaultvalue, description, displayname, dr, help, isactive, hided, nullable, readonly, attrlength, attrmaxvalue, attrminvalue, modifier, modifytime, name, precise, refmodelname, attrsequence, ts, visibility, versiontype, fixedlength, calculation, isauthen, resid, customattr, notserialize, dynamicattr, dynamictable, accesspower, accesspowergroup, industry ) values (  '2763ad64-e661-11e8-8985-5f606a994521', null, '1001AA100000000001M7', null, null, 'BS000010000100001056',300, null, null, '自定义项7',0, null, 'Y', 'N', 'Y', 'N',101, null, null, null, null, 'def7',0, null,24, '2018-11-19 11:27:27',0,-1, 'N', 'N', 'Y', null, 'Y', 'N', 'N', null, 'N', null, '0' ) ;
insert into md_property ( id, accessorclassname, classid, createtime, creator, datatype, datatypestyle, defaultvalue, description, displayname, dr, help, isactive, hided, nullable, readonly, attrlength, attrmaxvalue, attrminvalue, modifier, modifytime, name, precise, refmodelname, attrsequence, ts, visibility, versiontype, fixedlength, calculation, isauthen, resid, customattr, notserialize, dynamicattr, dynamictable, accesspower, accesspowergroup, industry ) values (  '2763ad65-e661-11e8-8985-5f606a994521', null, '1001AA100000000001M7', null, null, 'BS000010000100001056',300, null, null, '自定义项8',0, null, 'Y', 'N', 'Y', 'N',101, null, null, null, null, 'def8',0, null,25, '2018-11-19 11:27:27',0,-1, 'N', 'N', 'Y', null, 'Y', 'N', 'N', null, 'N', null, '0' ) ;
insert into md_property ( id, accessorclassname, classid, createtime, creator, datatype, datatypestyle, defaultvalue, description, displayname, dr, help, isactive, hided, nullable, readonly, attrlength, attrmaxvalue, attrminvalue, modifier, modifytime, name, precise, refmodelname, attrsequence, ts, visibility, versiontype, fixedlength, calculation, isauthen, resid, customattr, notserialize, dynamicattr, dynamictable, accesspower, accesspowergroup, industry ) values (  '2763ad66-e661-11e8-8985-5f606a994521', null, '1001AA100000000001M7', null, null, 'BS000010000100001056',300, null, null, '自定义项9',0, null, 'Y', 'N', 'Y', 'N',101, null, null, null, null, 'def9',0, null,26, '2018-11-19 11:27:27',0,-1, 'N', 'N', 'Y', null, 'Y', 'N', 'N', null, 'N', null, '0' ) ;
insert into md_property ( id, accessorclassname, classid, createtime, creator, datatype, datatypestyle, defaultvalue, description, displayname, dr, help, isactive, hided, nullable, readonly, attrlength, attrmaxvalue, attrminvalue, modifier, modifytime, name, precise, refmodelname, attrsequence, ts, visibility, versiontype, fixedlength, calculation, isauthen, resid, customattr, notserialize, dynamicattr, dynamictable, accesspower, accesspowergroup, industry ) values (  '2763ad67-e661-11e8-8985-5f606a994521', null, '1001AA100000000001M7', null, null, 'BS000010000100001056',300, null, null, '自定义项10',0, null, 'Y', 'N', 'Y', 'N',101, null, null, null, null, 'def10',0, null,27, '2018-11-19 11:27:27',0,-1, 'N', 'N', 'Y', null, 'Y', 'N', 'N', null, 'N', null, '0' ) ;
insert into md_property ( id, accessorclassname, classid, createtime, creator, datatype, datatypestyle, defaultvalue, description, displayname, dr, help, isactive, hided, nullable, readonly, attrlength, attrmaxvalue, attrminvalue, modifier, modifytime, name, precise, refmodelname, attrsequence, ts, visibility, versiontype, fixedlength, calculation, isauthen, resid, customattr, notserialize, dynamicattr, dynamictable, accesspower, accesspowergroup, industry ) values (  '2763ad68-e661-11e8-8985-5f606a994521', null, '1001AA100000000001M7', null, null, 'BS000010000100001056',300, null, null, '自定义项11',0, null, 'Y', 'N', 'Y', 'N',101, null, null, null, null, 'def11',0, null,28, '2018-11-19 11:27:27',0,-1, 'N', 'N', 'Y', null, 'Y', 'N', 'N', null, 'N', null, '0' ) ;
insert into md_property ( id, accessorclassname, classid, createtime, creator, datatype, datatypestyle, defaultvalue, description, displayname, dr, help, isactive, hided, nullable, readonly, attrlength, attrmaxvalue, attrminvalue, modifier, modifytime, name, precise, refmodelname, attrsequence, ts, visibility, versiontype, fixedlength, calculation, isauthen, resid, customattr, notserialize, dynamicattr, dynamictable, accesspower, accesspowergroup, industry ) values (  '2763ad69-e661-11e8-8985-5f606a994521', null, '1001AA100000000001M7', null, null, 'BS000010000100001056',300, null, null, '自定义项12',0, null, 'Y', 'N', 'Y', 'N',101, null, null, null, null, 'def12',0, null,29, '2018-11-19 11:27:27',0,-1, 'N', 'N', 'Y', null, 'Y', 'N', 'N', null, 'N', null, '0' ) ;
insert into md_property ( id, accessorclassname, classid, createtime, creator, datatype, datatypestyle, defaultvalue, description, displayname, dr, help, isactive, hided, nullable, readonly, attrlength, attrmaxvalue, attrminvalue, modifier, modifytime, name, precise, refmodelname, attrsequence, ts, visibility, versiontype, fixedlength, calculation, isauthen, resid, customattr, notserialize, dynamicattr, dynamictable, accesspower, accesspowergroup, industry ) values (  '2763ad6a-e661-11e8-8985-5f606a994521', null, '1001AA100000000001M7', null, null, 'BS000010000100001056',300, null, null, '自定义项13',0, null, 'Y', 'N', 'Y', 'N',101, null, null, null, null, 'def13',0, null,30, '2018-11-19 11:27:27',0,-1, 'N', 'N', 'Y', null, 'Y', 'N', 'N', null, 'N', null, '0' ) ;
insert into md_property ( id, accessorclassname, classid, createtime, creator, datatype, datatypestyle, defaultvalue, description, displayname, dr, help, isactive, hided, nullable, readonly, attrlength, attrmaxvalue, attrminvalue, modifier, modifytime, name, precise, refmodelname, attrsequence, ts, visibility, versiontype, fixedlength, calculation, isauthen, resid, customattr, notserialize, dynamicattr, dynamictable, accesspower, accesspowergroup, industry ) values (  '2763ad6b-e661-11e8-8985-5f606a994521', null, '1001AA100000000001M7', null, null, 'BS000010000100001056',300, null, null, '自定义项14',0, null, 'Y', 'N', 'Y', 'N',101, null, null, null, null, 'def14',0, null,31, '2018-11-19 11:27:27',0,-1, 'N', 'N', 'Y', null, 'Y', 'N', 'N', null, 'N', null, '0' ) ;
insert into md_property ( id, accessorclassname, classid, createtime, creator, datatype, datatypestyle, defaultvalue, description, displayname, dr, help, isactive, hided, nullable, readonly, attrlength, attrmaxvalue, attrminvalue, modifier, modifytime, name, precise, refmodelname, attrsequence, ts, visibility, versiontype, fixedlength, calculation, isauthen, resid, customattr, notserialize, dynamicattr, dynamictable, accesspower, accesspowergroup, industry ) values (  '2763ad6c-e661-11e8-8985-5f606a994521', null, '1001AA100000000001M7', null, null, 'BS000010000100001056',300, null, null, '自定义项15',0, null, 'Y', 'N', 'Y', 'N',101, null, null, null, null, 'def15',0, null,32, '2018-11-19 11:27:27',0,-1, 'N', 'N', 'Y', null, 'Y', 'N', 'N', null, 'N', null, '0' ) ;
insert into md_property ( id, accessorclassname, classid, createtime, creator, datatype, datatypestyle, defaultvalue, description, displayname, dr, help, isactive, hided, nullable, readonly, attrlength, attrmaxvalue, attrminvalue, modifier, modifytime, name, precise, refmodelname, attrsequence, ts, visibility, versiontype, fixedlength, calculation, isauthen, resid, customattr, notserialize, dynamicattr, dynamictable, accesspower, accesspowergroup, industry ) values (  '2763ad6d-e661-11e8-8985-5f606a994521', null, '1001AA100000000001M7', null, null, 'BS000010000100001056',300, null, null, '自定义项16',0, null, 'Y', 'N', 'Y', 'N',101, null, null, null, null, 'def16',0, null,33, '2018-11-19 11:27:27',0,-1, 'N', 'N', 'Y', null, 'Y', 'N', 'N', null, 'N', null, '0' ) ;
insert into md_property ( id, accessorclassname, classid, createtime, creator, datatype, datatypestyle, defaultvalue, description, displayname, dr, help, isactive, hided, nullable, readonly, attrlength, attrmaxvalue, attrminvalue, modifier, modifytime, name, precise, refmodelname, attrsequence, ts, visibility, versiontype, fixedlength, calculation, isauthen, resid, customattr, notserialize, dynamicattr, dynamictable, accesspower, accesspowergroup, industry ) values (  '2763ad6e-e661-11e8-8985-5f606a994521', null, '1001AA100000000001M7', null, null, 'BS000010000100001056',300, null, null, '自定义项17',0, null, 'Y', 'N', 'Y', 'N',101, null, null, null, null, 'def17',0, null,34, '2018-11-19 11:27:27',0,-1, 'N', 'N', 'Y', null, 'Y', 'N', 'N', null, 'N', null, '0' ) ;
insert into md_property ( id, accessorclassname, classid, createtime, creator, datatype, datatypestyle, defaultvalue, description, displayname, dr, help, isactive, hided, nullable, readonly, attrlength, attrmaxvalue, attrminvalue, modifier, modifytime, name, precise, refmodelname, attrsequence, ts, visibility, versiontype, fixedlength, calculation, isauthen, resid, customattr, notserialize, dynamicattr, dynamictable, accesspower, accesspowergroup, industry ) values (  '2763ad6f-e661-11e8-8985-5f606a994521', null, '1001AA100000000001M7', null, null, 'BS000010000100001056',300, null, null, '自定义项18',0, null, 'Y', 'N', 'Y', 'N',101, null, null, null, null, 'def18',0, null,35, '2018-11-19 11:27:27',0,-1, 'N', 'N', 'Y', null, 'Y', 'N', 'N', null, 'N', null, '0' ) ;
insert into md_property ( id, accessorclassname, classid, createtime, creator, datatype, datatypestyle, defaultvalue, description, displayname, dr, help, isactive, hided, nullable, readonly, attrlength, attrmaxvalue, attrminvalue, modifier, modifytime, name, precise, refmodelname, attrsequence, ts, visibility, versiontype, fixedlength, calculation, isauthen, resid, customattr, notserialize, dynamicattr, dynamictable, accesspower, accesspowergroup, industry ) values (  '2763ad70-e661-11e8-8985-5f606a994521', null, '1001AA100000000001M7', null, null, 'BS000010000100001056',300, null, null, '自定义项19',0, null, 'Y', 'N', 'Y', 'N',101, null, null, null, null, 'def19',0, null,36, '2018-11-19 11:27:27',0,-1, 'N', 'N', 'Y', null, 'Y', 'N', 'N', null, 'N', null, '0' ) ;
insert into md_property ( id, accessorclassname, classid, createtime, creator, datatype, datatypestyle, defaultvalue, description, displayname, dr, help, isactive, hided, nullable, readonly, attrlength, attrmaxvalue, attrminvalue, modifier, modifytime, name, precise, refmodelname, attrsequence, ts, visibility, versiontype, fixedlength, calculation, isauthen, resid, customattr, notserialize, dynamicattr, dynamictable, accesspower, accesspowergroup, industry ) values (  '2763ad71-e661-11e8-8985-5f606a994521', null, '1001AA100000000001M7', null, null, 'BS000010000100001056',300, null, null, '自定义项20',0, null, 'Y', 'N', 'Y', 'N',101, null, null, null, null, 'def20',0, null,37, '2018-11-19 11:27:27',0,-1, 'N', 'N', 'Y', null, 'Y', 'N', 'N', null, 'N', null, '0' ) ;
insert into md_bizItfMap ( bizinterfaceid, intattrid, classid, classattrid, bizitfimpclassname, classattrpath, dr, ts ) values (  '6c8722b9-911a-489b-8d0d-18bd3734fcf6', '5dd3c721-22ad-42b1-9c10-4351c236bc77', '1001AA100000000001M7', '2763ad4c-e661-11e8-8985-5f606a994521', null, null,0, '2018-11-19 11:27:27' ) ;
insert into md_bizItfMap ( bizinterfaceid, intattrid, classid, classattrid, bizitfimpclassname, classattrpath, dr, ts ) values (  '6c8722b9-911a-489b-8d0d-18bd3734fcf6', 'ecf1b76a-6e44-42e2-a55e-87596504775b', '1001AA100000000001M7', '2763ad59-e661-11e8-8985-5f606a994521', null, null,0, '2018-11-19 11:27:27' ) ;
insert into md_bizItfMap ( bizinterfaceid, intattrid, classid, classattrid, bizitfimpclassname, classattrpath, dr, ts ) values (  '6c8722b9-911a-489b-8d0d-18bd3734fcf6', 'd32cc17b-f415-415a-923f-0764443eb102', '1001AA100000000001M7', '2763ad45-e661-11e8-8985-5f606a994521', null, null,0, '2018-11-19 11:27:27' ) ;
insert into md_bizItfMap ( bizinterfaceid, intattrid, classid, classattrid, bizitfimpclassname, classattrpath, dr, ts ) values (  '6c8722b9-911a-489b-8d0d-18bd3734fcf6', '89578a97-42fe-439b-827c-8eabd9e3604c', '1001AA100000000001M7', '2763ad52-e661-11e8-8985-5f606a994521', null, null,0, '2018-11-19 11:27:27' ) ;
insert into md_bizItfMap ( bizinterfaceid, intattrid, classid, classattrid, bizitfimpclassname, classattrpath, dr, ts ) values (  '6c8722b9-911a-489b-8d0d-18bd3734fcf6', 'a47e6cda-09e4-480b-923f-ec6f41e3e06c', '1001AA100000000001M7', '2763ad58-e661-11e8-8985-5f606a994521', null, null,0, '2018-11-19 11:27:27' ) ;
insert into md_association ( id, componentid, creator, createtime, dr, endcardinality, startbeanid, endelementid, isactive, modifier, modifytime, name, startcardinality, startelementid, ts, type, versiontype, industry ) values (  '10b1ad8f-cd1a-4690-8249-b3691c29483e', '2763ad46-e661-11e8-8985-5f606a994521', null, null,0, '1', '1001AA100000000001M7', '16c1dca0-e3ed-4dcc-8ed7-75fd59e2bef1', 'Y', null, null, 'Defdoc-C0J00110_pk_defdoclist', '1', '2763ad57-e661-11e8-8985-5f606a994521', '2018-11-19 11:27:27',3,0, '0' ) ;
insert into md_association ( id, componentid, creator, createtime, dr, endcardinality, startbeanid, endelementid, isactive, modifier, modifytime, name, startcardinality, startelementid, ts, type, versiontype, industry ) values (  '6b84956a-5247-4893-b84a-c4bfaf98c21c', '2763ad46-e661-11e8-8985-5f606a994521', null, null,0, '1', '1001AA100000000001M7', '985be8a4-3a36-4778-8afe-2d8ed3902659', 'Y', null, null, 'Defdoc-C0J00110_pk_org', '1', '2763ad59-e661-11e8-8985-5f606a994521', '2018-11-19 11:27:27',3,0, '0' ) ;
insert into md_association ( id, componentid, creator, createtime, dr, endcardinality, startbeanid, endelementid, isactive, modifier, modifytime, name, startcardinality, startelementid, ts, type, versiontype, industry ) values (  'd0cf8d10-2b3c-4553-adf6-d3daf79ddce2', '2763ad46-e661-11e8-8985-5f606a994521', null, null,0, '1', '1001AA100000000001M7', '3b6dd171-2900-47f3-bfbe-41e4483a2a65', 'Y', null, null, 'Defdoc-C0J00110_pk_group', '1', '2763ad58-e661-11e8-8985-5f606a994521', '2018-11-19 11:27:27',3,0, '0' ) ;
insert into md_association ( id, componentid, creator, createtime, dr, endcardinality, startbeanid, endelementid, isactive, modifier, modifytime, name, startcardinality, startelementid, ts, type, versiontype, industry ) values (  'f6e7ed84-1e3d-4ec2-bd59-4c4c87281e69', '2763ad46-e661-11e8-8985-5f606a994521', null, null,0, '1', '1001AA100000000001M7', 'f6f9a473-56c0-432f-8bc7-fbf8fde54fee', 'Y', null, null, 'Defdoc-C0J00110_creator', '1', '2763ad49-e661-11e8-8985-5f606a994521', '2018-11-19 11:27:27',3,0, '0' ) ;
insert into md_association ( id, componentid, creator, createtime, dr, endcardinality, startbeanid, endelementid, isactive, modifier, modifytime, name, startcardinality, startelementid, ts, type, versiontype, industry ) values (  '3e424bc3-5a3d-4e8b-bab9-053883d1a94a', '2763ad46-e661-11e8-8985-5f606a994521', null, null,0, '1', '1001AA100000000001M7', 'f6f9a473-56c0-432f-8bc7-fbf8fde54fee', 'Y', null, null, 'Defdoc-C0J00110_modifier', '1', '2763ad4f-e661-11e8-8985-5f606a994521', '2018-11-19 11:27:27',3,0, '0' ) ;
insert into md_table ( id, createtime, creator, databaseid, description, displayname, dr, help, isactive, fromsourcebmf, modifier, modifytime, name, ts, versiontype, resmodule, resid, parenttable, isextendtable, industry ) values (  'bd_defdoc', '2018-11-12 17:55:58', null, null, null, '触点牌号(自定义档案)',0, 'ignorebdmode,BDMODE,URC,DEFDOC,BUSILOG,DOC', null, 'Y', null, null, 'bd_defdoc', '2018-11-19 11:27:27',0, '10140uddb', null, null, null, '0' ) ;
insert into md_column ( id, sqldatetype, createtime, creator, defaultvalue, description, displayname, dr, help, incrementseed, incrementstep, isactive, identitied, pkey, nullable, columnlength, modifier, modifytime, name, precise, columnsequence, tableid, ts, versiontype, resid, groupid, columntype, forlocale ) values (  'bd_defdoc@@PK@@', 'char', null, null, null, null, '自定义档案主键',0, null,null,null, 'Y', null, 'Y', 'N',20, null, null, 'pk_defdoc',0,0, 'bd_defdoc', '2018-11-19 11:27:27',0, '2UC000-000747', null,0, 'N' ) ;
insert into md_column ( id, sqldatetype, createtime, creator, defaultvalue, description, displayname, dr, help, incrementseed, incrementstep, isactive, identitied, pkey, nullable, columnlength, modifier, modifytime, name, precise, columnsequence, tableid, ts, versiontype, resid, groupid, columntype, forlocale ) values (  'bd_defdoc@@@pk_defdoclist', 'char', null, null, null, null, '自定义档案列表主键',0, null,null,null, 'Y', null, 'N', 'N',20, null, null, 'pk_defdoclist',0,1, 'bd_defdoc', '2018-11-19 11:27:27',0, '2UC000-000748', null,0, 'N' ) ;
insert into md_column ( id, sqldatetype, createtime, creator, defaultvalue, description, displayname, dr, help, incrementseed, incrementstep, isactive, identitied, pkey, nullable, columnlength, modifier, modifytime, name, precise, columnsequence, tableid, ts, versiontype, resid, groupid, columntype, forlocale ) values (  'bd_defdoc@@@pk_org', 'char', null, null, null, null, '所属组织',0, null,null,null, 'Y', null, 'N', 'N',20, null, null, 'pk_org',0,2, 'bd_defdoc', '2018-11-19 11:27:27',0, '2UC000-000360', null,0, 'N' ) ;
insert into md_column ( id, sqldatetype, createtime, creator, defaultvalue, description, displayname, dr, help, incrementseed, incrementstep, isactive, identitied, pkey, nullable, columnlength, modifier, modifytime, name, precise, columnsequence, tableid, ts, versiontype, resid, groupid, columntype, forlocale ) values (  'bd_defdoc@@@pk_group', 'varchar', null, null, '*~', null, '所属集团',0, null,null,null, 'Y', null, 'N', 'Y',20, null, null, 'pk_group',0,3, 'bd_defdoc', '2018-11-19 11:27:27',0, '2UC000-000367', null,0, 'N' ) ;
insert into md_column ( id, sqldatetype, createtime, creator, defaultvalue, description, displayname, dr, help, incrementseed, incrementstep, isactive, identitied, pkey, nullable, columnlength, modifier, modifytime, name, precise, columnsequence, tableid, ts, versiontype, resid, groupid, columntype, forlocale ) values (  'bd_defdoc@@@code', 'varchar', null, null, null, null, '档案编码',0, 'URC',null,null, 'Y', null, 'N', 'N',40, null, null, 'code',0,4, 'bd_defdoc', '2018-11-19 11:27:27',0, '2UC000-000557', null,0, 'N' ) ;
insert into md_column ( id, sqldatetype, createtime, creator, defaultvalue, description, displayname, dr, help, incrementseed, incrementstep, isactive, identitied, pkey, nullable, columnlength, modifier, modifytime, name, precise, columnsequence, tableid, ts, versiontype, resid, groupid, columntype, forlocale ) values (  'bd_defdoc@@@name', 'varchar', null, null, null, null, '档案名称',0, 'URC',null,null, 'Y', null, 'N', 'Y',200, null, null, 'name',0,0, 'bd_defdoc', '2018-11-19 11:27:27',0, '2UC000-000556', 'bd_defdoc@@@name',0, 'N' ) ;
insert into md_column ( id, sqldatetype, createtime, creator, defaultvalue, description, displayname, dr, help, incrementseed, incrementstep, isactive, identitied, pkey, nullable, columnlength, modifier, modifytime, name, precise, columnsequence, tableid, ts, versiontype, resid, groupid, columntype, forlocale ) values (  'bd_defdoc@@@shortname', 'varchar', null, null, null, null, '简称',0, null,null,null, 'Y', null, 'N', 'Y',200, null, null, 'shortname',0,0, 'bd_defdoc', '2018-11-19 11:27:27',0, '2UC000-000675', 'bd_defdoc@@@shortname',0, 'N' ) ;
insert into md_column ( id, sqldatetype, createtime, creator, defaultvalue, description, displayname, dr, help, incrementseed, incrementstep, isactive, identitied, pkey, nullable, columnlength, modifier, modifytime, name, precise, columnsequence, tableid, ts, versiontype, resid, groupid, columntype, forlocale ) values (  'bd_defdoc@@@mnecode', 'varchar', null, null, null, null, '助记码',0, null,null,null, 'Y', null, 'N', 'Y',50, null, null, 'mnecode',0,7, 'bd_defdoc', '2018-11-19 11:27:27',0, '2UC000-000172', null,0, 'N' ) ;
insert into md_column ( id, sqldatetype, createtime, creator, defaultvalue, description, displayname, dr, help, incrementseed, incrementstep, isactive, identitied, pkey, nullable, columnlength, modifier, modifytime, name, precise, columnsequence, tableid, ts, versiontype, resid, groupid, columntype, forlocale ) values (  'bd_defdoc@@@pid', 'varchar', null, null, '*~', null, '上级档案',0, null,null,null, 'Y', null, 'N', 'Y',20, null, null, 'pid',0,8, 'bd_defdoc', '2018-11-19 11:27:27',0, '2UC000-000007', null,0, 'N' ) ;
insert into md_column ( id, sqldatetype, createtime, creator, defaultvalue, description, displayname, dr, help, incrementseed, incrementstep, isactive, identitied, pkey, nullable, columnlength, modifier, modifytime, name, precise, columnsequence, tableid, ts, versiontype, resid, groupid, columntype, forlocale ) values (  'bd_defdoc@@@memo', 'varchar', null, null, null, null, '备注',0, null,null,null, 'Y', null, 'N', 'Y',200, null, null, 'memo',0,9, 'bd_defdoc', '2018-11-19 11:27:27',0, '2UC000-000258', null,0, 'N' ) ;
insert into md_column ( id, sqldatetype, createtime, creator, defaultvalue, description, displayname, dr, help, incrementseed, incrementstep, isactive, identitied, pkey, nullable, columnlength, modifier, modifytime, name, precise, columnsequence, tableid, ts, versiontype, resid, groupid, columntype, forlocale ) values (  'bd_defdoc@@@creator', 'varchar', null, null, '*~', null, '创建人',0, null,null,null, 'Y', null, 'N', 'Y',20, null, null, 'creator',0,10, 'bd_defdoc', '2018-11-19 11:27:27',0, '2UC000-000155', null,0, 'N' ) ;
insert into md_column ( id, sqldatetype, createtime, creator, defaultvalue, description, displayname, dr, help, incrementseed, incrementstep, isactive, identitied, pkey, nullable, columnlength, modifier, modifytime, name, precise, columnsequence, tableid, ts, versiontype, resid, groupid, columntype, forlocale ) values (  'bd_defdoc@@@creationtime', 'char', null, null, null, null, '创建时间',0, null,null,null, 'Y', null, 'N', 'Y',19, null, null, 'creationtime',0,11, 'bd_defdoc', '2018-11-19 11:27:27',0, '2UC000-000157', null,0, 'N' ) ;
insert into md_column ( id, sqldatetype, createtime, creator, defaultvalue, description, displayname, dr, help, incrementseed, incrementstep, isactive, identitied, pkey, nullable, columnlength, modifier, modifytime, name, precise, columnsequence, tableid, ts, versiontype, resid, groupid, columntype, forlocale ) values (  'bd_defdoc@@@modifier', 'varchar', null, null, '*~', null, '最后修改人',0, null,null,null, 'Y', null, 'N', 'Y',20, null, null, 'modifier',0,12, 'bd_defdoc', '2018-11-19 11:27:27',0, '2UC000-000490', null,0, 'N' ) ;
insert into md_column ( id, sqldatetype, createtime, creator, defaultvalue, description, displayname, dr, help, incrementseed, incrementstep, isactive, identitied, pkey, nullable, columnlength, modifier, modifytime, name, precise, columnsequence, tableid, ts, versiontype, resid, groupid, columntype, forlocale ) values (  'bd_defdoc@@@modifiedtime', 'char', null, null, null, null, '最后修改时间',0, null,null,null, 'Y', null, 'N', 'Y',19, null, null, 'modifiedtime',0,13, 'bd_defdoc', '2018-11-19 11:27:27',0, '2UC000-000491', null,0, 'N' ) ;
insert into md_column ( id, sqldatetype, createtime, creator, defaultvalue, description, displayname, dr, help, incrementseed, incrementstep, isactive, identitied, pkey, nullable, columnlength, modifier, modifytime, name, precise, columnsequence, tableid, ts, versiontype, resid, groupid, columntype, forlocale ) values (  'bd_defdoc@@@innercode', 'varchar', null, null, null, null, '内部编码',0, null,null,null, 'Y', null, 'N', 'Y',200, null, null, 'innercode',0,14, 'bd_defdoc', '2018-11-19 11:27:27',0, '2UC000-000136', null,0, 'N' ) ;
insert into md_column ( id, sqldatetype, createtime, creator, defaultvalue, description, displayname, dr, help, incrementseed, incrementstep, isactive, identitied, pkey, nullable, columnlength, modifier, modifytime, name, precise, columnsequence, tableid, ts, versiontype, resid, groupid, columntype, forlocale ) values (  'bd_defdoc@@@enablestate', 'int', null, null, null, null, '启用状态',0, null,null,null, 'Y', null, 'N', 'Y',0, null, null, 'enablestate',0,15, 'bd_defdoc', '2018-11-19 11:27:27',0, '2UC000-000249', null,0, 'N' ) ;
insert into md_column ( id, sqldatetype, createtime, creator, defaultvalue, description, displayname, dr, help, incrementseed, incrementstep, isactive, identitied, pkey, nullable, columnlength, modifier, modifytime, name, precise, columnsequence, tableid, ts, versiontype, resid, groupid, columntype, forlocale ) values (  'bd_defdoc@@@dataoriginflag', 'int', null, null, null, null, '分布式',0, null,null,null, 'Y', null, 'N', 'Y',0, null, null, 'dataoriginflag',0,16, 'bd_defdoc', '2018-11-19 11:27:27',0, '2UC000-000151', null,0, 'N' ) ;
insert into md_column ( id, sqldatetype, createtime, creator, defaultvalue, description, displayname, dr, help, incrementseed, incrementstep, isactive, identitied, pkey, nullable, columnlength, modifier, modifytime, name, precise, columnsequence, tableid, ts, versiontype, resid, groupid, columntype, forlocale ) values (  'bd_defdoc@@@datatype', 'int', null, null, '1', null, '数据类型',0, null,null,null, 'Y', null, 'N', 'Y',0, null, null, 'datatype',0,17, 'bd_defdoc', '2018-11-19 11:27:27',0, '2UC000-000458', null,0, 'N' ) ;
insert into md_column ( id, sqldatetype, createtime, creator, defaultvalue, description, displayname, dr, help, incrementseed, incrementstep, isactive, identitied, pkey, nullable, columnlength, modifier, modifytime, name, precise, columnsequence, tableid, ts, versiontype, resid, groupid, columntype, forlocale ) values (  'bd_defdoc@@@def1', 'varchar', null, null, null, null, '自定义项1',0, null,null,null, 'Y', null, 'N', 'Y',101, null, null, 'def1',0,18, 'bd_defdoc', '2018-11-19 11:27:27',-1, null, null,0, 'N' ) ;
insert into md_column ( id, sqldatetype, createtime, creator, defaultvalue, description, displayname, dr, help, incrementseed, incrementstep, isactive, identitied, pkey, nullable, columnlength, modifier, modifytime, name, precise, columnsequence, tableid, ts, versiontype, resid, groupid, columntype, forlocale ) values (  'bd_defdoc@@@def2', 'varchar', null, null, null, null, '自定义项2',0, null,null,null, 'Y', null, 'N', 'Y',101, null, null, 'def2',0,19, 'bd_defdoc', '2018-11-19 11:27:27',-1, null, null,0, 'N' ) ;
insert into md_column ( id, sqldatetype, createtime, creator, defaultvalue, description, displayname, dr, help, incrementseed, incrementstep, isactive, identitied, pkey, nullable, columnlength, modifier, modifytime, name, precise, columnsequence, tableid, ts, versiontype, resid, groupid, columntype, forlocale ) values (  'bd_defdoc@@@def3', 'varchar', null, null, null, null, '自定义项3',0, null,null,null, 'Y', null, 'N', 'Y',101, null, null, 'def3',0,20, 'bd_defdoc', '2018-11-19 11:27:27',-1, null, null,0, 'N' ) ;
insert into md_column ( id, sqldatetype, createtime, creator, defaultvalue, description, displayname, dr, help, incrementseed, incrementstep, isactive, identitied, pkey, nullable, columnlength, modifier, modifytime, name, precise, columnsequence, tableid, ts, versiontype, resid, groupid, columntype, forlocale ) values (  'bd_defdoc@@@def4', 'varchar', null, null, null, null, '自定义项4',0, null,null,null, 'Y', null, 'N', 'Y',101, null, null, 'def4',0,21, 'bd_defdoc', '2018-11-19 11:27:27',-1, null, null,0, 'N' ) ;
insert into md_column ( id, sqldatetype, createtime, creator, defaultvalue, description, displayname, dr, help, incrementseed, incrementstep, isactive, identitied, pkey, nullable, columnlength, modifier, modifytime, name, precise, columnsequence, tableid, ts, versiontype, resid, groupid, columntype, forlocale ) values (  'bd_defdoc@@@def5', 'varchar', null, null, null, null, '自定义项5',0, null,null,null, 'Y', null, 'N', 'Y',101, null, null, 'def5',0,22, 'bd_defdoc', '2018-11-19 11:27:27',-1, null, null,0, 'N' ) ;
insert into md_column ( id, sqldatetype, createtime, creator, defaultvalue, description, displayname, dr, help, incrementseed, incrementstep, isactive, identitied, pkey, nullable, columnlength, modifier, modifytime, name, precise, columnsequence, tableid, ts, versiontype, resid, groupid, columntype, forlocale ) values (  'bd_defdoc@@@def6', 'varchar', null, null, null, null, '自定义项6',0, null,null,null, 'Y', null, 'N', 'Y',101, null, null, 'def6',0,23, 'bd_defdoc', '2018-11-19 11:27:27',-1, null, null,0, 'N' ) ;
insert into md_column ( id, sqldatetype, createtime, creator, defaultvalue, description, displayname, dr, help, incrementseed, incrementstep, isactive, identitied, pkey, nullable, columnlength, modifier, modifytime, name, precise, columnsequence, tableid, ts, versiontype, resid, groupid, columntype, forlocale ) values (  'bd_defdoc@@@def7', 'varchar', null, null, null, null, '自定义项7',0, null,null,null, 'Y', null, 'N', 'Y',101, null, null, 'def7',0,24, 'bd_defdoc', '2018-11-19 11:27:27',-1, null, null,0, 'N' ) ;
insert into md_column ( id, sqldatetype, createtime, creator, defaultvalue, description, displayname, dr, help, incrementseed, incrementstep, isactive, identitied, pkey, nullable, columnlength, modifier, modifytime, name, precise, columnsequence, tableid, ts, versiontype, resid, groupid, columntype, forlocale ) values (  'bd_defdoc@@@def8', 'varchar', null, null, null, null, '自定义项8',0, null,null,null, 'Y', null, 'N', 'Y',101, null, null, 'def8',0,25, 'bd_defdoc', '2018-11-19 11:27:27',-1, null, null,0, 'N' ) ;
insert into md_column ( id, sqldatetype, createtime, creator, defaultvalue, description, displayname, dr, help, incrementseed, incrementstep, isactive, identitied, pkey, nullable, columnlength, modifier, modifytime, name, precise, columnsequence, tableid, ts, versiontype, resid, groupid, columntype, forlocale ) values (  'bd_defdoc@@@def9', 'varchar', null, null, null, null, '自定义项9',0, null,null,null, 'Y', null, 'N', 'Y',101, null, null, 'def9',0,26, 'bd_defdoc', '2018-11-19 11:27:27',-1, null, null,0, 'N' ) ;
insert into md_column ( id, sqldatetype, createtime, creator, defaultvalue, description, displayname, dr, help, incrementseed, incrementstep, isactive, identitied, pkey, nullable, columnlength, modifier, modifytime, name, precise, columnsequence, tableid, ts, versiontype, resid, groupid, columntype, forlocale ) values (  'bd_defdoc@@@def10', 'varchar', null, null, null, null, '自定义项10',0, null,null,null, 'Y', null, 'N', 'Y',101, null, null, 'def10',0,27, 'bd_defdoc', '2018-11-19 11:27:27',-1, null, null,0, 'N' ) ;
insert into md_column ( id, sqldatetype, createtime, creator, defaultvalue, description, displayname, dr, help, incrementseed, incrementstep, isactive, identitied, pkey, nullable, columnlength, modifier, modifytime, name, precise, columnsequence, tableid, ts, versiontype, resid, groupid, columntype, forlocale ) values (  'bd_defdoc@@@def11', 'varchar', null, null, null, null, '自定义项11',0, null,null,null, 'Y', null, 'N', 'Y',101, null, null, 'def11',0,28, 'bd_defdoc', '2018-11-19 11:27:27',-1, null, null,0, 'N' ) ;
insert into md_column ( id, sqldatetype, createtime, creator, defaultvalue, description, displayname, dr, help, incrementseed, incrementstep, isactive, identitied, pkey, nullable, columnlength, modifier, modifytime, name, precise, columnsequence, tableid, ts, versiontype, resid, groupid, columntype, forlocale ) values (  'bd_defdoc@@@def12', 'varchar', null, null, null, null, '自定义项12',0, null,null,null, 'Y', null, 'N', 'Y',101, null, null, 'def12',0,29, 'bd_defdoc', '2018-11-19 11:27:27',-1, null, null,0, 'N' ) ;
insert into md_column ( id, sqldatetype, createtime, creator, defaultvalue, description, displayname, dr, help, incrementseed, incrementstep, isactive, identitied, pkey, nullable, columnlength, modifier, modifytime, name, precise, columnsequence, tableid, ts, versiontype, resid, groupid, columntype, forlocale ) values (  'bd_defdoc@@@def13', 'varchar', null, null, null, null, '自定义项13',0, null,null,null, 'Y', null, 'N', 'Y',101, null, null, 'def13',0,30, 'bd_defdoc', '2018-11-19 11:27:27',-1, null, null,0, 'N' ) ;
insert into md_column ( id, sqldatetype, createtime, creator, defaultvalue, description, displayname, dr, help, incrementseed, incrementstep, isactive, identitied, pkey, nullable, columnlength, modifier, modifytime, name, precise, columnsequence, tableid, ts, versiontype, resid, groupid, columntype, forlocale ) values (  'bd_defdoc@@@def14', 'varchar', null, null, null, null, '自定义项14',0, null,null,null, 'Y', null, 'N', 'Y',101, null, null, 'def14',0,31, 'bd_defdoc', '2018-11-19 11:27:27',-1, null, null,0, 'N' ) ;
insert into md_column ( id, sqldatetype, createtime, creator, defaultvalue, description, displayname, dr, help, incrementseed, incrementstep, isactive, identitied, pkey, nullable, columnlength, modifier, modifytime, name, precise, columnsequence, tableid, ts, versiontype, resid, groupid, columntype, forlocale ) values (  'bd_defdoc@@@def15', 'varchar', null, null, null, null, '自定义项15',0, null,null,null, 'Y', null, 'N', 'Y',101, null, null, 'def15',0,32, 'bd_defdoc', '2018-11-19 11:27:27',-1, null, null,0, 'N' ) ;
insert into md_column ( id, sqldatetype, createtime, creator, defaultvalue, description, displayname, dr, help, incrementseed, incrementstep, isactive, identitied, pkey, nullable, columnlength, modifier, modifytime, name, precise, columnsequence, tableid, ts, versiontype, resid, groupid, columntype, forlocale ) values (  'bd_defdoc@@@def16', 'varchar', null, null, null, null, '自定义项16',0, null,null,null, 'Y', null, 'N', 'Y',101, null, null, 'def16',0,33, 'bd_defdoc', '2018-11-19 11:27:27',-1, null, null,0, 'N' ) ;
insert into md_column ( id, sqldatetype, createtime, creator, defaultvalue, description, displayname, dr, help, incrementseed, incrementstep, isactive, identitied, pkey, nullable, columnlength, modifier, modifytime, name, precise, columnsequence, tableid, ts, versiontype, resid, groupid, columntype, forlocale ) values (  'bd_defdoc@@@def17', 'varchar', null, null, null, null, '自定义项17',0, null,null,null, 'Y', null, 'N', 'Y',101, null, null, 'def17',0,34, 'bd_defdoc', '2018-11-19 11:27:27',-1, null, null,0, 'N' ) ;
insert into md_column ( id, sqldatetype, createtime, creator, defaultvalue, description, displayname, dr, help, incrementseed, incrementstep, isactive, identitied, pkey, nullable, columnlength, modifier, modifytime, name, precise, columnsequence, tableid, ts, versiontype, resid, groupid, columntype, forlocale ) values (  'bd_defdoc@@@def18', 'varchar', null, null, null, null, '自定义项18',0, null,null,null, 'Y', null, 'N', 'Y',101, null, null, 'def18',0,35, 'bd_defdoc', '2018-11-19 11:27:27',-1, null, null,0, 'N' ) ;
insert into md_column ( id, sqldatetype, createtime, creator, defaultvalue, description, displayname, dr, help, incrementseed, incrementstep, isactive, identitied, pkey, nullable, columnlength, modifier, modifytime, name, precise, columnsequence, tableid, ts, versiontype, resid, groupid, columntype, forlocale ) values (  'bd_defdoc@@@def19', 'varchar', null, null, null, null, '自定义项19',0, null,null,null, 'Y', null, 'N', 'Y',101, null, null, 'def19',0,36, 'bd_defdoc', '2018-11-19 11:27:27',-1, null, null,0, 'N' ) ;
insert into md_column ( id, sqldatetype, createtime, creator, defaultvalue, description, displayname, dr, help, incrementseed, incrementstep, isactive, identitied, pkey, nullable, columnlength, modifier, modifytime, name, precise, columnsequence, tableid, ts, versiontype, resid, groupid, columntype, forlocale ) values (  'bd_defdoc@@@def20', 'varchar', null, null, null, null, '自定义项20',0, null,null,null, 'Y', null, 'N', 'Y',101, null, null, 'def20',0,37, 'bd_defdoc', '2018-11-19 11:27:27',-1, null, null,0, 'N' ) ;
insert into md_column ( id, sqldatetype, createtime, creator, defaultvalue, description, displayname, dr, help, incrementseed, incrementstep, isactive, identitied, pkey, nullable, columnlength, modifier, modifytime, name, precise, columnsequence, tableid, ts, versiontype, resid, groupid, columntype, forlocale ) values (  'bd_defdoc@@@name2', 'varchar', null, null, null, null, '档案名称2',0, 'URC',null,null, 'Y', null, 'N', 'Y',200, null, null, 'name2',0,0, 'bd_defdoc', '2018-11-19 11:27:27',0, '2UC000-000556', 'bd_defdoc@@@name',0, 'N' ) ;
insert into md_column ( id, sqldatetype, createtime, creator, defaultvalue, description, displayname, dr, help, incrementseed, incrementstep, isactive, identitied, pkey, nullable, columnlength, modifier, modifytime, name, precise, columnsequence, tableid, ts, versiontype, resid, groupid, columntype, forlocale ) values (  'bd_defdoc@@@name3', 'varchar', null, null, null, null, '档案名称3',0, 'URC',null,null, 'Y', null, 'N', 'Y',200, null, null, 'name3',0,0, 'bd_defdoc', '2018-11-19 11:27:27',0, '2UC000-000556', 'bd_defdoc@@@name',0, 'N' ) ;
insert into md_column ( id, sqldatetype, createtime, creator, defaultvalue, description, displayname, dr, help, incrementseed, incrementstep, isactive, identitied, pkey, nullable, columnlength, modifier, modifytime, name, precise, columnsequence, tableid, ts, versiontype, resid, groupid, columntype, forlocale ) values (  'bd_defdoc@@@name4', 'varchar', null, null, null, null, '档案名称4',0, 'URC',null,null, 'Y', null, 'N', 'Y',200, null, null, 'name4',0,0, 'bd_defdoc', '2018-11-19 11:27:27',0, '2UC000-000556', 'bd_defdoc@@@name',0, 'N' ) ;
insert into md_column ( id, sqldatetype, createtime, creator, defaultvalue, description, displayname, dr, help, incrementseed, incrementstep, isactive, identitied, pkey, nullable, columnlength, modifier, modifytime, name, precise, columnsequence, tableid, ts, versiontype, resid, groupid, columntype, forlocale ) values (  'bd_defdoc@@@name5', 'varchar', null, null, null, null, '档案名称5',0, 'URC',null,null, 'Y', null, 'N', 'Y',200, null, null, 'name5',0,0, 'bd_defdoc', '2018-11-19 11:27:27',0, '2UC000-000556', 'bd_defdoc@@@name',0, 'N' ) ;
insert into md_column ( id, sqldatetype, createtime, creator, defaultvalue, description, displayname, dr, help, incrementseed, incrementstep, isactive, identitied, pkey, nullable, columnlength, modifier, modifytime, name, precise, columnsequence, tableid, ts, versiontype, resid, groupid, columntype, forlocale ) values (  'bd_defdoc@@@name6', 'varchar', null, null, null, null, '档案名称6',0, 'URC',null,null, 'Y', null, 'N', 'Y',200, null, null, 'name6',0,0, 'bd_defdoc', '2018-11-19 11:27:27',0, '2UC000-000556', 'bd_defdoc@@@name',0, 'N' ) ;
insert into md_column ( id, sqldatetype, createtime, creator, defaultvalue, description, displayname, dr, help, incrementseed, incrementstep, isactive, identitied, pkey, nullable, columnlength, modifier, modifytime, name, precise, columnsequence, tableid, ts, versiontype, resid, groupid, columntype, forlocale ) values (  'bd_defdoc@@@shortname2', 'varchar', null, null, null, null, '简称2',0, null,null,null, 'Y', null, 'N', 'Y',200, null, null, 'shortname2',0,0, 'bd_defdoc', '2018-11-19 11:27:27',0, '2UC000-000675', 'bd_defdoc@@@shortname',0, 'N' ) ;
insert into md_column ( id, sqldatetype, createtime, creator, defaultvalue, description, displayname, dr, help, incrementseed, incrementstep, isactive, identitied, pkey, nullable, columnlength, modifier, modifytime, name, precise, columnsequence, tableid, ts, versiontype, resid, groupid, columntype, forlocale ) values (  'bd_defdoc@@@shortname3', 'varchar', null, null, null, null, '简称3',0, null,null,null, 'Y', null, 'N', 'Y',200, null, null, 'shortname3',0,0, 'bd_defdoc', '2018-11-19 11:27:27',0, '2UC000-000675', 'bd_defdoc@@@shortname',0, 'N' ) ;
insert into md_column ( id, sqldatetype, createtime, creator, defaultvalue, description, displayname, dr, help, incrementseed, incrementstep, isactive, identitied, pkey, nullable, columnlength, modifier, modifytime, name, precise, columnsequence, tableid, ts, versiontype, resid, groupid, columntype, forlocale ) values (  'bd_defdoc@@@shortname4', 'varchar', null, null, null, null, '简称4',0, null,null,null, 'Y', null, 'N', 'Y',200, null, null, 'shortname4',0,0, 'bd_defdoc', '2018-11-19 11:27:27',0, '2UC000-000675', 'bd_defdoc@@@shortname',0, 'N' ) ;
insert into md_column ( id, sqldatetype, createtime, creator, defaultvalue, description, displayname, dr, help, incrementseed, incrementstep, isactive, identitied, pkey, nullable, columnlength, modifier, modifytime, name, precise, columnsequence, tableid, ts, versiontype, resid, groupid, columntype, forlocale ) values (  'bd_defdoc@@@shortname5', 'varchar', null, null, null, null, '简称5',0, null,null,null, 'Y', null, 'N', 'Y',200, null, null, 'shortname5',0,0, 'bd_defdoc', '2018-11-19 11:27:27',0, '2UC000-000675', 'bd_defdoc@@@shortname',0, 'N' ) ;
insert into md_column ( id, sqldatetype, createtime, creator, defaultvalue, description, displayname, dr, help, incrementseed, incrementstep, isactive, identitied, pkey, nullable, columnlength, modifier, modifytime, name, precise, columnsequence, tableid, ts, versiontype, resid, groupid, columntype, forlocale ) values (  'bd_defdoc@@@shortname6', 'varchar', null, null, null, null, '简称6',0, null,null,null, 'Y', null, 'N', 'Y',200, null, null, 'shortname6',0,0, 'bd_defdoc', '2018-11-19 11:27:27',0, '2UC000-000675', 'bd_defdoc@@@shortname',0, 'N' ) ;
insert into md_ORMap ( attributeid, classid, columnid, dr, tableid, ts ) values (  '2763ad70-e661-11e8-8985-5f606a994521', '1001AA100000000001M7', 'bd_defdoc@@@def19',0, 'bd_defdoc', '2018-11-19 11:27:27' ) ;
insert into md_ORMap ( attributeid, classid, columnid, dr, tableid, ts ) values (  '2763ad64-e661-11e8-8985-5f606a994521', '1001AA100000000001M7', 'bd_defdoc@@@def7',0, 'bd_defdoc', '2018-11-19 11:27:27' ) ;
insert into md_ORMap ( attributeid, classid, columnid, dr, tableid, ts ) values (  '2763ad61-e661-11e8-8985-5f606a994521', '1001AA100000000001M7', 'bd_defdoc@@@def4',0, 'bd_defdoc', '2018-11-19 11:27:27' ) ;
insert into md_ORMap ( attributeid, classid, columnid, dr, tableid, ts ) values (  '2763ad63-e661-11e8-8985-5f606a994521', '1001AA100000000001M7', 'bd_defdoc@@@def6',0, 'bd_defdoc', '2018-11-19 11:27:27' ) ;
insert into md_ORMap ( attributeid, classid, columnid, dr, tableid, ts ) values (  '2763ad5c-e661-11e8-8985-5f606a994521', '1001AA100000000001M7', 'bd_defdoc@@@dataoriginflag',0, 'bd_defdoc', '2018-11-19 11:27:27' ) ;
insert into md_ORMap ( attributeid, classid, columnid, dr, tableid, ts ) values (  '2763ad6d-e661-11e8-8985-5f606a994521', '1001AA100000000001M7', 'bd_defdoc@@@def16',0, 'bd_defdoc', '2018-11-19 11:27:27' ) ;
insert into md_ORMap ( attributeid, classid, columnid, dr, tableid, ts ) values (  '2763ad6c-e661-11e8-8985-5f606a994521', '1001AA100000000001M7', 'bd_defdoc@@@def15',0, 'bd_defdoc', '2018-11-19 11:27:27' ) ;
insert into md_ORMap ( attributeid, classid, columnid, dr, tableid, ts ) values (  '2763ad49-e661-11e8-8985-5f606a994521', '1001AA100000000001M7', 'bd_defdoc@@@creator',0, 'bd_defdoc', '2018-11-19 11:27:27' ) ;
insert into md_ORMap ( attributeid, classid, columnid, dr, tableid, ts ) values (  '2763ad52-e661-11e8-8985-5f606a994521', '1001AA100000000001M7', 'bd_defdoc@@@name',0, 'bd_defdoc', '2018-11-19 11:27:27' ) ;
insert into md_ORMap ( attributeid, classid, columnid, dr, tableid, ts ) values (  '2763ad60-e661-11e8-8985-5f606a994521', '1001AA100000000001M7', 'bd_defdoc@@@def3',0, 'bd_defdoc', '2018-11-19 11:27:27' ) ;
insert into md_ORMap ( attributeid, classid, columnid, dr, tableid, ts ) values (  '2763ad48-e661-11e8-8985-5f606a994521', '1001AA100000000001M7', 'bd_defdoc@@@creationtime',0, 'bd_defdoc', '2018-11-19 11:27:27' ) ;
insert into md_ORMap ( attributeid, classid, columnid, dr, tableid, ts ) values (  '2763ad51-e661-11e8-8985-5f606a994521', '1001AA100000000001M7', 'bd_defdoc@@@modifiedtime',0, 'bd_defdoc', '2018-11-19 11:27:27' ) ;
insert into md_ORMap ( attributeid, classid, columnid, dr, tableid, ts ) values (  '2763ad45-e661-11e8-8985-5f606a994521', '1001AA100000000001M7', 'bd_defdoc@@@code',0, 'bd_defdoc', '2018-11-19 11:27:27' ) ;
insert into md_ORMap ( attributeid, classid, columnid, dr, tableid, ts ) values (  '2763ad6f-e661-11e8-8985-5f606a994521', '1001AA100000000001M7', 'bd_defdoc@@@def18',0, 'bd_defdoc', '2018-11-19 11:27:27' ) ;
insert into md_ORMap ( attributeid, classid, columnid, dr, tableid, ts ) values (  '2763ad71-e661-11e8-8985-5f606a994521', '1001AA100000000001M7', 'bd_defdoc@@@def20',0, 'bd_defdoc', '2018-11-19 11:27:27' ) ;
insert into md_ORMap ( attributeid, classid, columnid, dr, tableid, ts ) values (  '2763ad6b-e661-11e8-8985-5f606a994521', '1001AA100000000001M7', 'bd_defdoc@@@def14',0, 'bd_defdoc', '2018-11-19 11:27:27' ) ;
insert into md_ORMap ( attributeid, classid, columnid, dr, tableid, ts ) values (  '2763ad69-e661-11e8-8985-5f606a994521', '1001AA100000000001M7', 'bd_defdoc@@@def12',0, 'bd_defdoc', '2018-11-19 11:27:27' ) ;
insert into md_ORMap ( attributeid, classid, columnid, dr, tableid, ts ) values (  '2763ad67-e661-11e8-8985-5f606a994521', '1001AA100000000001M7', 'bd_defdoc@@@def10',0, 'bd_defdoc', '2018-11-19 11:27:27' ) ;
insert into md_ORMap ( attributeid, classid, columnid, dr, tableid, ts ) values (  '2763ad68-e661-11e8-8985-5f606a994521', '1001AA100000000001M7', 'bd_defdoc@@@def11',0, 'bd_defdoc', '2018-11-19 11:27:27' ) ;
insert into md_ORMap ( attributeid, classid, columnid, dr, tableid, ts ) values (  '2763ad55-e661-11e8-8985-5f606a994521', '1001AA100000000001M7', 'bd_defdoc@@@pid',0, 'bd_defdoc', '2018-11-19 11:27:27' ) ;
insert into md_ORMap ( attributeid, classid, columnid, dr, tableid, ts ) values (  '2763ad4b-e661-11e8-8985-5f606a994521', '1001AA100000000001M7', 'bd_defdoc@@@innercode',0, 'bd_defdoc', '2018-11-19 11:27:27' ) ;
insert into md_ORMap ( attributeid, classid, columnid, dr, tableid, ts ) values (  '2763ad66-e661-11e8-8985-5f606a994521', '1001AA100000000001M7', 'bd_defdoc@@@def9',0, 'bd_defdoc', '2018-11-19 11:27:27' ) ;
insert into md_ORMap ( attributeid, classid, columnid, dr, tableid, ts ) values (  '2763ad62-e661-11e8-8985-5f606a994521', '1001AA100000000001M7', 'bd_defdoc@@@def5',0, 'bd_defdoc', '2018-11-19 11:27:27' ) ;
insert into md_ORMap ( attributeid, classid, columnid, dr, tableid, ts ) values (  '2763ad6a-e661-11e8-8985-5f606a994521', '1001AA100000000001M7', 'bd_defdoc@@@def13',0, 'bd_defdoc', '2018-11-19 11:27:27' ) ;
insert into md_ORMap ( attributeid, classid, columnid, dr, tableid, ts ) values (  '2763ad5d-e661-11e8-8985-5f606a994521', '1001AA100000000001M7', 'bd_defdoc@@@datatype',0, 'bd_defdoc', '2018-11-19 11:27:27' ) ;
insert into md_ORMap ( attributeid, classid, columnid, dr, tableid, ts ) values (  '2763ad59-e661-11e8-8985-5f606a994521', '1001AA100000000001M7', 'bd_defdoc@@@pk_org',0, 'bd_defdoc', '2018-11-19 11:27:27' ) ;
insert into md_ORMap ( attributeid, classid, columnid, dr, tableid, ts ) values (  '2763ad65-e661-11e8-8985-5f606a994521', '1001AA100000000001M7', 'bd_defdoc@@@def8',0, 'bd_defdoc', '2018-11-19 11:27:27' ) ;
insert into md_ORMap ( attributeid, classid, columnid, dr, tableid, ts ) values (  '2763ad58-e661-11e8-8985-5f606a994521', '1001AA100000000001M7', 'bd_defdoc@@@pk_group',0, 'bd_defdoc', '2018-11-19 11:27:27' ) ;
insert into md_ORMap ( attributeid, classid, columnid, dr, tableid, ts ) values (  '2763ad5e-e661-11e8-8985-5f606a994521', '1001AA100000000001M7', 'bd_defdoc@@@def1',0, 'bd_defdoc', '2018-11-19 11:27:27' ) ;
insert into md_ORMap ( attributeid, classid, columnid, dr, tableid, ts ) values (  '2763ad4e-e661-11e8-8985-5f606a994521', '1001AA100000000001M7', 'bd_defdoc@@@mnecode',0, 'bd_defdoc', '2018-11-19 11:27:27' ) ;
insert into md_ORMap ( attributeid, classid, columnid, dr, tableid, ts ) values (  '2763ad53-e661-11e8-8985-5f606a994521', '1001AA100000000001M7', 'bd_defdoc@@@shortname',0, 'bd_defdoc', '2018-11-19 11:27:27' ) ;
insert into md_ORMap ( attributeid, classid, columnid, dr, tableid, ts ) values (  '2763ad4d-e661-11e8-8985-5f606a994521', '1001AA100000000001M7', 'bd_defdoc@@@memo',0, 'bd_defdoc', '2018-11-19 11:27:27' ) ;
insert into md_ORMap ( attributeid, classid, columnid, dr, tableid, ts ) values (  '2763ad5a-e661-11e8-8985-5f606a994521', '1001AA100000000001M7', 'bd_defdoc@@@enablestate',0, 'bd_defdoc', '2018-11-19 11:27:27' ) ;
insert into md_ORMap ( attributeid, classid, columnid, dr, tableid, ts ) values (  '2763ad57-e661-11e8-8985-5f606a994521', '1001AA100000000001M7', 'bd_defdoc@@@pk_defdoclist',0, 'bd_defdoc', '2018-11-19 11:27:27' ) ;
insert into md_ORMap ( attributeid, classid, columnid, dr, tableid, ts ) values (  '2763ad5f-e661-11e8-8985-5f606a994521', '1001AA100000000001M7', 'bd_defdoc@@@def2',0, 'bd_defdoc', '2018-11-19 11:27:27' ) ;
insert into md_ORMap ( attributeid, classid, columnid, dr, tableid, ts ) values (  '2763ad6e-e661-11e8-8985-5f606a994521', '1001AA100000000001M7', 'bd_defdoc@@@def17',0, 'bd_defdoc', '2018-11-19 11:27:27' ) ;
insert into md_ORMap ( attributeid, classid, columnid, dr, tableid, ts ) values (  '2763ad4c-e661-11e8-8985-5f606a994521', '1001AA100000000001M7', 'bd_defdoc@@PK@@',0, 'bd_defdoc', '2018-11-19 11:27:27' ) ;
insert into md_ORMap ( attributeid, classid, columnid, dr, tableid, ts ) values (  '2763ad4f-e661-11e8-8985-5f606a994521', '1001AA100000000001M7', 'bd_defdoc@@@modifier',0, 'bd_defdoc', '2018-11-19 11:27:27' ) ;


--Defdoc-C0J00113
delete from md_db_relation where startattrid in (select id from md_property where classid in ('1001AA10000000000NXB','@@@@' ) )  and starttableid in ('bd_defdoc','@@@@');
delete from md_ORMap where ATTRIBUTEID in(select id from md_property where classid in ('1001AA10000000000NXB','@@@@' ) )  and tableid in ('bd_defdoc','@@@@') ;
delete from md_table where id not in (select distinct tableid from md_ormap );
delete from md_column where  tableid in('bd_defdoc','@@@@') and id not in(select distinct columnid from md_ormap) and (nvl(groupid ,'~')='~' or groupid = id )  and name <> 'extend_bean_tag' ;
delete from md_column where tableid in ('bd_defdoc','@@@@')and groupid is not null and groupid not in( select distinct id from md_column where tableid in ('bd_defdoc','@@@@') ) ;
delete from md_db_relation where starttableid not in (select id from md_table);
delete from md_property where classID in (select distinct id from md_class where componentID='b3e6e1aa-ea3c-11e8-a9bb-d5565d1ec044'  )  ;
delete from md_association where componentID = 'b3e6e1aa-ea3c-11e8-a9bb-d5565d1ec044'  ;
delete from md_bizItfMap where classID in (select distinct id from md_class where componentID='b3e6e1aa-ea3c-11e8-a9bb-d5565d1ec044'  );
delete from md_bizItfMap where classID in ( select id from md_opInterface where componentID = 'b3e6e1aa-ea3c-11e8-a9bb-d5565d1ec044'  );
delete from md_accessorPara where id in (select distinct id from md_class where componentID='b3e6e1aa-ea3c-11e8-a9bb-d5565d1ec044'  );
delete from md_enumValue where id in (select distinct id from md_class where componentID='b3e6e1aa-ea3c-11e8-a9bb-d5565d1ec044'  ) ;
delete from md_class where componentID = 'b3e6e1aa-ea3c-11e8-a9bb-d5565d1ec044'  ;
delete from md_component where id = 'b3e6e1aa-ea3c-11e8-a9bb-d5565d1ec044' ;
delete from md_table where (id='bd_defdoc');
delete from md_column where (id='bd_defdoc@@PK@@');
delete from md_column where (id='bd_defdoc@@@pk_defdoclist');
delete from md_column where (id='bd_defdoc@@@pk_org');
delete from md_column where (id='bd_defdoc@@@pk_group');
delete from md_column where (id='bd_defdoc@@@code');
delete from md_column where (id='bd_defdoc@@@name');
delete from md_column where (id='bd_defdoc@@@shortname');
delete from md_column where (id='bd_defdoc@@@mnecode');
delete from md_column where (id='bd_defdoc@@@pid');
delete from md_column where (id='bd_defdoc@@@memo');
delete from md_column where (id='bd_defdoc@@@creator');
delete from md_column where (id='bd_defdoc@@@creationtime');
delete from md_column where (id='bd_defdoc@@@modifier');
delete from md_column where (id='bd_defdoc@@@modifiedtime');
delete from md_column where (id='bd_defdoc@@@innercode');
delete from md_column where (id='bd_defdoc@@@enablestate');
delete from md_column where (id='bd_defdoc@@@dataoriginflag');
delete from md_column where (id='bd_defdoc@@@datatype');
delete from md_column where (id='bd_defdoc@@@def1');
delete from md_column where (id='bd_defdoc@@@def2');
delete from md_column where (id='bd_defdoc@@@def3');
delete from md_column where (id='bd_defdoc@@@def4');
delete from md_column where (id='bd_defdoc@@@def5');
delete from md_column where (id='bd_defdoc@@@def6');
delete from md_column where (id='bd_defdoc@@@def7');
delete from md_column where (id='bd_defdoc@@@def8');
delete from md_column where (id='bd_defdoc@@@def9');
delete from md_column where (id='bd_defdoc@@@def10');
delete from md_column where (id='bd_defdoc@@@def11');
delete from md_column where (id='bd_defdoc@@@def12');
delete from md_column where (id='bd_defdoc@@@def13');
delete from md_column where (id='bd_defdoc@@@def14');
delete from md_column where (id='bd_defdoc@@@def15');
delete from md_column where (id='bd_defdoc@@@def16');
delete from md_column where (id='bd_defdoc@@@def17');
delete from md_column where (id='bd_defdoc@@@def18');
delete from md_column where (id='bd_defdoc@@@def19');
delete from md_column where (id='bd_defdoc@@@def20');
delete from md_column where (id='bd_defdoc@@@name2');
delete from md_column where (id='bd_defdoc@@@name3');
delete from md_column where (id='bd_defdoc@@@name4');
delete from md_column where (id='bd_defdoc@@@name5');
delete from md_column where (id='bd_defdoc@@@name6');
delete from md_column where (id='bd_defdoc@@@shortname2');
delete from md_column where (id='bd_defdoc@@@shortname3');
delete from md_column where (id='bd_defdoc@@@shortname4');
delete from md_column where (id='bd_defdoc@@@shortname5');
delete from md_column where (id='bd_defdoc@@@shortname6');


insert into md_component ( createtime, creator, description, displayname, dr, fromsourcebmf, help, id, industry, isbizmodel, modifier, modifytime, name, namespace, ownmodule, preload, resid, resmodule, ts, version, versiontype ) values (  '2018-11-17 15:45:07', null, null, '客户类型(自定义档案)',0, 'Y', null, 'b3e6e1aa-ea3c-11e8-a9bb-d5565d1ec044', '0', 'N', null, null, 'Defdoc-C0J00113', 'uap', 'uapbd', null, null, '10140uddb', '2018-11-19 11:27:59', '1',0 ) ;
insert into md_class ( id, accessorclassname, classtype, componentid, createtime, creator, description, displayname, dr, fullclassname, help, isactive, keyattribute, modifier, modifytime, name, parentclassid, precise, refmodelname, returntype, ts, versiontype, isprimary, defaulttablename, stereotype, isauthen, resid, bizitfimpclassname, modinfoclassname, iscreatesql, isextendbean, userdefclassname, industry, fixedlength ) values (  '1001AA10000000000NXB', 'nc.md.model.access.javamap.NCBeanStyle',201, 'b3e6e1aa-ea3c-11e8-a9bb-d5565d1ec044', '2018-11-17 15:45:07', null, null, '客户类型(自定义档案)',0, 'nc.vo.bd.defdoc.DefdocVO', 'ignorebdmode,BDMODE,URC,DEFDOC,BUSILOG,DOC', null, 'b3e6e1b0-ea3c-11e8-a9bb-d5565d1ec044', null, null, 'Defdoc-C0J00113', null,null, '客户类型(自定义档案)', null, '2018-11-19 11:27:59',0, 'Y', 'bd_defdoc', null, 'Y', null, null, null, 'Y', null, null, '0', null ) ;
insert into md_property ( id, accessorclassname, classid, createtime, creator, datatype, datatypestyle, defaultvalue, description, displayname, dr, help, isactive, hided, nullable, readonly, attrlength, attrmaxvalue, attrminvalue, modifier, modifytime, name, precise, refmodelname, attrsequence, ts, visibility, versiontype, fixedlength, calculation, isauthen, resid, customattr, notserialize, dynamicattr, dynamictable, accesspower, accesspowergroup, industry ) values (  'b3e6e1b0-ea3c-11e8-a9bb-d5565d1ec044', null, '1001AA10000000000NXB', null, null, 'BS000010000100001051',300, null, null, '自定义档案主键',0, null, 'Y', 'N', 'N', 'N',20, null, null, null, null, 'pk_defdoc',0, null,0, '2018-11-19 11:27:59',0,0, 'N', 'N', 'Y', '2UC000-000747', 'N', 'N', 'N', null, 'N', null, '0' ) ;
insert into md_property ( id, accessorclassname, classid, createtime, creator, datatype, datatypestyle, defaultvalue, description, displayname, dr, help, isactive, hided, nullable, readonly, attrlength, attrmaxvalue, attrminvalue, modifier, modifytime, name, precise, refmodelname, attrsequence, ts, visibility, versiontype, fixedlength, calculation, isauthen, resid, customattr, notserialize, dynamicattr, dynamictable, accesspower, accesspowergroup, industry ) values (  'b3e6e1bb-ea3c-11e8-a9bb-d5565d1ec044', null, '1001AA10000000000NXB', null, null, '16c1dca0-e3ed-4dcc-8ed7-75fd59e2bef1',305, null, null, '自定义档案列表主键',0, null, 'Y', 'N', 'N', 'N',20, null, null, null, null, 'pk_defdoclist',0, '自定义档案列表',1, '2018-11-19 11:27:59',0,0, 'N', 'N', 'Y', '2UC000-000748', 'N', 'N', 'N', null, 'N', null, '0' ) ;
insert into md_property ( id, accessorclassname, classid, createtime, creator, datatype, datatypestyle, defaultvalue, description, displayname, dr, help, isactive, hided, nullable, readonly, attrlength, attrmaxvalue, attrminvalue, modifier, modifytime, name, precise, refmodelname, attrsequence, ts, visibility, versiontype, fixedlength, calculation, isauthen, resid, customattr, notserialize, dynamicattr, dynamictable, accesspower, accesspowergroup, industry ) values (  'b3e6e1bd-ea3c-11e8-a9bb-d5565d1ec044', null, '1001AA10000000000NXB', null, null, '985be8a4-3a36-4778-8afe-2d8ed3902659',305, null, null, '所属组织',0, null, 'Y', 'N', 'N', 'N',20, null, null, null, null, 'pk_org',0, '业务单元',2, '2018-11-19 11:27:59',0,0, 'N', 'N', 'Y', '2UC000-000360', 'N', 'N', 'N', null, 'N', null, '0' ) ;
insert into md_property ( id, accessorclassname, classid, createtime, creator, datatype, datatypestyle, defaultvalue, description, displayname, dr, help, isactive, hided, nullable, readonly, attrlength, attrmaxvalue, attrminvalue, modifier, modifytime, name, precise, refmodelname, attrsequence, ts, visibility, versiontype, fixedlength, calculation, isauthen, resid, customattr, notserialize, dynamicattr, dynamictable, accesspower, accesspowergroup, industry ) values (  'b3e6e1bc-ea3c-11e8-a9bb-d5565d1ec044', null, '1001AA10000000000NXB', null, null, '3b6dd171-2900-47f3-bfbe-41e4483a2a65',305, null, null, '所属集团',0, null, 'Y', 'N', 'Y', 'N',20, null, null, null, null, 'pk_group',0, '集团',3, '2018-11-19 11:27:59',0,0, 'N', 'N', 'Y', '2UC000-000367', 'N', 'N', 'N', null, 'N', null, '0' ) ;
insert into md_property ( id, accessorclassname, classid, createtime, creator, datatype, datatypestyle, defaultvalue, description, displayname, dr, help, isactive, hided, nullable, readonly, attrlength, attrmaxvalue, attrminvalue, modifier, modifytime, name, precise, refmodelname, attrsequence, ts, visibility, versiontype, fixedlength, calculation, isauthen, resid, customattr, notserialize, dynamicattr, dynamictable, accesspower, accesspowergroup, industry ) values (  'b3e6e1a9-ea3c-11e8-a9bb-d5565d1ec044', null, '1001AA10000000000NXB', null, null, 'BS000010000100001001',300, null, null, '档案编码',0, 'URC', 'Y', 'N', 'N', 'N',40, null, null, null, null, 'code',0, null,4, '2018-11-19 11:27:59',0,0, 'N', 'N', 'Y', '2UC000-000557', 'N', 'N', 'N', null, 'N', null, '0' ) ;
insert into md_property ( id, accessorclassname, classid, createtime, creator, datatype, datatypestyle, defaultvalue, description, displayname, dr, help, isactive, hided, nullable, readonly, attrlength, attrmaxvalue, attrminvalue, modifier, modifytime, name, precise, refmodelname, attrsequence, ts, visibility, versiontype, fixedlength, calculation, isauthen, resid, customattr, notserialize, dynamicattr, dynamictable, accesspower, accesspowergroup, industry ) values (  'b3e6e1b6-ea3c-11e8-a9bb-d5565d1ec044', null, '1001AA10000000000NXB', null, null, 'BS000010000100001058',300, null, null, '档案名称',0, 'URC', 'Y', 'N', 'Y', 'N',200, null, null, null, null, 'name',0, null,5, '2018-11-19 11:27:59',0,0, 'N', 'N', 'Y', '2UC000-000556', 'N', 'N', 'N', null, 'N', null, '0' ) ;
insert into md_property ( id, accessorclassname, classid, createtime, creator, datatype, datatypestyle, defaultvalue, description, displayname, dr, help, isactive, hided, nullable, readonly, attrlength, attrmaxvalue, attrminvalue, modifier, modifytime, name, precise, refmodelname, attrsequence, ts, visibility, versiontype, fixedlength, calculation, isauthen, resid, customattr, notserialize, dynamicattr, dynamictable, accesspower, accesspowergroup, industry ) values (  'b3e6e1b7-ea3c-11e8-a9bb-d5565d1ec044', null, '1001AA10000000000NXB', null, null, 'BS000010000100001058',300, null, null, '简称',0, null, 'Y', 'N', 'Y', 'N',200, null, null, null, null, 'shortname',0, null,6, '2018-11-19 11:27:59',0,0, 'N', 'N', 'Y', '2UC000-000675', 'N', 'N', 'N', null, 'N', null, '0' ) ;
insert into md_property ( id, accessorclassname, classid, createtime, creator, datatype, datatypestyle, defaultvalue, description, displayname, dr, help, isactive, hided, nullable, readonly, attrlength, attrmaxvalue, attrminvalue, modifier, modifytime, name, precise, refmodelname, attrsequence, ts, visibility, versiontype, fixedlength, calculation, isauthen, resid, customattr, notserialize, dynamicattr, dynamictable, accesspower, accesspowergroup, industry ) values (  'b3e6e1b2-ea3c-11e8-a9bb-d5565d1ec044', null, '1001AA10000000000NXB', null, null, 'BS000010000100001001',300, null, null, '助记码',0, null, 'Y', 'N', 'Y', 'N',50, null, null, null, null, 'mnecode',0, null,7, '2018-11-19 11:27:59',0,0, 'N', 'N', 'Y', '2UC000-000172', 'N', 'N', 'N', null, 'N', null, '0' ) ;
insert into md_property ( id, accessorclassname, classid, createtime, creator, datatype, datatypestyle, defaultvalue, description, displayname, dr, help, isactive, hided, nullable, readonly, attrlength, attrmaxvalue, attrminvalue, modifier, modifytime, name, precise, refmodelname, attrsequence, ts, visibility, versiontype, fixedlength, calculation, isauthen, resid, customattr, notserialize, dynamicattr, dynamictable, accesspower, accesspowergroup, industry ) values (  'b3e6e1b9-ea3c-11e8-a9bb-d5565d1ec044', null, '1001AA10000000000NXB', null, null, 'BS000010000100001001',300, null, null, '上级档案',0, null, 'Y', 'N', 'Y', 'N',20, null, null, null, null, 'pid',0, null,8, '2018-11-19 11:27:59',0,0, 'N', 'N', 'Y', '2UC000-000007', 'N', 'N', 'N', null, 'N', null, '0' ) ;
insert into md_property ( id, accessorclassname, classid, createtime, creator, datatype, datatypestyle, defaultvalue, description, displayname, dr, help, isactive, hided, nullable, readonly, attrlength, attrmaxvalue, attrminvalue, modifier, modifytime, name, precise, refmodelname, attrsequence, ts, visibility, versiontype, fixedlength, calculation, isauthen, resid, customattr, notserialize, dynamicattr, dynamictable, accesspower, accesspowergroup, industry ) values (  'b3e6e1b1-ea3c-11e8-a9bb-d5565d1ec044', null, '1001AA10000000000NXB', null, null, 'BS000010000100001001',300, null, null, '备注',0, null, 'Y', 'N', 'Y', 'N',200, null, null, null, null, 'memo',0, null,9, '2018-11-19 11:27:59',0,0, 'N', 'N', 'Y', '2UC000-000258', 'N', 'N', 'N', null, 'N', null, '0' ) ;
insert into md_property ( id, accessorclassname, classid, createtime, creator, datatype, datatypestyle, defaultvalue, description, displayname, dr, help, isactive, hided, nullable, readonly, attrlength, attrmaxvalue, attrminvalue, modifier, modifytime, name, precise, refmodelname, attrsequence, ts, visibility, versiontype, fixedlength, calculation, isauthen, resid, customattr, notserialize, dynamicattr, dynamictable, accesspower, accesspowergroup, industry ) values (  'b3e6e1ad-ea3c-11e8-a9bb-d5565d1ec044', null, '1001AA10000000000NXB', null, null, 'f6f9a473-56c0-432f-8bc7-fbf8fde54fee',305, null, null, '创建人',0, null, 'Y', 'N', 'Y', 'N',20, null, null, null, null, 'creator',0, '用户',10, '2018-11-19 11:27:59',0,0, 'N', 'N', 'Y', '2UC000-000155', 'N', 'N', 'N', null, 'N', null, '0' ) ;
insert into md_property ( id, accessorclassname, classid, createtime, creator, datatype, datatypestyle, defaultvalue, description, displayname, dr, help, isactive, hided, nullable, readonly, attrlength, attrmaxvalue, attrminvalue, modifier, modifytime, name, precise, refmodelname, attrsequence, ts, visibility, versiontype, fixedlength, calculation, isauthen, resid, customattr, notserialize, dynamicattr, dynamictable, accesspower, accesspowergroup, industry ) values (  'b3e6e1ac-ea3c-11e8-a9bb-d5565d1ec044', null, '1001AA10000000000NXB', null, null, 'BS000010000100001034',300, null, null, '创建时间',0, null, 'Y', 'N', 'Y', 'N',19, null, null, null, null, 'creationtime',0, null,11, '2018-11-19 11:27:59',0,0, 'N', 'N', 'Y', '2UC000-000157', 'N', 'N', 'N', null, 'N', null, '0' ) ;
insert into md_property ( id, accessorclassname, classid, createtime, creator, datatype, datatypestyle, defaultvalue, description, displayname, dr, help, isactive, hided, nullable, readonly, attrlength, attrmaxvalue, attrminvalue, modifier, modifytime, name, precise, refmodelname, attrsequence, ts, visibility, versiontype, fixedlength, calculation, isauthen, resid, customattr, notserialize, dynamicattr, dynamictable, accesspower, accesspowergroup, industry ) values (  'b3e6e1b3-ea3c-11e8-a9bb-d5565d1ec044', null, '1001AA10000000000NXB', null, null, 'f6f9a473-56c0-432f-8bc7-fbf8fde54fee',305, null, null, '最后修改人',0, null, 'Y', 'N', 'Y', 'N',20, null, null, null, null, 'modifier',0, '用户',12, '2018-11-19 11:27:59',0,0, 'N', 'N', 'Y', '2UC000-000490', 'N', 'N', 'N', null, 'N', null, '0' ) ;
insert into md_property ( id, accessorclassname, classid, createtime, creator, datatype, datatypestyle, defaultvalue, description, displayname, dr, help, isactive, hided, nullable, readonly, attrlength, attrmaxvalue, attrminvalue, modifier, modifytime, name, precise, refmodelname, attrsequence, ts, visibility, versiontype, fixedlength, calculation, isauthen, resid, customattr, notserialize, dynamicattr, dynamictable, accesspower, accesspowergroup, industry ) values (  'b3e6e1b5-ea3c-11e8-a9bb-d5565d1ec044', null, '1001AA10000000000NXB', null, null, 'BS000010000100001034',300, null, null, '最后修改时间',0, null, 'Y', 'N', 'Y', 'N',19, null, null, null, null, 'modifiedtime',0, null,13, '2018-11-19 11:27:59',0,0, 'N', 'N', 'Y', '2UC000-000491', 'N', 'N', 'N', null, 'N', null, '0' ) ;
insert into md_property ( id, accessorclassname, classid, createtime, creator, datatype, datatypestyle, defaultvalue, description, displayname, dr, help, isactive, hided, nullable, readonly, attrlength, attrmaxvalue, attrminvalue, modifier, modifytime, name, precise, refmodelname, attrsequence, ts, visibility, versiontype, fixedlength, calculation, isauthen, resid, customattr, notserialize, dynamicattr, dynamictable, accesspower, accesspowergroup, industry ) values (  'b3e6e1af-ea3c-11e8-a9bb-d5565d1ec044', null, '1001AA10000000000NXB', null, null, 'BS000010000100001001',300, null, null, '内部编码',0, null, 'Y', 'N', 'Y', 'N',200, null, null, null, null, 'innercode',0, null,14, '2018-11-19 11:27:59',0,0, 'N', 'N', 'Y', '2UC000-000136', 'N', 'N', 'N', null, 'N', null, '0' ) ;
insert into md_property ( id, accessorclassname, classid, createtime, creator, datatype, datatypestyle, defaultvalue, description, displayname, dr, help, isactive, hided, nullable, readonly, attrlength, attrmaxvalue, attrminvalue, modifier, modifytime, name, precise, refmodelname, attrsequence, ts, visibility, versiontype, fixedlength, calculation, isauthen, resid, customattr, notserialize, dynamicattr, dynamictable, accesspower, accesspowergroup, industry ) values (  'b3e6e1be-ea3c-11e8-a9bb-d5565d1ec044', null, '1001AA10000000000NXB', null, null, '6b533ffa-3e43-4147-8670-ba0f5471fd40',300, null, null, '启用状态',0, null, 'Y', 'N', 'Y', 'N',0, null, null, null, null, 'enablestate',0, null,15, '2018-11-19 11:27:59',0,0, 'N', 'N', 'Y', '2UC000-000249', 'N', 'N', 'N', null, 'N', null, '0' ) ;
insert into md_property ( id, accessorclassname, classid, createtime, creator, datatype, datatypestyle, defaultvalue, description, displayname, dr, help, isactive, hided, nullable, readonly, attrlength, attrmaxvalue, attrminvalue, modifier, modifytime, name, precise, refmodelname, attrsequence, ts, visibility, versiontype, fixedlength, calculation, isauthen, resid, customattr, notserialize, dynamicattr, dynamictable, accesspower, accesspowergroup, industry ) values (  'b3e6e1c0-ea3c-11e8-a9bb-d5565d1ec044', null, '1001AA10000000000NXB', null, null, 'BS000010000100001004',300, null, null, '分布式',0, null, 'Y', 'N', 'Y', 'N',0, null, null, null, null, 'dataoriginflag',0, null,16, '2018-11-19 11:27:59',0,0, 'N', 'N', 'Y', '2UC000-000151', 'N', 'N', 'N', null, 'N', null, '0' ) ;
insert into md_property ( id, accessorclassname, classid, createtime, creator, datatype, datatypestyle, defaultvalue, description, displayname, dr, help, isactive, hided, nullable, readonly, attrlength, attrmaxvalue, attrminvalue, modifier, modifytime, name, precise, refmodelname, attrsequence, ts, visibility, versiontype, fixedlength, calculation, isauthen, resid, customattr, notserialize, dynamicattr, dynamictable, accesspower, accesspowergroup, industry ) values (  'b3e6e1c1-ea3c-11e8-a9bb-d5565d1ec044', null, '1001AA10000000000NXB', null, null, 'ba3f1197-8584-445d-88a0-102e505f94e5',300, '1', null, '数据类型',0, null, 'Y', 'N', 'Y', 'N',0, null, null, null, null, 'datatype',0, null,17, '2018-11-19 11:27:59',0,0, 'N', 'N', 'Y', '2UC000-000458', 'N', 'N', 'N', null, 'N', null, '0' ) ;
insert into md_property ( id, accessorclassname, classid, createtime, creator, datatype, datatypestyle, defaultvalue, description, displayname, dr, help, isactive, hided, nullable, readonly, attrlength, attrmaxvalue, attrminvalue, modifier, modifytime, name, precise, refmodelname, attrsequence, ts, visibility, versiontype, fixedlength, calculation, isauthen, resid, customattr, notserialize, dynamicattr, dynamictable, accesspower, accesspowergroup, industry ) values (  'b3e6e1c2-ea3c-11e8-a9bb-d5565d1ec044', null, '1001AA10000000000NXB', null, null, 'BS000010000100001056',300, null, null, '自定义项1',0, null, 'Y', 'N', 'Y', 'N',101, null, null, null, null, 'def1',0, null,18, '2018-11-19 11:27:59',0,-1, 'N', 'N', 'Y', null, 'Y', 'N', 'N', null, 'N', null, '0' ) ;
insert into md_property ( id, accessorclassname, classid, createtime, creator, datatype, datatypestyle, defaultvalue, description, displayname, dr, help, isactive, hided, nullable, readonly, attrlength, attrmaxvalue, attrminvalue, modifier, modifytime, name, precise, refmodelname, attrsequence, ts, visibility, versiontype, fixedlength, calculation, isauthen, resid, customattr, notserialize, dynamicattr, dynamictable, accesspower, accesspowergroup, industry ) values (  'b3e6e1c3-ea3c-11e8-a9bb-d5565d1ec044', null, '1001AA10000000000NXB', null, null, 'BS000010000100001056',300, null, null, '自定义项2',0, null, 'Y', 'N', 'Y', 'N',101, null, null, null, null, 'def2',0, null,19, '2018-11-19 11:27:59',0,-1, 'N', 'N', 'Y', null, 'Y', 'N', 'N', null, 'N', null, '0' ) ;
insert into md_property ( id, accessorclassname, classid, createtime, creator, datatype, datatypestyle, defaultvalue, description, displayname, dr, help, isactive, hided, nullable, readonly, attrlength, attrmaxvalue, attrminvalue, modifier, modifytime, name, precise, refmodelname, attrsequence, ts, visibility, versiontype, fixedlength, calculation, isauthen, resid, customattr, notserialize, dynamicattr, dynamictable, accesspower, accesspowergroup, industry ) values (  'b3e6e1c4-ea3c-11e8-a9bb-d5565d1ec044', null, '1001AA10000000000NXB', null, null, 'BS000010000100001056',300, null, null, '自定义项3',0, null, 'Y', 'N', 'Y', 'N',101, null, null, null, null, 'def3',0, null,20, '2018-11-19 11:27:59',0,-1, 'N', 'N', 'Y', null, 'Y', 'N', 'N', null, 'N', null, '0' ) ;
insert into md_property ( id, accessorclassname, classid, createtime, creator, datatype, datatypestyle, defaultvalue, description, displayname, dr, help, isactive, hided, nullable, readonly, attrlength, attrmaxvalue, attrminvalue, modifier, modifytime, name, precise, refmodelname, attrsequence, ts, visibility, versiontype, fixedlength, calculation, isauthen, resid, customattr, notserialize, dynamicattr, dynamictable, accesspower, accesspowergroup, industry ) values (  'b3e6e1c5-ea3c-11e8-a9bb-d5565d1ec044', null, '1001AA10000000000NXB', null, null, 'BS000010000100001056',300, null, null, '自定义项4',0, null, 'Y', 'N', 'Y', 'N',101, null, null, null, null, 'def4',0, null,21, '2018-11-19 11:27:59',0,-1, 'N', 'N', 'Y', null, 'Y', 'N', 'N', null, 'N', null, '0' ) ;
insert into md_property ( id, accessorclassname, classid, createtime, creator, datatype, datatypestyle, defaultvalue, description, displayname, dr, help, isactive, hided, nullable, readonly, attrlength, attrmaxvalue, attrminvalue, modifier, modifytime, name, precise, refmodelname, attrsequence, ts, visibility, versiontype, fixedlength, calculation, isauthen, resid, customattr, notserialize, dynamicattr, dynamictable, accesspower, accesspowergroup, industry ) values (  'b3e6e1c6-ea3c-11e8-a9bb-d5565d1ec044', null, '1001AA10000000000NXB', null, null, 'BS000010000100001056',300, null, null, '自定义项5',0, null, 'Y', 'N', 'Y', 'N',101, null, null, null, null, 'def5',0, null,22, '2018-11-19 11:27:59',0,-1, 'N', 'N', 'Y', null, 'Y', 'N', 'N', null, 'N', null, '0' ) ;
insert into md_property ( id, accessorclassname, classid, createtime, creator, datatype, datatypestyle, defaultvalue, description, displayname, dr, help, isactive, hided, nullable, readonly, attrlength, attrmaxvalue, attrminvalue, modifier, modifytime, name, precise, refmodelname, attrsequence, ts, visibility, versiontype, fixedlength, calculation, isauthen, resid, customattr, notserialize, dynamicattr, dynamictable, accesspower, accesspowergroup, industry ) values (  'b3e6e1c7-ea3c-11e8-a9bb-d5565d1ec044', null, '1001AA10000000000NXB', null, null, 'BS000010000100001056',300, null, null, '自定义项6',0, null, 'Y', 'N', 'Y', 'N',101, null, null, null, null, 'def6',0, null,23, '2018-11-19 11:27:59',0,-1, 'N', 'N', 'Y', null, 'Y', 'N', 'N', null, 'N', null, '0' ) ;
insert into md_property ( id, accessorclassname, classid, createtime, creator, datatype, datatypestyle, defaultvalue, description, displayname, dr, help, isactive, hided, nullable, readonly, attrlength, attrmaxvalue, attrminvalue, modifier, modifytime, name, precise, refmodelname, attrsequence, ts, visibility, versiontype, fixedlength, calculation, isauthen, resid, customattr, notserialize, dynamicattr, dynamictable, accesspower, accesspowergroup, industry ) values (  'b3e6e1c8-ea3c-11e8-a9bb-d5565d1ec044', null, '1001AA10000000000NXB', null, null, 'BS000010000100001056',300, null, null, '自定义项7',0, null, 'Y', 'N', 'Y', 'N',101, null, null, null, null, 'def7',0, null,24, '2018-11-19 11:27:59',0,-1, 'N', 'N', 'Y', null, 'Y', 'N', 'N', null, 'N', null, '0' ) ;
insert into md_property ( id, accessorclassname, classid, createtime, creator, datatype, datatypestyle, defaultvalue, description, displayname, dr, help, isactive, hided, nullable, readonly, attrlength, attrmaxvalue, attrminvalue, modifier, modifytime, name, precise, refmodelname, attrsequence, ts, visibility, versiontype, fixedlength, calculation, isauthen, resid, customattr, notserialize, dynamicattr, dynamictable, accesspower, accesspowergroup, industry ) values (  'b3e6e1c9-ea3c-11e8-a9bb-d5565d1ec044', null, '1001AA10000000000NXB', null, null, 'BS000010000100001056',300, null, null, '自定义项8',0, null, 'Y', 'N', 'Y', 'N',101, null, null, null, null, 'def8',0, null,25, '2018-11-19 11:27:59',0,-1, 'N', 'N', 'Y', null, 'Y', 'N', 'N', null, 'N', null, '0' ) ;
insert into md_property ( id, accessorclassname, classid, createtime, creator, datatype, datatypestyle, defaultvalue, description, displayname, dr, help, isactive, hided, nullable, readonly, attrlength, attrmaxvalue, attrminvalue, modifier, modifytime, name, precise, refmodelname, attrsequence, ts, visibility, versiontype, fixedlength, calculation, isauthen, resid, customattr, notserialize, dynamicattr, dynamictable, accesspower, accesspowergroup, industry ) values (  'b3e6e1ca-ea3c-11e8-a9bb-d5565d1ec044', null, '1001AA10000000000NXB', null, null, 'BS000010000100001056',300, null, null, '自定义项9',0, null, 'Y', 'N', 'Y', 'N',101, null, null, null, null, 'def9',0, null,26, '2018-11-19 11:27:59',0,-1, 'N', 'N', 'Y', null, 'Y', 'N', 'N', null, 'N', null, '0' ) ;
insert into md_property ( id, accessorclassname, classid, createtime, creator, datatype, datatypestyle, defaultvalue, description, displayname, dr, help, isactive, hided, nullable, readonly, attrlength, attrmaxvalue, attrminvalue, modifier, modifytime, name, precise, refmodelname, attrsequence, ts, visibility, versiontype, fixedlength, calculation, isauthen, resid, customattr, notserialize, dynamicattr, dynamictable, accesspower, accesspowergroup, industry ) values (  'b3e6e1cb-ea3c-11e8-a9bb-d5565d1ec044', null, '1001AA10000000000NXB', null, null, 'BS000010000100001056',300, null, null, '自定义项10',0, null, 'Y', 'N', 'Y', 'N',101, null, null, null, null, 'def10',0, null,27, '2018-11-19 11:27:59',0,-1, 'N', 'N', 'Y', null, 'Y', 'N', 'N', null, 'N', null, '0' ) ;
insert into md_property ( id, accessorclassname, classid, createtime, creator, datatype, datatypestyle, defaultvalue, description, displayname, dr, help, isactive, hided, nullable, readonly, attrlength, attrmaxvalue, attrminvalue, modifier, modifytime, name, precise, refmodelname, attrsequence, ts, visibility, versiontype, fixedlength, calculation, isauthen, resid, customattr, notserialize, dynamicattr, dynamictable, accesspower, accesspowergroup, industry ) values (  'b3e6e1cc-ea3c-11e8-a9bb-d5565d1ec044', null, '1001AA10000000000NXB', null, null, 'BS000010000100001056',300, null, null, '自定义项11',0, null, 'Y', 'N', 'Y', 'N',101, null, null, null, null, 'def11',0, null,28, '2018-11-19 11:27:59',0,-1, 'N', 'N', 'Y', null, 'Y', 'N', 'N', null, 'N', null, '0' ) ;
insert into md_property ( id, accessorclassname, classid, createtime, creator, datatype, datatypestyle, defaultvalue, description, displayname, dr, help, isactive, hided, nullable, readonly, attrlength, attrmaxvalue, attrminvalue, modifier, modifytime, name, precise, refmodelname, attrsequence, ts, visibility, versiontype, fixedlength, calculation, isauthen, resid, customattr, notserialize, dynamicattr, dynamictable, accesspower, accesspowergroup, industry ) values (  'b3e6e1cd-ea3c-11e8-a9bb-d5565d1ec044', null, '1001AA10000000000NXB', null, null, 'BS000010000100001056',300, null, null, '自定义项12',0, null, 'Y', 'N', 'Y', 'N',101, null, null, null, null, 'def12',0, null,29, '2018-11-19 11:27:59',0,-1, 'N', 'N', 'Y', null, 'Y', 'N', 'N', null, 'N', null, '0' ) ;
insert into md_property ( id, accessorclassname, classid, createtime, creator, datatype, datatypestyle, defaultvalue, description, displayname, dr, help, isactive, hided, nullable, readonly, attrlength, attrmaxvalue, attrminvalue, modifier, modifytime, name, precise, refmodelname, attrsequence, ts, visibility, versiontype, fixedlength, calculation, isauthen, resid, customattr, notserialize, dynamicattr, dynamictable, accesspower, accesspowergroup, industry ) values (  'b3e6e1ce-ea3c-11e8-a9bb-d5565d1ec044', null, '1001AA10000000000NXB', null, null, 'BS000010000100001056',300, null, null, '自定义项13',0, null, 'Y', 'N', 'Y', 'N',101, null, null, null, null, 'def13',0, null,30, '2018-11-19 11:27:59',0,-1, 'N', 'N', 'Y', null, 'Y', 'N', 'N', null, 'N', null, '0' ) ;
insert into md_property ( id, accessorclassname, classid, createtime, creator, datatype, datatypestyle, defaultvalue, description, displayname, dr, help, isactive, hided, nullable, readonly, attrlength, attrmaxvalue, attrminvalue, modifier, modifytime, name, precise, refmodelname, attrsequence, ts, visibility, versiontype, fixedlength, calculation, isauthen, resid, customattr, notserialize, dynamicattr, dynamictable, accesspower, accesspowergroup, industry ) values (  'b3e6e1cf-ea3c-11e8-a9bb-d5565d1ec044', null, '1001AA10000000000NXB', null, null, 'BS000010000100001056',300, null, null, '自定义项14',0, null, 'Y', 'N', 'Y', 'N',101, null, null, null, null, 'def14',0, null,31, '2018-11-19 11:27:59',0,-1, 'N', 'N', 'Y', null, 'Y', 'N', 'N', null, 'N', null, '0' ) ;
insert into md_property ( id, accessorclassname, classid, createtime, creator, datatype, datatypestyle, defaultvalue, description, displayname, dr, help, isactive, hided, nullable, readonly, attrlength, attrmaxvalue, attrminvalue, modifier, modifytime, name, precise, refmodelname, attrsequence, ts, visibility, versiontype, fixedlength, calculation, isauthen, resid, customattr, notserialize, dynamicattr, dynamictable, accesspower, accesspowergroup, industry ) values (  'b3e6e1d0-ea3c-11e8-a9bb-d5565d1ec044', null, '1001AA10000000000NXB', null, null, 'BS000010000100001056',300, null, null, '自定义项15',0, null, 'Y', 'N', 'Y', 'N',101, null, null, null, null, 'def15',0, null,32, '2018-11-19 11:27:59',0,-1, 'N', 'N', 'Y', null, 'Y', 'N', 'N', null, 'N', null, '0' ) ;
insert into md_property ( id, accessorclassname, classid, createtime, creator, datatype, datatypestyle, defaultvalue, description, displayname, dr, help, isactive, hided, nullable, readonly, attrlength, attrmaxvalue, attrminvalue, modifier, modifytime, name, precise, refmodelname, attrsequence, ts, visibility, versiontype, fixedlength, calculation, isauthen, resid, customattr, notserialize, dynamicattr, dynamictable, accesspower, accesspowergroup, industry ) values (  'b3e6e1d1-ea3c-11e8-a9bb-d5565d1ec044', null, '1001AA10000000000NXB', null, null, 'BS000010000100001056',300, null, null, '自定义项16',0, null, 'Y', 'N', 'Y', 'N',101, null, null, null, null, 'def16',0, null,33, '2018-11-19 11:27:59',0,-1, 'N', 'N', 'Y', null, 'Y', 'N', 'N', null, 'N', null, '0' ) ;
insert into md_property ( id, accessorclassname, classid, createtime, creator, datatype, datatypestyle, defaultvalue, description, displayname, dr, help, isactive, hided, nullable, readonly, attrlength, attrmaxvalue, attrminvalue, modifier, modifytime, name, precise, refmodelname, attrsequence, ts, visibility, versiontype, fixedlength, calculation, isauthen, resid, customattr, notserialize, dynamicattr, dynamictable, accesspower, accesspowergroup, industry ) values (  'b3e6e1d2-ea3c-11e8-a9bb-d5565d1ec044', null, '1001AA10000000000NXB', null, null, 'BS000010000100001056',300, null, null, '自定义项17',0, null, 'Y', 'N', 'Y', 'N',101, null, null, null, null, 'def17',0, null,34, '2018-11-19 11:27:59',0,-1, 'N', 'N', 'Y', null, 'Y', 'N', 'N', null, 'N', null, '0' ) ;
insert into md_property ( id, accessorclassname, classid, createtime, creator, datatype, datatypestyle, defaultvalue, description, displayname, dr, help, isactive, hided, nullable, readonly, attrlength, attrmaxvalue, attrminvalue, modifier, modifytime, name, precise, refmodelname, attrsequence, ts, visibility, versiontype, fixedlength, calculation, isauthen, resid, customattr, notserialize, dynamicattr, dynamictable, accesspower, accesspowergroup, industry ) values (  'b3e6e1d3-ea3c-11e8-a9bb-d5565d1ec044', null, '1001AA10000000000NXB', null, null, 'BS000010000100001056',300, null, null, '自定义项18',0, null, 'Y', 'N', 'Y', 'N',101, null, null, null, null, 'def18',0, null,35, '2018-11-19 11:27:59',0,-1, 'N', 'N', 'Y', null, 'Y', 'N', 'N', null, 'N', null, '0' ) ;
insert into md_property ( id, accessorclassname, classid, createtime, creator, datatype, datatypestyle, defaultvalue, description, displayname, dr, help, isactive, hided, nullable, readonly, attrlength, attrmaxvalue, attrminvalue, modifier, modifytime, name, precise, refmodelname, attrsequence, ts, visibility, versiontype, fixedlength, calculation, isauthen, resid, customattr, notserialize, dynamicattr, dynamictable, accesspower, accesspowergroup, industry ) values (  'b3e6e1d4-ea3c-11e8-a9bb-d5565d1ec044', null, '1001AA10000000000NXB', null, null, 'BS000010000100001056',300, null, null, '自定义项19',0, null, 'Y', 'N', 'Y', 'N',101, null, null, null, null, 'def19',0, null,36, '2018-11-19 11:27:59',0,-1, 'N', 'N', 'Y', null, 'Y', 'N', 'N', null, 'N', null, '0' ) ;
insert into md_property ( id, accessorclassname, classid, createtime, creator, datatype, datatypestyle, defaultvalue, description, displayname, dr, help, isactive, hided, nullable, readonly, attrlength, attrmaxvalue, attrminvalue, modifier, modifytime, name, precise, refmodelname, attrsequence, ts, visibility, versiontype, fixedlength, calculation, isauthen, resid, customattr, notserialize, dynamicattr, dynamictable, accesspower, accesspowergroup, industry ) values (  'b3e6e1d5-ea3c-11e8-a9bb-d5565d1ec044', null, '1001AA10000000000NXB', null, null, 'BS000010000100001056',300, null, null, '自定义项20',0, null, 'Y', 'N', 'Y', 'N',101, null, null, null, null, 'def20',0, null,37, '2018-11-19 11:27:59',0,-1, 'N', 'N', 'Y', null, 'Y', 'N', 'N', null, 'N', null, '0' ) ;
insert into md_bizItfMap ( bizinterfaceid, intattrid, classid, classattrid, bizitfimpclassname, classattrpath, dr, ts ) values (  '6c8722b9-911a-489b-8d0d-18bd3734fcf6', '5dd3c721-22ad-42b1-9c10-4351c236bc77', '1001AA10000000000NXB', 'b3e6e1b0-ea3c-11e8-a9bb-d5565d1ec044', null, null,0, '2018-11-19 11:27:59' ) ;
insert into md_bizItfMap ( bizinterfaceid, intattrid, classid, classattrid, bizitfimpclassname, classattrpath, dr, ts ) values (  '6c8722b9-911a-489b-8d0d-18bd3734fcf6', 'ecf1b76a-6e44-42e2-a55e-87596504775b', '1001AA10000000000NXB', 'b3e6e1bd-ea3c-11e8-a9bb-d5565d1ec044', null, null,0, '2018-11-19 11:27:59' ) ;
insert into md_bizItfMap ( bizinterfaceid, intattrid, classid, classattrid, bizitfimpclassname, classattrpath, dr, ts ) values (  '6c8722b9-911a-489b-8d0d-18bd3734fcf6', 'd32cc17b-f415-415a-923f-0764443eb102', '1001AA10000000000NXB', 'b3e6e1a9-ea3c-11e8-a9bb-d5565d1ec044', null, null,0, '2018-11-19 11:27:59' ) ;
insert into md_bizItfMap ( bizinterfaceid, intattrid, classid, classattrid, bizitfimpclassname, classattrpath, dr, ts ) values (  '6c8722b9-911a-489b-8d0d-18bd3734fcf6', '89578a97-42fe-439b-827c-8eabd9e3604c', '1001AA10000000000NXB', 'b3e6e1b6-ea3c-11e8-a9bb-d5565d1ec044', null, null,0, '2018-11-19 11:27:59' ) ;
insert into md_bizItfMap ( bizinterfaceid, intattrid, classid, classattrid, bizitfimpclassname, classattrpath, dr, ts ) values (  '6c8722b9-911a-489b-8d0d-18bd3734fcf6', 'a47e6cda-09e4-480b-923f-ec6f41e3e06c', '1001AA10000000000NXB', 'b3e6e1bc-ea3c-11e8-a9bb-d5565d1ec044', null, null,0, '2018-11-19 11:27:59' ) ;
insert into md_association ( id, componentid, creator, createtime, dr, endcardinality, startbeanid, endelementid, isactive, modifier, modifytime, name, startcardinality, startelementid, ts, type, versiontype, industry ) values (  '9ff85976-63f9-47e7-b0f7-4907fa883095', 'b3e6e1aa-ea3c-11e8-a9bb-d5565d1ec044', null, null,0, '1', '1001AA10000000000NXB', '16c1dca0-e3ed-4dcc-8ed7-75fd59e2bef1', 'Y', null, null, 'Defdoc-C0J00113_pk_defdoclist', '1', 'b3e6e1bb-ea3c-11e8-a9bb-d5565d1ec044', '2018-11-19 11:27:59',3,0, '0' ) ;
insert into md_association ( id, componentid, creator, createtime, dr, endcardinality, startbeanid, endelementid, isactive, modifier, modifytime, name, startcardinality, startelementid, ts, type, versiontype, industry ) values (  '827d382a-91af-4f06-b80b-886912ae49f8', 'b3e6e1aa-ea3c-11e8-a9bb-d5565d1ec044', null, null,0, '1', '1001AA10000000000NXB', '985be8a4-3a36-4778-8afe-2d8ed3902659', 'Y', null, null, 'Defdoc-C0J00113_pk_org', '1', 'b3e6e1bd-ea3c-11e8-a9bb-d5565d1ec044', '2018-11-19 11:27:59',3,0, '0' ) ;
insert into md_association ( id, componentid, creator, createtime, dr, endcardinality, startbeanid, endelementid, isactive, modifier, modifytime, name, startcardinality, startelementid, ts, type, versiontype, industry ) values (  '56fdbc61-eea0-48f6-8486-d1c30bd9455a', 'b3e6e1aa-ea3c-11e8-a9bb-d5565d1ec044', null, null,0, '1', '1001AA10000000000NXB', '3b6dd171-2900-47f3-bfbe-41e4483a2a65', 'Y', null, null, 'Defdoc-C0J00113_pk_group', '1', 'b3e6e1bc-ea3c-11e8-a9bb-d5565d1ec044', '2018-11-19 11:27:59',3,0, '0' ) ;
insert into md_association ( id, componentid, creator, createtime, dr, endcardinality, startbeanid, endelementid, isactive, modifier, modifytime, name, startcardinality, startelementid, ts, type, versiontype, industry ) values (  '7adc42d9-1180-4d0d-bf19-9f9e12a5406b', 'b3e6e1aa-ea3c-11e8-a9bb-d5565d1ec044', null, null,0, '1', '1001AA10000000000NXB', 'f6f9a473-56c0-432f-8bc7-fbf8fde54fee', 'Y', null, null, 'Defdoc-C0J00113_creator', '1', 'b3e6e1ad-ea3c-11e8-a9bb-d5565d1ec044', '2018-11-19 11:27:59',3,0, '0' ) ;
insert into md_association ( id, componentid, creator, createtime, dr, endcardinality, startbeanid, endelementid, isactive, modifier, modifytime, name, startcardinality, startelementid, ts, type, versiontype, industry ) values (  'ee3d11b7-7251-4c86-94b1-1228045ab8bb', 'b3e6e1aa-ea3c-11e8-a9bb-d5565d1ec044', null, null,0, '1', '1001AA10000000000NXB', 'f6f9a473-56c0-432f-8bc7-fbf8fde54fee', 'Y', null, null, 'Defdoc-C0J00113_modifier', '1', 'b3e6e1b3-ea3c-11e8-a9bb-d5565d1ec044', '2018-11-19 11:27:59',3,0, '0' ) ;
insert into md_table ( id, createtime, creator, databaseid, description, displayname, dr, help, isactive, fromsourcebmf, modifier, modifytime, name, ts, versiontype, resmodule, resid, parenttable, isextendtable, industry ) values (  'bd_defdoc', '2018-11-17 15:45:07', null, null, null, '客户类型(自定义档案)',0, 'ignorebdmode,BDMODE,URC,DEFDOC,BUSILOG,DOC', null, 'Y', null, null, 'bd_defdoc', '2018-11-19 11:27:59',0, '10140uddb', null, null, null, '0' ) ;
insert into md_column ( id, sqldatetype, createtime, creator, defaultvalue, description, displayname, dr, help, incrementseed, incrementstep, isactive, identitied, pkey, nullable, columnlength, modifier, modifytime, name, precise, columnsequence, tableid, ts, versiontype, resid, groupid, columntype, forlocale ) values (  'bd_defdoc@@PK@@', 'char', null, null, null, null, '自定义档案主键',0, null,null,null, 'Y', null, 'Y', 'N',20, null, null, 'pk_defdoc',0,0, 'bd_defdoc', '2018-11-19 11:27:59',0, '2UC000-000747', null,0, 'N' ) ;
insert into md_column ( id, sqldatetype, createtime, creator, defaultvalue, description, displayname, dr, help, incrementseed, incrementstep, isactive, identitied, pkey, nullable, columnlength, modifier, modifytime, name, precise, columnsequence, tableid, ts, versiontype, resid, groupid, columntype, forlocale ) values (  'bd_defdoc@@@pk_defdoclist', 'char', null, null, null, null, '自定义档案列表主键',0, null,null,null, 'Y', null, 'N', 'N',20, null, null, 'pk_defdoclist',0,1, 'bd_defdoc', '2018-11-19 11:27:59',0, '2UC000-000748', null,0, 'N' ) ;
insert into md_column ( id, sqldatetype, createtime, creator, defaultvalue, description, displayname, dr, help, incrementseed, incrementstep, isactive, identitied, pkey, nullable, columnlength, modifier, modifytime, name, precise, columnsequence, tableid, ts, versiontype, resid, groupid, columntype, forlocale ) values (  'bd_defdoc@@@pk_org', 'char', null, null, null, null, '所属组织',0, null,null,null, 'Y', null, 'N', 'N',20, null, null, 'pk_org',0,2, 'bd_defdoc', '2018-11-19 11:27:59',0, '2UC000-000360', null,0, 'N' ) ;
insert into md_column ( id, sqldatetype, createtime, creator, defaultvalue, description, displayname, dr, help, incrementseed, incrementstep, isactive, identitied, pkey, nullable, columnlength, modifier, modifytime, name, precise, columnsequence, tableid, ts, versiontype, resid, groupid, columntype, forlocale ) values (  'bd_defdoc@@@pk_group', 'varchar', null, null, '*~', null, '所属集团',0, null,null,null, 'Y', null, 'N', 'Y',20, null, null, 'pk_group',0,3, 'bd_defdoc', '2018-11-19 11:27:59',0, '2UC000-000367', null,0, 'N' ) ;
insert into md_column ( id, sqldatetype, createtime, creator, defaultvalue, description, displayname, dr, help, incrementseed, incrementstep, isactive, identitied, pkey, nullable, columnlength, modifier, modifytime, name, precise, columnsequence, tableid, ts, versiontype, resid, groupid, columntype, forlocale ) values (  'bd_defdoc@@@code', 'varchar', null, null, null, null, '档案编码',0, 'URC',null,null, 'Y', null, 'N', 'N',40, null, null, 'code',0,4, 'bd_defdoc', '2018-11-19 11:27:59',0, '2UC000-000557', null,0, 'N' ) ;
insert into md_column ( id, sqldatetype, createtime, creator, defaultvalue, description, displayname, dr, help, incrementseed, incrementstep, isactive, identitied, pkey, nullable, columnlength, modifier, modifytime, name, precise, columnsequence, tableid, ts, versiontype, resid, groupid, columntype, forlocale ) values (  'bd_defdoc@@@name', 'varchar', null, null, null, null, '档案名称',0, 'URC',null,null, 'Y', null, 'N', 'Y',200, null, null, 'name',0,0, 'bd_defdoc', '2018-11-19 11:27:59',0, '2UC000-000556', 'bd_defdoc@@@name',0, 'N' ) ;
insert into md_column ( id, sqldatetype, createtime, creator, defaultvalue, description, displayname, dr, help, incrementseed, incrementstep, isactive, identitied, pkey, nullable, columnlength, modifier, modifytime, name, precise, columnsequence, tableid, ts, versiontype, resid, groupid, columntype, forlocale ) values (  'bd_defdoc@@@shortname', 'varchar', null, null, null, null, '简称',0, null,null,null, 'Y', null, 'N', 'Y',200, null, null, 'shortname',0,0, 'bd_defdoc', '2018-11-19 11:27:59',0, '2UC000-000675', 'bd_defdoc@@@shortname',0, 'N' ) ;
insert into md_column ( id, sqldatetype, createtime, creator, defaultvalue, description, displayname, dr, help, incrementseed, incrementstep, isactive, identitied, pkey, nullable, columnlength, modifier, modifytime, name, precise, columnsequence, tableid, ts, versiontype, resid, groupid, columntype, forlocale ) values (  'bd_defdoc@@@mnecode', 'varchar', null, null, null, null, '助记码',0, null,null,null, 'Y', null, 'N', 'Y',50, null, null, 'mnecode',0,7, 'bd_defdoc', '2018-11-19 11:27:59',0, '2UC000-000172', null,0, 'N' ) ;
insert into md_column ( id, sqldatetype, createtime, creator, defaultvalue, description, displayname, dr, help, incrementseed, incrementstep, isactive, identitied, pkey, nullable, columnlength, modifier, modifytime, name, precise, columnsequence, tableid, ts, versiontype, resid, groupid, columntype, forlocale ) values (  'bd_defdoc@@@pid', 'varchar', null, null, '*~', null, '上级档案',0, null,null,null, 'Y', null, 'N', 'Y',20, null, null, 'pid',0,8, 'bd_defdoc', '2018-11-19 11:27:59',0, '2UC000-000007', null,0, 'N' ) ;
insert into md_column ( id, sqldatetype, createtime, creator, defaultvalue, description, displayname, dr, help, incrementseed, incrementstep, isactive, identitied, pkey, nullable, columnlength, modifier, modifytime, name, precise, columnsequence, tableid, ts, versiontype, resid, groupid, columntype, forlocale ) values (  'bd_defdoc@@@memo', 'varchar', null, null, null, null, '备注',0, null,null,null, 'Y', null, 'N', 'Y',200, null, null, 'memo',0,9, 'bd_defdoc', '2018-11-19 11:27:59',0, '2UC000-000258', null,0, 'N' ) ;
insert into md_column ( id, sqldatetype, createtime, creator, defaultvalue, description, displayname, dr, help, incrementseed, incrementstep, isactive, identitied, pkey, nullable, columnlength, modifier, modifytime, name, precise, columnsequence, tableid, ts, versiontype, resid, groupid, columntype, forlocale ) values (  'bd_defdoc@@@creator', 'varchar', null, null, '*~', null, '创建人',0, null,null,null, 'Y', null, 'N', 'Y',20, null, null, 'creator',0,10, 'bd_defdoc', '2018-11-19 11:27:59',0, '2UC000-000155', null,0, 'N' ) ;
insert into md_column ( id, sqldatetype, createtime, creator, defaultvalue, description, displayname, dr, help, incrementseed, incrementstep, isactive, identitied, pkey, nullable, columnlength, modifier, modifytime, name, precise, columnsequence, tableid, ts, versiontype, resid, groupid, columntype, forlocale ) values (  'bd_defdoc@@@creationtime', 'char', null, null, null, null, '创建时间',0, null,null,null, 'Y', null, 'N', 'Y',19, null, null, 'creationtime',0,11, 'bd_defdoc', '2018-11-19 11:27:59',0, '2UC000-000157', null,0, 'N' ) ;
insert into md_column ( id, sqldatetype, createtime, creator, defaultvalue, description, displayname, dr, help, incrementseed, incrementstep, isactive, identitied, pkey, nullable, columnlength, modifier, modifytime, name, precise, columnsequence, tableid, ts, versiontype, resid, groupid, columntype, forlocale ) values (  'bd_defdoc@@@modifier', 'varchar', null, null, '*~', null, '最后修改人',0, null,null,null, 'Y', null, 'N', 'Y',20, null, null, 'modifier',0,12, 'bd_defdoc', '2018-11-19 11:27:59',0, '2UC000-000490', null,0, 'N' ) ;
insert into md_column ( id, sqldatetype, createtime, creator, defaultvalue, description, displayname, dr, help, incrementseed, incrementstep, isactive, identitied, pkey, nullable, columnlength, modifier, modifytime, name, precise, columnsequence, tableid, ts, versiontype, resid, groupid, columntype, forlocale ) values (  'bd_defdoc@@@modifiedtime', 'char', null, null, null, null, '最后修改时间',0, null,null,null, 'Y', null, 'N', 'Y',19, null, null, 'modifiedtime',0,13, 'bd_defdoc', '2018-11-19 11:27:59',0, '2UC000-000491', null,0, 'N' ) ;
insert into md_column ( id, sqldatetype, createtime, creator, defaultvalue, description, displayname, dr, help, incrementseed, incrementstep, isactive, identitied, pkey, nullable, columnlength, modifier, modifytime, name, precise, columnsequence, tableid, ts, versiontype, resid, groupid, columntype, forlocale ) values (  'bd_defdoc@@@innercode', 'varchar', null, null, null, null, '内部编码',0, null,null,null, 'Y', null, 'N', 'Y',200, null, null, 'innercode',0,14, 'bd_defdoc', '2018-11-19 11:27:59',0, '2UC000-000136', null,0, 'N' ) ;
insert into md_column ( id, sqldatetype, createtime, creator, defaultvalue, description, displayname, dr, help, incrementseed, incrementstep, isactive, identitied, pkey, nullable, columnlength, modifier, modifytime, name, precise, columnsequence, tableid, ts, versiontype, resid, groupid, columntype, forlocale ) values (  'bd_defdoc@@@enablestate', 'int', null, null, null, null, '启用状态',0, null,null,null, 'Y', null, 'N', 'Y',0, null, null, 'enablestate',0,15, 'bd_defdoc', '2018-11-19 11:27:59',0, '2UC000-000249', null,0, 'N' ) ;
insert into md_column ( id, sqldatetype, createtime, creator, defaultvalue, description, displayname, dr, help, incrementseed, incrementstep, isactive, identitied, pkey, nullable, columnlength, modifier, modifytime, name, precise, columnsequence, tableid, ts, versiontype, resid, groupid, columntype, forlocale ) values (  'bd_defdoc@@@dataoriginflag', 'int', null, null, null, null, '分布式',0, null,null,null, 'Y', null, 'N', 'Y',0, null, null, 'dataoriginflag',0,16, 'bd_defdoc', '2018-11-19 11:27:59',0, '2UC000-000151', null,0, 'N' ) ;
insert into md_column ( id, sqldatetype, createtime, creator, defaultvalue, description, displayname, dr, help, incrementseed, incrementstep, isactive, identitied, pkey, nullable, columnlength, modifier, modifytime, name, precise, columnsequence, tableid, ts, versiontype, resid, groupid, columntype, forlocale ) values (  'bd_defdoc@@@datatype', 'int', null, null, '1', null, '数据类型',0, null,null,null, 'Y', null, 'N', 'Y',0, null, null, 'datatype',0,17, 'bd_defdoc', '2018-11-19 11:27:59',0, '2UC000-000458', null,0, 'N' ) ;
insert into md_column ( id, sqldatetype, createtime, creator, defaultvalue, description, displayname, dr, help, incrementseed, incrementstep, isactive, identitied, pkey, nullable, columnlength, modifier, modifytime, name, precise, columnsequence, tableid, ts, versiontype, resid, groupid, columntype, forlocale ) values (  'bd_defdoc@@@def1', 'varchar', null, null, null, null, '自定义项1',0, null,null,null, 'Y', null, 'N', 'Y',101, null, null, 'def1',0,18, 'bd_defdoc', '2018-11-19 11:27:59',-1, null, null,0, 'N' ) ;
insert into md_column ( id, sqldatetype, createtime, creator, defaultvalue, description, displayname, dr, help, incrementseed, incrementstep, isactive, identitied, pkey, nullable, columnlength, modifier, modifytime, name, precise, columnsequence, tableid, ts, versiontype, resid, groupid, columntype, forlocale ) values (  'bd_defdoc@@@def2', 'varchar', null, null, null, null, '自定义项2',0, null,null,null, 'Y', null, 'N', 'Y',101, null, null, 'def2',0,19, 'bd_defdoc', '2018-11-19 11:27:59',-1, null, null,0, 'N' ) ;
insert into md_column ( id, sqldatetype, createtime, creator, defaultvalue, description, displayname, dr, help, incrementseed, incrementstep, isactive, identitied, pkey, nullable, columnlength, modifier, modifytime, name, precise, columnsequence, tableid, ts, versiontype, resid, groupid, columntype, forlocale ) values (  'bd_defdoc@@@def3', 'varchar', null, null, null, null, '自定义项3',0, null,null,null, 'Y', null, 'N', 'Y',101, null, null, 'def3',0,20, 'bd_defdoc', '2018-11-19 11:27:59',-1, null, null,0, 'N' ) ;
insert into md_column ( id, sqldatetype, createtime, creator, defaultvalue, description, displayname, dr, help, incrementseed, incrementstep, isactive, identitied, pkey, nullable, columnlength, modifier, modifytime, name, precise, columnsequence, tableid, ts, versiontype, resid, groupid, columntype, forlocale ) values (  'bd_defdoc@@@def4', 'varchar', null, null, null, null, '自定义项4',0, null,null,null, 'Y', null, 'N', 'Y',101, null, null, 'def4',0,21, 'bd_defdoc', '2018-11-19 11:27:59',-1, null, null,0, 'N' ) ;
insert into md_column ( id, sqldatetype, createtime, creator, defaultvalue, description, displayname, dr, help, incrementseed, incrementstep, isactive, identitied, pkey, nullable, columnlength, modifier, modifytime, name, precise, columnsequence, tableid, ts, versiontype, resid, groupid, columntype, forlocale ) values (  'bd_defdoc@@@def5', 'varchar', null, null, null, null, '自定义项5',0, null,null,null, 'Y', null, 'N', 'Y',101, null, null, 'def5',0,22, 'bd_defdoc', '2018-11-19 11:27:59',-1, null, null,0, 'N' ) ;
insert into md_column ( id, sqldatetype, createtime, creator, defaultvalue, description, displayname, dr, help, incrementseed, incrementstep, isactive, identitied, pkey, nullable, columnlength, modifier, modifytime, name, precise, columnsequence, tableid, ts, versiontype, resid, groupid, columntype, forlocale ) values (  'bd_defdoc@@@def6', 'varchar', null, null, null, null, '自定义项6',0, null,null,null, 'Y', null, 'N', 'Y',101, null, null, 'def6',0,23, 'bd_defdoc', '2018-11-19 11:27:59',-1, null, null,0, 'N' ) ;
insert into md_column ( id, sqldatetype, createtime, creator, defaultvalue, description, displayname, dr, help, incrementseed, incrementstep, isactive, identitied, pkey, nullable, columnlength, modifier, modifytime, name, precise, columnsequence, tableid, ts, versiontype, resid, groupid, columntype, forlocale ) values (  'bd_defdoc@@@def7', 'varchar', null, null, null, null, '自定义项7',0, null,null,null, 'Y', null, 'N', 'Y',101, null, null, 'def7',0,24, 'bd_defdoc', '2018-11-19 11:27:59',-1, null, null,0, 'N' ) ;
insert into md_column ( id, sqldatetype, createtime, creator, defaultvalue, description, displayname, dr, help, incrementseed, incrementstep, isactive, identitied, pkey, nullable, columnlength, modifier, modifytime, name, precise, columnsequence, tableid, ts, versiontype, resid, groupid, columntype, forlocale ) values (  'bd_defdoc@@@def8', 'varchar', null, null, null, null, '自定义项8',0, null,null,null, 'Y', null, 'N', 'Y',101, null, null, 'def8',0,25, 'bd_defdoc', '2018-11-19 11:27:59',-1, null, null,0, 'N' ) ;
insert into md_column ( id, sqldatetype, createtime, creator, defaultvalue, description, displayname, dr, help, incrementseed, incrementstep, isactive, identitied, pkey, nullable, columnlength, modifier, modifytime, name, precise, columnsequence, tableid, ts, versiontype, resid, groupid, columntype, forlocale ) values (  'bd_defdoc@@@def9', 'varchar', null, null, null, null, '自定义项9',0, null,null,null, 'Y', null, 'N', 'Y',101, null, null, 'def9',0,26, 'bd_defdoc', '2018-11-19 11:27:59',-1, null, null,0, 'N' ) ;
insert into md_column ( id, sqldatetype, createtime, creator, defaultvalue, description, displayname, dr, help, incrementseed, incrementstep, isactive, identitied, pkey, nullable, columnlength, modifier, modifytime, name, precise, columnsequence, tableid, ts, versiontype, resid, groupid, columntype, forlocale ) values (  'bd_defdoc@@@def10', 'varchar', null, null, null, null, '自定义项10',0, null,null,null, 'Y', null, 'N', 'Y',101, null, null, 'def10',0,27, 'bd_defdoc', '2018-11-19 11:27:59',-1, null, null,0, 'N' ) ;
insert into md_column ( id, sqldatetype, createtime, creator, defaultvalue, description, displayname, dr, help, incrementseed, incrementstep, isactive, identitied, pkey, nullable, columnlength, modifier, modifytime, name, precise, columnsequence, tableid, ts, versiontype, resid, groupid, columntype, forlocale ) values (  'bd_defdoc@@@def11', 'varchar', null, null, null, null, '自定义项11',0, null,null,null, 'Y', null, 'N', 'Y',101, null, null, 'def11',0,28, 'bd_defdoc', '2018-11-19 11:27:59',-1, null, null,0, 'N' ) ;
insert into md_column ( id, sqldatetype, createtime, creator, defaultvalue, description, displayname, dr, help, incrementseed, incrementstep, isactive, identitied, pkey, nullable, columnlength, modifier, modifytime, name, precise, columnsequence, tableid, ts, versiontype, resid, groupid, columntype, forlocale ) values (  'bd_defdoc@@@def12', 'varchar', null, null, null, null, '自定义项12',0, null,null,null, 'Y', null, 'N', 'Y',101, null, null, 'def12',0,29, 'bd_defdoc', '2018-11-19 11:27:59',-1, null, null,0, 'N' ) ;
insert into md_column ( id, sqldatetype, createtime, creator, defaultvalue, description, displayname, dr, help, incrementseed, incrementstep, isactive, identitied, pkey, nullable, columnlength, modifier, modifytime, name, precise, columnsequence, tableid, ts, versiontype, resid, groupid, columntype, forlocale ) values (  'bd_defdoc@@@def13', 'varchar', null, null, null, null, '自定义项13',0, null,null,null, 'Y', null, 'N', 'Y',101, null, null, 'def13',0,30, 'bd_defdoc', '2018-11-19 11:27:59',-1, null, null,0, 'N' ) ;
insert into md_column ( id, sqldatetype, createtime, creator, defaultvalue, description, displayname, dr, help, incrementseed, incrementstep, isactive, identitied, pkey, nullable, columnlength, modifier, modifytime, name, precise, columnsequence, tableid, ts, versiontype, resid, groupid, columntype, forlocale ) values (  'bd_defdoc@@@def14', 'varchar', null, null, null, null, '自定义项14',0, null,null,null, 'Y', null, 'N', 'Y',101, null, null, 'def14',0,31, 'bd_defdoc', '2018-11-19 11:27:59',-1, null, null,0, 'N' ) ;
insert into md_column ( id, sqldatetype, createtime, creator, defaultvalue, description, displayname, dr, help, incrementseed, incrementstep, isactive, identitied, pkey, nullable, columnlength, modifier, modifytime, name, precise, columnsequence, tableid, ts, versiontype, resid, groupid, columntype, forlocale ) values (  'bd_defdoc@@@def15', 'varchar', null, null, null, null, '自定义项15',0, null,null,null, 'Y', null, 'N', 'Y',101, null, null, 'def15',0,32, 'bd_defdoc', '2018-11-19 11:27:59',-1, null, null,0, 'N' ) ;
insert into md_column ( id, sqldatetype, createtime, creator, defaultvalue, description, displayname, dr, help, incrementseed, incrementstep, isactive, identitied, pkey, nullable, columnlength, modifier, modifytime, name, precise, columnsequence, tableid, ts, versiontype, resid, groupid, columntype, forlocale ) values (  'bd_defdoc@@@def16', 'varchar', null, null, null, null, '自定义项16',0, null,null,null, 'Y', null, 'N', 'Y',101, null, null, 'def16',0,33, 'bd_defdoc', '2018-11-19 11:27:59',-1, null, null,0, 'N' ) ;
insert into md_column ( id, sqldatetype, createtime, creator, defaultvalue, description, displayname, dr, help, incrementseed, incrementstep, isactive, identitied, pkey, nullable, columnlength, modifier, modifytime, name, precise, columnsequence, tableid, ts, versiontype, resid, groupid, columntype, forlocale ) values (  'bd_defdoc@@@def17', 'varchar', null, null, null, null, '自定义项17',0, null,null,null, 'Y', null, 'N', 'Y',101, null, null, 'def17',0,34, 'bd_defdoc', '2018-11-19 11:27:59',-1, null, null,0, 'N' ) ;
insert into md_column ( id, sqldatetype, createtime, creator, defaultvalue, description, displayname, dr, help, incrementseed, incrementstep, isactive, identitied, pkey, nullable, columnlength, modifier, modifytime, name, precise, columnsequence, tableid, ts, versiontype, resid, groupid, columntype, forlocale ) values (  'bd_defdoc@@@def18', 'varchar', null, null, null, null, '自定义项18',0, null,null,null, 'Y', null, 'N', 'Y',101, null, null, 'def18',0,35, 'bd_defdoc', '2018-11-19 11:27:59',-1, null, null,0, 'N' ) ;
insert into md_column ( id, sqldatetype, createtime, creator, defaultvalue, description, displayname, dr, help, incrementseed, incrementstep, isactive, identitied, pkey, nullable, columnlength, modifier, modifytime, name, precise, columnsequence, tableid, ts, versiontype, resid, groupid, columntype, forlocale ) values (  'bd_defdoc@@@def19', 'varchar', null, null, null, null, '自定义项19',0, null,null,null, 'Y', null, 'N', 'Y',101, null, null, 'def19',0,36, 'bd_defdoc', '2018-11-19 11:27:59',-1, null, null,0, 'N' ) ;
insert into md_column ( id, sqldatetype, createtime, creator, defaultvalue, description, displayname, dr, help, incrementseed, incrementstep, isactive, identitied, pkey, nullable, columnlength, modifier, modifytime, name, precise, columnsequence, tableid, ts, versiontype, resid, groupid, columntype, forlocale ) values (  'bd_defdoc@@@def20', 'varchar', null, null, null, null, '自定义项20',0, null,null,null, 'Y', null, 'N', 'Y',101, null, null, 'def20',0,37, 'bd_defdoc', '2018-11-19 11:27:59',-1, null, null,0, 'N' ) ;
insert into md_column ( id, sqldatetype, createtime, creator, defaultvalue, description, displayname, dr, help, incrementseed, incrementstep, isactive, identitied, pkey, nullable, columnlength, modifier, modifytime, name, precise, columnsequence, tableid, ts, versiontype, resid, groupid, columntype, forlocale ) values (  'bd_defdoc@@@name2', 'varchar', null, null, null, null, '档案名称2',0, 'URC',null,null, 'Y', null, 'N', 'Y',200, null, null, 'name2',0,0, 'bd_defdoc', '2018-11-19 11:27:59',0, '2UC000-000556', 'bd_defdoc@@@name',0, 'N' ) ;
insert into md_column ( id, sqldatetype, createtime, creator, defaultvalue, description, displayname, dr, help, incrementseed, incrementstep, isactive, identitied, pkey, nullable, columnlength, modifier, modifytime, name, precise, columnsequence, tableid, ts, versiontype, resid, groupid, columntype, forlocale ) values (  'bd_defdoc@@@name3', 'varchar', null, null, null, null, '档案名称3',0, 'URC',null,null, 'Y', null, 'N', 'Y',200, null, null, 'name3',0,0, 'bd_defdoc', '2018-11-19 11:27:59',0, '2UC000-000556', 'bd_defdoc@@@name',0, 'N' ) ;
insert into md_column ( id, sqldatetype, createtime, creator, defaultvalue, description, displayname, dr, help, incrementseed, incrementstep, isactive, identitied, pkey, nullable, columnlength, modifier, modifytime, name, precise, columnsequence, tableid, ts, versiontype, resid, groupid, columntype, forlocale ) values (  'bd_defdoc@@@name4', 'varchar', null, null, null, null, '档案名称4',0, 'URC',null,null, 'Y', null, 'N', 'Y',200, null, null, 'name4',0,0, 'bd_defdoc', '2018-11-19 11:27:59',0, '2UC000-000556', 'bd_defdoc@@@name',0, 'N' ) ;
insert into md_column ( id, sqldatetype, createtime, creator, defaultvalue, description, displayname, dr, help, incrementseed, incrementstep, isactive, identitied, pkey, nullable, columnlength, modifier, modifytime, name, precise, columnsequence, tableid, ts, versiontype, resid, groupid, columntype, forlocale ) values (  'bd_defdoc@@@name5', 'varchar', null, null, null, null, '档案名称5',0, 'URC',null,null, 'Y', null, 'N', 'Y',200, null, null, 'name5',0,0, 'bd_defdoc', '2018-11-19 11:27:59',0, '2UC000-000556', 'bd_defdoc@@@name',0, 'N' ) ;
insert into md_column ( id, sqldatetype, createtime, creator, defaultvalue, description, displayname, dr, help, incrementseed, incrementstep, isactive, identitied, pkey, nullable, columnlength, modifier, modifytime, name, precise, columnsequence, tableid, ts, versiontype, resid, groupid, columntype, forlocale ) values (  'bd_defdoc@@@name6', 'varchar', null, null, null, null, '档案名称6',0, 'URC',null,null, 'Y', null, 'N', 'Y',200, null, null, 'name6',0,0, 'bd_defdoc', '2018-11-19 11:27:59',0, '2UC000-000556', 'bd_defdoc@@@name',0, 'N' ) ;
insert into md_column ( id, sqldatetype, createtime, creator, defaultvalue, description, displayname, dr, help, incrementseed, incrementstep, isactive, identitied, pkey, nullable, columnlength, modifier, modifytime, name, precise, columnsequence, tableid, ts, versiontype, resid, groupid, columntype, forlocale ) values (  'bd_defdoc@@@shortname2', 'varchar', null, null, null, null, '简称2',0, null,null,null, 'Y', null, 'N', 'Y',200, null, null, 'shortname2',0,0, 'bd_defdoc', '2018-11-19 11:27:59',0, '2UC000-000675', 'bd_defdoc@@@shortname',0, 'N' ) ;
insert into md_column ( id, sqldatetype, createtime, creator, defaultvalue, description, displayname, dr, help, incrementseed, incrementstep, isactive, identitied, pkey, nullable, columnlength, modifier, modifytime, name, precise, columnsequence, tableid, ts, versiontype, resid, groupid, columntype, forlocale ) values (  'bd_defdoc@@@shortname3', 'varchar', null, null, null, null, '简称3',0, null,null,null, 'Y', null, 'N', 'Y',200, null, null, 'shortname3',0,0, 'bd_defdoc', '2018-11-19 11:27:59',0, '2UC000-000675', 'bd_defdoc@@@shortname',0, 'N' ) ;
insert into md_column ( id, sqldatetype, createtime, creator, defaultvalue, description, displayname, dr, help, incrementseed, incrementstep, isactive, identitied, pkey, nullable, columnlength, modifier, modifytime, name, precise, columnsequence, tableid, ts, versiontype, resid, groupid, columntype, forlocale ) values (  'bd_defdoc@@@shortname4', 'varchar', null, null, null, null, '简称4',0, null,null,null, 'Y', null, 'N', 'Y',200, null, null, 'shortname4',0,0, 'bd_defdoc', '2018-11-19 11:27:59',0, '2UC000-000675', 'bd_defdoc@@@shortname',0, 'N' ) ;
insert into md_column ( id, sqldatetype, createtime, creator, defaultvalue, description, displayname, dr, help, incrementseed, incrementstep, isactive, identitied, pkey, nullable, columnlength, modifier, modifytime, name, precise, columnsequence, tableid, ts, versiontype, resid, groupid, columntype, forlocale ) values (  'bd_defdoc@@@shortname5', 'varchar', null, null, null, null, '简称5',0, null,null,null, 'Y', null, 'N', 'Y',200, null, null, 'shortname5',0,0, 'bd_defdoc', '2018-11-19 11:27:59',0, '2UC000-000675', 'bd_defdoc@@@shortname',0, 'N' ) ;
insert into md_column ( id, sqldatetype, createtime, creator, defaultvalue, description, displayname, dr, help, incrementseed, incrementstep, isactive, identitied, pkey, nullable, columnlength, modifier, modifytime, name, precise, columnsequence, tableid, ts, versiontype, resid, groupid, columntype, forlocale ) values (  'bd_defdoc@@@shortname6', 'varchar', null, null, null, null, '简称6',0, null,null,null, 'Y', null, 'N', 'Y',200, null, null, 'shortname6',0,0, 'bd_defdoc', '2018-11-19 11:27:59',0, '2UC000-000675', 'bd_defdoc@@@shortname',0, 'N' ) ;
insert into md_ORMap ( attributeid, classid, columnid, dr, tableid, ts ) values (  'b3e6e1b2-ea3c-11e8-a9bb-d5565d1ec044', '1001AA10000000000NXB', 'bd_defdoc@@@mnecode',0, 'bd_defdoc', '2018-11-19 11:27:59' ) ;
insert into md_ORMap ( attributeid, classid, columnid, dr, tableid, ts ) values (  'b3e6e1ac-ea3c-11e8-a9bb-d5565d1ec044', '1001AA10000000000NXB', 'bd_defdoc@@@creationtime',0, 'bd_defdoc', '2018-11-19 11:27:59' ) ;
insert into md_ORMap ( attributeid, classid, columnid, dr, tableid, ts ) values (  'b3e6e1ce-ea3c-11e8-a9bb-d5565d1ec044', '1001AA10000000000NXB', 'bd_defdoc@@@def13',0, 'bd_defdoc', '2018-11-19 11:27:59' ) ;
insert into md_ORMap ( attributeid, classid, columnid, dr, tableid, ts ) values (  'b3e6e1c9-ea3c-11e8-a9bb-d5565d1ec044', '1001AA10000000000NXB', 'bd_defdoc@@@def8',0, 'bd_defdoc', '2018-11-19 11:27:59' ) ;
insert into md_ORMap ( attributeid, classid, columnid, dr, tableid, ts ) values (  'b3e6e1b9-ea3c-11e8-a9bb-d5565d1ec044', '1001AA10000000000NXB', 'bd_defdoc@@@pid',0, 'bd_defdoc', '2018-11-19 11:27:59' ) ;
insert into md_ORMap ( attributeid, classid, columnid, dr, tableid, ts ) values (  'b3e6e1b1-ea3c-11e8-a9bb-d5565d1ec044', '1001AA10000000000NXB', 'bd_defdoc@@@memo',0, 'bd_defdoc', '2018-11-19 11:27:59' ) ;
insert into md_ORMap ( attributeid, classid, columnid, dr, tableid, ts ) values (  'b3e6e1bc-ea3c-11e8-a9bb-d5565d1ec044', '1001AA10000000000NXB', 'bd_defdoc@@@pk_group',0, 'bd_defdoc', '2018-11-19 11:27:59' ) ;
insert into md_ORMap ( attributeid, classid, columnid, dr, tableid, ts ) values (  'b3e6e1cd-ea3c-11e8-a9bb-d5565d1ec044', '1001AA10000000000NXB', 'bd_defdoc@@@def12',0, 'bd_defdoc', '2018-11-19 11:27:59' ) ;
insert into md_ORMap ( attributeid, classid, columnid, dr, tableid, ts ) values (  'b3e6e1c6-ea3c-11e8-a9bb-d5565d1ec044', '1001AA10000000000NXB', 'bd_defdoc@@@def5',0, 'bd_defdoc', '2018-11-19 11:27:59' ) ;
insert into md_ORMap ( attributeid, classid, columnid, dr, tableid, ts ) values (  'b3e6e1c7-ea3c-11e8-a9bb-d5565d1ec044', '1001AA10000000000NXB', 'bd_defdoc@@@def6',0, 'bd_defdoc', '2018-11-19 11:27:59' ) ;
insert into md_ORMap ( attributeid, classid, columnid, dr, tableid, ts ) values (  'b3e6e1d4-ea3c-11e8-a9bb-d5565d1ec044', '1001AA10000000000NXB', 'bd_defdoc@@@def19',0, 'bd_defdoc', '2018-11-19 11:27:59' ) ;
insert into md_ORMap ( attributeid, classid, columnid, dr, tableid, ts ) values (  'b3e6e1c8-ea3c-11e8-a9bb-d5565d1ec044', '1001AA10000000000NXB', 'bd_defdoc@@@def7',0, 'bd_defdoc', '2018-11-19 11:27:59' ) ;
insert into md_ORMap ( attributeid, classid, columnid, dr, tableid, ts ) values (  'b3e6e1d1-ea3c-11e8-a9bb-d5565d1ec044', '1001AA10000000000NXB', 'bd_defdoc@@@def16',0, 'bd_defdoc', '2018-11-19 11:27:59' ) ;
insert into md_ORMap ( attributeid, classid, columnid, dr, tableid, ts ) values (  'b3e6e1d3-ea3c-11e8-a9bb-d5565d1ec044', '1001AA10000000000NXB', 'bd_defdoc@@@def18',0, 'bd_defdoc', '2018-11-19 11:27:59' ) ;
insert into md_ORMap ( attributeid, classid, columnid, dr, tableid, ts ) values (  'b3e6e1b3-ea3c-11e8-a9bb-d5565d1ec044', '1001AA10000000000NXB', 'bd_defdoc@@@modifier',0, 'bd_defdoc', '2018-11-19 11:27:59' ) ;
insert into md_ORMap ( attributeid, classid, columnid, dr, tableid, ts ) values (  'b3e6e1c2-ea3c-11e8-a9bb-d5565d1ec044', '1001AA10000000000NXB', 'bd_defdoc@@@def1',0, 'bd_defdoc', '2018-11-19 11:27:59' ) ;
insert into md_ORMap ( attributeid, classid, columnid, dr, tableid, ts ) values (  'b3e6e1bb-ea3c-11e8-a9bb-d5565d1ec044', '1001AA10000000000NXB', 'bd_defdoc@@@pk_defdoclist',0, 'bd_defdoc', '2018-11-19 11:27:59' ) ;
insert into md_ORMap ( attributeid, classid, columnid, dr, tableid, ts ) values (  'b3e6e1d0-ea3c-11e8-a9bb-d5565d1ec044', '1001AA10000000000NXB', 'bd_defdoc@@@def15',0, 'bd_defdoc', '2018-11-19 11:27:59' ) ;
insert into md_ORMap ( attributeid, classid, columnid, dr, tableid, ts ) values (  'b3e6e1bd-ea3c-11e8-a9bb-d5565d1ec044', '1001AA10000000000NXB', 'bd_defdoc@@@pk_org',0, 'bd_defdoc', '2018-11-19 11:27:59' ) ;
insert into md_ORMap ( attributeid, classid, columnid, dr, tableid, ts ) values (  'b3e6e1be-ea3c-11e8-a9bb-d5565d1ec044', '1001AA10000000000NXB', 'bd_defdoc@@@enablestate',0, 'bd_defdoc', '2018-11-19 11:27:59' ) ;
insert into md_ORMap ( attributeid, classid, columnid, dr, tableid, ts ) values (  'b3e6e1cc-ea3c-11e8-a9bb-d5565d1ec044', '1001AA10000000000NXB', 'bd_defdoc@@@def11',0, 'bd_defdoc', '2018-11-19 11:27:59' ) ;
insert into md_ORMap ( attributeid, classid, columnid, dr, tableid, ts ) values (  'b3e6e1a9-ea3c-11e8-a9bb-d5565d1ec044', '1001AA10000000000NXB', 'bd_defdoc@@@code',0, 'bd_defdoc', '2018-11-19 11:27:59' ) ;
insert into md_ORMap ( attributeid, classid, columnid, dr, tableid, ts ) values (  'b3e6e1c4-ea3c-11e8-a9bb-d5565d1ec044', '1001AA10000000000NXB', 'bd_defdoc@@@def3',0, 'bd_defdoc', '2018-11-19 11:27:59' ) ;
insert into md_ORMap ( attributeid, classid, columnid, dr, tableid, ts ) values (  'b3e6e1ad-ea3c-11e8-a9bb-d5565d1ec044', '1001AA10000000000NXB', 'bd_defdoc@@@creator',0, 'bd_defdoc', '2018-11-19 11:27:59' ) ;
insert into md_ORMap ( attributeid, classid, columnid, dr, tableid, ts ) values (  'b3e6e1af-ea3c-11e8-a9bb-d5565d1ec044', '1001AA10000000000NXB', 'bd_defdoc@@@innercode',0, 'bd_defdoc', '2018-11-19 11:27:59' ) ;
insert into md_ORMap ( attributeid, classid, columnid, dr, tableid, ts ) values (  'b3e6e1d2-ea3c-11e8-a9bb-d5565d1ec044', '1001AA10000000000NXB', 'bd_defdoc@@@def17',0, 'bd_defdoc', '2018-11-19 11:27:59' ) ;
insert into md_ORMap ( attributeid, classid, columnid, dr, tableid, ts ) values (  'b3e6e1ca-ea3c-11e8-a9bb-d5565d1ec044', '1001AA10000000000NXB', 'bd_defdoc@@@def9',0, 'bd_defdoc', '2018-11-19 11:27:59' ) ;
insert into md_ORMap ( attributeid, classid, columnid, dr, tableid, ts ) values (  'b3e6e1b6-ea3c-11e8-a9bb-d5565d1ec044', '1001AA10000000000NXB', 'bd_defdoc@@@name',0, 'bd_defdoc', '2018-11-19 11:27:59' ) ;
insert into md_ORMap ( attributeid, classid, columnid, dr, tableid, ts ) values (  'b3e6e1c1-ea3c-11e8-a9bb-d5565d1ec044', '1001AA10000000000NXB', 'bd_defdoc@@@datatype',0, 'bd_defdoc', '2018-11-19 11:27:59' ) ;
insert into md_ORMap ( attributeid, classid, columnid, dr, tableid, ts ) values (  'b3e6e1cf-ea3c-11e8-a9bb-d5565d1ec044', '1001AA10000000000NXB', 'bd_defdoc@@@def14',0, 'bd_defdoc', '2018-11-19 11:27:59' ) ;
insert into md_ORMap ( attributeid, classid, columnid, dr, tableid, ts ) values (  'b3e6e1b0-ea3c-11e8-a9bb-d5565d1ec044', '1001AA10000000000NXB', 'bd_defdoc@@PK@@',0, 'bd_defdoc', '2018-11-19 11:27:59' ) ;
insert into md_ORMap ( attributeid, classid, columnid, dr, tableid, ts ) values (  'b3e6e1b5-ea3c-11e8-a9bb-d5565d1ec044', '1001AA10000000000NXB', 'bd_defdoc@@@modifiedtime',0, 'bd_defdoc', '2018-11-19 11:27:59' ) ;
insert into md_ORMap ( attributeid, classid, columnid, dr, tableid, ts ) values (  'b3e6e1b7-ea3c-11e8-a9bb-d5565d1ec044', '1001AA10000000000NXB', 'bd_defdoc@@@shortname',0, 'bd_defdoc', '2018-11-19 11:27:59' ) ;
insert into md_ORMap ( attributeid, classid, columnid, dr, tableid, ts ) values (  'b3e6e1d5-ea3c-11e8-a9bb-d5565d1ec044', '1001AA10000000000NXB', 'bd_defdoc@@@def20',0, 'bd_defdoc', '2018-11-19 11:27:59' ) ;
insert into md_ORMap ( attributeid, classid, columnid, dr, tableid, ts ) values (  'b3e6e1c5-ea3c-11e8-a9bb-d5565d1ec044', '1001AA10000000000NXB', 'bd_defdoc@@@def4',0, 'bd_defdoc', '2018-11-19 11:27:59' ) ;
insert into md_ORMap ( attributeid, classid, columnid, dr, tableid, ts ) values (  'b3e6e1cb-ea3c-11e8-a9bb-d5565d1ec044', '1001AA10000000000NXB', 'bd_defdoc@@@def10',0, 'bd_defdoc', '2018-11-19 11:27:59' ) ;
insert into md_ORMap ( attributeid, classid, columnid, dr, tableid, ts ) values (  'b3e6e1c0-ea3c-11e8-a9bb-d5565d1ec044', '1001AA10000000000NXB', 'bd_defdoc@@@dataoriginflag',0, 'bd_defdoc', '2018-11-19 11:27:59' ) ;
insert into md_ORMap ( attributeid, classid, columnid, dr, tableid, ts ) values (  'b3e6e1c3-ea3c-11e8-a9bb-d5565d1ec044', '1001AA10000000000NXB', 'bd_defdoc@@@def2',0, 'bd_defdoc', '2018-11-19 11:27:59' ) ;



--Defdoc-C0J00114
delete from md_db_relation where startattrid in (select id from md_property where classid in ('1001AA10000000000NYK','@@@@' ) )  and starttableid in ('bd_defdoc','@@@@');
delete from md_ORMap where ATTRIBUTEID in(select id from md_property where classid in ('1001AA10000000000NYK','@@@@' ) )  and tableid in ('bd_defdoc','@@@@') ;
delete from md_table where id not in (select distinct tableid from md_ormap );
delete from md_column where  tableid in('bd_defdoc','@@@@') and id not in(select distinct columnid from md_ormap) and (nvl(groupid ,'~')='~' or groupid = id )  and name <> 'extend_bean_tag' ;
delete from md_column where tableid in ('bd_defdoc','@@@@')and groupid is not null and groupid not in( select distinct id from md_column where tableid in ('bd_defdoc','@@@@') ) ;
delete from md_db_relation where starttableid not in (select id from md_table);
delete from md_property where classID in (select distinct id from md_class where componentID='c21037ce-ea3c-11e8-a9bb-d5565d1ec044'  )  ;
delete from md_association where componentID = 'c21037ce-ea3c-11e8-a9bb-d5565d1ec044'  ;
delete from md_bizItfMap where classID in (select distinct id from md_class where componentID='c21037ce-ea3c-11e8-a9bb-d5565d1ec044'  );
delete from md_bizItfMap where classID in ( select id from md_opInterface where componentID = 'c21037ce-ea3c-11e8-a9bb-d5565d1ec044'  );
delete from md_accessorPara where id in (select distinct id from md_class where componentID='c21037ce-ea3c-11e8-a9bb-d5565d1ec044'  );
delete from md_enumValue where id in (select distinct id from md_class where componentID='c21037ce-ea3c-11e8-a9bb-d5565d1ec044'  ) ;
delete from md_class where componentID = 'c21037ce-ea3c-11e8-a9bb-d5565d1ec044'  ;
delete from md_component where id = 'c21037ce-ea3c-11e8-a9bb-d5565d1ec044' ;
delete from md_table where (id='bd_defdoc');
delete from md_column where (id='bd_defdoc@@PK@@');
delete from md_column where (id='bd_defdoc@@@pk_defdoclist');
delete from md_column where (id='bd_defdoc@@@pk_org');
delete from md_column where (id='bd_defdoc@@@pk_group');
delete from md_column where (id='bd_defdoc@@@code');
delete from md_column where (id='bd_defdoc@@@name');
delete from md_column where (id='bd_defdoc@@@shortname');
delete from md_column where (id='bd_defdoc@@@mnecode');
delete from md_column where (id='bd_defdoc@@@pid');
delete from md_column where (id='bd_defdoc@@@memo');
delete from md_column where (id='bd_defdoc@@@creator');
delete from md_column where (id='bd_defdoc@@@creationtime');
delete from md_column where (id='bd_defdoc@@@modifier');
delete from md_column where (id='bd_defdoc@@@modifiedtime');
delete from md_column where (id='bd_defdoc@@@innercode');
delete from md_column where (id='bd_defdoc@@@enablestate');
delete from md_column where (id='bd_defdoc@@@dataoriginflag');
delete from md_column where (id='bd_defdoc@@@datatype');
delete from md_column where (id='bd_defdoc@@@def1');
delete from md_column where (id='bd_defdoc@@@def2');
delete from md_column where (id='bd_defdoc@@@def3');
delete from md_column where (id='bd_defdoc@@@def4');
delete from md_column where (id='bd_defdoc@@@def5');
delete from md_column where (id='bd_defdoc@@@def6');
delete from md_column where (id='bd_defdoc@@@def7');
delete from md_column where (id='bd_defdoc@@@def8');
delete from md_column where (id='bd_defdoc@@@def9');
delete from md_column where (id='bd_defdoc@@@def10');
delete from md_column where (id='bd_defdoc@@@def11');
delete from md_column where (id='bd_defdoc@@@def12');
delete from md_column where (id='bd_defdoc@@@def13');
delete from md_column where (id='bd_defdoc@@@def14');
delete from md_column where (id='bd_defdoc@@@def15');
delete from md_column where (id='bd_defdoc@@@def16');
delete from md_column where (id='bd_defdoc@@@def17');
delete from md_column where (id='bd_defdoc@@@def18');
delete from md_column where (id='bd_defdoc@@@def19');
delete from md_column where (id='bd_defdoc@@@def20');
delete from md_column where (id='bd_defdoc@@@name2');
delete from md_column where (id='bd_defdoc@@@name3');
delete from md_column where (id='bd_defdoc@@@name4');
delete from md_column where (id='bd_defdoc@@@name5');
delete from md_column where (id='bd_defdoc@@@name6');
delete from md_column where (id='bd_defdoc@@@shortname2');
delete from md_column where (id='bd_defdoc@@@shortname3');
delete from md_column where (id='bd_defdoc@@@shortname4');
delete from md_column where (id='bd_defdoc@@@shortname5');
delete from md_column where (id='bd_defdoc@@@shortname6');


insert into md_component ( createtime, creator, description, displayname, dr, fromsourcebmf, help, id, industry, isbizmodel, modifier, modifytime, name, namespace, ownmodule, preload, resid, resmodule, ts, version, versiontype ) values (  '2018-11-17 15:45:30', null, null, '认证类型(自定义档案)',0, 'Y', null, 'c21037ce-ea3c-11e8-a9bb-d5565d1ec044', '0', 'N', null, null, 'Defdoc-C0J00114', 'uap', 'uapbd', null, null, '10140uddb', '2018-11-19 11:28:17', '1',0 ) ;
insert into md_class ( id, accessorclassname, classtype, componentid, createtime, creator, description, displayname, dr, fullclassname, help, isactive, keyattribute, modifier, modifytime, name, parentclassid, precise, refmodelname, returntype, ts, versiontype, isprimary, defaulttablename, stereotype, isauthen, resid, bizitfimpclassname, modinfoclassname, iscreatesql, isextendbean, userdefclassname, industry, fixedlength ) values (  '1001AA10000000000NYK', 'nc.md.model.access.javamap.NCBeanStyle',201, 'c21037ce-ea3c-11e8-a9bb-d5565d1ec044', '2018-11-17 15:45:30', null, null, '认证类型(自定义档案)',0, 'nc.vo.bd.defdoc.DefdocVO', 'ignorebdmode,BDMODE,URC,DEFDOC,BUSILOG,DOC', null, 'c21037d4-ea3c-11e8-a9bb-d5565d1ec044', null, null, 'Defdoc-C0J00114', null,null, '认证类型(自定义档案)', null, '2018-11-19 11:28:17',0, 'Y', 'bd_defdoc', null, 'Y', null, null, null, 'Y', null, null, '0', null ) ;
insert into md_property ( id, accessorclassname, classid, createtime, creator, datatype, datatypestyle, defaultvalue, description, displayname, dr, help, isactive, hided, nullable, readonly, attrlength, attrmaxvalue, attrminvalue, modifier, modifytime, name, precise, refmodelname, attrsequence, ts, visibility, versiontype, fixedlength, calculation, isauthen, resid, customattr, notserialize, dynamicattr, dynamictable, accesspower, accesspowergroup, industry ) values (  'c21037d4-ea3c-11e8-a9bb-d5565d1ec044', null, '1001AA10000000000NYK', null, null, 'BS000010000100001051',300, null, null, '自定义档案主键',0, null, 'Y', 'N', 'N', 'N',20, null, null, null, null, 'pk_defdoc',0, null,0, '2018-11-19 11:28:17',0,0, 'N', 'N', 'Y', '2UC000-000747', 'N', 'N', 'N', null, 'N', null, '0' ) ;
insert into md_property ( id, accessorclassname, classid, createtime, creator, datatype, datatypestyle, defaultvalue, description, displayname, dr, help, isactive, hided, nullable, readonly, attrlength, attrmaxvalue, attrminvalue, modifier, modifytime, name, precise, refmodelname, attrsequence, ts, visibility, versiontype, fixedlength, calculation, isauthen, resid, customattr, notserialize, dynamicattr, dynamictable, accesspower, accesspowergroup, industry ) values (  'c21037df-ea3c-11e8-a9bb-d5565d1ec044', null, '1001AA10000000000NYK', null, null, '16c1dca0-e3ed-4dcc-8ed7-75fd59e2bef1',305, null, null, '自定义档案列表主键',0, null, 'Y', 'N', 'N', 'N',20, null, null, null, null, 'pk_defdoclist',0, '自定义档案列表',1, '2018-11-19 11:28:17',0,0, 'N', 'N', 'Y', '2UC000-000748', 'N', 'N', 'N', null, 'N', null, '0' ) ;
insert into md_property ( id, accessorclassname, classid, createtime, creator, datatype, datatypestyle, defaultvalue, description, displayname, dr, help, isactive, hided, nullable, readonly, attrlength, attrmaxvalue, attrminvalue, modifier, modifytime, name, precise, refmodelname, attrsequence, ts, visibility, versiontype, fixedlength, calculation, isauthen, resid, customattr, notserialize, dynamicattr, dynamictable, accesspower, accesspowergroup, industry ) values (  'c21037e1-ea3c-11e8-a9bb-d5565d1ec044', null, '1001AA10000000000NYK', null, null, '985be8a4-3a36-4778-8afe-2d8ed3902659',305, null, null, '所属组织',0, null, 'Y', 'N', 'N', 'N',20, null, null, null, null, 'pk_org',0, '业务单元',2, '2018-11-19 11:28:17',0,0, 'N', 'N', 'Y', '2UC000-000360', 'N', 'N', 'N', null, 'N', null, '0' ) ;
insert into md_property ( id, accessorclassname, classid, createtime, creator, datatype, datatypestyle, defaultvalue, description, displayname, dr, help, isactive, hided, nullable, readonly, attrlength, attrmaxvalue, attrminvalue, modifier, modifytime, name, precise, refmodelname, attrsequence, ts, visibility, versiontype, fixedlength, calculation, isauthen, resid, customattr, notserialize, dynamicattr, dynamictable, accesspower, accesspowergroup, industry ) values (  'c21037e0-ea3c-11e8-a9bb-d5565d1ec044', null, '1001AA10000000000NYK', null, null, '3b6dd171-2900-47f3-bfbe-41e4483a2a65',305, null, null, '所属集团',0, null, 'Y', 'N', 'Y', 'N',20, null, null, null, null, 'pk_group',0, '集团',3, '2018-11-19 11:28:17',0,0, 'N', 'N', 'Y', '2UC000-000367', 'N', 'N', 'N', null, 'N', null, '0' ) ;
insert into md_property ( id, accessorclassname, classid, createtime, creator, datatype, datatypestyle, defaultvalue, description, displayname, dr, help, isactive, hided, nullable, readonly, attrlength, attrmaxvalue, attrminvalue, modifier, modifytime, name, precise, refmodelname, attrsequence, ts, visibility, versiontype, fixedlength, calculation, isauthen, resid, customattr, notserialize, dynamicattr, dynamictable, accesspower, accesspowergroup, industry ) values (  'c21037cd-ea3c-11e8-a9bb-d5565d1ec044', null, '1001AA10000000000NYK', null, null, 'BS000010000100001001',300, null, null, '档案编码',0, 'URC', 'Y', 'N', 'N', 'N',40, null, null, null, null, 'code',0, null,4, '2018-11-19 11:28:17',0,0, 'N', 'N', 'Y', '2UC000-000557', 'N', 'N', 'N', null, 'N', null, '0' ) ;
insert into md_property ( id, accessorclassname, classid, createtime, creator, datatype, datatypestyle, defaultvalue, description, displayname, dr, help, isactive, hided, nullable, readonly, attrlength, attrmaxvalue, attrminvalue, modifier, modifytime, name, precise, refmodelname, attrsequence, ts, visibility, versiontype, fixedlength, calculation, isauthen, resid, customattr, notserialize, dynamicattr, dynamictable, accesspower, accesspowergroup, industry ) values (  'c21037da-ea3c-11e8-a9bb-d5565d1ec044', null, '1001AA10000000000NYK', null, null, 'BS000010000100001058',300, null, null, '档案名称',0, 'URC', 'Y', 'N', 'Y', 'N',200, null, null, null, null, 'name',0, null,5, '2018-11-19 11:28:17',0,0, 'N', 'N', 'Y', '2UC000-000556', 'N', 'N', 'N', null, 'N', null, '0' ) ;
insert into md_property ( id, accessorclassname, classid, createtime, creator, datatype, datatypestyle, defaultvalue, description, displayname, dr, help, isactive, hided, nullable, readonly, attrlength, attrmaxvalue, attrminvalue, modifier, modifytime, name, precise, refmodelname, attrsequence, ts, visibility, versiontype, fixedlength, calculation, isauthen, resid, customattr, notserialize, dynamicattr, dynamictable, accesspower, accesspowergroup, industry ) values (  'c21037db-ea3c-11e8-a9bb-d5565d1ec044', null, '1001AA10000000000NYK', null, null, 'BS000010000100001058',300, null, null, '简称',0, null, 'Y', 'N', 'Y', 'N',200, null, null, null, null, 'shortname',0, null,6, '2018-11-19 11:28:17',0,0, 'N', 'N', 'Y', '2UC000-000675', 'N', 'N', 'N', null, 'N', null, '0' ) ;
insert into md_property ( id, accessorclassname, classid, createtime, creator, datatype, datatypestyle, defaultvalue, description, displayname, dr, help, isactive, hided, nullable, readonly, attrlength, attrmaxvalue, attrminvalue, modifier, modifytime, name, precise, refmodelname, attrsequence, ts, visibility, versiontype, fixedlength, calculation, isauthen, resid, customattr, notserialize, dynamicattr, dynamictable, accesspower, accesspowergroup, industry ) values (  'c21037d6-ea3c-11e8-a9bb-d5565d1ec044', null, '1001AA10000000000NYK', null, null, 'BS000010000100001001',300, null, null, '助记码',0, null, 'Y', 'N', 'Y', 'N',50, null, null, null, null, 'mnecode',0, null,7, '2018-11-19 11:28:17',0,0, 'N', 'N', 'Y', '2UC000-000172', 'N', 'N', 'N', null, 'N', null, '0' ) ;
insert into md_property ( id, accessorclassname, classid, createtime, creator, datatype, datatypestyle, defaultvalue, description, displayname, dr, help, isactive, hided, nullable, readonly, attrlength, attrmaxvalue, attrminvalue, modifier, modifytime, name, precise, refmodelname, attrsequence, ts, visibility, versiontype, fixedlength, calculation, isauthen, resid, customattr, notserialize, dynamicattr, dynamictable, accesspower, accesspowergroup, industry ) values (  'c21037dd-ea3c-11e8-a9bb-d5565d1ec044', null, '1001AA10000000000NYK', null, null, 'BS000010000100001001',300, null, null, '上级档案',0, null, 'Y', 'N', 'Y', 'N',20, null, null, null, null, 'pid',0, null,8, '2018-11-19 11:28:17',0,0, 'N', 'N', 'Y', '2UC000-000007', 'N', 'N', 'N', null, 'N', null, '0' ) ;
insert into md_property ( id, accessorclassname, classid, createtime, creator, datatype, datatypestyle, defaultvalue, description, displayname, dr, help, isactive, hided, nullable, readonly, attrlength, attrmaxvalue, attrminvalue, modifier, modifytime, name, precise, refmodelname, attrsequence, ts, visibility, versiontype, fixedlength, calculation, isauthen, resid, customattr, notserialize, dynamicattr, dynamictable, accesspower, accesspowergroup, industry ) values (  'c21037d5-ea3c-11e8-a9bb-d5565d1ec044', null, '1001AA10000000000NYK', null, null, 'BS000010000100001001',300, null, null, '备注',0, null, 'Y', 'N', 'Y', 'N',200, null, null, null, null, 'memo',0, null,9, '2018-11-19 11:28:17',0,0, 'N', 'N', 'Y', '2UC000-000258', 'N', 'N', 'N', null, 'N', null, '0' ) ;
insert into md_property ( id, accessorclassname, classid, createtime, creator, datatype, datatypestyle, defaultvalue, description, displayname, dr, help, isactive, hided, nullable, readonly, attrlength, attrmaxvalue, attrminvalue, modifier, modifytime, name, precise, refmodelname, attrsequence, ts, visibility, versiontype, fixedlength, calculation, isauthen, resid, customattr, notserialize, dynamicattr, dynamictable, accesspower, accesspowergroup, industry ) values (  'c21037d1-ea3c-11e8-a9bb-d5565d1ec044', null, '1001AA10000000000NYK', null, null, 'f6f9a473-56c0-432f-8bc7-fbf8fde54fee',305, null, null, '创建人',0, null, 'Y', 'N', 'Y', 'N',20, null, null, null, null, 'creator',0, '用户',10, '2018-11-19 11:28:17',0,0, 'N', 'N', 'Y', '2UC000-000155', 'N', 'N', 'N', null, 'N', null, '0' ) ;
insert into md_property ( id, accessorclassname, classid, createtime, creator, datatype, datatypestyle, defaultvalue, description, displayname, dr, help, isactive, hided, nullable, readonly, attrlength, attrmaxvalue, attrminvalue, modifier, modifytime, name, precise, refmodelname, attrsequence, ts, visibility, versiontype, fixedlength, calculation, isauthen, resid, customattr, notserialize, dynamicattr, dynamictable, accesspower, accesspowergroup, industry ) values (  'c21037d0-ea3c-11e8-a9bb-d5565d1ec044', null, '1001AA10000000000NYK', null, null, 'BS000010000100001034',300, null, null, '创建时间',0, null, 'Y', 'N', 'Y', 'N',19, null, null, null, null, 'creationtime',0, null,11, '2018-11-19 11:28:17',0,0, 'N', 'N', 'Y', '2UC000-000157', 'N', 'N', 'N', null, 'N', null, '0' ) ;
insert into md_property ( id, accessorclassname, classid, createtime, creator, datatype, datatypestyle, defaultvalue, description, displayname, dr, help, isactive, hided, nullable, readonly, attrlength, attrmaxvalue, attrminvalue, modifier, modifytime, name, precise, refmodelname, attrsequence, ts, visibility, versiontype, fixedlength, calculation, isauthen, resid, customattr, notserialize, dynamicattr, dynamictable, accesspower, accesspowergroup, industry ) values (  'c21037d7-ea3c-11e8-a9bb-d5565d1ec044', null, '1001AA10000000000NYK', null, null, 'f6f9a473-56c0-432f-8bc7-fbf8fde54fee',305, null, null, '最后修改人',0, null, 'Y', 'N', 'Y', 'N',20, null, null, null, null, 'modifier',0, '用户',12, '2018-11-19 11:28:17',0,0, 'N', 'N', 'Y', '2UC000-000490', 'N', 'N', 'N', null, 'N', null, '0' ) ;
insert into md_property ( id, accessorclassname, classid, createtime, creator, datatype, datatypestyle, defaultvalue, description, displayname, dr, help, isactive, hided, nullable, readonly, attrlength, attrmaxvalue, attrminvalue, modifier, modifytime, name, precise, refmodelname, attrsequence, ts, visibility, versiontype, fixedlength, calculation, isauthen, resid, customattr, notserialize, dynamicattr, dynamictable, accesspower, accesspowergroup, industry ) values (  'c21037d9-ea3c-11e8-a9bb-d5565d1ec044', null, '1001AA10000000000NYK', null, null, 'BS000010000100001034',300, null, null, '最后修改时间',0, null, 'Y', 'N', 'Y', 'N',19, null, null, null, null, 'modifiedtime',0, null,13, '2018-11-19 11:28:17',0,0, 'N', 'N', 'Y', '2UC000-000491', 'N', 'N', 'N', null, 'N', null, '0' ) ;
insert into md_property ( id, accessorclassname, classid, createtime, creator, datatype, datatypestyle, defaultvalue, description, displayname, dr, help, isactive, hided, nullable, readonly, attrlength, attrmaxvalue, attrminvalue, modifier, modifytime, name, precise, refmodelname, attrsequence, ts, visibility, versiontype, fixedlength, calculation, isauthen, resid, customattr, notserialize, dynamicattr, dynamictable, accesspower, accesspowergroup, industry ) values (  'c21037d3-ea3c-11e8-a9bb-d5565d1ec044', null, '1001AA10000000000NYK', null, null, 'BS000010000100001001',300, null, null, '内部编码',0, null, 'Y', 'N', 'Y', 'N',200, null, null, null, null, 'innercode',0, null,14, '2018-11-19 11:28:17',0,0, 'N', 'N', 'Y', '2UC000-000136', 'N', 'N', 'N', null, 'N', null, '0' ) ;
insert into md_property ( id, accessorclassname, classid, createtime, creator, datatype, datatypestyle, defaultvalue, description, displayname, dr, help, isactive, hided, nullable, readonly, attrlength, attrmaxvalue, attrminvalue, modifier, modifytime, name, precise, refmodelname, attrsequence, ts, visibility, versiontype, fixedlength, calculation, isauthen, resid, customattr, notserialize, dynamicattr, dynamictable, accesspower, accesspowergroup, industry ) values (  'c21037e2-ea3c-11e8-a9bb-d5565d1ec044', null, '1001AA10000000000NYK', null, null, '6b533ffa-3e43-4147-8670-ba0f5471fd40',300, null, null, '启用状态',0, null, 'Y', 'N', 'Y', 'N',0, null, null, null, null, 'enablestate',0, null,15, '2018-11-19 11:28:17',0,0, 'N', 'N', 'Y', '2UC000-000249', 'N', 'N', 'N', null, 'N', null, '0' ) ;
insert into md_property ( id, accessorclassname, classid, createtime, creator, datatype, datatypestyle, defaultvalue, description, displayname, dr, help, isactive, hided, nullable, readonly, attrlength, attrmaxvalue, attrminvalue, modifier, modifytime, name, precise, refmodelname, attrsequence, ts, visibility, versiontype, fixedlength, calculation, isauthen, resid, customattr, notserialize, dynamicattr, dynamictable, accesspower, accesspowergroup, industry ) values (  'c21037e4-ea3c-11e8-a9bb-d5565d1ec044', null, '1001AA10000000000NYK', null, null, 'BS000010000100001004',300, null, null, '分布式',0, null, 'Y', 'N', 'Y', 'N',0, null, null, null, null, 'dataoriginflag',0, null,16, '2018-11-19 11:28:17',0,0, 'N', 'N', 'Y', '2UC000-000151', 'N', 'N', 'N', null, 'N', null, '0' ) ;
insert into md_property ( id, accessorclassname, classid, createtime, creator, datatype, datatypestyle, defaultvalue, description, displayname, dr, help, isactive, hided, nullable, readonly, attrlength, attrmaxvalue, attrminvalue, modifier, modifytime, name, precise, refmodelname, attrsequence, ts, visibility, versiontype, fixedlength, calculation, isauthen, resid, customattr, notserialize, dynamicattr, dynamictable, accesspower, accesspowergroup, industry ) values (  'c21037e5-ea3c-11e8-a9bb-d5565d1ec044', null, '1001AA10000000000NYK', null, null, 'ba3f1197-8584-445d-88a0-102e505f94e5',300, '1', null, '数据类型',0, null, 'Y', 'N', 'Y', 'N',0, null, null, null, null, 'datatype',0, null,17, '2018-11-19 11:28:17',0,0, 'N', 'N', 'Y', '2UC000-000458', 'N', 'N', 'N', null, 'N', null, '0' ) ;
insert into md_property ( id, accessorclassname, classid, createtime, creator, datatype, datatypestyle, defaultvalue, description, displayname, dr, help, isactive, hided, nullable, readonly, attrlength, attrmaxvalue, attrminvalue, modifier, modifytime, name, precise, refmodelname, attrsequence, ts, visibility, versiontype, fixedlength, calculation, isauthen, resid, customattr, notserialize, dynamicattr, dynamictable, accesspower, accesspowergroup, industry ) values (  'c21037e6-ea3c-11e8-a9bb-d5565d1ec044', null, '1001AA10000000000NYK', null, null, 'BS000010000100001056',300, null, null, '自定义项1',0, null, 'Y', 'N', 'Y', 'N',101, null, null, null, null, 'def1',0, null,18, '2018-11-19 11:28:17',0,-1, 'N', 'N', 'Y', null, 'Y', 'N', 'N', null, 'N', null, '0' ) ;
insert into md_property ( id, accessorclassname, classid, createtime, creator, datatype, datatypestyle, defaultvalue, description, displayname, dr, help, isactive, hided, nullable, readonly, attrlength, attrmaxvalue, attrminvalue, modifier, modifytime, name, precise, refmodelname, attrsequence, ts, visibility, versiontype, fixedlength, calculation, isauthen, resid, customattr, notserialize, dynamicattr, dynamictable, accesspower, accesspowergroup, industry ) values (  'c21037e7-ea3c-11e8-a9bb-d5565d1ec044', null, '1001AA10000000000NYK', null, null, 'BS000010000100001056',300, null, null, '自定义项2',0, null, 'Y', 'N', 'Y', 'N',101, null, null, null, null, 'def2',0, null,19, '2018-11-19 11:28:17',0,-1, 'N', 'N', 'Y', null, 'Y', 'N', 'N', null, 'N', null, '0' ) ;
insert into md_property ( id, accessorclassname, classid, createtime, creator, datatype, datatypestyle, defaultvalue, description, displayname, dr, help, isactive, hided, nullable, readonly, attrlength, attrmaxvalue, attrminvalue, modifier, modifytime, name, precise, refmodelname, attrsequence, ts, visibility, versiontype, fixedlength, calculation, isauthen, resid, customattr, notserialize, dynamicattr, dynamictable, accesspower, accesspowergroup, industry ) values (  'c21037e8-ea3c-11e8-a9bb-d5565d1ec044', null, '1001AA10000000000NYK', null, null, 'BS000010000100001056',300, null, null, '自定义项3',0, null, 'Y', 'N', 'Y', 'N',101, null, null, null, null, 'def3',0, null,20, '2018-11-19 11:28:17',0,-1, 'N', 'N', 'Y', null, 'Y', 'N', 'N', null, 'N', null, '0' ) ;
insert into md_property ( id, accessorclassname, classid, createtime, creator, datatype, datatypestyle, defaultvalue, description, displayname, dr, help, isactive, hided, nullable, readonly, attrlength, attrmaxvalue, attrminvalue, modifier, modifytime, name, precise, refmodelname, attrsequence, ts, visibility, versiontype, fixedlength, calculation, isauthen, resid, customattr, notserialize, dynamicattr, dynamictable, accesspower, accesspowergroup, industry ) values (  'c21037e9-ea3c-11e8-a9bb-d5565d1ec044', null, '1001AA10000000000NYK', null, null, 'BS000010000100001056',300, null, null, '自定义项4',0, null, 'Y', 'N', 'Y', 'N',101, null, null, null, null, 'def4',0, null,21, '2018-11-19 11:28:17',0,-1, 'N', 'N', 'Y', null, 'Y', 'N', 'N', null, 'N', null, '0' ) ;
insert into md_property ( id, accessorclassname, classid, createtime, creator, datatype, datatypestyle, defaultvalue, description, displayname, dr, help, isactive, hided, nullable, readonly, attrlength, attrmaxvalue, attrminvalue, modifier, modifytime, name, precise, refmodelname, attrsequence, ts, visibility, versiontype, fixedlength, calculation, isauthen, resid, customattr, notserialize, dynamicattr, dynamictable, accesspower, accesspowergroup, industry ) values (  'c21037ea-ea3c-11e8-a9bb-d5565d1ec044', null, '1001AA10000000000NYK', null, null, 'BS000010000100001056',300, null, null, '自定义项5',0, null, 'Y', 'N', 'Y', 'N',101, null, null, null, null, 'def5',0, null,22, '2018-11-19 11:28:17',0,-1, 'N', 'N', 'Y', null, 'Y', 'N', 'N', null, 'N', null, '0' ) ;
insert into md_property ( id, accessorclassname, classid, createtime, creator, datatype, datatypestyle, defaultvalue, description, displayname, dr, help, isactive, hided, nullable, readonly, attrlength, attrmaxvalue, attrminvalue, modifier, modifytime, name, precise, refmodelname, attrsequence, ts, visibility, versiontype, fixedlength, calculation, isauthen, resid, customattr, notserialize, dynamicattr, dynamictable, accesspower, accesspowergroup, industry ) values (  'c21037eb-ea3c-11e8-a9bb-d5565d1ec044', null, '1001AA10000000000NYK', null, null, 'BS000010000100001056',300, null, null, '自定义项6',0, null, 'Y', 'N', 'Y', 'N',101, null, null, null, null, 'def6',0, null,23, '2018-11-19 11:28:17',0,-1, 'N', 'N', 'Y', null, 'Y', 'N', 'N', null, 'N', null, '0' ) ;
insert into md_property ( id, accessorclassname, classid, createtime, creator, datatype, datatypestyle, defaultvalue, description, displayname, dr, help, isactive, hided, nullable, readonly, attrlength, attrmaxvalue, attrminvalue, modifier, modifytime, name, precise, refmodelname, attrsequence, ts, visibility, versiontype, fixedlength, calculation, isauthen, resid, customattr, notserialize, dynamicattr, dynamictable, accesspower, accesspowergroup, industry ) values (  'c21037ec-ea3c-11e8-a9bb-d5565d1ec044', null, '1001AA10000000000NYK', null, null, 'BS000010000100001056',300, null, null, '自定义项7',0, null, 'Y', 'N', 'Y', 'N',101, null, null, null, null, 'def7',0, null,24, '2018-11-19 11:28:17',0,-1, 'N', 'N', 'Y', null, 'Y', 'N', 'N', null, 'N', null, '0' ) ;
insert into md_property ( id, accessorclassname, classid, createtime, creator, datatype, datatypestyle, defaultvalue, description, displayname, dr, help, isactive, hided, nullable, readonly, attrlength, attrmaxvalue, attrminvalue, modifier, modifytime, name, precise, refmodelname, attrsequence, ts, visibility, versiontype, fixedlength, calculation, isauthen, resid, customattr, notserialize, dynamicattr, dynamictable, accesspower, accesspowergroup, industry ) values (  'c21037ed-ea3c-11e8-a9bb-d5565d1ec044', null, '1001AA10000000000NYK', null, null, 'BS000010000100001056',300, null, null, '自定义项8',0, null, 'Y', 'N', 'Y', 'N',101, null, null, null, null, 'def8',0, null,25, '2018-11-19 11:28:17',0,-1, 'N', 'N', 'Y', null, 'Y', 'N', 'N', null, 'N', null, '0' ) ;
insert into md_property ( id, accessorclassname, classid, createtime, creator, datatype, datatypestyle, defaultvalue, description, displayname, dr, help, isactive, hided, nullable, readonly, attrlength, attrmaxvalue, attrminvalue, modifier, modifytime, name, precise, refmodelname, attrsequence, ts, visibility, versiontype, fixedlength, calculation, isauthen, resid, customattr, notserialize, dynamicattr, dynamictable, accesspower, accesspowergroup, industry ) values (  'c21037ee-ea3c-11e8-a9bb-d5565d1ec044', null, '1001AA10000000000NYK', null, null, 'BS000010000100001056',300, null, null, '自定义项9',0, null, 'Y', 'N', 'Y', 'N',101, null, null, null, null, 'def9',0, null,26, '2018-11-19 11:28:17',0,-1, 'N', 'N', 'Y', null, 'Y', 'N', 'N', null, 'N', null, '0' ) ;
insert into md_property ( id, accessorclassname, classid, createtime, creator, datatype, datatypestyle, defaultvalue, description, displayname, dr, help, isactive, hided, nullable, readonly, attrlength, attrmaxvalue, attrminvalue, modifier, modifytime, name, precise, refmodelname, attrsequence, ts, visibility, versiontype, fixedlength, calculation, isauthen, resid, customattr, notserialize, dynamicattr, dynamictable, accesspower, accesspowergroup, industry ) values (  'c21037ef-ea3c-11e8-a9bb-d5565d1ec044', null, '1001AA10000000000NYK', null, null, 'BS000010000100001056',300, null, null, '自定义项10',0, null, 'Y', 'N', 'Y', 'N',101, null, null, null, null, 'def10',0, null,27, '2018-11-19 11:28:17',0,-1, 'N', 'N', 'Y', null, 'Y', 'N', 'N', null, 'N', null, '0' ) ;
insert into md_property ( id, accessorclassname, classid, createtime, creator, datatype, datatypestyle, defaultvalue, description, displayname, dr, help, isactive, hided, nullable, readonly, attrlength, attrmaxvalue, attrminvalue, modifier, modifytime, name, precise, refmodelname, attrsequence, ts, visibility, versiontype, fixedlength, calculation, isauthen, resid, customattr, notserialize, dynamicattr, dynamictable, accesspower, accesspowergroup, industry ) values (  'c21037f0-ea3c-11e8-a9bb-d5565d1ec044', null, '1001AA10000000000NYK', null, null, 'BS000010000100001056',300, null, null, '自定义项11',0, null, 'Y', 'N', 'Y', 'N',101, null, null, null, null, 'def11',0, null,28, '2018-11-19 11:28:17',0,-1, 'N', 'N', 'Y', null, 'Y', 'N', 'N', null, 'N', null, '0' ) ;
insert into md_property ( id, accessorclassname, classid, createtime, creator, datatype, datatypestyle, defaultvalue, description, displayname, dr, help, isactive, hided, nullable, readonly, attrlength, attrmaxvalue, attrminvalue, modifier, modifytime, name, precise, refmodelname, attrsequence, ts, visibility, versiontype, fixedlength, calculation, isauthen, resid, customattr, notserialize, dynamicattr, dynamictable, accesspower, accesspowergroup, industry ) values (  'c21037f1-ea3c-11e8-a9bb-d5565d1ec044', null, '1001AA10000000000NYK', null, null, 'BS000010000100001056',300, null, null, '自定义项12',0, null, 'Y', 'N', 'Y', 'N',101, null, null, null, null, 'def12',0, null,29, '2018-11-19 11:28:17',0,-1, 'N', 'N', 'Y', null, 'Y', 'N', 'N', null, 'N', null, '0' ) ;
insert into md_property ( id, accessorclassname, classid, createtime, creator, datatype, datatypestyle, defaultvalue, description, displayname, dr, help, isactive, hided, nullable, readonly, attrlength, attrmaxvalue, attrminvalue, modifier, modifytime, name, precise, refmodelname, attrsequence, ts, visibility, versiontype, fixedlength, calculation, isauthen, resid, customattr, notserialize, dynamicattr, dynamictable, accesspower, accesspowergroup, industry ) values (  'c21037f2-ea3c-11e8-a9bb-d5565d1ec044', null, '1001AA10000000000NYK', null, null, 'BS000010000100001056',300, null, null, '自定义项13',0, null, 'Y', 'N', 'Y', 'N',101, null, null, null, null, 'def13',0, null,30, '2018-11-19 11:28:17',0,-1, 'N', 'N', 'Y', null, 'Y', 'N', 'N', null, 'N', null, '0' ) ;
insert into md_property ( id, accessorclassname, classid, createtime, creator, datatype, datatypestyle, defaultvalue, description, displayname, dr, help, isactive, hided, nullable, readonly, attrlength, attrmaxvalue, attrminvalue, modifier, modifytime, name, precise, refmodelname, attrsequence, ts, visibility, versiontype, fixedlength, calculation, isauthen, resid, customattr, notserialize, dynamicattr, dynamictable, accesspower, accesspowergroup, industry ) values (  'c21037f3-ea3c-11e8-a9bb-d5565d1ec044', null, '1001AA10000000000NYK', null, null, 'BS000010000100001056',300, null, null, '自定义项14',0, null, 'Y', 'N', 'Y', 'N',101, null, null, null, null, 'def14',0, null,31, '2018-11-19 11:28:17',0,-1, 'N', 'N', 'Y', null, 'Y', 'N', 'N', null, 'N', null, '0' ) ;
insert into md_property ( id, accessorclassname, classid, createtime, creator, datatype, datatypestyle, defaultvalue, description, displayname, dr, help, isactive, hided, nullable, readonly, attrlength, attrmaxvalue, attrminvalue, modifier, modifytime, name, precise, refmodelname, attrsequence, ts, visibility, versiontype, fixedlength, calculation, isauthen, resid, customattr, notserialize, dynamicattr, dynamictable, accesspower, accesspowergroup, industry ) values (  'c21037f4-ea3c-11e8-a9bb-d5565d1ec044', null, '1001AA10000000000NYK', null, null, 'BS000010000100001056',300, null, null, '自定义项15',0, null, 'Y', 'N', 'Y', 'N',101, null, null, null, null, 'def15',0, null,32, '2018-11-19 11:28:17',0,-1, 'N', 'N', 'Y', null, 'Y', 'N', 'N', null, 'N', null, '0' ) ;
insert into md_property ( id, accessorclassname, classid, createtime, creator, datatype, datatypestyle, defaultvalue, description, displayname, dr, help, isactive, hided, nullable, readonly, attrlength, attrmaxvalue, attrminvalue, modifier, modifytime, name, precise, refmodelname, attrsequence, ts, visibility, versiontype, fixedlength, calculation, isauthen, resid, customattr, notserialize, dynamicattr, dynamictable, accesspower, accesspowergroup, industry ) values (  'c21037f5-ea3c-11e8-a9bb-d5565d1ec044', null, '1001AA10000000000NYK', null, null, 'BS000010000100001056',300, null, null, '自定义项16',0, null, 'Y', 'N', 'Y', 'N',101, null, null, null, null, 'def16',0, null,33, '2018-11-19 11:28:17',0,-1, 'N', 'N', 'Y', null, 'Y', 'N', 'N', null, 'N', null, '0' ) ;
insert into md_property ( id, accessorclassname, classid, createtime, creator, datatype, datatypestyle, defaultvalue, description, displayname, dr, help, isactive, hided, nullable, readonly, attrlength, attrmaxvalue, attrminvalue, modifier, modifytime, name, precise, refmodelname, attrsequence, ts, visibility, versiontype, fixedlength, calculation, isauthen, resid, customattr, notserialize, dynamicattr, dynamictable, accesspower, accesspowergroup, industry ) values (  'c21037f6-ea3c-11e8-a9bb-d5565d1ec044', null, '1001AA10000000000NYK', null, null, 'BS000010000100001056',300, null, null, '自定义项17',0, null, 'Y', 'N', 'Y', 'N',101, null, null, null, null, 'def17',0, null,34, '2018-11-19 11:28:17',0,-1, 'N', 'N', 'Y', null, 'Y', 'N', 'N', null, 'N', null, '0' ) ;
insert into md_property ( id, accessorclassname, classid, createtime, creator, datatype, datatypestyle, defaultvalue, description, displayname, dr, help, isactive, hided, nullable, readonly, attrlength, attrmaxvalue, attrminvalue, modifier, modifytime, name, precise, refmodelname, attrsequence, ts, visibility, versiontype, fixedlength, calculation, isauthen, resid, customattr, notserialize, dynamicattr, dynamictable, accesspower, accesspowergroup, industry ) values (  'c21037f7-ea3c-11e8-a9bb-d5565d1ec044', null, '1001AA10000000000NYK', null, null, 'BS000010000100001056',300, null, null, '自定义项18',0, null, 'Y', 'N', 'Y', 'N',101, null, null, null, null, 'def18',0, null,35, '2018-11-19 11:28:17',0,-1, 'N', 'N', 'Y', null, 'Y', 'N', 'N', null, 'N', null, '0' ) ;
insert into md_property ( id, accessorclassname, classid, createtime, creator, datatype, datatypestyle, defaultvalue, description, displayname, dr, help, isactive, hided, nullable, readonly, attrlength, attrmaxvalue, attrminvalue, modifier, modifytime, name, precise, refmodelname, attrsequence, ts, visibility, versiontype, fixedlength, calculation, isauthen, resid, customattr, notserialize, dynamicattr, dynamictable, accesspower, accesspowergroup, industry ) values (  'c21037f8-ea3c-11e8-a9bb-d5565d1ec044', null, '1001AA10000000000NYK', null, null, 'BS000010000100001056',300, null, null, '自定义项19',0, null, 'Y', 'N', 'Y', 'N',101, null, null, null, null, 'def19',0, null,36, '2018-11-19 11:28:17',0,-1, 'N', 'N', 'Y', null, 'Y', 'N', 'N', null, 'N', null, '0' ) ;
insert into md_property ( id, accessorclassname, classid, createtime, creator, datatype, datatypestyle, defaultvalue, description, displayname, dr, help, isactive, hided, nullable, readonly, attrlength, attrmaxvalue, attrminvalue, modifier, modifytime, name, precise, refmodelname, attrsequence, ts, visibility, versiontype, fixedlength, calculation, isauthen, resid, customattr, notserialize, dynamicattr, dynamictable, accesspower, accesspowergroup, industry ) values (  'c21037f9-ea3c-11e8-a9bb-d5565d1ec044', null, '1001AA10000000000NYK', null, null, 'BS000010000100001056',300, null, null, '自定义项20',0, null, 'Y', 'N', 'Y', 'N',101, null, null, null, null, 'def20',0, null,37, '2018-11-19 11:28:17',0,-1, 'N', 'N', 'Y', null, 'Y', 'N', 'N', null, 'N', null, '0' ) ;
insert into md_bizItfMap ( bizinterfaceid, intattrid, classid, classattrid, bizitfimpclassname, classattrpath, dr, ts ) values (  '6c8722b9-911a-489b-8d0d-18bd3734fcf6', '5dd3c721-22ad-42b1-9c10-4351c236bc77', '1001AA10000000000NYK', 'c21037d4-ea3c-11e8-a9bb-d5565d1ec044', null, null,0, '2018-11-19 11:28:17' ) ;
insert into md_bizItfMap ( bizinterfaceid, intattrid, classid, classattrid, bizitfimpclassname, classattrpath, dr, ts ) values (  '6c8722b9-911a-489b-8d0d-18bd3734fcf6', 'ecf1b76a-6e44-42e2-a55e-87596504775b', '1001AA10000000000NYK', 'c21037e1-ea3c-11e8-a9bb-d5565d1ec044', null, null,0, '2018-11-19 11:28:17' ) ;
insert into md_bizItfMap ( bizinterfaceid, intattrid, classid, classattrid, bizitfimpclassname, classattrpath, dr, ts ) values (  '6c8722b9-911a-489b-8d0d-18bd3734fcf6', 'd32cc17b-f415-415a-923f-0764443eb102', '1001AA10000000000NYK', 'c21037cd-ea3c-11e8-a9bb-d5565d1ec044', null, null,0, '2018-11-19 11:28:17' ) ;
insert into md_bizItfMap ( bizinterfaceid, intattrid, classid, classattrid, bizitfimpclassname, classattrpath, dr, ts ) values (  '6c8722b9-911a-489b-8d0d-18bd3734fcf6', '89578a97-42fe-439b-827c-8eabd9e3604c', '1001AA10000000000NYK', 'c21037da-ea3c-11e8-a9bb-d5565d1ec044', null, null,0, '2018-11-19 11:28:17' ) ;
insert into md_bizItfMap ( bizinterfaceid, intattrid, classid, classattrid, bizitfimpclassname, classattrpath, dr, ts ) values (  '6c8722b9-911a-489b-8d0d-18bd3734fcf6', 'a47e6cda-09e4-480b-923f-ec6f41e3e06c', '1001AA10000000000NYK', 'c21037e0-ea3c-11e8-a9bb-d5565d1ec044', null, null,0, '2018-11-19 11:28:17' ) ;
insert into md_association ( id, componentid, creator, createtime, dr, endcardinality, startbeanid, endelementid, isactive, modifier, modifytime, name, startcardinality, startelementid, ts, type, versiontype, industry ) values (  '5d085b69-87e0-4f85-8081-5ea24afaf187', 'c21037ce-ea3c-11e8-a9bb-d5565d1ec044', null, null,0, '1', '1001AA10000000000NYK', '16c1dca0-e3ed-4dcc-8ed7-75fd59e2bef1', 'Y', null, null, 'Defdoc-C0J00114_pk_defdoclist', '1', 'c21037df-ea3c-11e8-a9bb-d5565d1ec044', '2018-11-19 11:28:17',3,0, '0' ) ;
insert into md_association ( id, componentid, creator, createtime, dr, endcardinality, startbeanid, endelementid, isactive, modifier, modifytime, name, startcardinality, startelementid, ts, type, versiontype, industry ) values (  '48a9b466-6f1c-44f7-a068-f098a9f5d23f', 'c21037ce-ea3c-11e8-a9bb-d5565d1ec044', null, null,0, '1', '1001AA10000000000NYK', '985be8a4-3a36-4778-8afe-2d8ed3902659', 'Y', null, null, 'Defdoc-C0J00114_pk_org', '1', 'c21037e1-ea3c-11e8-a9bb-d5565d1ec044', '2018-11-19 11:28:17',3,0, '0' ) ;
insert into md_association ( id, componentid, creator, createtime, dr, endcardinality, startbeanid, endelementid, isactive, modifier, modifytime, name, startcardinality, startelementid, ts, type, versiontype, industry ) values (  '5a591a73-faf6-4c54-adc6-c39f91b6351e', 'c21037ce-ea3c-11e8-a9bb-d5565d1ec044', null, null,0, '1', '1001AA10000000000NYK', '3b6dd171-2900-47f3-bfbe-41e4483a2a65', 'Y', null, null, 'Defdoc-C0J00114_pk_group', '1', 'c21037e0-ea3c-11e8-a9bb-d5565d1ec044', '2018-11-19 11:28:17',3,0, '0' ) ;
insert into md_association ( id, componentid, creator, createtime, dr, endcardinality, startbeanid, endelementid, isactive, modifier, modifytime, name, startcardinality, startelementid, ts, type, versiontype, industry ) values (  '0dfa8e79-8ab8-498b-99fe-1f3420c0cd58', 'c21037ce-ea3c-11e8-a9bb-d5565d1ec044', null, null,0, '1', '1001AA10000000000NYK', 'f6f9a473-56c0-432f-8bc7-fbf8fde54fee', 'Y', null, null, 'Defdoc-C0J00114_creator', '1', 'c21037d1-ea3c-11e8-a9bb-d5565d1ec044', '2018-11-19 11:28:17',3,0, '0' ) ;
insert into md_association ( id, componentid, creator, createtime, dr, endcardinality, startbeanid, endelementid, isactive, modifier, modifytime, name, startcardinality, startelementid, ts, type, versiontype, industry ) values (  'fd732ff6-bfdb-42e0-8f97-3c34268ea6ad', 'c21037ce-ea3c-11e8-a9bb-d5565d1ec044', null, null,0, '1', '1001AA10000000000NYK', 'f6f9a473-56c0-432f-8bc7-fbf8fde54fee', 'Y', null, null, 'Defdoc-C0J00114_modifier', '1', 'c21037d7-ea3c-11e8-a9bb-d5565d1ec044', '2018-11-19 11:28:17',3,0, '0' ) ;
insert into md_table ( id, createtime, creator, databaseid, description, displayname, dr, help, isactive, fromsourcebmf, modifier, modifytime, name, ts, versiontype, resmodule, resid, parenttable, isextendtable, industry ) values (  'bd_defdoc', '2018-11-17 15:45:30', null, null, null, '认证类型(自定义档案)',0, 'ignorebdmode,BDMODE,URC,DEFDOC,BUSILOG,DOC', null, 'Y', null, null, 'bd_defdoc', '2018-11-19 11:28:17',0, '10140uddb', null, null, null, '0' ) ;
insert into md_column ( id, sqldatetype, createtime, creator, defaultvalue, description, displayname, dr, help, incrementseed, incrementstep, isactive, identitied, pkey, nullable, columnlength, modifier, modifytime, name, precise, columnsequence, tableid, ts, versiontype, resid, groupid, columntype, forlocale ) values (  'bd_defdoc@@PK@@', 'char', null, null, null, null, '自定义档案主键',0, null,null,null, 'Y', null, 'Y', 'N',20, null, null, 'pk_defdoc',0,0, 'bd_defdoc', '2018-11-19 11:28:17',0, '2UC000-000747', null,0, 'N' ) ;
insert into md_column ( id, sqldatetype, createtime, creator, defaultvalue, description, displayname, dr, help, incrementseed, incrementstep, isactive, identitied, pkey, nullable, columnlength, modifier, modifytime, name, precise, columnsequence, tableid, ts, versiontype, resid, groupid, columntype, forlocale ) values (  'bd_defdoc@@@pk_defdoclist', 'char', null, null, null, null, '自定义档案列表主键',0, null,null,null, 'Y', null, 'N', 'N',20, null, null, 'pk_defdoclist',0,1, 'bd_defdoc', '2018-11-19 11:28:17',0, '2UC000-000748', null,0, 'N' ) ;
insert into md_column ( id, sqldatetype, createtime, creator, defaultvalue, description, displayname, dr, help, incrementseed, incrementstep, isactive, identitied, pkey, nullable, columnlength, modifier, modifytime, name, precise, columnsequence, tableid, ts, versiontype, resid, groupid, columntype, forlocale ) values (  'bd_defdoc@@@pk_org', 'char', null, null, null, null, '所属组织',0, null,null,null, 'Y', null, 'N', 'N',20, null, null, 'pk_org',0,2, 'bd_defdoc', '2018-11-19 11:28:17',0, '2UC000-000360', null,0, 'N' ) ;
insert into md_column ( id, sqldatetype, createtime, creator, defaultvalue, description, displayname, dr, help, incrementseed, incrementstep, isactive, identitied, pkey, nullable, columnlength, modifier, modifytime, name, precise, columnsequence, tableid, ts, versiontype, resid, groupid, columntype, forlocale ) values (  'bd_defdoc@@@pk_group', 'varchar', null, null, '*~', null, '所属集团',0, null,null,null, 'Y', null, 'N', 'Y',20, null, null, 'pk_group',0,3, 'bd_defdoc', '2018-11-19 11:28:17',0, '2UC000-000367', null,0, 'N' ) ;
insert into md_column ( id, sqldatetype, createtime, creator, defaultvalue, description, displayname, dr, help, incrementseed, incrementstep, isactive, identitied, pkey, nullable, columnlength, modifier, modifytime, name, precise, columnsequence, tableid, ts, versiontype, resid, groupid, columntype, forlocale ) values (  'bd_defdoc@@@code', 'varchar', null, null, null, null, '档案编码',0, 'URC',null,null, 'Y', null, 'N', 'N',40, null, null, 'code',0,4, 'bd_defdoc', '2018-11-19 11:28:17',0, '2UC000-000557', null,0, 'N' ) ;
insert into md_column ( id, sqldatetype, createtime, creator, defaultvalue, description, displayname, dr, help, incrementseed, incrementstep, isactive, identitied, pkey, nullable, columnlength, modifier, modifytime, name, precise, columnsequence, tableid, ts, versiontype, resid, groupid, columntype, forlocale ) values (  'bd_defdoc@@@name', 'varchar', null, null, null, null, '档案名称',0, 'URC',null,null, 'Y', null, 'N', 'Y',200, null, null, 'name',0,0, 'bd_defdoc', '2018-11-19 11:28:17',0, '2UC000-000556', 'bd_defdoc@@@name',0, 'N' ) ;
insert into md_column ( id, sqldatetype, createtime, creator, defaultvalue, description, displayname, dr, help, incrementseed, incrementstep, isactive, identitied, pkey, nullable, columnlength, modifier, modifytime, name, precise, columnsequence, tableid, ts, versiontype, resid, groupid, columntype, forlocale ) values (  'bd_defdoc@@@shortname', 'varchar', null, null, null, null, '简称',0, null,null,null, 'Y', null, 'N', 'Y',200, null, null, 'shortname',0,0, 'bd_defdoc', '2018-11-19 11:28:17',0, '2UC000-000675', 'bd_defdoc@@@shortname',0, 'N' ) ;
insert into md_column ( id, sqldatetype, createtime, creator, defaultvalue, description, displayname, dr, help, incrementseed, incrementstep, isactive, identitied, pkey, nullable, columnlength, modifier, modifytime, name, precise, columnsequence, tableid, ts, versiontype, resid, groupid, columntype, forlocale ) values (  'bd_defdoc@@@mnecode', 'varchar', null, null, null, null, '助记码',0, null,null,null, 'Y', null, 'N', 'Y',50, null, null, 'mnecode',0,7, 'bd_defdoc', '2018-11-19 11:28:17',0, '2UC000-000172', null,0, 'N' ) ;
insert into md_column ( id, sqldatetype, createtime, creator, defaultvalue, description, displayname, dr, help, incrementseed, incrementstep, isactive, identitied, pkey, nullable, columnlength, modifier, modifytime, name, precise, columnsequence, tableid, ts, versiontype, resid, groupid, columntype, forlocale ) values (  'bd_defdoc@@@pid', 'varchar', null, null, '*~', null, '上级档案',0, null,null,null, 'Y', null, 'N', 'Y',20, null, null, 'pid',0,8, 'bd_defdoc', '2018-11-19 11:28:17',0, '2UC000-000007', null,0, 'N' ) ;
insert into md_column ( id, sqldatetype, createtime, creator, defaultvalue, description, displayname, dr, help, incrementseed, incrementstep, isactive, identitied, pkey, nullable, columnlength, modifier, modifytime, name, precise, columnsequence, tableid, ts, versiontype, resid, groupid, columntype, forlocale ) values (  'bd_defdoc@@@memo', 'varchar', null, null, null, null, '备注',0, null,null,null, 'Y', null, 'N', 'Y',200, null, null, 'memo',0,9, 'bd_defdoc', '2018-11-19 11:28:17',0, '2UC000-000258', null,0, 'N' ) ;
insert into md_column ( id, sqldatetype, createtime, creator, defaultvalue, description, displayname, dr, help, incrementseed, incrementstep, isactive, identitied, pkey, nullable, columnlength, modifier, modifytime, name, precise, columnsequence, tableid, ts, versiontype, resid, groupid, columntype, forlocale ) values (  'bd_defdoc@@@creator', 'varchar', null, null, '*~', null, '创建人',0, null,null,null, 'Y', null, 'N', 'Y',20, null, null, 'creator',0,10, 'bd_defdoc', '2018-11-19 11:28:17',0, '2UC000-000155', null,0, 'N' ) ;
insert into md_column ( id, sqldatetype, createtime, creator, defaultvalue, description, displayname, dr, help, incrementseed, incrementstep, isactive, identitied, pkey, nullable, columnlength, modifier, modifytime, name, precise, columnsequence, tableid, ts, versiontype, resid, groupid, columntype, forlocale ) values (  'bd_defdoc@@@creationtime', 'char', null, null, null, null, '创建时间',0, null,null,null, 'Y', null, 'N', 'Y',19, null, null, 'creationtime',0,11, 'bd_defdoc', '2018-11-19 11:28:17',0, '2UC000-000157', null,0, 'N' ) ;
insert into md_column ( id, sqldatetype, createtime, creator, defaultvalue, description, displayname, dr, help, incrementseed, incrementstep, isactive, identitied, pkey, nullable, columnlength, modifier, modifytime, name, precise, columnsequence, tableid, ts, versiontype, resid, groupid, columntype, forlocale ) values (  'bd_defdoc@@@modifier', 'varchar', null, null, '*~', null, '最后修改人',0, null,null,null, 'Y', null, 'N', 'Y',20, null, null, 'modifier',0,12, 'bd_defdoc', '2018-11-19 11:28:17',0, '2UC000-000490', null,0, 'N' ) ;
insert into md_column ( id, sqldatetype, createtime, creator, defaultvalue, description, displayname, dr, help, incrementseed, incrementstep, isactive, identitied, pkey, nullable, columnlength, modifier, modifytime, name, precise, columnsequence, tableid, ts, versiontype, resid, groupid, columntype, forlocale ) values (  'bd_defdoc@@@modifiedtime', 'char', null, null, null, null, '最后修改时间',0, null,null,null, 'Y', null, 'N', 'Y',19, null, null, 'modifiedtime',0,13, 'bd_defdoc', '2018-11-19 11:28:17',0, '2UC000-000491', null,0, 'N' ) ;
insert into md_column ( id, sqldatetype, createtime, creator, defaultvalue, description, displayname, dr, help, incrementseed, incrementstep, isactive, identitied, pkey, nullable, columnlength, modifier, modifytime, name, precise, columnsequence, tableid, ts, versiontype, resid, groupid, columntype, forlocale ) values (  'bd_defdoc@@@innercode', 'varchar', null, null, null, null, '内部编码',0, null,null,null, 'Y', null, 'N', 'Y',200, null, null, 'innercode',0,14, 'bd_defdoc', '2018-11-19 11:28:17',0, '2UC000-000136', null,0, 'N' ) ;
insert into md_column ( id, sqldatetype, createtime, creator, defaultvalue, description, displayname, dr, help, incrementseed, incrementstep, isactive, identitied, pkey, nullable, columnlength, modifier, modifytime, name, precise, columnsequence, tableid, ts, versiontype, resid, groupid, columntype, forlocale ) values (  'bd_defdoc@@@enablestate', 'int', null, null, null, null, '启用状态',0, null,null,null, 'Y', null, 'N', 'Y',0, null, null, 'enablestate',0,15, 'bd_defdoc', '2018-11-19 11:28:17',0, '2UC000-000249', null,0, 'N' ) ;
insert into md_column ( id, sqldatetype, createtime, creator, defaultvalue, description, displayname, dr, help, incrementseed, incrementstep, isactive, identitied, pkey, nullable, columnlength, modifier, modifytime, name, precise, columnsequence, tableid, ts, versiontype, resid, groupid, columntype, forlocale ) values (  'bd_defdoc@@@dataoriginflag', 'int', null, null, null, null, '分布式',0, null,null,null, 'Y', null, 'N', 'Y',0, null, null, 'dataoriginflag',0,16, 'bd_defdoc', '2018-11-19 11:28:17',0, '2UC000-000151', null,0, 'N' ) ;
insert into md_column ( id, sqldatetype, createtime, creator, defaultvalue, description, displayname, dr, help, incrementseed, incrementstep, isactive, identitied, pkey, nullable, columnlength, modifier, modifytime, name, precise, columnsequence, tableid, ts, versiontype, resid, groupid, columntype, forlocale ) values (  'bd_defdoc@@@datatype', 'int', null, null, '1', null, '数据类型',0, null,null,null, 'Y', null, 'N', 'Y',0, null, null, 'datatype',0,17, 'bd_defdoc', '2018-11-19 11:28:17',0, '2UC000-000458', null,0, 'N' ) ;
insert into md_column ( id, sqldatetype, createtime, creator, defaultvalue, description, displayname, dr, help, incrementseed, incrementstep, isactive, identitied, pkey, nullable, columnlength, modifier, modifytime, name, precise, columnsequence, tableid, ts, versiontype, resid, groupid, columntype, forlocale ) values (  'bd_defdoc@@@def1', 'varchar', null, null, null, null, '自定义项1',0, null,null,null, 'Y', null, 'N', 'Y',101, null, null, 'def1',0,18, 'bd_defdoc', '2018-11-19 11:28:17',-1, null, null,0, 'N' ) ;
insert into md_column ( id, sqldatetype, createtime, creator, defaultvalue, description, displayname, dr, help, incrementseed, incrementstep, isactive, identitied, pkey, nullable, columnlength, modifier, modifytime, name, precise, columnsequence, tableid, ts, versiontype, resid, groupid, columntype, forlocale ) values (  'bd_defdoc@@@def2', 'varchar', null, null, null, null, '自定义项2',0, null,null,null, 'Y', null, 'N', 'Y',101, null, null, 'def2',0,19, 'bd_defdoc', '2018-11-19 11:28:17',-1, null, null,0, 'N' ) ;
insert into md_column ( id, sqldatetype, createtime, creator, defaultvalue, description, displayname, dr, help, incrementseed, incrementstep, isactive, identitied, pkey, nullable, columnlength, modifier, modifytime, name, precise, columnsequence, tableid, ts, versiontype, resid, groupid, columntype, forlocale ) values (  'bd_defdoc@@@def3', 'varchar', null, null, null, null, '自定义项3',0, null,null,null, 'Y', null, 'N', 'Y',101, null, null, 'def3',0,20, 'bd_defdoc', '2018-11-19 11:28:17',-1, null, null,0, 'N' ) ;
insert into md_column ( id, sqldatetype, createtime, creator, defaultvalue, description, displayname, dr, help, incrementseed, incrementstep, isactive, identitied, pkey, nullable, columnlength, modifier, modifytime, name, precise, columnsequence, tableid, ts, versiontype, resid, groupid, columntype, forlocale ) values (  'bd_defdoc@@@def4', 'varchar', null, null, null, null, '自定义项4',0, null,null,null, 'Y', null, 'N', 'Y',101, null, null, 'def4',0,21, 'bd_defdoc', '2018-11-19 11:28:17',-1, null, null,0, 'N' ) ;
insert into md_column ( id, sqldatetype, createtime, creator, defaultvalue, description, displayname, dr, help, incrementseed, incrementstep, isactive, identitied, pkey, nullable, columnlength, modifier, modifytime, name, precise, columnsequence, tableid, ts, versiontype, resid, groupid, columntype, forlocale ) values (  'bd_defdoc@@@def5', 'varchar', null, null, null, null, '自定义项5',0, null,null,null, 'Y', null, 'N', 'Y',101, null, null, 'def5',0,22, 'bd_defdoc', '2018-11-19 11:28:17',-1, null, null,0, 'N' ) ;
insert into md_column ( id, sqldatetype, createtime, creator, defaultvalue, description, displayname, dr, help, incrementseed, incrementstep, isactive, identitied, pkey, nullable, columnlength, modifier, modifytime, name, precise, columnsequence, tableid, ts, versiontype, resid, groupid, columntype, forlocale ) values (  'bd_defdoc@@@def6', 'varchar', null, null, null, null, '自定义项6',0, null,null,null, 'Y', null, 'N', 'Y',101, null, null, 'def6',0,23, 'bd_defdoc', '2018-11-19 11:28:17',-1, null, null,0, 'N' ) ;
insert into md_column ( id, sqldatetype, createtime, creator, defaultvalue, description, displayname, dr, help, incrementseed, incrementstep, isactive, identitied, pkey, nullable, columnlength, modifier, modifytime, name, precise, columnsequence, tableid, ts, versiontype, resid, groupid, columntype, forlocale ) values (  'bd_defdoc@@@def7', 'varchar', null, null, null, null, '自定义项7',0, null,null,null, 'Y', null, 'N', 'Y',101, null, null, 'def7',0,24, 'bd_defdoc', '2018-11-19 11:28:17',-1, null, null,0, 'N' ) ;
insert into md_column ( id, sqldatetype, createtime, creator, defaultvalue, description, displayname, dr, help, incrementseed, incrementstep, isactive, identitied, pkey, nullable, columnlength, modifier, modifytime, name, precise, columnsequence, tableid, ts, versiontype, resid, groupid, columntype, forlocale ) values (  'bd_defdoc@@@def8', 'varchar', null, null, null, null, '自定义项8',0, null,null,null, 'Y', null, 'N', 'Y',101, null, null, 'def8',0,25, 'bd_defdoc', '2018-11-19 11:28:17',-1, null, null,0, 'N' ) ;
insert into md_column ( id, sqldatetype, createtime, creator, defaultvalue, description, displayname, dr, help, incrementseed, incrementstep, isactive, identitied, pkey, nullable, columnlength, modifier, modifytime, name, precise, columnsequence, tableid, ts, versiontype, resid, groupid, columntype, forlocale ) values (  'bd_defdoc@@@def9', 'varchar', null, null, null, null, '自定义项9',0, null,null,null, 'Y', null, 'N', 'Y',101, null, null, 'def9',0,26, 'bd_defdoc', '2018-11-19 11:28:17',-1, null, null,0, 'N' ) ;
insert into md_column ( id, sqldatetype, createtime, creator, defaultvalue, description, displayname, dr, help, incrementseed, incrementstep, isactive, identitied, pkey, nullable, columnlength, modifier, modifytime, name, precise, columnsequence, tableid, ts, versiontype, resid, groupid, columntype, forlocale ) values (  'bd_defdoc@@@def10', 'varchar', null, null, null, null, '自定义项10',0, null,null,null, 'Y', null, 'N', 'Y',101, null, null, 'def10',0,27, 'bd_defdoc', '2018-11-19 11:28:17',-1, null, null,0, 'N' ) ;
insert into md_column ( id, sqldatetype, createtime, creator, defaultvalue, description, displayname, dr, help, incrementseed, incrementstep, isactive, identitied, pkey, nullable, columnlength, modifier, modifytime, name, precise, columnsequence, tableid, ts, versiontype, resid, groupid, columntype, forlocale ) values (  'bd_defdoc@@@def11', 'varchar', null, null, null, null, '自定义项11',0, null,null,null, 'Y', null, 'N', 'Y',101, null, null, 'def11',0,28, 'bd_defdoc', '2018-11-19 11:28:17',-1, null, null,0, 'N' ) ;
insert into md_column ( id, sqldatetype, createtime, creator, defaultvalue, description, displayname, dr, help, incrementseed, incrementstep, isactive, identitied, pkey, nullable, columnlength, modifier, modifytime, name, precise, columnsequence, tableid, ts, versiontype, resid, groupid, columntype, forlocale ) values (  'bd_defdoc@@@def12', 'varchar', null, null, null, null, '自定义项12',0, null,null,null, 'Y', null, 'N', 'Y',101, null, null, 'def12',0,29, 'bd_defdoc', '2018-11-19 11:28:17',-1, null, null,0, 'N' ) ;
insert into md_column ( id, sqldatetype, createtime, creator, defaultvalue, description, displayname, dr, help, incrementseed, incrementstep, isactive, identitied, pkey, nullable, columnlength, modifier, modifytime, name, precise, columnsequence, tableid, ts, versiontype, resid, groupid, columntype, forlocale ) values (  'bd_defdoc@@@def13', 'varchar', null, null, null, null, '自定义项13',0, null,null,null, 'Y', null, 'N', 'Y',101, null, null, 'def13',0,30, 'bd_defdoc', '2018-11-19 11:28:17',-1, null, null,0, 'N' ) ;
insert into md_column ( id, sqldatetype, createtime, creator, defaultvalue, description, displayname, dr, help, incrementseed, incrementstep, isactive, identitied, pkey, nullable, columnlength, modifier, modifytime, name, precise, columnsequence, tableid, ts, versiontype, resid, groupid, columntype, forlocale ) values (  'bd_defdoc@@@def14', 'varchar', null, null, null, null, '自定义项14',0, null,null,null, 'Y', null, 'N', 'Y',101, null, null, 'def14',0,31, 'bd_defdoc', '2018-11-19 11:28:17',-1, null, null,0, 'N' ) ;
insert into md_column ( id, sqldatetype, createtime, creator, defaultvalue, description, displayname, dr, help, incrementseed, incrementstep, isactive, identitied, pkey, nullable, columnlength, modifier, modifytime, name, precise, columnsequence, tableid, ts, versiontype, resid, groupid, columntype, forlocale ) values (  'bd_defdoc@@@def15', 'varchar', null, null, null, null, '自定义项15',0, null,null,null, 'Y', null, 'N', 'Y',101, null, null, 'def15',0,32, 'bd_defdoc', '2018-11-19 11:28:17',-1, null, null,0, 'N' ) ;
insert into md_column ( id, sqldatetype, createtime, creator, defaultvalue, description, displayname, dr, help, incrementseed, incrementstep, isactive, identitied, pkey, nullable, columnlength, modifier, modifytime, name, precise, columnsequence, tableid, ts, versiontype, resid, groupid, columntype, forlocale ) values (  'bd_defdoc@@@def16', 'varchar', null, null, null, null, '自定义项16',0, null,null,null, 'Y', null, 'N', 'Y',101, null, null, 'def16',0,33, 'bd_defdoc', '2018-11-19 11:28:17',-1, null, null,0, 'N' ) ;
insert into md_column ( id, sqldatetype, createtime, creator, defaultvalue, description, displayname, dr, help, incrementseed, incrementstep, isactive, identitied, pkey, nullable, columnlength, modifier, modifytime, name, precise, columnsequence, tableid, ts, versiontype, resid, groupid, columntype, forlocale ) values (  'bd_defdoc@@@def17', 'varchar', null, null, null, null, '自定义项17',0, null,null,null, 'Y', null, 'N', 'Y',101, null, null, 'def17',0,34, 'bd_defdoc', '2018-11-19 11:28:17',-1, null, null,0, 'N' ) ;
insert into md_column ( id, sqldatetype, createtime, creator, defaultvalue, description, displayname, dr, help, incrementseed, incrementstep, isactive, identitied, pkey, nullable, columnlength, modifier, modifytime, name, precise, columnsequence, tableid, ts, versiontype, resid, groupid, columntype, forlocale ) values (  'bd_defdoc@@@def18', 'varchar', null, null, null, null, '自定义项18',0, null,null,null, 'Y', null, 'N', 'Y',101, null, null, 'def18',0,35, 'bd_defdoc', '2018-11-19 11:28:17',-1, null, null,0, 'N' ) ;
insert into md_column ( id, sqldatetype, createtime, creator, defaultvalue, description, displayname, dr, help, incrementseed, incrementstep, isactive, identitied, pkey, nullable, columnlength, modifier, modifytime, name, precise, columnsequence, tableid, ts, versiontype, resid, groupid, columntype, forlocale ) values (  'bd_defdoc@@@def19', 'varchar', null, null, null, null, '自定义项19',0, null,null,null, 'Y', null, 'N', 'Y',101, null, null, 'def19',0,36, 'bd_defdoc', '2018-11-19 11:28:17',-1, null, null,0, 'N' ) ;
insert into md_column ( id, sqldatetype, createtime, creator, defaultvalue, description, displayname, dr, help, incrementseed, incrementstep, isactive, identitied, pkey, nullable, columnlength, modifier, modifytime, name, precise, columnsequence, tableid, ts, versiontype, resid, groupid, columntype, forlocale ) values (  'bd_defdoc@@@def20', 'varchar', null, null, null, null, '自定义项20',0, null,null,null, 'Y', null, 'N', 'Y',101, null, null, 'def20',0,37, 'bd_defdoc', '2018-11-19 11:28:17',-1, null, null,0, 'N' ) ;
insert into md_column ( id, sqldatetype, createtime, creator, defaultvalue, description, displayname, dr, help, incrementseed, incrementstep, isactive, identitied, pkey, nullable, columnlength, modifier, modifytime, name, precise, columnsequence, tableid, ts, versiontype, resid, groupid, columntype, forlocale ) values (  'bd_defdoc@@@name2', 'varchar', null, null, null, null, '档案名称2',0, 'URC',null,null, 'Y', null, 'N', 'Y',200, null, null, 'name2',0,0, 'bd_defdoc', '2018-11-19 11:28:17',0, '2UC000-000556', 'bd_defdoc@@@name',0, 'N' ) ;
insert into md_column ( id, sqldatetype, createtime, creator, defaultvalue, description, displayname, dr, help, incrementseed, incrementstep, isactive, identitied, pkey, nullable, columnlength, modifier, modifytime, name, precise, columnsequence, tableid, ts, versiontype, resid, groupid, columntype, forlocale ) values (  'bd_defdoc@@@name3', 'varchar', null, null, null, null, '档案名称3',0, 'URC',null,null, 'Y', null, 'N', 'Y',200, null, null, 'name3',0,0, 'bd_defdoc', '2018-11-19 11:28:17',0, '2UC000-000556', 'bd_defdoc@@@name',0, 'N' ) ;
insert into md_column ( id, sqldatetype, createtime, creator, defaultvalue, description, displayname, dr, help, incrementseed, incrementstep, isactive, identitied, pkey, nullable, columnlength, modifier, modifytime, name, precise, columnsequence, tableid, ts, versiontype, resid, groupid, columntype, forlocale ) values (  'bd_defdoc@@@name4', 'varchar', null, null, null, null, '档案名称4',0, 'URC',null,null, 'Y', null, 'N', 'Y',200, null, null, 'name4',0,0, 'bd_defdoc', '2018-11-19 11:28:17',0, '2UC000-000556', 'bd_defdoc@@@name',0, 'N' ) ;
insert into md_column ( id, sqldatetype, createtime, creator, defaultvalue, description, displayname, dr, help, incrementseed, incrementstep, isactive, identitied, pkey, nullable, columnlength, modifier, modifytime, name, precise, columnsequence, tableid, ts, versiontype, resid, groupid, columntype, forlocale ) values (  'bd_defdoc@@@name5', 'varchar', null, null, null, null, '档案名称5',0, 'URC',null,null, 'Y', null, 'N', 'Y',200, null, null, 'name5',0,0, 'bd_defdoc', '2018-11-19 11:28:17',0, '2UC000-000556', 'bd_defdoc@@@name',0, 'N' ) ;
insert into md_column ( id, sqldatetype, createtime, creator, defaultvalue, description, displayname, dr, help, incrementseed, incrementstep, isactive, identitied, pkey, nullable, columnlength, modifier, modifytime, name, precise, columnsequence, tableid, ts, versiontype, resid, groupid, columntype, forlocale ) values (  'bd_defdoc@@@name6', 'varchar', null, null, null, null, '档案名称6',0, 'URC',null,null, 'Y', null, 'N', 'Y',200, null, null, 'name6',0,0, 'bd_defdoc', '2018-11-19 11:28:17',0, '2UC000-000556', 'bd_defdoc@@@name',0, 'N' ) ;
insert into md_column ( id, sqldatetype, createtime, creator, defaultvalue, description, displayname, dr, help, incrementseed, incrementstep, isactive, identitied, pkey, nullable, columnlength, modifier, modifytime, name, precise, columnsequence, tableid, ts, versiontype, resid, groupid, columntype, forlocale ) values (  'bd_defdoc@@@shortname2', 'varchar', null, null, null, null, '简称2',0, null,null,null, 'Y', null, 'N', 'Y',200, null, null, 'shortname2',0,0, 'bd_defdoc', '2018-11-19 11:28:17',0, '2UC000-000675', 'bd_defdoc@@@shortname',0, 'N' ) ;
insert into md_column ( id, sqldatetype, createtime, creator, defaultvalue, description, displayname, dr, help, incrementseed, incrementstep, isactive, identitied, pkey, nullable, columnlength, modifier, modifytime, name, precise, columnsequence, tableid, ts, versiontype, resid, groupid, columntype, forlocale ) values (  'bd_defdoc@@@shortname3', 'varchar', null, null, null, null, '简称3',0, null,null,null, 'Y', null, 'N', 'Y',200, null, null, 'shortname3',0,0, 'bd_defdoc', '2018-11-19 11:28:17',0, '2UC000-000675', 'bd_defdoc@@@shortname',0, 'N' ) ;
insert into md_column ( id, sqldatetype, createtime, creator, defaultvalue, description, displayname, dr, help, incrementseed, incrementstep, isactive, identitied, pkey, nullable, columnlength, modifier, modifytime, name, precise, columnsequence, tableid, ts, versiontype, resid, groupid, columntype, forlocale ) values (  'bd_defdoc@@@shortname4', 'varchar', null, null, null, null, '简称4',0, null,null,null, 'Y', null, 'N', 'Y',200, null, null, 'shortname4',0,0, 'bd_defdoc', '2018-11-19 11:28:17',0, '2UC000-000675', 'bd_defdoc@@@shortname',0, 'N' ) ;
insert into md_column ( id, sqldatetype, createtime, creator, defaultvalue, description, displayname, dr, help, incrementseed, incrementstep, isactive, identitied, pkey, nullable, columnlength, modifier, modifytime, name, precise, columnsequence, tableid, ts, versiontype, resid, groupid, columntype, forlocale ) values (  'bd_defdoc@@@shortname5', 'varchar', null, null, null, null, '简称5',0, null,null,null, 'Y', null, 'N', 'Y',200, null, null, 'shortname5',0,0, 'bd_defdoc', '2018-11-19 11:28:17',0, '2UC000-000675', 'bd_defdoc@@@shortname',0, 'N' ) ;
insert into md_column ( id, sqldatetype, createtime, creator, defaultvalue, description, displayname, dr, help, incrementseed, incrementstep, isactive, identitied, pkey, nullable, columnlength, modifier, modifytime, name, precise, columnsequence, tableid, ts, versiontype, resid, groupid, columntype, forlocale ) values (  'bd_defdoc@@@shortname6', 'varchar', null, null, null, null, '简称6',0, null,null,null, 'Y', null, 'N', 'Y',200, null, null, 'shortname6',0,0, 'bd_defdoc', '2018-11-19 11:28:17',0, '2UC000-000675', 'bd_defdoc@@@shortname',0, 'N' ) ;
insert into md_ORMap ( attributeid, classid, columnid, dr, tableid, ts ) values (  'c21037f8-ea3c-11e8-a9bb-d5565d1ec044', '1001AA10000000000NYK', 'bd_defdoc@@@def19',0, 'bd_defdoc', '2018-11-19 11:28:17' ) ;
insert into md_ORMap ( attributeid, classid, columnid, dr, tableid, ts ) values (  'c21037ed-ea3c-11e8-a9bb-d5565d1ec044', '1001AA10000000000NYK', 'bd_defdoc@@@def8',0, 'bd_defdoc', '2018-11-19 11:28:17' ) ;
insert into md_ORMap ( attributeid, classid, columnid, dr, tableid, ts ) values (  'c21037d9-ea3c-11e8-a9bb-d5565d1ec044', '1001AA10000000000NYK', 'bd_defdoc@@@modifiedtime',0, 'bd_defdoc', '2018-11-19 11:28:17' ) ;
insert into md_ORMap ( attributeid, classid, columnid, dr, tableid, ts ) values (  'c21037f1-ea3c-11e8-a9bb-d5565d1ec044', '1001AA10000000000NYK', 'bd_defdoc@@@def12',0, 'bd_defdoc', '2018-11-19 11:28:17' ) ;
insert into md_ORMap ( attributeid, classid, columnid, dr, tableid, ts ) values (  'c21037e4-ea3c-11e8-a9bb-d5565d1ec044', '1001AA10000000000NYK', 'bd_defdoc@@@dataoriginflag',0, 'bd_defdoc', '2018-11-19 11:28:17' ) ;
insert into md_ORMap ( attributeid, classid, columnid, dr, tableid, ts ) values (  'c21037eb-ea3c-11e8-a9bb-d5565d1ec044', '1001AA10000000000NYK', 'bd_defdoc@@@def6',0, 'bd_defdoc', '2018-11-19 11:28:17' ) ;
insert into md_ORMap ( attributeid, classid, columnid, dr, tableid, ts ) values (  'c21037e1-ea3c-11e8-a9bb-d5565d1ec044', '1001AA10000000000NYK', 'bd_defdoc@@@pk_org',0, 'bd_defdoc', '2018-11-19 11:28:17' ) ;
insert into md_ORMap ( attributeid, classid, columnid, dr, tableid, ts ) values (  'c21037f9-ea3c-11e8-a9bb-d5565d1ec044', '1001AA10000000000NYK', 'bd_defdoc@@@def20',0, 'bd_defdoc', '2018-11-19 11:28:17' ) ;
insert into md_ORMap ( attributeid, classid, columnid, dr, tableid, ts ) values (  'c21037e5-ea3c-11e8-a9bb-d5565d1ec044', '1001AA10000000000NYK', 'bd_defdoc@@@datatype',0, 'bd_defdoc', '2018-11-19 11:28:17' ) ;
insert into md_ORMap ( attributeid, classid, columnid, dr, tableid, ts ) values (  'c21037d1-ea3c-11e8-a9bb-d5565d1ec044', '1001AA10000000000NYK', 'bd_defdoc@@@creator',0, 'bd_defdoc', '2018-11-19 11:28:17' ) ;
insert into md_ORMap ( attributeid, classid, columnid, dr, tableid, ts ) values (  'c21037f4-ea3c-11e8-a9bb-d5565d1ec044', '1001AA10000000000NYK', 'bd_defdoc@@@def15',0, 'bd_defdoc', '2018-11-19 11:28:17' ) ;
insert into md_ORMap ( attributeid, classid, columnid, dr, tableid, ts ) values (  'c21037df-ea3c-11e8-a9bb-d5565d1ec044', '1001AA10000000000NYK', 'bd_defdoc@@@pk_defdoclist',0, 'bd_defdoc', '2018-11-19 11:28:17' ) ;
insert into md_ORMap ( attributeid, classid, columnid, dr, tableid, ts ) values (  'c21037e8-ea3c-11e8-a9bb-d5565d1ec044', '1001AA10000000000NYK', 'bd_defdoc@@@def3',0, 'bd_defdoc', '2018-11-19 11:28:17' ) ;
insert into md_ORMap ( attributeid, classid, columnid, dr, tableid, ts ) values (  'c21037f3-ea3c-11e8-a9bb-d5565d1ec044', '1001AA10000000000NYK', 'bd_defdoc@@@def14',0, 'bd_defdoc', '2018-11-19 11:28:17' ) ;
insert into md_ORMap ( attributeid, classid, columnid, dr, tableid, ts ) values (  'c21037e6-ea3c-11e8-a9bb-d5565d1ec044', '1001AA10000000000NYK', 'bd_defdoc@@@def1',0, 'bd_defdoc', '2018-11-19 11:28:17' ) ;
insert into md_ORMap ( attributeid, classid, columnid, dr, tableid, ts ) values (  'c21037ef-ea3c-11e8-a9bb-d5565d1ec044', '1001AA10000000000NYK', 'bd_defdoc@@@def10',0, 'bd_defdoc', '2018-11-19 11:28:17' ) ;
insert into md_ORMap ( attributeid, classid, columnid, dr, tableid, ts ) values (  'c21037d6-ea3c-11e8-a9bb-d5565d1ec044', '1001AA10000000000NYK', 'bd_defdoc@@@mnecode',0, 'bd_defdoc', '2018-11-19 11:28:17' ) ;
insert into md_ORMap ( attributeid, classid, columnid, dr, tableid, ts ) values (  'c21037ea-ea3c-11e8-a9bb-d5565d1ec044', '1001AA10000000000NYK', 'bd_defdoc@@@def5',0, 'bd_defdoc', '2018-11-19 11:28:17' ) ;
insert into md_ORMap ( attributeid, classid, columnid, dr, tableid, ts ) values (  'c21037db-ea3c-11e8-a9bb-d5565d1ec044', '1001AA10000000000NYK', 'bd_defdoc@@@shortname',0, 'bd_defdoc', '2018-11-19 11:28:17' ) ;
insert into md_ORMap ( attributeid, classid, columnid, dr, tableid, ts ) values (  'c21037e0-ea3c-11e8-a9bb-d5565d1ec044', '1001AA10000000000NYK', 'bd_defdoc@@@pk_group',0, 'bd_defdoc', '2018-11-19 11:28:17' ) ;
insert into md_ORMap ( attributeid, classid, columnid, dr, tableid, ts ) values (  'c21037dd-ea3c-11e8-a9bb-d5565d1ec044', '1001AA10000000000NYK', 'bd_defdoc@@@pid',0, 'bd_defdoc', '2018-11-19 11:28:17' ) ;
insert into md_ORMap ( attributeid, classid, columnid, dr, tableid, ts ) values (  'c21037da-ea3c-11e8-a9bb-d5565d1ec044', '1001AA10000000000NYK', 'bd_defdoc@@@name',0, 'bd_defdoc', '2018-11-19 11:28:17' ) ;
insert into md_ORMap ( attributeid, classid, columnid, dr, tableid, ts ) values (  'c21037f5-ea3c-11e8-a9bb-d5565d1ec044', '1001AA10000000000NYK', 'bd_defdoc@@@def16',0, 'bd_defdoc', '2018-11-19 11:28:17' ) ;
insert into md_ORMap ( attributeid, classid, columnid, dr, tableid, ts ) values (  'c21037e2-ea3c-11e8-a9bb-d5565d1ec044', '1001AA10000000000NYK', 'bd_defdoc@@@enablestate',0, 'bd_defdoc', '2018-11-19 11:28:17' ) ;
insert into md_ORMap ( attributeid, classid, columnid, dr, tableid, ts ) values (  'c21037ee-ea3c-11e8-a9bb-d5565d1ec044', '1001AA10000000000NYK', 'bd_defdoc@@@def9',0, 'bd_defdoc', '2018-11-19 11:28:17' ) ;
insert into md_ORMap ( attributeid, classid, columnid, dr, tableid, ts ) values (  'c21037ec-ea3c-11e8-a9bb-d5565d1ec044', '1001AA10000000000NYK', 'bd_defdoc@@@def7',0, 'bd_defdoc', '2018-11-19 11:28:17' ) ;
insert into md_ORMap ( attributeid, classid, columnid, dr, tableid, ts ) values (  'c21037d0-ea3c-11e8-a9bb-d5565d1ec044', '1001AA10000000000NYK', 'bd_defdoc@@@creationtime',0, 'bd_defdoc', '2018-11-19 11:28:17' ) ;
insert into md_ORMap ( attributeid, classid, columnid, dr, tableid, ts ) values (  'c21037f0-ea3c-11e8-a9bb-d5565d1ec044', '1001AA10000000000NYK', 'bd_defdoc@@@def11',0, 'bd_defdoc', '2018-11-19 11:28:17' ) ;
insert into md_ORMap ( attributeid, classid, columnid, dr, tableid, ts ) values (  'c21037d5-ea3c-11e8-a9bb-d5565d1ec044', '1001AA10000000000NYK', 'bd_defdoc@@@memo',0, 'bd_defdoc', '2018-11-19 11:28:17' ) ;
insert into md_ORMap ( attributeid, classid, columnid, dr, tableid, ts ) values (  'c21037d7-ea3c-11e8-a9bb-d5565d1ec044', '1001AA10000000000NYK', 'bd_defdoc@@@modifier',0, 'bd_defdoc', '2018-11-19 11:28:17' ) ;
insert into md_ORMap ( attributeid, classid, columnid, dr, tableid, ts ) values (  'c21037e7-ea3c-11e8-a9bb-d5565d1ec044', '1001AA10000000000NYK', 'bd_defdoc@@@def2',0, 'bd_defdoc', '2018-11-19 11:28:17' ) ;
insert into md_ORMap ( attributeid, classid, columnid, dr, tableid, ts ) values (  'c21037cd-ea3c-11e8-a9bb-d5565d1ec044', '1001AA10000000000NYK', 'bd_defdoc@@@code',0, 'bd_defdoc', '2018-11-19 11:28:17' ) ;
insert into md_ORMap ( attributeid, classid, columnid, dr, tableid, ts ) values (  'c21037e9-ea3c-11e8-a9bb-d5565d1ec044', '1001AA10000000000NYK', 'bd_defdoc@@@def4',0, 'bd_defdoc', '2018-11-19 11:28:17' ) ;
insert into md_ORMap ( attributeid, classid, columnid, dr, tableid, ts ) values (  'c21037d3-ea3c-11e8-a9bb-d5565d1ec044', '1001AA10000000000NYK', 'bd_defdoc@@@innercode',0, 'bd_defdoc', '2018-11-19 11:28:17' ) ;
insert into md_ORMap ( attributeid, classid, columnid, dr, tableid, ts ) values (  'c21037f6-ea3c-11e8-a9bb-d5565d1ec044', '1001AA10000000000NYK', 'bd_defdoc@@@def17',0, 'bd_defdoc', '2018-11-19 11:28:17' ) ;
insert into md_ORMap ( attributeid, classid, columnid, dr, tableid, ts ) values (  'c21037f7-ea3c-11e8-a9bb-d5565d1ec044', '1001AA10000000000NYK', 'bd_defdoc@@@def18',0, 'bd_defdoc', '2018-11-19 11:28:17' ) ;
insert into md_ORMap ( attributeid, classid, columnid, dr, tableid, ts ) values (  'c21037f2-ea3c-11e8-a9bb-d5565d1ec044', '1001AA10000000000NYK', 'bd_defdoc@@@def13',0, 'bd_defdoc', '2018-11-19 11:28:17' ) ;
insert into md_ORMap ( attributeid, classid, columnid, dr, tableid, ts ) values (  'c21037d4-ea3c-11e8-a9bb-d5565d1ec044', '1001AA10000000000NYK', 'bd_defdoc@@PK@@',0, 'bd_defdoc', '2018-11-19 11:28:17' ) ;



--Defdoc-C0J00115
delete from md_db_relation where startattrid in (select id from md_property where classid in ('1001AA10000000000NZT','@@@@' ) )  and starttableid in ('bd_defdoc','@@@@');
delete from md_ORMap where ATTRIBUTEID in(select id from md_property where classid in ('1001AA10000000000NZT','@@@@' ) )  and tableid in ('bd_defdoc','@@@@') ;
delete from md_table where id not in (select distinct tableid from md_ormap );
delete from md_column where  tableid in('bd_defdoc','@@@@') and id not in(select distinct columnid from md_ormap) and (nvl(groupid ,'~')='~' or groupid = id )  and name <> 'extend_bean_tag' ;
delete from md_column where tableid in ('bd_defdoc','@@@@')and groupid is not null and groupid not in( select distinct id from md_column where tableid in ('bd_defdoc','@@@@') ) ;
delete from md_db_relation where starttableid not in (select id from md_table);
delete from md_property where classID in (select distinct id from md_class where componentID='cfa87082-ea3c-11e8-a9bb-d5565d1ec044'  )  ;
delete from md_association where componentID = 'cfa87082-ea3c-11e8-a9bb-d5565d1ec044'  ;
delete from md_bizItfMap where classID in (select distinct id from md_class where componentID='cfa87082-ea3c-11e8-a9bb-d5565d1ec044'  );
delete from md_bizItfMap where classID in ( select id from md_opInterface where componentID = 'cfa87082-ea3c-11e8-a9bb-d5565d1ec044'  );
delete from md_accessorPara where id in (select distinct id from md_class where componentID='cfa87082-ea3c-11e8-a9bb-d5565d1ec044'  );
delete from md_enumValue where id in (select distinct id from md_class where componentID='cfa87082-ea3c-11e8-a9bb-d5565d1ec044'  ) ;
delete from md_class where componentID = 'cfa87082-ea3c-11e8-a9bb-d5565d1ec044'  ;
delete from md_component where id = 'cfa87082-ea3c-11e8-a9bb-d5565d1ec044' ;
delete from md_table where (id='bd_defdoc');
delete from md_column where (id='bd_defdoc@@PK@@');
delete from md_column where (id='bd_defdoc@@@pk_defdoclist');
delete from md_column where (id='bd_defdoc@@@pk_org');
delete from md_column where (id='bd_defdoc@@@pk_group');
delete from md_column where (id='bd_defdoc@@@code');
delete from md_column where (id='bd_defdoc@@@name');
delete from md_column where (id='bd_defdoc@@@shortname');
delete from md_column where (id='bd_defdoc@@@mnecode');
delete from md_column where (id='bd_defdoc@@@pid');
delete from md_column where (id='bd_defdoc@@@memo');
delete from md_column where (id='bd_defdoc@@@creator');
delete from md_column where (id='bd_defdoc@@@creationtime');
delete from md_column where (id='bd_defdoc@@@modifier');
delete from md_column where (id='bd_defdoc@@@modifiedtime');
delete from md_column where (id='bd_defdoc@@@innercode');
delete from md_column where (id='bd_defdoc@@@enablestate');
delete from md_column where (id='bd_defdoc@@@dataoriginflag');
delete from md_column where (id='bd_defdoc@@@datatype');
delete from md_column where (id='bd_defdoc@@@def1');
delete from md_column where (id='bd_defdoc@@@def2');
delete from md_column where (id='bd_defdoc@@@def3');
delete from md_column where (id='bd_defdoc@@@def4');
delete from md_column where (id='bd_defdoc@@@def5');
delete from md_column where (id='bd_defdoc@@@def6');
delete from md_column where (id='bd_defdoc@@@def7');
delete from md_column where (id='bd_defdoc@@@def8');
delete from md_column where (id='bd_defdoc@@@def9');
delete from md_column where (id='bd_defdoc@@@def10');
delete from md_column where (id='bd_defdoc@@@def11');
delete from md_column where (id='bd_defdoc@@@def12');
delete from md_column where (id='bd_defdoc@@@def13');
delete from md_column where (id='bd_defdoc@@@def14');
delete from md_column where (id='bd_defdoc@@@def15');
delete from md_column where (id='bd_defdoc@@@def16');
delete from md_column where (id='bd_defdoc@@@def17');
delete from md_column where (id='bd_defdoc@@@def18');
delete from md_column where (id='bd_defdoc@@@def19');
delete from md_column where (id='bd_defdoc@@@def20');
delete from md_column where (id='bd_defdoc@@@name2');
delete from md_column where (id='bd_defdoc@@@name3');
delete from md_column where (id='bd_defdoc@@@name4');
delete from md_column where (id='bd_defdoc@@@name5');
delete from md_column where (id='bd_defdoc@@@name6');
delete from md_column where (id='bd_defdoc@@@shortname2');
delete from md_column where (id='bd_defdoc@@@shortname3');
delete from md_column where (id='bd_defdoc@@@shortname4');
delete from md_column where (id='bd_defdoc@@@shortname5');
delete from md_column where (id='bd_defdoc@@@shortname6');


insert into md_component ( createtime, creator, description, displayname, dr, fromsourcebmf, help, id, industry, isbizmodel, modifier, modifytime, name, namespace, ownmodule, preload, resid, resmodule, ts, version, versiontype ) values (  '2018-11-17 15:45:53', null, null, '检测性质(自定义档案)',0, 'Y', null, 'cfa87082-ea3c-11e8-a9bb-d5565d1ec044', '0', 'N', null, null, 'Defdoc-C0J00115', 'uap', 'uapbd', null, null, '10140uddb', '2018-11-19 11:28:44', '1',0 ) ;
insert into md_class ( id, accessorclassname, classtype, componentid, createtime, creator, description, displayname, dr, fullclassname, help, isactive, keyattribute, modifier, modifytime, name, parentclassid, precise, refmodelname, returntype, ts, versiontype, isprimary, defaulttablename, stereotype, isauthen, resid, bizitfimpclassname, modinfoclassname, iscreatesql, isextendbean, userdefclassname, industry, fixedlength ) values (  '1001AA10000000000NZT', 'nc.md.model.access.javamap.NCBeanStyle',201, 'cfa87082-ea3c-11e8-a9bb-d5565d1ec044', '2018-11-17 15:45:53', null, null, '检测性质(自定义档案)',0, 'nc.vo.bd.defdoc.DefdocVO', 'ignorebdmode,BDMODE,URC,DEFDOC,BUSILOG,DOC', null, 'cfa87088-ea3c-11e8-a9bb-d5565d1ec044', null, null, 'Defdoc-C0J00115', null,null, '检测性质(自定义档案)', null, '2018-11-19 11:28:44',0, 'Y', 'bd_defdoc', null, 'Y', null, null, null, 'Y', null, null, '0', null ) ;
insert into md_property ( id, accessorclassname, classid, createtime, creator, datatype, datatypestyle, defaultvalue, description, displayname, dr, help, isactive, hided, nullable, readonly, attrlength, attrmaxvalue, attrminvalue, modifier, modifytime, name, precise, refmodelname, attrsequence, ts, visibility, versiontype, fixedlength, calculation, isauthen, resid, customattr, notserialize, dynamicattr, dynamictable, accesspower, accesspowergroup, industry ) values (  'cfa87088-ea3c-11e8-a9bb-d5565d1ec044', null, '1001AA10000000000NZT', null, null, 'BS000010000100001051',300, null, null, '自定义档案主键',0, null, 'Y', 'N', 'N', 'N',20, null, null, null, null, 'pk_defdoc',0, null,0, '2018-11-19 11:28:44',0,0, 'N', 'N', 'Y', '2UC000-000747', 'N', 'N', 'N', null, 'N', null, '0' ) ;
insert into md_property ( id, accessorclassname, classid, createtime, creator, datatype, datatypestyle, defaultvalue, description, displayname, dr, help, isactive, hided, nullable, readonly, attrlength, attrmaxvalue, attrminvalue, modifier, modifytime, name, precise, refmodelname, attrsequence, ts, visibility, versiontype, fixedlength, calculation, isauthen, resid, customattr, notserialize, dynamicattr, dynamictable, accesspower, accesspowergroup, industry ) values (  'cfa87093-ea3c-11e8-a9bb-d5565d1ec044', null, '1001AA10000000000NZT', null, null, '16c1dca0-e3ed-4dcc-8ed7-75fd59e2bef1',305, null, null, '自定义档案列表主键',0, null, 'Y', 'N', 'N', 'N',20, null, null, null, null, 'pk_defdoclist',0, '自定义档案列表',1, '2018-11-19 11:28:44',0,0, 'N', 'N', 'Y', '2UC000-000748', 'N', 'N', 'N', null, 'N', null, '0' ) ;
insert into md_property ( id, accessorclassname, classid, createtime, creator, datatype, datatypestyle, defaultvalue, description, displayname, dr, help, isactive, hided, nullable, readonly, attrlength, attrmaxvalue, attrminvalue, modifier, modifytime, name, precise, refmodelname, attrsequence, ts, visibility, versiontype, fixedlength, calculation, isauthen, resid, customattr, notserialize, dynamicattr, dynamictable, accesspower, accesspowergroup, industry ) values (  'cfa87095-ea3c-11e8-a9bb-d5565d1ec044', null, '1001AA10000000000NZT', null, null, '985be8a4-3a36-4778-8afe-2d8ed3902659',305, null, null, '所属组织',0, null, 'Y', 'N', 'N', 'N',20, null, null, null, null, 'pk_org',0, '业务单元',2, '2018-11-19 11:28:44',0,0, 'N', 'N', 'Y', '2UC000-000360', 'N', 'N', 'N', null, 'N', null, '0' ) ;
insert into md_property ( id, accessorclassname, classid, createtime, creator, datatype, datatypestyle, defaultvalue, description, displayname, dr, help, isactive, hided, nullable, readonly, attrlength, attrmaxvalue, attrminvalue, modifier, modifytime, name, precise, refmodelname, attrsequence, ts, visibility, versiontype, fixedlength, calculation, isauthen, resid, customattr, notserialize, dynamicattr, dynamictable, accesspower, accesspowergroup, industry ) values (  'cfa87094-ea3c-11e8-a9bb-d5565d1ec044', null, '1001AA10000000000NZT', null, null, '3b6dd171-2900-47f3-bfbe-41e4483a2a65',305, null, null, '所属集团',0, null, 'Y', 'N', 'Y', 'N',20, null, null, null, null, 'pk_group',0, '集团',3, '2018-11-19 11:28:44',0,0, 'N', 'N', 'Y', '2UC000-000367', 'N', 'N', 'N', null, 'N', null, '0' ) ;
insert into md_property ( id, accessorclassname, classid, createtime, creator, datatype, datatypestyle, defaultvalue, description, displayname, dr, help, isactive, hided, nullable, readonly, attrlength, attrmaxvalue, attrminvalue, modifier, modifytime, name, precise, refmodelname, attrsequence, ts, visibility, versiontype, fixedlength, calculation, isauthen, resid, customattr, notserialize, dynamicattr, dynamictable, accesspower, accesspowergroup, industry ) values (  'cfa87081-ea3c-11e8-a9bb-d5565d1ec044', null, '1001AA10000000000NZT', null, null, 'BS000010000100001001',300, null, null, '档案编码',0, 'URC', 'Y', 'N', 'N', 'N',40, null, null, null, null, 'code',0, null,4, '2018-11-19 11:28:44',0,0, 'N', 'N', 'Y', '2UC000-000557', 'N', 'N', 'N', null, 'N', null, '0' ) ;
insert into md_property ( id, accessorclassname, classid, createtime, creator, datatype, datatypestyle, defaultvalue, description, displayname, dr, help, isactive, hided, nullable, readonly, attrlength, attrmaxvalue, attrminvalue, modifier, modifytime, name, precise, refmodelname, attrsequence, ts, visibility, versiontype, fixedlength, calculation, isauthen, resid, customattr, notserialize, dynamicattr, dynamictable, accesspower, accesspowergroup, industry ) values (  'cfa8708e-ea3c-11e8-a9bb-d5565d1ec044', null, '1001AA10000000000NZT', null, null, 'BS000010000100001058',300, null, null, '档案名称',0, 'URC', 'Y', 'N', 'Y', 'N',200, null, null, null, null, 'name',0, null,5, '2018-11-19 11:28:44',0,0, 'N', 'N', 'Y', '2UC000-000556', 'N', 'N', 'N', null, 'N', null, '0' ) ;
insert into md_property ( id, accessorclassname, classid, createtime, creator, datatype, datatypestyle, defaultvalue, description, displayname, dr, help, isactive, hided, nullable, readonly, attrlength, attrmaxvalue, attrminvalue, modifier, modifytime, name, precise, refmodelname, attrsequence, ts, visibility, versiontype, fixedlength, calculation, isauthen, resid, customattr, notserialize, dynamicattr, dynamictable, accesspower, accesspowergroup, industry ) values (  'cfa8708f-ea3c-11e8-a9bb-d5565d1ec044', null, '1001AA10000000000NZT', null, null, 'BS000010000100001058',300, null, null, '简称',0, null, 'Y', 'N', 'Y', 'N',200, null, null, null, null, 'shortname',0, null,6, '2018-11-19 11:28:44',0,0, 'N', 'N', 'Y', '2UC000-000675', 'N', 'N', 'N', null, 'N', null, '0' ) ;
insert into md_property ( id, accessorclassname, classid, createtime, creator, datatype, datatypestyle, defaultvalue, description, displayname, dr, help, isactive, hided, nullable, readonly, attrlength, attrmaxvalue, attrminvalue, modifier, modifytime, name, precise, refmodelname, attrsequence, ts, visibility, versiontype, fixedlength, calculation, isauthen, resid, customattr, notserialize, dynamicattr, dynamictable, accesspower, accesspowergroup, industry ) values (  'cfa8708a-ea3c-11e8-a9bb-d5565d1ec044', null, '1001AA10000000000NZT', null, null, 'BS000010000100001001',300, null, null, '助记码',0, null, 'Y', 'N', 'Y', 'N',50, null, null, null, null, 'mnecode',0, null,7, '2018-11-19 11:28:44',0,0, 'N', 'N', 'Y', '2UC000-000172', 'N', 'N', 'N', null, 'N', null, '0' ) ;
insert into md_property ( id, accessorclassname, classid, createtime, creator, datatype, datatypestyle, defaultvalue, description, displayname, dr, help, isactive, hided, nullable, readonly, attrlength, attrmaxvalue, attrminvalue, modifier, modifytime, name, precise, refmodelname, attrsequence, ts, visibility, versiontype, fixedlength, calculation, isauthen, resid, customattr, notserialize, dynamicattr, dynamictable, accesspower, accesspowergroup, industry ) values (  'cfa87091-ea3c-11e8-a9bb-d5565d1ec044', null, '1001AA10000000000NZT', null, null, 'BS000010000100001001',300, null, null, '上级档案',0, null, 'Y', 'N', 'Y', 'N',20, null, null, null, null, 'pid',0, null,8, '2018-11-19 11:28:44',0,0, 'N', 'N', 'Y', '2UC000-000007', 'N', 'N', 'N', null, 'N', null, '0' ) ;
insert into md_property ( id, accessorclassname, classid, createtime, creator, datatype, datatypestyle, defaultvalue, description, displayname, dr, help, isactive, hided, nullable, readonly, attrlength, attrmaxvalue, attrminvalue, modifier, modifytime, name, precise, refmodelname, attrsequence, ts, visibility, versiontype, fixedlength, calculation, isauthen, resid, customattr, notserialize, dynamicattr, dynamictable, accesspower, accesspowergroup, industry ) values (  'cfa87089-ea3c-11e8-a9bb-d5565d1ec044', null, '1001AA10000000000NZT', null, null, 'BS000010000100001001',300, null, null, '备注',0, null, 'Y', 'N', 'Y', 'N',200, null, null, null, null, 'memo',0, null,9, '2018-11-19 11:28:44',0,0, 'N', 'N', 'Y', '2UC000-000258', 'N', 'N', 'N', null, 'N', null, '0' ) ;
insert into md_property ( id, accessorclassname, classid, createtime, creator, datatype, datatypestyle, defaultvalue, description, displayname, dr, help, isactive, hided, nullable, readonly, attrlength, attrmaxvalue, attrminvalue, modifier, modifytime, name, precise, refmodelname, attrsequence, ts, visibility, versiontype, fixedlength, calculation, isauthen, resid, customattr, notserialize, dynamicattr, dynamictable, accesspower, accesspowergroup, industry ) values (  'cfa87085-ea3c-11e8-a9bb-d5565d1ec044', null, '1001AA10000000000NZT', null, null, 'f6f9a473-56c0-432f-8bc7-fbf8fde54fee',305, null, null, '创建人',0, null, 'Y', 'N', 'Y', 'N',20, null, null, null, null, 'creator',0, '用户',10, '2018-11-19 11:28:44',0,0, 'N', 'N', 'Y', '2UC000-000155', 'N', 'N', 'N', null, 'N', null, '0' ) ;
insert into md_property ( id, accessorclassname, classid, createtime, creator, datatype, datatypestyle, defaultvalue, description, displayname, dr, help, isactive, hided, nullable, readonly, attrlength, attrmaxvalue, attrminvalue, modifier, modifytime, name, precise, refmodelname, attrsequence, ts, visibility, versiontype, fixedlength, calculation, isauthen, resid, customattr, notserialize, dynamicattr, dynamictable, accesspower, accesspowergroup, industry ) values (  'cfa87084-ea3c-11e8-a9bb-d5565d1ec044', null, '1001AA10000000000NZT', null, null, 'BS000010000100001034',300, null, null, '创建时间',0, null, 'Y', 'N', 'Y', 'N',19, null, null, null, null, 'creationtime',0, null,11, '2018-11-19 11:28:44',0,0, 'N', 'N', 'Y', '2UC000-000157', 'N', 'N', 'N', null, 'N', null, '0' ) ;
insert into md_property ( id, accessorclassname, classid, createtime, creator, datatype, datatypestyle, defaultvalue, description, displayname, dr, help, isactive, hided, nullable, readonly, attrlength, attrmaxvalue, attrminvalue, modifier, modifytime, name, precise, refmodelname, attrsequence, ts, visibility, versiontype, fixedlength, calculation, isauthen, resid, customattr, notserialize, dynamicattr, dynamictable, accesspower, accesspowergroup, industry ) values (  'cfa8708b-ea3c-11e8-a9bb-d5565d1ec044', null, '1001AA10000000000NZT', null, null, 'f6f9a473-56c0-432f-8bc7-fbf8fde54fee',305, null, null, '最后修改人',0, null, 'Y', 'N', 'Y', 'N',20, null, null, null, null, 'modifier',0, '用户',12, '2018-11-19 11:28:44',0,0, 'N', 'N', 'Y', '2UC000-000490', 'N', 'N', 'N', null, 'N', null, '0' ) ;
insert into md_property ( id, accessorclassname, classid, createtime, creator, datatype, datatypestyle, defaultvalue, description, displayname, dr, help, isactive, hided, nullable, readonly, attrlength, attrmaxvalue, attrminvalue, modifier, modifytime, name, precise, refmodelname, attrsequence, ts, visibility, versiontype, fixedlength, calculation, isauthen, resid, customattr, notserialize, dynamicattr, dynamictable, accesspower, accesspowergroup, industry ) values (  'cfa8708d-ea3c-11e8-a9bb-d5565d1ec044', null, '1001AA10000000000NZT', null, null, 'BS000010000100001034',300, null, null, '最后修改时间',0, null, 'Y', 'N', 'Y', 'N',19, null, null, null, null, 'modifiedtime',0, null,13, '2018-11-19 11:28:44',0,0, 'N', 'N', 'Y', '2UC000-000491', 'N', 'N', 'N', null, 'N', null, '0' ) ;
insert into md_property ( id, accessorclassname, classid, createtime, creator, datatype, datatypestyle, defaultvalue, description, displayname, dr, help, isactive, hided, nullable, readonly, attrlength, attrmaxvalue, attrminvalue, modifier, modifytime, name, precise, refmodelname, attrsequence, ts, visibility, versiontype, fixedlength, calculation, isauthen, resid, customattr, notserialize, dynamicattr, dynamictable, accesspower, accesspowergroup, industry ) values (  'cfa87087-ea3c-11e8-a9bb-d5565d1ec044', null, '1001AA10000000000NZT', null, null, 'BS000010000100001001',300, null, null, '内部编码',0, null, 'Y', 'N', 'Y', 'N',200, null, null, null, null, 'innercode',0, null,14, '2018-11-19 11:28:44',0,0, 'N', 'N', 'Y', '2UC000-000136', 'N', 'N', 'N', null, 'N', null, '0' ) ;
insert into md_property ( id, accessorclassname, classid, createtime, creator, datatype, datatypestyle, defaultvalue, description, displayname, dr, help, isactive, hided, nullable, readonly, attrlength, attrmaxvalue, attrminvalue, modifier, modifytime, name, precise, refmodelname, attrsequence, ts, visibility, versiontype, fixedlength, calculation, isauthen, resid, customattr, notserialize, dynamicattr, dynamictable, accesspower, accesspowergroup, industry ) values (  'cfa87096-ea3c-11e8-a9bb-d5565d1ec044', null, '1001AA10000000000NZT', null, null, '6b533ffa-3e43-4147-8670-ba0f5471fd40',300, null, null, '启用状态',0, null, 'Y', 'N', 'Y', 'N',0, null, null, null, null, 'enablestate',0, null,15, '2018-11-19 11:28:44',0,0, 'N', 'N', 'Y', '2UC000-000249', 'N', 'N', 'N', null, 'N', null, '0' ) ;
insert into md_property ( id, accessorclassname, classid, createtime, creator, datatype, datatypestyle, defaultvalue, description, displayname, dr, help, isactive, hided, nullable, readonly, attrlength, attrmaxvalue, attrminvalue, modifier, modifytime, name, precise, refmodelname, attrsequence, ts, visibility, versiontype, fixedlength, calculation, isauthen, resid, customattr, notserialize, dynamicattr, dynamictable, accesspower, accesspowergroup, industry ) values (  'cfa87098-ea3c-11e8-a9bb-d5565d1ec044', null, '1001AA10000000000NZT', null, null, 'BS000010000100001004',300, null, null, '分布式',0, null, 'Y', 'N', 'Y', 'N',0, null, null, null, null, 'dataoriginflag',0, null,16, '2018-11-19 11:28:44',0,0, 'N', 'N', 'Y', '2UC000-000151', 'N', 'N', 'N', null, 'N', null, '0' ) ;
insert into md_property ( id, accessorclassname, classid, createtime, creator, datatype, datatypestyle, defaultvalue, description, displayname, dr, help, isactive, hided, nullable, readonly, attrlength, attrmaxvalue, attrminvalue, modifier, modifytime, name, precise, refmodelname, attrsequence, ts, visibility, versiontype, fixedlength, calculation, isauthen, resid, customattr, notserialize, dynamicattr, dynamictable, accesspower, accesspowergroup, industry ) values (  'cfa87099-ea3c-11e8-a9bb-d5565d1ec044', null, '1001AA10000000000NZT', null, null, 'ba3f1197-8584-445d-88a0-102e505f94e5',300, '1', null, '数据类型',0, null, 'Y', 'N', 'Y', 'N',0, null, null, null, null, 'datatype',0, null,17, '2018-11-19 11:28:44',0,0, 'N', 'N', 'Y', '2UC000-000458', 'N', 'N', 'N', null, 'N', null, '0' ) ;
insert into md_property ( id, accessorclassname, classid, createtime, creator, datatype, datatypestyle, defaultvalue, description, displayname, dr, help, isactive, hided, nullable, readonly, attrlength, attrmaxvalue, attrminvalue, modifier, modifytime, name, precise, refmodelname, attrsequence, ts, visibility, versiontype, fixedlength, calculation, isauthen, resid, customattr, notserialize, dynamicattr, dynamictable, accesspower, accesspowergroup, industry ) values (  'cfa8709a-ea3c-11e8-a9bb-d5565d1ec044', null, '1001AA10000000000NZT', null, null, 'BS000010000100001056',300, null, null, '自定义项1',0, null, 'Y', 'N', 'Y', 'N',101, null, null, null, null, 'def1',0, null,18, '2018-11-19 11:28:44',0,-1, 'N', 'N', 'Y', null, 'Y', 'N', 'N', null, 'N', null, '0' ) ;
insert into md_property ( id, accessorclassname, classid, createtime, creator, datatype, datatypestyle, defaultvalue, description, displayname, dr, help, isactive, hided, nullable, readonly, attrlength, attrmaxvalue, attrminvalue, modifier, modifytime, name, precise, refmodelname, attrsequence, ts, visibility, versiontype, fixedlength, calculation, isauthen, resid, customattr, notserialize, dynamicattr, dynamictable, accesspower, accesspowergroup, industry ) values (  'cfa8709b-ea3c-11e8-a9bb-d5565d1ec044', null, '1001AA10000000000NZT', null, null, 'BS000010000100001056',300, null, null, '自定义项2',0, null, 'Y', 'N', 'Y', 'N',101, null, null, null, null, 'def2',0, null,19, '2018-11-19 11:28:44',0,-1, 'N', 'N', 'Y', null, 'Y', 'N', 'N', null, 'N', null, '0' ) ;
insert into md_property ( id, accessorclassname, classid, createtime, creator, datatype, datatypestyle, defaultvalue, description, displayname, dr, help, isactive, hided, nullable, readonly, attrlength, attrmaxvalue, attrminvalue, modifier, modifytime, name, precise, refmodelname, attrsequence, ts, visibility, versiontype, fixedlength, calculation, isauthen, resid, customattr, notserialize, dynamicattr, dynamictable, accesspower, accesspowergroup, industry ) values (  'cfa8709c-ea3c-11e8-a9bb-d5565d1ec044', null, '1001AA10000000000NZT', null, null, 'BS000010000100001056',300, null, null, '自定义项3',0, null, 'Y', 'N', 'Y', 'N',101, null, null, null, null, 'def3',0, null,20, '2018-11-19 11:28:44',0,-1, 'N', 'N', 'Y', null, 'Y', 'N', 'N', null, 'N', null, '0' ) ;
insert into md_property ( id, accessorclassname, classid, createtime, creator, datatype, datatypestyle, defaultvalue, description, displayname, dr, help, isactive, hided, nullable, readonly, attrlength, attrmaxvalue, attrminvalue, modifier, modifytime, name, precise, refmodelname, attrsequence, ts, visibility, versiontype, fixedlength, calculation, isauthen, resid, customattr, notserialize, dynamicattr, dynamictable, accesspower, accesspowergroup, industry ) values (  'cfa8709d-ea3c-11e8-a9bb-d5565d1ec044', null, '1001AA10000000000NZT', null, null, 'BS000010000100001056',300, null, null, '自定义项4',0, null, 'Y', 'N', 'Y', 'N',101, null, null, null, null, 'def4',0, null,21, '2018-11-19 11:28:44',0,-1, 'N', 'N', 'Y', null, 'Y', 'N', 'N', null, 'N', null, '0' ) ;
insert into md_property ( id, accessorclassname, classid, createtime, creator, datatype, datatypestyle, defaultvalue, description, displayname, dr, help, isactive, hided, nullable, readonly, attrlength, attrmaxvalue, attrminvalue, modifier, modifytime, name, precise, refmodelname, attrsequence, ts, visibility, versiontype, fixedlength, calculation, isauthen, resid, customattr, notserialize, dynamicattr, dynamictable, accesspower, accesspowergroup, industry ) values (  'cfa8709e-ea3c-11e8-a9bb-d5565d1ec044', null, '1001AA10000000000NZT', null, null, 'BS000010000100001056',300, null, null, '自定义项5',0, null, 'Y', 'N', 'Y', 'N',101, null, null, null, null, 'def5',0, null,22, '2018-11-19 11:28:44',0,-1, 'N', 'N', 'Y', null, 'Y', 'N', 'N', null, 'N', null, '0' ) ;
insert into md_property ( id, accessorclassname, classid, createtime, creator, datatype, datatypestyle, defaultvalue, description, displayname, dr, help, isactive, hided, nullable, readonly, attrlength, attrmaxvalue, attrminvalue, modifier, modifytime, name, precise, refmodelname, attrsequence, ts, visibility, versiontype, fixedlength, calculation, isauthen, resid, customattr, notserialize, dynamicattr, dynamictable, accesspower, accesspowergroup, industry ) values (  'cfa8709f-ea3c-11e8-a9bb-d5565d1ec044', null, '1001AA10000000000NZT', null, null, 'BS000010000100001056',300, null, null, '自定义项6',0, null, 'Y', 'N', 'Y', 'N',101, null, null, null, null, 'def6',0, null,23, '2018-11-19 11:28:44',0,-1, 'N', 'N', 'Y', null, 'Y', 'N', 'N', null, 'N', null, '0' ) ;
insert into md_property ( id, accessorclassname, classid, createtime, creator, datatype, datatypestyle, defaultvalue, description, displayname, dr, help, isactive, hided, nullable, readonly, attrlength, attrmaxvalue, attrminvalue, modifier, modifytime, name, precise, refmodelname, attrsequence, ts, visibility, versiontype, fixedlength, calculation, isauthen, resid, customattr, notserialize, dynamicattr, dynamictable, accesspower, accesspowergroup, industry ) values (  'cfa870a0-ea3c-11e8-a9bb-d5565d1ec044', null, '1001AA10000000000NZT', null, null, 'BS000010000100001056',300, null, null, '自定义项7',0, null, 'Y', 'N', 'Y', 'N',101, null, null, null, null, 'def7',0, null,24, '2018-11-19 11:28:44',0,-1, 'N', 'N', 'Y', null, 'Y', 'N', 'N', null, 'N', null, '0' ) ;
insert into md_property ( id, accessorclassname, classid, createtime, creator, datatype, datatypestyle, defaultvalue, description, displayname, dr, help, isactive, hided, nullable, readonly, attrlength, attrmaxvalue, attrminvalue, modifier, modifytime, name, precise, refmodelname, attrsequence, ts, visibility, versiontype, fixedlength, calculation, isauthen, resid, customattr, notserialize, dynamicattr, dynamictable, accesspower, accesspowergroup, industry ) values (  'cfa870a1-ea3c-11e8-a9bb-d5565d1ec044', null, '1001AA10000000000NZT', null, null, 'BS000010000100001056',300, null, null, '自定义项8',0, null, 'Y', 'N', 'Y', 'N',101, null, null, null, null, 'def8',0, null,25, '2018-11-19 11:28:44',0,-1, 'N', 'N', 'Y', null, 'Y', 'N', 'N', null, 'N', null, '0' ) ;
insert into md_property ( id, accessorclassname, classid, createtime, creator, datatype, datatypestyle, defaultvalue, description, displayname, dr, help, isactive, hided, nullable, readonly, attrlength, attrmaxvalue, attrminvalue, modifier, modifytime, name, precise, refmodelname, attrsequence, ts, visibility, versiontype, fixedlength, calculation, isauthen, resid, customattr, notserialize, dynamicattr, dynamictable, accesspower, accesspowergroup, industry ) values (  'cfa870a2-ea3c-11e8-a9bb-d5565d1ec044', null, '1001AA10000000000NZT', null, null, 'BS000010000100001056',300, null, null, '自定义项9',0, null, 'Y', 'N', 'Y', 'N',101, null, null, null, null, 'def9',0, null,26, '2018-11-19 11:28:44',0,-1, 'N', 'N', 'Y', null, 'Y', 'N', 'N', null, 'N', null, '0' ) ;
insert into md_property ( id, accessorclassname, classid, createtime, creator, datatype, datatypestyle, defaultvalue, description, displayname, dr, help, isactive, hided, nullable, readonly, attrlength, attrmaxvalue, attrminvalue, modifier, modifytime, name, precise, refmodelname, attrsequence, ts, visibility, versiontype, fixedlength, calculation, isauthen, resid, customattr, notserialize, dynamicattr, dynamictable, accesspower, accesspowergroup, industry ) values (  'cfa870a3-ea3c-11e8-a9bb-d5565d1ec044', null, '1001AA10000000000NZT', null, null, 'BS000010000100001056',300, null, null, '自定义项10',0, null, 'Y', 'N', 'Y', 'N',101, null, null, null, null, 'def10',0, null,27, '2018-11-19 11:28:44',0,-1, 'N', 'N', 'Y', null, 'Y', 'N', 'N', null, 'N', null, '0' ) ;
insert into md_property ( id, accessorclassname, classid, createtime, creator, datatype, datatypestyle, defaultvalue, description, displayname, dr, help, isactive, hided, nullable, readonly, attrlength, attrmaxvalue, attrminvalue, modifier, modifytime, name, precise, refmodelname, attrsequence, ts, visibility, versiontype, fixedlength, calculation, isauthen, resid, customattr, notserialize, dynamicattr, dynamictable, accesspower, accesspowergroup, industry ) values (  'cfa870a4-ea3c-11e8-a9bb-d5565d1ec044', null, '1001AA10000000000NZT', null, null, 'BS000010000100001056',300, null, null, '自定义项11',0, null, 'Y', 'N', 'Y', 'N',101, null, null, null, null, 'def11',0, null,28, '2018-11-19 11:28:44',0,-1, 'N', 'N', 'Y', null, 'Y', 'N', 'N', null, 'N', null, '0' ) ;
insert into md_property ( id, accessorclassname, classid, createtime, creator, datatype, datatypestyle, defaultvalue, description, displayname, dr, help, isactive, hided, nullable, readonly, attrlength, attrmaxvalue, attrminvalue, modifier, modifytime, name, precise, refmodelname, attrsequence, ts, visibility, versiontype, fixedlength, calculation, isauthen, resid, customattr, notserialize, dynamicattr, dynamictable, accesspower, accesspowergroup, industry ) values (  'cfa870a5-ea3c-11e8-a9bb-d5565d1ec044', null, '1001AA10000000000NZT', null, null, 'BS000010000100001056',300, null, null, '自定义项12',0, null, 'Y', 'N', 'Y', 'N',101, null, null, null, null, 'def12',0, null,29, '2018-11-19 11:28:44',0,-1, 'N', 'N', 'Y', null, 'Y', 'N', 'N', null, 'N', null, '0' ) ;
insert into md_property ( id, accessorclassname, classid, createtime, creator, datatype, datatypestyle, defaultvalue, description, displayname, dr, help, isactive, hided, nullable, readonly, attrlength, attrmaxvalue, attrminvalue, modifier, modifytime, name, precise, refmodelname, attrsequence, ts, visibility, versiontype, fixedlength, calculation, isauthen, resid, customattr, notserialize, dynamicattr, dynamictable, accesspower, accesspowergroup, industry ) values (  'cfa870a6-ea3c-11e8-a9bb-d5565d1ec044', null, '1001AA10000000000NZT', null, null, 'BS000010000100001056',300, null, null, '自定义项13',0, null, 'Y', 'N', 'Y', 'N',101, null, null, null, null, 'def13',0, null,30, '2018-11-19 11:28:44',0,-1, 'N', 'N', 'Y', null, 'Y', 'N', 'N', null, 'N', null, '0' ) ;
insert into md_property ( id, accessorclassname, classid, createtime, creator, datatype, datatypestyle, defaultvalue, description, displayname, dr, help, isactive, hided, nullable, readonly, attrlength, attrmaxvalue, attrminvalue, modifier, modifytime, name, precise, refmodelname, attrsequence, ts, visibility, versiontype, fixedlength, calculation, isauthen, resid, customattr, notserialize, dynamicattr, dynamictable, accesspower, accesspowergroup, industry ) values (  'cfa870a7-ea3c-11e8-a9bb-d5565d1ec044', null, '1001AA10000000000NZT', null, null, 'BS000010000100001056',300, null, null, '自定义项14',0, null, 'Y', 'N', 'Y', 'N',101, null, null, null, null, 'def14',0, null,31, '2018-11-19 11:28:44',0,-1, 'N', 'N', 'Y', null, 'Y', 'N', 'N', null, 'N', null, '0' ) ;
insert into md_property ( id, accessorclassname, classid, createtime, creator, datatype, datatypestyle, defaultvalue, description, displayname, dr, help, isactive, hided, nullable, readonly, attrlength, attrmaxvalue, attrminvalue, modifier, modifytime, name, precise, refmodelname, attrsequence, ts, visibility, versiontype, fixedlength, calculation, isauthen, resid, customattr, notserialize, dynamicattr, dynamictable, accesspower, accesspowergroup, industry ) values (  'cfa870a8-ea3c-11e8-a9bb-d5565d1ec044', null, '1001AA10000000000NZT', null, null, 'BS000010000100001056',300, null, null, '自定义项15',0, null, 'Y', 'N', 'Y', 'N',101, null, null, null, null, 'def15',0, null,32, '2018-11-19 11:28:44',0,-1, 'N', 'N', 'Y', null, 'Y', 'N', 'N', null, 'N', null, '0' ) ;
insert into md_property ( id, accessorclassname, classid, createtime, creator, datatype, datatypestyle, defaultvalue, description, displayname, dr, help, isactive, hided, nullable, readonly, attrlength, attrmaxvalue, attrminvalue, modifier, modifytime, name, precise, refmodelname, attrsequence, ts, visibility, versiontype, fixedlength, calculation, isauthen, resid, customattr, notserialize, dynamicattr, dynamictable, accesspower, accesspowergroup, industry ) values (  'cfa870a9-ea3c-11e8-a9bb-d5565d1ec044', null, '1001AA10000000000NZT', null, null, 'BS000010000100001056',300, null, null, '自定义项16',0, null, 'Y', 'N', 'Y', 'N',101, null, null, null, null, 'def16',0, null,33, '2018-11-19 11:28:44',0,-1, 'N', 'N', 'Y', null, 'Y', 'N', 'N', null, 'N', null, '0' ) ;
insert into md_property ( id, accessorclassname, classid, createtime, creator, datatype, datatypestyle, defaultvalue, description, displayname, dr, help, isactive, hided, nullable, readonly, attrlength, attrmaxvalue, attrminvalue, modifier, modifytime, name, precise, refmodelname, attrsequence, ts, visibility, versiontype, fixedlength, calculation, isauthen, resid, customattr, notserialize, dynamicattr, dynamictable, accesspower, accesspowergroup, industry ) values (  'cfa870aa-ea3c-11e8-a9bb-d5565d1ec044', null, '1001AA10000000000NZT', null, null, 'BS000010000100001056',300, null, null, '自定义项17',0, null, 'Y', 'N', 'Y', 'N',101, null, null, null, null, 'def17',0, null,34, '2018-11-19 11:28:44',0,-1, 'N', 'N', 'Y', null, 'Y', 'N', 'N', null, 'N', null, '0' ) ;
insert into md_property ( id, accessorclassname, classid, createtime, creator, datatype, datatypestyle, defaultvalue, description, displayname, dr, help, isactive, hided, nullable, readonly, attrlength, attrmaxvalue, attrminvalue, modifier, modifytime, name, precise, refmodelname, attrsequence, ts, visibility, versiontype, fixedlength, calculation, isauthen, resid, customattr, notserialize, dynamicattr, dynamictable, accesspower, accesspowergroup, industry ) values (  'cfa870ab-ea3c-11e8-a9bb-d5565d1ec044', null, '1001AA10000000000NZT', null, null, 'BS000010000100001056',300, null, null, '自定义项18',0, null, 'Y', 'N', 'Y', 'N',101, null, null, null, null, 'def18',0, null,35, '2018-11-19 11:28:44',0,-1, 'N', 'N', 'Y', null, 'Y', 'N', 'N', null, 'N', null, '0' ) ;
insert into md_property ( id, accessorclassname, classid, createtime, creator, datatype, datatypestyle, defaultvalue, description, displayname, dr, help, isactive, hided, nullable, readonly, attrlength, attrmaxvalue, attrminvalue, modifier, modifytime, name, precise, refmodelname, attrsequence, ts, visibility, versiontype, fixedlength, calculation, isauthen, resid, customattr, notserialize, dynamicattr, dynamictable, accesspower, accesspowergroup, industry ) values (  'cfa870ac-ea3c-11e8-a9bb-d5565d1ec044', null, '1001AA10000000000NZT', null, null, 'BS000010000100001056',300, null, null, '自定义项19',0, null, 'Y', 'N', 'Y', 'N',101, null, null, null, null, 'def19',0, null,36, '2018-11-19 11:28:44',0,-1, 'N', 'N', 'Y', null, 'Y', 'N', 'N', null, 'N', null, '0' ) ;
insert into md_property ( id, accessorclassname, classid, createtime, creator, datatype, datatypestyle, defaultvalue, description, displayname, dr, help, isactive, hided, nullable, readonly, attrlength, attrmaxvalue, attrminvalue, modifier, modifytime, name, precise, refmodelname, attrsequence, ts, visibility, versiontype, fixedlength, calculation, isauthen, resid, customattr, notserialize, dynamicattr, dynamictable, accesspower, accesspowergroup, industry ) values (  'cfa870ad-ea3c-11e8-a9bb-d5565d1ec044', null, '1001AA10000000000NZT', null, null, 'BS000010000100001056',300, null, null, '自定义项20',0, null, 'Y', 'N', 'Y', 'N',101, null, null, null, null, 'def20',0, null,37, '2018-11-19 11:28:44',0,-1, 'N', 'N', 'Y', null, 'Y', 'N', 'N', null, 'N', null, '0' ) ;
insert into md_bizItfMap ( bizinterfaceid, intattrid, classid, classattrid, bizitfimpclassname, classattrpath, dr, ts ) values (  '6c8722b9-911a-489b-8d0d-18bd3734fcf6', '5dd3c721-22ad-42b1-9c10-4351c236bc77', '1001AA10000000000NZT', 'cfa87088-ea3c-11e8-a9bb-d5565d1ec044', null, null,0, '2018-11-19 11:28:44' ) ;
insert into md_bizItfMap ( bizinterfaceid, intattrid, classid, classattrid, bizitfimpclassname, classattrpath, dr, ts ) values (  '6c8722b9-911a-489b-8d0d-18bd3734fcf6', 'ecf1b76a-6e44-42e2-a55e-87596504775b', '1001AA10000000000NZT', 'cfa87095-ea3c-11e8-a9bb-d5565d1ec044', null, null,0, '2018-11-19 11:28:44' ) ;
insert into md_bizItfMap ( bizinterfaceid, intattrid, classid, classattrid, bizitfimpclassname, classattrpath, dr, ts ) values (  '6c8722b9-911a-489b-8d0d-18bd3734fcf6', 'd32cc17b-f415-415a-923f-0764443eb102', '1001AA10000000000NZT', 'cfa87081-ea3c-11e8-a9bb-d5565d1ec044', null, null,0, '2018-11-19 11:28:44' ) ;
insert into md_bizItfMap ( bizinterfaceid, intattrid, classid, classattrid, bizitfimpclassname, classattrpath, dr, ts ) values (  '6c8722b9-911a-489b-8d0d-18bd3734fcf6', '89578a97-42fe-439b-827c-8eabd9e3604c', '1001AA10000000000NZT', 'cfa8708e-ea3c-11e8-a9bb-d5565d1ec044', null, null,0, '2018-11-19 11:28:44' ) ;
insert into md_bizItfMap ( bizinterfaceid, intattrid, classid, classattrid, bizitfimpclassname, classattrpath, dr, ts ) values (  '6c8722b9-911a-489b-8d0d-18bd3734fcf6', 'a47e6cda-09e4-480b-923f-ec6f41e3e06c', '1001AA10000000000NZT', 'cfa87094-ea3c-11e8-a9bb-d5565d1ec044', null, null,0, '2018-11-19 11:28:44' ) ;
insert into md_association ( id, componentid, creator, createtime, dr, endcardinality, startbeanid, endelementid, isactive, modifier, modifytime, name, startcardinality, startelementid, ts, type, versiontype, industry ) values (  'c2cf9369-2676-4004-b44b-97acdba1f123', 'cfa87082-ea3c-11e8-a9bb-d5565d1ec044', null, null,0, '1', '1001AA10000000000NZT', '16c1dca0-e3ed-4dcc-8ed7-75fd59e2bef1', 'Y', null, null, 'Defdoc-C0J00115_pk_defdoclist', '1', 'cfa87093-ea3c-11e8-a9bb-d5565d1ec044', '2018-11-19 11:28:44',3,0, '0' ) ;
insert into md_association ( id, componentid, creator, createtime, dr, endcardinality, startbeanid, endelementid, isactive, modifier, modifytime, name, startcardinality, startelementid, ts, type, versiontype, industry ) values (  '7ec7d901-c050-44d3-ae2a-e19bd7eed2d4', 'cfa87082-ea3c-11e8-a9bb-d5565d1ec044', null, null,0, '1', '1001AA10000000000NZT', '985be8a4-3a36-4778-8afe-2d8ed3902659', 'Y', null, null, 'Defdoc-C0J00115_pk_org', '1', 'cfa87095-ea3c-11e8-a9bb-d5565d1ec044', '2018-11-19 11:28:44',3,0, '0' ) ;
insert into md_association ( id, componentid, creator, createtime, dr, endcardinality, startbeanid, endelementid, isactive, modifier, modifytime, name, startcardinality, startelementid, ts, type, versiontype, industry ) values (  'a154e611-7431-4a65-95c2-060d78bc5a61', 'cfa87082-ea3c-11e8-a9bb-d5565d1ec044', null, null,0, '1', '1001AA10000000000NZT', '3b6dd171-2900-47f3-bfbe-41e4483a2a65', 'Y', null, null, 'Defdoc-C0J00115_pk_group', '1', 'cfa87094-ea3c-11e8-a9bb-d5565d1ec044', '2018-11-19 11:28:44',3,0, '0' ) ;
insert into md_association ( id, componentid, creator, createtime, dr, endcardinality, startbeanid, endelementid, isactive, modifier, modifytime, name, startcardinality, startelementid, ts, type, versiontype, industry ) values (  '85c0c8f5-f61d-482e-833e-93efa4f3b7e2', 'cfa87082-ea3c-11e8-a9bb-d5565d1ec044', null, null,0, '1', '1001AA10000000000NZT', 'f6f9a473-56c0-432f-8bc7-fbf8fde54fee', 'Y', null, null, 'Defdoc-C0J00115_creator', '1', 'cfa87085-ea3c-11e8-a9bb-d5565d1ec044', '2018-11-19 11:28:44',3,0, '0' ) ;
insert into md_association ( id, componentid, creator, createtime, dr, endcardinality, startbeanid, endelementid, isactive, modifier, modifytime, name, startcardinality, startelementid, ts, type, versiontype, industry ) values (  '421376d8-91bf-4f74-8662-8cb1d3a88659', 'cfa87082-ea3c-11e8-a9bb-d5565d1ec044', null, null,0, '1', '1001AA10000000000NZT', 'f6f9a473-56c0-432f-8bc7-fbf8fde54fee', 'Y', null, null, 'Defdoc-C0J00115_modifier', '1', 'cfa8708b-ea3c-11e8-a9bb-d5565d1ec044', '2018-11-19 11:28:44',3,0, '0' ) ;
insert into md_table ( id, createtime, creator, databaseid, description, displayname, dr, help, isactive, fromsourcebmf, modifier, modifytime, name, ts, versiontype, resmodule, resid, parenttable, isextendtable, industry ) values (  'bd_defdoc', '2018-11-17 15:45:53', null, null, null, '检测性质(自定义档案)',0, 'ignorebdmode,BDMODE,URC,DEFDOC,BUSILOG,DOC', null, 'Y', null, null, 'bd_defdoc', '2018-11-19 11:28:44',0, '10140uddb', null, null, null, '0' ) ;
insert into md_column ( id, sqldatetype, createtime, creator, defaultvalue, description, displayname, dr, help, incrementseed, incrementstep, isactive, identitied, pkey, nullable, columnlength, modifier, modifytime, name, precise, columnsequence, tableid, ts, versiontype, resid, groupid, columntype, forlocale ) values (  'bd_defdoc@@PK@@', 'char', null, null, null, null, '自定义档案主键',0, null,null,null, 'Y', null, 'Y', 'N',20, null, null, 'pk_defdoc',0,0, 'bd_defdoc', '2018-11-19 11:28:44',0, '2UC000-000747', null,0, 'N' ) ;
insert into md_column ( id, sqldatetype, createtime, creator, defaultvalue, description, displayname, dr, help, incrementseed, incrementstep, isactive, identitied, pkey, nullable, columnlength, modifier, modifytime, name, precise, columnsequence, tableid, ts, versiontype, resid, groupid, columntype, forlocale ) values (  'bd_defdoc@@@pk_defdoclist', 'char', null, null, null, null, '自定义档案列表主键',0, null,null,null, 'Y', null, 'N', 'N',20, null, null, 'pk_defdoclist',0,1, 'bd_defdoc', '2018-11-19 11:28:44',0, '2UC000-000748', null,0, 'N' ) ;
insert into md_column ( id, sqldatetype, createtime, creator, defaultvalue, description, displayname, dr, help, incrementseed, incrementstep, isactive, identitied, pkey, nullable, columnlength, modifier, modifytime, name, precise, columnsequence, tableid, ts, versiontype, resid, groupid, columntype, forlocale ) values (  'bd_defdoc@@@pk_org', 'char', null, null, null, null, '所属组织',0, null,null,null, 'Y', null, 'N', 'N',20, null, null, 'pk_org',0,2, 'bd_defdoc', '2018-11-19 11:28:44',0, '2UC000-000360', null,0, 'N' ) ;
insert into md_column ( id, sqldatetype, createtime, creator, defaultvalue, description, displayname, dr, help, incrementseed, incrementstep, isactive, identitied, pkey, nullable, columnlength, modifier, modifytime, name, precise, columnsequence, tableid, ts, versiontype, resid, groupid, columntype, forlocale ) values (  'bd_defdoc@@@pk_group', 'varchar', null, null, '*~', null, '所属集团',0, null,null,null, 'Y', null, 'N', 'Y',20, null, null, 'pk_group',0,3, 'bd_defdoc', '2018-11-19 11:28:44',0, '2UC000-000367', null,0, 'N' ) ;
insert into md_column ( id, sqldatetype, createtime, creator, defaultvalue, description, displayname, dr, help, incrementseed, incrementstep, isactive, identitied, pkey, nullable, columnlength, modifier, modifytime, name, precise, columnsequence, tableid, ts, versiontype, resid, groupid, columntype, forlocale ) values (  'bd_defdoc@@@code', 'varchar', null, null, null, null, '档案编码',0, 'URC',null,null, 'Y', null, 'N', 'N',40, null, null, 'code',0,4, 'bd_defdoc', '2018-11-19 11:28:44',0, '2UC000-000557', null,0, 'N' ) ;
insert into md_column ( id, sqldatetype, createtime, creator, defaultvalue, description, displayname, dr, help, incrementseed, incrementstep, isactive, identitied, pkey, nullable, columnlength, modifier, modifytime, name, precise, columnsequence, tableid, ts, versiontype, resid, groupid, columntype, forlocale ) values (  'bd_defdoc@@@name', 'varchar', null, null, null, null, '档案名称',0, 'URC',null,null, 'Y', null, 'N', 'Y',200, null, null, 'name',0,0, 'bd_defdoc', '2018-11-19 11:28:44',0, '2UC000-000556', 'bd_defdoc@@@name',0, 'N' ) ;
insert into md_column ( id, sqldatetype, createtime, creator, defaultvalue, description, displayname, dr, help, incrementseed, incrementstep, isactive, identitied, pkey, nullable, columnlength, modifier, modifytime, name, precise, columnsequence, tableid, ts, versiontype, resid, groupid, columntype, forlocale ) values (  'bd_defdoc@@@shortname', 'varchar', null, null, null, null, '简称',0, null,null,null, 'Y', null, 'N', 'Y',200, null, null, 'shortname',0,0, 'bd_defdoc', '2018-11-19 11:28:44',0, '2UC000-000675', 'bd_defdoc@@@shortname',0, 'N' ) ;
insert into md_column ( id, sqldatetype, createtime, creator, defaultvalue, description, displayname, dr, help, incrementseed, incrementstep, isactive, identitied, pkey, nullable, columnlength, modifier, modifytime, name, precise, columnsequence, tableid, ts, versiontype, resid, groupid, columntype, forlocale ) values (  'bd_defdoc@@@mnecode', 'varchar', null, null, null, null, '助记码',0, null,null,null, 'Y', null, 'N', 'Y',50, null, null, 'mnecode',0,7, 'bd_defdoc', '2018-11-19 11:28:44',0, '2UC000-000172', null,0, 'N' ) ;
insert into md_column ( id, sqldatetype, createtime, creator, defaultvalue, description, displayname, dr, help, incrementseed, incrementstep, isactive, identitied, pkey, nullable, columnlength, modifier, modifytime, name, precise, columnsequence, tableid, ts, versiontype, resid, groupid, columntype, forlocale ) values (  'bd_defdoc@@@pid', 'varchar', null, null, '*~', null, '上级档案',0, null,null,null, 'Y', null, 'N', 'Y',20, null, null, 'pid',0,8, 'bd_defdoc', '2018-11-19 11:28:44',0, '2UC000-000007', null,0, 'N' ) ;
insert into md_column ( id, sqldatetype, createtime, creator, defaultvalue, description, displayname, dr, help, incrementseed, incrementstep, isactive, identitied, pkey, nullable, columnlength, modifier, modifytime, name, precise, columnsequence, tableid, ts, versiontype, resid, groupid, columntype, forlocale ) values (  'bd_defdoc@@@memo', 'varchar', null, null, null, null, '备注',0, null,null,null, 'Y', null, 'N', 'Y',200, null, null, 'memo',0,9, 'bd_defdoc', '2018-11-19 11:28:44',0, '2UC000-000258', null,0, 'N' ) ;
insert into md_column ( id, sqldatetype, createtime, creator, defaultvalue, description, displayname, dr, help, incrementseed, incrementstep, isactive, identitied, pkey, nullable, columnlength, modifier, modifytime, name, precise, columnsequence, tableid, ts, versiontype, resid, groupid, columntype, forlocale ) values (  'bd_defdoc@@@creator', 'varchar', null, null, '*~', null, '创建人',0, null,null,null, 'Y', null, 'N', 'Y',20, null, null, 'creator',0,10, 'bd_defdoc', '2018-11-19 11:28:44',0, '2UC000-000155', null,0, 'N' ) ;
insert into md_column ( id, sqldatetype, createtime, creator, defaultvalue, description, displayname, dr, help, incrementseed, incrementstep, isactive, identitied, pkey, nullable, columnlength, modifier, modifytime, name, precise, columnsequence, tableid, ts, versiontype, resid, groupid, columntype, forlocale ) values (  'bd_defdoc@@@creationtime', 'char', null, null, null, null, '创建时间',0, null,null,null, 'Y', null, 'N', 'Y',19, null, null, 'creationtime',0,11, 'bd_defdoc', '2018-11-19 11:28:44',0, '2UC000-000157', null,0, 'N' ) ;
insert into md_column ( id, sqldatetype, createtime, creator, defaultvalue, description, displayname, dr, help, incrementseed, incrementstep, isactive, identitied, pkey, nullable, columnlength, modifier, modifytime, name, precise, columnsequence, tableid, ts, versiontype, resid, groupid, columntype, forlocale ) values (  'bd_defdoc@@@modifier', 'varchar', null, null, '*~', null, '最后修改人',0, null,null,null, 'Y', null, 'N', 'Y',20, null, null, 'modifier',0,12, 'bd_defdoc', '2018-11-19 11:28:44',0, '2UC000-000490', null,0, 'N' ) ;
insert into md_column ( id, sqldatetype, createtime, creator, defaultvalue, description, displayname, dr, help, incrementseed, incrementstep, isactive, identitied, pkey, nullable, columnlength, modifier, modifytime, name, precise, columnsequence, tableid, ts, versiontype, resid, groupid, columntype, forlocale ) values (  'bd_defdoc@@@modifiedtime', 'char', null, null, null, null, '最后修改时间',0, null,null,null, 'Y', null, 'N', 'Y',19, null, null, 'modifiedtime',0,13, 'bd_defdoc', '2018-11-19 11:28:44',0, '2UC000-000491', null,0, 'N' ) ;
insert into md_column ( id, sqldatetype, createtime, creator, defaultvalue, description, displayname, dr, help, incrementseed, incrementstep, isactive, identitied, pkey, nullable, columnlength, modifier, modifytime, name, precise, columnsequence, tableid, ts, versiontype, resid, groupid, columntype, forlocale ) values (  'bd_defdoc@@@innercode', 'varchar', null, null, null, null, '内部编码',0, null,null,null, 'Y', null, 'N', 'Y',200, null, null, 'innercode',0,14, 'bd_defdoc', '2018-11-19 11:28:44',0, '2UC000-000136', null,0, 'N' ) ;
insert into md_column ( id, sqldatetype, createtime, creator, defaultvalue, description, displayname, dr, help, incrementseed, incrementstep, isactive, identitied, pkey, nullable, columnlength, modifier, modifytime, name, precise, columnsequence, tableid, ts, versiontype, resid, groupid, columntype, forlocale ) values (  'bd_defdoc@@@enablestate', 'int', null, null, null, null, '启用状态',0, null,null,null, 'Y', null, 'N', 'Y',0, null, null, 'enablestate',0,15, 'bd_defdoc', '2018-11-19 11:28:44',0, '2UC000-000249', null,0, 'N' ) ;
insert into md_column ( id, sqldatetype, createtime, creator, defaultvalue, description, displayname, dr, help, incrementseed, incrementstep, isactive, identitied, pkey, nullable, columnlength, modifier, modifytime, name, precise, columnsequence, tableid, ts, versiontype, resid, groupid, columntype, forlocale ) values (  'bd_defdoc@@@dataoriginflag', 'int', null, null, null, null, '分布式',0, null,null,null, 'Y', null, 'N', 'Y',0, null, null, 'dataoriginflag',0,16, 'bd_defdoc', '2018-11-19 11:28:44',0, '2UC000-000151', null,0, 'N' ) ;
insert into md_column ( id, sqldatetype, createtime, creator, defaultvalue, description, displayname, dr, help, incrementseed, incrementstep, isactive, identitied, pkey, nullable, columnlength, modifier, modifytime, name, precise, columnsequence, tableid, ts, versiontype, resid, groupid, columntype, forlocale ) values (  'bd_defdoc@@@datatype', 'int', null, null, '1', null, '数据类型',0, null,null,null, 'Y', null, 'N', 'Y',0, null, null, 'datatype',0,17, 'bd_defdoc', '2018-11-19 11:28:44',0, '2UC000-000458', null,0, 'N' ) ;
insert into md_column ( id, sqldatetype, createtime, creator, defaultvalue, description, displayname, dr, help, incrementseed, incrementstep, isactive, identitied, pkey, nullable, columnlength, modifier, modifytime, name, precise, columnsequence, tableid, ts, versiontype, resid, groupid, columntype, forlocale ) values (  'bd_defdoc@@@def1', 'varchar', null, null, null, null, '自定义项1',0, null,null,null, 'Y', null, 'N', 'Y',101, null, null, 'def1',0,18, 'bd_defdoc', '2018-11-19 11:28:44',-1, null, null,0, 'N' ) ;
insert into md_column ( id, sqldatetype, createtime, creator, defaultvalue, description, displayname, dr, help, incrementseed, incrementstep, isactive, identitied, pkey, nullable, columnlength, modifier, modifytime, name, precise, columnsequence, tableid, ts, versiontype, resid, groupid, columntype, forlocale ) values (  'bd_defdoc@@@def2', 'varchar', null, null, null, null, '自定义项2',0, null,null,null, 'Y', null, 'N', 'Y',101, null, null, 'def2',0,19, 'bd_defdoc', '2018-11-19 11:28:44',-1, null, null,0, 'N' ) ;
insert into md_column ( id, sqldatetype, createtime, creator, defaultvalue, description, displayname, dr, help, incrementseed, incrementstep, isactive, identitied, pkey, nullable, columnlength, modifier, modifytime, name, precise, columnsequence, tableid, ts, versiontype, resid, groupid, columntype, forlocale ) values (  'bd_defdoc@@@def3', 'varchar', null, null, null, null, '自定义项3',0, null,null,null, 'Y', null, 'N', 'Y',101, null, null, 'def3',0,20, 'bd_defdoc', '2018-11-19 11:28:44',-1, null, null,0, 'N' ) ;
insert into md_column ( id, sqldatetype, createtime, creator, defaultvalue, description, displayname, dr, help, incrementseed, incrementstep, isactive, identitied, pkey, nullable, columnlength, modifier, modifytime, name, precise, columnsequence, tableid, ts, versiontype, resid, groupid, columntype, forlocale ) values (  'bd_defdoc@@@def4', 'varchar', null, null, null, null, '自定义项4',0, null,null,null, 'Y', null, 'N', 'Y',101, null, null, 'def4',0,21, 'bd_defdoc', '2018-11-19 11:28:44',-1, null, null,0, 'N' ) ;
insert into md_column ( id, sqldatetype, createtime, creator, defaultvalue, description, displayname, dr, help, incrementseed, incrementstep, isactive, identitied, pkey, nullable, columnlength, modifier, modifytime, name, precise, columnsequence, tableid, ts, versiontype, resid, groupid, columntype, forlocale ) values (  'bd_defdoc@@@def5', 'varchar', null, null, null, null, '自定义项5',0, null,null,null, 'Y', null, 'N', 'Y',101, null, null, 'def5',0,22, 'bd_defdoc', '2018-11-19 11:28:44',-1, null, null,0, 'N' ) ;
insert into md_column ( id, sqldatetype, createtime, creator, defaultvalue, description, displayname, dr, help, incrementseed, incrementstep, isactive, identitied, pkey, nullable, columnlength, modifier, modifytime, name, precise, columnsequence, tableid, ts, versiontype, resid, groupid, columntype, forlocale ) values (  'bd_defdoc@@@def6', 'varchar', null, null, null, null, '自定义项6',0, null,null,null, 'Y', null, 'N', 'Y',101, null, null, 'def6',0,23, 'bd_defdoc', '2018-11-19 11:28:44',-1, null, null,0, 'N' ) ;
insert into md_column ( id, sqldatetype, createtime, creator, defaultvalue, description, displayname, dr, help, incrementseed, incrementstep, isactive, identitied, pkey, nullable, columnlength, modifier, modifytime, name, precise, columnsequence, tableid, ts, versiontype, resid, groupid, columntype, forlocale ) values (  'bd_defdoc@@@def7', 'varchar', null, null, null, null, '自定义项7',0, null,null,null, 'Y', null, 'N', 'Y',101, null, null, 'def7',0,24, 'bd_defdoc', '2018-11-19 11:28:44',-1, null, null,0, 'N' ) ;
insert into md_column ( id, sqldatetype, createtime, creator, defaultvalue, description, displayname, dr, help, incrementseed, incrementstep, isactive, identitied, pkey, nullable, columnlength, modifier, modifytime, name, precise, columnsequence, tableid, ts, versiontype, resid, groupid, columntype, forlocale ) values (  'bd_defdoc@@@def8', 'varchar', null, null, null, null, '自定义项8',0, null,null,null, 'Y', null, 'N', 'Y',101, null, null, 'def8',0,25, 'bd_defdoc', '2018-11-19 11:28:44',-1, null, null,0, 'N' ) ;
insert into md_column ( id, sqldatetype, createtime, creator, defaultvalue, description, displayname, dr, help, incrementseed, incrementstep, isactive, identitied, pkey, nullable, columnlength, modifier, modifytime, name, precise, columnsequence, tableid, ts, versiontype, resid, groupid, columntype, forlocale ) values (  'bd_defdoc@@@def9', 'varchar', null, null, null, null, '自定义项9',0, null,null,null, 'Y', null, 'N', 'Y',101, null, null, 'def9',0,26, 'bd_defdoc', '2018-11-19 11:28:44',-1, null, null,0, 'N' ) ;
insert into md_column ( id, sqldatetype, createtime, creator, defaultvalue, description, displayname, dr, help, incrementseed, incrementstep, isactive, identitied, pkey, nullable, columnlength, modifier, modifytime, name, precise, columnsequence, tableid, ts, versiontype, resid, groupid, columntype, forlocale ) values (  'bd_defdoc@@@def10', 'varchar', null, null, null, null, '自定义项10',0, null,null,null, 'Y', null, 'N', 'Y',101, null, null, 'def10',0,27, 'bd_defdoc', '2018-11-19 11:28:44',-1, null, null,0, 'N' ) ;
insert into md_column ( id, sqldatetype, createtime, creator, defaultvalue, description, displayname, dr, help, incrementseed, incrementstep, isactive, identitied, pkey, nullable, columnlength, modifier, modifytime, name, precise, columnsequence, tableid, ts, versiontype, resid, groupid, columntype, forlocale ) values (  'bd_defdoc@@@def11', 'varchar', null, null, null, null, '自定义项11',0, null,null,null, 'Y', null, 'N', 'Y',101, null, null, 'def11',0,28, 'bd_defdoc', '2018-11-19 11:28:44',-1, null, null,0, 'N' ) ;
insert into md_column ( id, sqldatetype, createtime, creator, defaultvalue, description, displayname, dr, help, incrementseed, incrementstep, isactive, identitied, pkey, nullable, columnlength, modifier, modifytime, name, precise, columnsequence, tableid, ts, versiontype, resid, groupid, columntype, forlocale ) values (  'bd_defdoc@@@def12', 'varchar', null, null, null, null, '自定义项12',0, null,null,null, 'Y', null, 'N', 'Y',101, null, null, 'def12',0,29, 'bd_defdoc', '2018-11-19 11:28:44',-1, null, null,0, 'N' ) ;
insert into md_column ( id, sqldatetype, createtime, creator, defaultvalue, description, displayname, dr, help, incrementseed, incrementstep, isactive, identitied, pkey, nullable, columnlength, modifier, modifytime, name, precise, columnsequence, tableid, ts, versiontype, resid, groupid, columntype, forlocale ) values (  'bd_defdoc@@@def13', 'varchar', null, null, null, null, '自定义项13',0, null,null,null, 'Y', null, 'N', 'Y',101, null, null, 'def13',0,30, 'bd_defdoc', '2018-11-19 11:28:44',-1, null, null,0, 'N' ) ;
insert into md_column ( id, sqldatetype, createtime, creator, defaultvalue, description, displayname, dr, help, incrementseed, incrementstep, isactive, identitied, pkey, nullable, columnlength, modifier, modifytime, name, precise, columnsequence, tableid, ts, versiontype, resid, groupid, columntype, forlocale ) values (  'bd_defdoc@@@def14', 'varchar', null, null, null, null, '自定义项14',0, null,null,null, 'Y', null, 'N', 'Y',101, null, null, 'def14',0,31, 'bd_defdoc', '2018-11-19 11:28:44',-1, null, null,0, 'N' ) ;
insert into md_column ( id, sqldatetype, createtime, creator, defaultvalue, description, displayname, dr, help, incrementseed, incrementstep, isactive, identitied, pkey, nullable, columnlength, modifier, modifytime, name, precise, columnsequence, tableid, ts, versiontype, resid, groupid, columntype, forlocale ) values (  'bd_defdoc@@@def15', 'varchar', null, null, null, null, '自定义项15',0, null,null,null, 'Y', null, 'N', 'Y',101, null, null, 'def15',0,32, 'bd_defdoc', '2018-11-19 11:28:44',-1, null, null,0, 'N' ) ;
insert into md_column ( id, sqldatetype, createtime, creator, defaultvalue, description, displayname, dr, help, incrementseed, incrementstep, isactive, identitied, pkey, nullable, columnlength, modifier, modifytime, name, precise, columnsequence, tableid, ts, versiontype, resid, groupid, columntype, forlocale ) values (  'bd_defdoc@@@def16', 'varchar', null, null, null, null, '自定义项16',0, null,null,null, 'Y', null, 'N', 'Y',101, null, null, 'def16',0,33, 'bd_defdoc', '2018-11-19 11:28:44',-1, null, null,0, 'N' ) ;
insert into md_column ( id, sqldatetype, createtime, creator, defaultvalue, description, displayname, dr, help, incrementseed, incrementstep, isactive, identitied, pkey, nullable, columnlength, modifier, modifytime, name, precise, columnsequence, tableid, ts, versiontype, resid, groupid, columntype, forlocale ) values (  'bd_defdoc@@@def17', 'varchar', null, null, null, null, '自定义项17',0, null,null,null, 'Y', null, 'N', 'Y',101, null, null, 'def17',0,34, 'bd_defdoc', '2018-11-19 11:28:44',-1, null, null,0, 'N' ) ;
insert into md_column ( id, sqldatetype, createtime, creator, defaultvalue, description, displayname, dr, help, incrementseed, incrementstep, isactive, identitied, pkey, nullable, columnlength, modifier, modifytime, name, precise, columnsequence, tableid, ts, versiontype, resid, groupid, columntype, forlocale ) values (  'bd_defdoc@@@def18', 'varchar', null, null, null, null, '自定义项18',0, null,null,null, 'Y', null, 'N', 'Y',101, null, null, 'def18',0,35, 'bd_defdoc', '2018-11-19 11:28:44',-1, null, null,0, 'N' ) ;
insert into md_column ( id, sqldatetype, createtime, creator, defaultvalue, description, displayname, dr, help, incrementseed, incrementstep, isactive, identitied, pkey, nullable, columnlength, modifier, modifytime, name, precise, columnsequence, tableid, ts, versiontype, resid, groupid, columntype, forlocale ) values (  'bd_defdoc@@@def19', 'varchar', null, null, null, null, '自定义项19',0, null,null,null, 'Y', null, 'N', 'Y',101, null, null, 'def19',0,36, 'bd_defdoc', '2018-11-19 11:28:44',-1, null, null,0, 'N' ) ;
insert into md_column ( id, sqldatetype, createtime, creator, defaultvalue, description, displayname, dr, help, incrementseed, incrementstep, isactive, identitied, pkey, nullable, columnlength, modifier, modifytime, name, precise, columnsequence, tableid, ts, versiontype, resid, groupid, columntype, forlocale ) values (  'bd_defdoc@@@def20', 'varchar', null, null, null, null, '自定义项20',0, null,null,null, 'Y', null, 'N', 'Y',101, null, null, 'def20',0,37, 'bd_defdoc', '2018-11-19 11:28:44',-1, null, null,0, 'N' ) ;
insert into md_column ( id, sqldatetype, createtime, creator, defaultvalue, description, displayname, dr, help, incrementseed, incrementstep, isactive, identitied, pkey, nullable, columnlength, modifier, modifytime, name, precise, columnsequence, tableid, ts, versiontype, resid, groupid, columntype, forlocale ) values (  'bd_defdoc@@@name2', 'varchar', null, null, null, null, '档案名称2',0, 'URC',null,null, 'Y', null, 'N', 'Y',200, null, null, 'name2',0,0, 'bd_defdoc', '2018-11-19 11:28:44',0, '2UC000-000556', 'bd_defdoc@@@name',0, 'N' ) ;
insert into md_column ( id, sqldatetype, createtime, creator, defaultvalue, description, displayname, dr, help, incrementseed, incrementstep, isactive, identitied, pkey, nullable, columnlength, modifier, modifytime, name, precise, columnsequence, tableid, ts, versiontype, resid, groupid, columntype, forlocale ) values (  'bd_defdoc@@@name3', 'varchar', null, null, null, null, '档案名称3',0, 'URC',null,null, 'Y', null, 'N', 'Y',200, null, null, 'name3',0,0, 'bd_defdoc', '2018-11-19 11:28:44',0, '2UC000-000556', 'bd_defdoc@@@name',0, 'N' ) ;
insert into md_column ( id, sqldatetype, createtime, creator, defaultvalue, description, displayname, dr, help, incrementseed, incrementstep, isactive, identitied, pkey, nullable, columnlength, modifier, modifytime, name, precise, columnsequence, tableid, ts, versiontype, resid, groupid, columntype, forlocale ) values (  'bd_defdoc@@@name4', 'varchar', null, null, null, null, '档案名称4',0, 'URC',null,null, 'Y', null, 'N', 'Y',200, null, null, 'name4',0,0, 'bd_defdoc', '2018-11-19 11:28:44',0, '2UC000-000556', 'bd_defdoc@@@name',0, 'N' ) ;
insert into md_column ( id, sqldatetype, createtime, creator, defaultvalue, description, displayname, dr, help, incrementseed, incrementstep, isactive, identitied, pkey, nullable, columnlength, modifier, modifytime, name, precise, columnsequence, tableid, ts, versiontype, resid, groupid, columntype, forlocale ) values (  'bd_defdoc@@@name5', 'varchar', null, null, null, null, '档案名称5',0, 'URC',null,null, 'Y', null, 'N', 'Y',200, null, null, 'name5',0,0, 'bd_defdoc', '2018-11-19 11:28:44',0, '2UC000-000556', 'bd_defdoc@@@name',0, 'N' ) ;
insert into md_column ( id, sqldatetype, createtime, creator, defaultvalue, description, displayname, dr, help, incrementseed, incrementstep, isactive, identitied, pkey, nullable, columnlength, modifier, modifytime, name, precise, columnsequence, tableid, ts, versiontype, resid, groupid, columntype, forlocale ) values (  'bd_defdoc@@@name6', 'varchar', null, null, null, null, '档案名称6',0, 'URC',null,null, 'Y', null, 'N', 'Y',200, null, null, 'name6',0,0, 'bd_defdoc', '2018-11-19 11:28:44',0, '2UC000-000556', 'bd_defdoc@@@name',0, 'N' ) ;
insert into md_column ( id, sqldatetype, createtime, creator, defaultvalue, description, displayname, dr, help, incrementseed, incrementstep, isactive, identitied, pkey, nullable, columnlength, modifier, modifytime, name, precise, columnsequence, tableid, ts, versiontype, resid, groupid, columntype, forlocale ) values (  'bd_defdoc@@@shortname2', 'varchar', null, null, null, null, '简称2',0, null,null,null, 'Y', null, 'N', 'Y',200, null, null, 'shortname2',0,0, 'bd_defdoc', '2018-11-19 11:28:44',0, '2UC000-000675', 'bd_defdoc@@@shortname',0, 'N' ) ;
insert into md_column ( id, sqldatetype, createtime, creator, defaultvalue, description, displayname, dr, help, incrementseed, incrementstep, isactive, identitied, pkey, nullable, columnlength, modifier, modifytime, name, precise, columnsequence, tableid, ts, versiontype, resid, groupid, columntype, forlocale ) values (  'bd_defdoc@@@shortname3', 'varchar', null, null, null, null, '简称3',0, null,null,null, 'Y', null, 'N', 'Y',200, null, null, 'shortname3',0,0, 'bd_defdoc', '2018-11-19 11:28:44',0, '2UC000-000675', 'bd_defdoc@@@shortname',0, 'N' ) ;
insert into md_column ( id, sqldatetype, createtime, creator, defaultvalue, description, displayname, dr, help, incrementseed, incrementstep, isactive, identitied, pkey, nullable, columnlength, modifier, modifytime, name, precise, columnsequence, tableid, ts, versiontype, resid, groupid, columntype, forlocale ) values (  'bd_defdoc@@@shortname4', 'varchar', null, null, null, null, '简称4',0, null,null,null, 'Y', null, 'N', 'Y',200, null, null, 'shortname4',0,0, 'bd_defdoc', '2018-11-19 11:28:44',0, '2UC000-000675', 'bd_defdoc@@@shortname',0, 'N' ) ;
insert into md_column ( id, sqldatetype, createtime, creator, defaultvalue, description, displayname, dr, help, incrementseed, incrementstep, isactive, identitied, pkey, nullable, columnlength, modifier, modifytime, name, precise, columnsequence, tableid, ts, versiontype, resid, groupid, columntype, forlocale ) values (  'bd_defdoc@@@shortname5', 'varchar', null, null, null, null, '简称5',0, null,null,null, 'Y', null, 'N', 'Y',200, null, null, 'shortname5',0,0, 'bd_defdoc', '2018-11-19 11:28:44',0, '2UC000-000675', 'bd_defdoc@@@shortname',0, 'N' ) ;
insert into md_column ( id, sqldatetype, createtime, creator, defaultvalue, description, displayname, dr, help, incrementseed, incrementstep, isactive, identitied, pkey, nullable, columnlength, modifier, modifytime, name, precise, columnsequence, tableid, ts, versiontype, resid, groupid, columntype, forlocale ) values (  'bd_defdoc@@@shortname6', 'varchar', null, null, null, null, '简称6',0, null,null,null, 'Y', null, 'N', 'Y',200, null, null, 'shortname6',0,0, 'bd_defdoc', '2018-11-19 11:28:44',0, '2UC000-000675', 'bd_defdoc@@@shortname',0, 'N' ) ;
insert into md_ORMap ( attributeid, classid, columnid, dr, tableid, ts ) values (  'cfa87081-ea3c-11e8-a9bb-d5565d1ec044', '1001AA10000000000NZT', 'bd_defdoc@@@code',0, 'bd_defdoc', '2018-11-19 11:28:44' ) ;
insert into md_ORMap ( attributeid, classid, columnid, dr, tableid, ts ) values (  'cfa87095-ea3c-11e8-a9bb-d5565d1ec044', '1001AA10000000000NZT', 'bd_defdoc@@@pk_org',0, 'bd_defdoc', '2018-11-19 11:28:44' ) ;
insert into md_ORMap ( attributeid, classid, columnid, dr, tableid, ts ) values (  'cfa87099-ea3c-11e8-a9bb-d5565d1ec044', '1001AA10000000000NZT', 'bd_defdoc@@@datatype',0, 'bd_defdoc', '2018-11-19 11:28:44' ) ;
insert into md_ORMap ( attributeid, classid, columnid, dr, tableid, ts ) values (  'cfa870a6-ea3c-11e8-a9bb-d5565d1ec044', '1001AA10000000000NZT', 'bd_defdoc@@@def13',0, 'bd_defdoc', '2018-11-19 11:28:44' ) ;
insert into md_ORMap ( attributeid, classid, columnid, dr, tableid, ts ) values (  'cfa87091-ea3c-11e8-a9bb-d5565d1ec044', '1001AA10000000000NZT', 'bd_defdoc@@@pid',0, 'bd_defdoc', '2018-11-19 11:28:44' ) ;
insert into md_ORMap ( attributeid, classid, columnid, dr, tableid, ts ) values (  'cfa87094-ea3c-11e8-a9bb-d5565d1ec044', '1001AA10000000000NZT', 'bd_defdoc@@@pk_group',0, 'bd_defdoc', '2018-11-19 11:28:44' ) ;
insert into md_ORMap ( attributeid, classid, columnid, dr, tableid, ts ) values (  'cfa8709c-ea3c-11e8-a9bb-d5565d1ec044', '1001AA10000000000NZT', 'bd_defdoc@@@def3',0, 'bd_defdoc', '2018-11-19 11:28:44' ) ;
insert into md_ORMap ( attributeid, classid, columnid, dr, tableid, ts ) values (  'cfa870a0-ea3c-11e8-a9bb-d5565d1ec044', '1001AA10000000000NZT', 'bd_defdoc@@@def7',0, 'bd_defdoc', '2018-11-19 11:28:44' ) ;
insert into md_ORMap ( attributeid, classid, columnid, dr, tableid, ts ) values (  'cfa870a8-ea3c-11e8-a9bb-d5565d1ec044', '1001AA10000000000NZT', 'bd_defdoc@@@def15',0, 'bd_defdoc', '2018-11-19 11:28:44' ) ;
insert into md_ORMap ( attributeid, classid, columnid, dr, tableid, ts ) values (  'cfa87087-ea3c-11e8-a9bb-d5565d1ec044', '1001AA10000000000NZT', 'bd_defdoc@@@innercode',0, 'bd_defdoc', '2018-11-19 11:28:44' ) ;
insert into md_ORMap ( attributeid, classid, columnid, dr, tableid, ts ) values (  'cfa8709e-ea3c-11e8-a9bb-d5565d1ec044', '1001AA10000000000NZT', 'bd_defdoc@@@def5',0, 'bd_defdoc', '2018-11-19 11:28:44' ) ;
insert into md_ORMap ( attributeid, classid, columnid, dr, tableid, ts ) values (  'cfa8708f-ea3c-11e8-a9bb-d5565d1ec044', '1001AA10000000000NZT', 'bd_defdoc@@@shortname',0, 'bd_defdoc', '2018-11-19 11:28:44' ) ;
insert into md_ORMap ( attributeid, classid, columnid, dr, tableid, ts ) values (  'cfa870a5-ea3c-11e8-a9bb-d5565d1ec044', '1001AA10000000000NZT', 'bd_defdoc@@@def12',0, 'bd_defdoc', '2018-11-19 11:28:44' ) ;
insert into md_ORMap ( attributeid, classid, columnid, dr, tableid, ts ) values (  'cfa870a7-ea3c-11e8-a9bb-d5565d1ec044', '1001AA10000000000NZT', 'bd_defdoc@@@def14',0, 'bd_defdoc', '2018-11-19 11:28:44' ) ;
insert into md_ORMap ( attributeid, classid, columnid, dr, tableid, ts ) values (  'cfa870a1-ea3c-11e8-a9bb-d5565d1ec044', '1001AA10000000000NZT', 'bd_defdoc@@@def8',0, 'bd_defdoc', '2018-11-19 11:28:44' ) ;
insert into md_ORMap ( attributeid, classid, columnid, dr, tableid, ts ) values (  'cfa87098-ea3c-11e8-a9bb-d5565d1ec044', '1001AA10000000000NZT', 'bd_defdoc@@@dataoriginflag',0, 'bd_defdoc', '2018-11-19 11:28:44' ) ;
insert into md_ORMap ( attributeid, classid, columnid, dr, tableid, ts ) values (  'cfa870ab-ea3c-11e8-a9bb-d5565d1ec044', '1001AA10000000000NZT', 'bd_defdoc@@@def18',0, 'bd_defdoc', '2018-11-19 11:28:44' ) ;
insert into md_ORMap ( attributeid, classid, columnid, dr, tableid, ts ) values (  'cfa8709a-ea3c-11e8-a9bb-d5565d1ec044', '1001AA10000000000NZT', 'bd_defdoc@@@def1',0, 'bd_defdoc', '2018-11-19 11:28:44' ) ;
insert into md_ORMap ( attributeid, classid, columnid, dr, tableid, ts ) values (  'cfa870a2-ea3c-11e8-a9bb-d5565d1ec044', '1001AA10000000000NZT', 'bd_defdoc@@@def9',0, 'bd_defdoc', '2018-11-19 11:28:44' ) ;
insert into md_ORMap ( attributeid, classid, columnid, dr, tableid, ts ) values (  'cfa870a4-ea3c-11e8-a9bb-d5565d1ec044', '1001AA10000000000NZT', 'bd_defdoc@@@def11',0, 'bd_defdoc', '2018-11-19 11:28:44' ) ;
insert into md_ORMap ( attributeid, classid, columnid, dr, tableid, ts ) values (  'cfa870ad-ea3c-11e8-a9bb-d5565d1ec044', '1001AA10000000000NZT', 'bd_defdoc@@@def20',0, 'bd_defdoc', '2018-11-19 11:28:44' ) ;
insert into md_ORMap ( attributeid, classid, columnid, dr, tableid, ts ) values (  'cfa87096-ea3c-11e8-a9bb-d5565d1ec044', '1001AA10000000000NZT', 'bd_defdoc@@@enablestate',0, 'bd_defdoc', '2018-11-19 11:28:44' ) ;
insert into md_ORMap ( attributeid, classid, columnid, dr, tableid, ts ) values (  'cfa8709d-ea3c-11e8-a9bb-d5565d1ec044', '1001AA10000000000NZT', 'bd_defdoc@@@def4',0, 'bd_defdoc', '2018-11-19 11:28:44' ) ;
insert into md_ORMap ( attributeid, classid, columnid, dr, tableid, ts ) values (  'cfa87093-ea3c-11e8-a9bb-d5565d1ec044', '1001AA10000000000NZT', 'bd_defdoc@@@pk_defdoclist',0, 'bd_defdoc', '2018-11-19 11:28:44' ) ;
insert into md_ORMap ( attributeid, classid, columnid, dr, tableid, ts ) values (  'cfa870aa-ea3c-11e8-a9bb-d5565d1ec044', '1001AA10000000000NZT', 'bd_defdoc@@@def17',0, 'bd_defdoc', '2018-11-19 11:28:44' ) ;
insert into md_ORMap ( attributeid, classid, columnid, dr, tableid, ts ) values (  'cfa8708a-ea3c-11e8-a9bb-d5565d1ec044', '1001AA10000000000NZT', 'bd_defdoc@@@mnecode',0, 'bd_defdoc', '2018-11-19 11:28:44' ) ;
insert into md_ORMap ( attributeid, classid, columnid, dr, tableid, ts ) values (  'cfa8709f-ea3c-11e8-a9bb-d5565d1ec044', '1001AA10000000000NZT', 'bd_defdoc@@@def6',0, 'bd_defdoc', '2018-11-19 11:28:44' ) ;
insert into md_ORMap ( attributeid, classid, columnid, dr, tableid, ts ) values (  'cfa870a9-ea3c-11e8-a9bb-d5565d1ec044', '1001AA10000000000NZT', 'bd_defdoc@@@def16',0, 'bd_defdoc', '2018-11-19 11:28:44' ) ;
insert into md_ORMap ( attributeid, classid, columnid, dr, tableid, ts ) values (  'cfa8708e-ea3c-11e8-a9bb-d5565d1ec044', '1001AA10000000000NZT', 'bd_defdoc@@@name',0, 'bd_defdoc', '2018-11-19 11:28:44' ) ;
insert into md_ORMap ( attributeid, classid, columnid, dr, tableid, ts ) values (  'cfa8708b-ea3c-11e8-a9bb-d5565d1ec044', '1001AA10000000000NZT', 'bd_defdoc@@@modifier',0, 'bd_defdoc', '2018-11-19 11:28:44' ) ;
insert into md_ORMap ( attributeid, classid, columnid, dr, tableid, ts ) values (  'cfa87088-ea3c-11e8-a9bb-d5565d1ec044', '1001AA10000000000NZT', 'bd_defdoc@@PK@@',0, 'bd_defdoc', '2018-11-19 11:28:44' ) ;
insert into md_ORMap ( attributeid, classid, columnid, dr, tableid, ts ) values (  'cfa87089-ea3c-11e8-a9bb-d5565d1ec044', '1001AA10000000000NZT', 'bd_defdoc@@@memo',0, 'bd_defdoc', '2018-11-19 11:28:44' ) ;
insert into md_ORMap ( attributeid, classid, columnid, dr, tableid, ts ) values (  'cfa8709b-ea3c-11e8-a9bb-d5565d1ec044', '1001AA10000000000NZT', 'bd_defdoc@@@def2',0, 'bd_defdoc', '2018-11-19 11:28:44' ) ;
insert into md_ORMap ( attributeid, classid, columnid, dr, tableid, ts ) values (  'cfa8708d-ea3c-11e8-a9bb-d5565d1ec044', '1001AA10000000000NZT', 'bd_defdoc@@@modifiedtime',0, 'bd_defdoc', '2018-11-19 11:28:44' ) ;
insert into md_ORMap ( attributeid, classid, columnid, dr, tableid, ts ) values (  'cfa870a3-ea3c-11e8-a9bb-d5565d1ec044', '1001AA10000000000NZT', 'bd_defdoc@@@def10',0, 'bd_defdoc', '2018-11-19 11:28:44' ) ;
insert into md_ORMap ( attributeid, classid, columnid, dr, tableid, ts ) values (  'cfa87085-ea3c-11e8-a9bb-d5565d1ec044', '1001AA10000000000NZT', 'bd_defdoc@@@creator',0, 'bd_defdoc', '2018-11-19 11:28:44' ) ;
insert into md_ORMap ( attributeid, classid, columnid, dr, tableid, ts ) values (  'cfa87084-ea3c-11e8-a9bb-d5565d1ec044', '1001AA10000000000NZT', 'bd_defdoc@@@creationtime',0, 'bd_defdoc', '2018-11-19 11:28:44' ) ;
insert into md_ORMap ( attributeid, classid, columnid, dr, tableid, ts ) values (  'cfa870ac-ea3c-11e8-a9bb-d5565d1ec044', '1001AA10000000000NZT', 'bd_defdoc@@@def19',0, 'bd_defdoc', '2018-11-19 11:28:44' ) ;



--Defdoc-C0J00116
delete from md_db_relation where startattrid in (select id from md_property where classid in ('1001AA10000000000O12','@@@@' ) )  and starttableid in ('bd_defdoc','@@@@');
delete from md_ORMap where ATTRIBUTEID in(select id from md_property where classid in ('1001AA10000000000O12','@@@@' ) )  and tableid in ('bd_defdoc','@@@@') ;
delete from md_table where id not in (select distinct tableid from md_ormap );
delete from md_column where  tableid in('bd_defdoc','@@@@') and id not in(select distinct columnid from md_ormap) and (nvl(groupid ,'~')='~' or groupid = id )  and name <> 'extend_bean_tag' ;
delete from md_column where tableid in ('bd_defdoc','@@@@')and groupid is not null and groupid not in( select distinct id from md_column where tableid in ('bd_defdoc','@@@@') ) ;
delete from md_db_relation where starttableid not in (select id from md_table);
delete from md_property where classID in (select distinct id from md_class where componentID='db6162e6-ea3c-11e8-a9bb-d5565d1ec044'  )  ;
delete from md_association where componentID = 'db6162e6-ea3c-11e8-a9bb-d5565d1ec044'  ;
delete from md_bizItfMap where classID in (select distinct id from md_class where componentID='db6162e6-ea3c-11e8-a9bb-d5565d1ec044'  );
delete from md_bizItfMap where classID in ( select id from md_opInterface where componentID = 'db6162e6-ea3c-11e8-a9bb-d5565d1ec044'  );
delete from md_accessorPara where id in (select distinct id from md_class where componentID='db6162e6-ea3c-11e8-a9bb-d5565d1ec044'  );
delete from md_enumValue where id in (select distinct id from md_class where componentID='db6162e6-ea3c-11e8-a9bb-d5565d1ec044'  ) ;
delete from md_class where componentID = 'db6162e6-ea3c-11e8-a9bb-d5565d1ec044'  ;
delete from md_component where id = 'db6162e6-ea3c-11e8-a9bb-d5565d1ec044' ;
delete from md_table where (id='bd_defdoc');
delete from md_column where (id='bd_defdoc@@PK@@');
delete from md_column where (id='bd_defdoc@@@pk_defdoclist');
delete from md_column where (id='bd_defdoc@@@pk_org');
delete from md_column where (id='bd_defdoc@@@pk_group');
delete from md_column where (id='bd_defdoc@@@code');
delete from md_column where (id='bd_defdoc@@@name');
delete from md_column where (id='bd_defdoc@@@shortname');
delete from md_column where (id='bd_defdoc@@@mnecode');
delete from md_column where (id='bd_defdoc@@@pid');
delete from md_column where (id='bd_defdoc@@@memo');
delete from md_column where (id='bd_defdoc@@@creator');
delete from md_column where (id='bd_defdoc@@@creationtime');
delete from md_column where (id='bd_defdoc@@@modifier');
delete from md_column where (id='bd_defdoc@@@modifiedtime');
delete from md_column where (id='bd_defdoc@@@innercode');
delete from md_column where (id='bd_defdoc@@@enablestate');
delete from md_column where (id='bd_defdoc@@@dataoriginflag');
delete from md_column where (id='bd_defdoc@@@datatype');
delete from md_column where (id='bd_defdoc@@@def1');
delete from md_column where (id='bd_defdoc@@@def2');
delete from md_column where (id='bd_defdoc@@@def3');
delete from md_column where (id='bd_defdoc@@@def4');
delete from md_column where (id='bd_defdoc@@@def5');
delete from md_column where (id='bd_defdoc@@@def6');
delete from md_column where (id='bd_defdoc@@@def7');
delete from md_column where (id='bd_defdoc@@@def8');
delete from md_column where (id='bd_defdoc@@@def9');
delete from md_column where (id='bd_defdoc@@@def10');
delete from md_column where (id='bd_defdoc@@@def11');
delete from md_column where (id='bd_defdoc@@@def12');
delete from md_column where (id='bd_defdoc@@@def13');
delete from md_column where (id='bd_defdoc@@@def14');
delete from md_column where (id='bd_defdoc@@@def15');
delete from md_column where (id='bd_defdoc@@@def16');
delete from md_column where (id='bd_defdoc@@@def17');
delete from md_column where (id='bd_defdoc@@@def18');
delete from md_column where (id='bd_defdoc@@@def19');
delete from md_column where (id='bd_defdoc@@@def20');
delete from md_column where (id='bd_defdoc@@@name2');
delete from md_column where (id='bd_defdoc@@@name3');
delete from md_column where (id='bd_defdoc@@@name4');
delete from md_column where (id='bd_defdoc@@@name5');
delete from md_column where (id='bd_defdoc@@@name6');
delete from md_column where (id='bd_defdoc@@@shortname2');
delete from md_column where (id='bd_defdoc@@@shortname3');
delete from md_column where (id='bd_defdoc@@@shortname4');
delete from md_column where (id='bd_defdoc@@@shortname5');
delete from md_column where (id='bd_defdoc@@@shortname6');


insert into md_component ( createtime, creator, description, displayname, dr, fromsourcebmf, help, id, industry, isbizmodel, modifier, modifytime, name, namespace, ownmodule, preload, resid, resmodule, ts, version, versiontype ) values (  '2018-11-17 15:46:13', null, null, '分析类型(自定义档案)',0, 'Y', null, 'db6162e6-ea3c-11e8-a9bb-d5565d1ec044', '0', 'N', null, null, 'Defdoc-C0J00116', 'uap', 'uapbd', null, null, '10140uddb', '2018-11-19 11:28:59', '1',0 ) ;
insert into md_class ( id, accessorclassname, classtype, componentid, createtime, creator, description, displayname, dr, fullclassname, help, isactive, keyattribute, modifier, modifytime, name, parentclassid, precise, refmodelname, returntype, ts, versiontype, isprimary, defaulttablename, stereotype, isauthen, resid, bizitfimpclassname, modinfoclassname, iscreatesql, isextendbean, userdefclassname, industry, fixedlength ) values (  '1001AA10000000000O12', 'nc.md.model.access.javamap.NCBeanStyle',201, 'db6162e6-ea3c-11e8-a9bb-d5565d1ec044', '2018-11-17 15:46:13', null, null, '分析类型(自定义档案)',0, 'nc.vo.bd.defdoc.DefdocVO', 'ignorebdmode,BDMODE,URC,DEFDOC,BUSILOG,DOC', null, 'db6189fc-ea3c-11e8-a9bb-d5565d1ec044', null, null, 'Defdoc-C0J00116', null,null, '分析类型(自定义档案)', null, '2018-11-19 11:28:59',0, 'Y', 'bd_defdoc', null, 'Y', null, null, null, 'Y', null, null, '0', null ) ;
insert into md_property ( id, accessorclassname, classid, createtime, creator, datatype, datatypestyle, defaultvalue, description, displayname, dr, help, isactive, hided, nullable, readonly, attrlength, attrmaxvalue, attrminvalue, modifier, modifytime, name, precise, refmodelname, attrsequence, ts, visibility, versiontype, fixedlength, calculation, isauthen, resid, customattr, notserialize, dynamicattr, dynamictable, accesspower, accesspowergroup, industry ) values (  'db6189fc-ea3c-11e8-a9bb-d5565d1ec044', null, '1001AA10000000000O12', null, null, 'BS000010000100001051',300, null, null, '自定义档案主键',0, null, 'Y', 'N', 'N', 'N',20, null, null, null, null, 'pk_defdoc',0, null,0, '2018-11-19 11:28:59',0,0, 'N', 'N', 'Y', '2UC000-000747', 'N', 'N', 'N', null, 'N', null, '0' ) ;
insert into md_property ( id, accessorclassname, classid, createtime, creator, datatype, datatypestyle, defaultvalue, description, displayname, dr, help, isactive, hided, nullable, readonly, attrlength, attrmaxvalue, attrminvalue, modifier, modifytime, name, precise, refmodelname, attrsequence, ts, visibility, versiontype, fixedlength, calculation, isauthen, resid, customattr, notserialize, dynamicattr, dynamictable, accesspower, accesspowergroup, industry ) values (  'db618a07-ea3c-11e8-a9bb-d5565d1ec044', null, '1001AA10000000000O12', null, null, '16c1dca0-e3ed-4dcc-8ed7-75fd59e2bef1',305, null, null, '自定义档案列表主键',0, null, 'Y', 'N', 'N', 'N',20, null, null, null, null, 'pk_defdoclist',0, '自定义档案列表',1, '2018-11-19 11:28:59',0,0, 'N', 'N', 'Y', '2UC000-000748', 'N', 'N', 'N', null, 'N', null, '0' ) ;
insert into md_property ( id, accessorclassname, classid, createtime, creator, datatype, datatypestyle, defaultvalue, description, displayname, dr, help, isactive, hided, nullable, readonly, attrlength, attrmaxvalue, attrminvalue, modifier, modifytime, name, precise, refmodelname, attrsequence, ts, visibility, versiontype, fixedlength, calculation, isauthen, resid, customattr, notserialize, dynamicattr, dynamictable, accesspower, accesspowergroup, industry ) values (  'db618a09-ea3c-11e8-a9bb-d5565d1ec044', null, '1001AA10000000000O12', null, null, '985be8a4-3a36-4778-8afe-2d8ed3902659',305, null, null, '所属组织',0, null, 'Y', 'N', 'N', 'N',20, null, null, null, null, 'pk_org',0, '业务单元',2, '2018-11-19 11:28:59',0,0, 'N', 'N', 'Y', '2UC000-000360', 'N', 'N', 'N', null, 'N', null, '0' ) ;
insert into md_property ( id, accessorclassname, classid, createtime, creator, datatype, datatypestyle, defaultvalue, description, displayname, dr, help, isactive, hided, nullable, readonly, attrlength, attrmaxvalue, attrminvalue, modifier, modifytime, name, precise, refmodelname, attrsequence, ts, visibility, versiontype, fixedlength, calculation, isauthen, resid, customattr, notserialize, dynamicattr, dynamictable, accesspower, accesspowergroup, industry ) values (  'db618a08-ea3c-11e8-a9bb-d5565d1ec044', null, '1001AA10000000000O12', null, null, '3b6dd171-2900-47f3-bfbe-41e4483a2a65',305, null, null, '所属集团',0, null, 'Y', 'N', 'Y', 'N',20, null, null, null, null, 'pk_group',0, '集团',3, '2018-11-19 11:28:59',0,0, 'N', 'N', 'Y', '2UC000-000367', 'N', 'N', 'N', null, 'N', null, '0' ) ;
insert into md_property ( id, accessorclassname, classid, createtime, creator, datatype, datatypestyle, defaultvalue, description, displayname, dr, help, isactive, hided, nullable, readonly, attrlength, attrmaxvalue, attrminvalue, modifier, modifytime, name, precise, refmodelname, attrsequence, ts, visibility, versiontype, fixedlength, calculation, isauthen, resid, customattr, notserialize, dynamicattr, dynamictable, accesspower, accesspowergroup, industry ) values (  'db6162e5-ea3c-11e8-a9bb-d5565d1ec044', null, '1001AA10000000000O12', null, null, 'BS000010000100001001',300, null, null, '档案编码',0, 'URC', 'Y', 'N', 'N', 'N',40, null, null, null, null, 'code',0, null,4, '2018-11-19 11:28:59',0,0, 'N', 'N', 'Y', '2UC000-000557', 'N', 'N', 'N', null, 'N', null, '0' ) ;
insert into md_property ( id, accessorclassname, classid, createtime, creator, datatype, datatypestyle, defaultvalue, description, displayname, dr, help, isactive, hided, nullable, readonly, attrlength, attrmaxvalue, attrminvalue, modifier, modifytime, name, precise, refmodelname, attrsequence, ts, visibility, versiontype, fixedlength, calculation, isauthen, resid, customattr, notserialize, dynamicattr, dynamictable, accesspower, accesspowergroup, industry ) values (  'db618a02-ea3c-11e8-a9bb-d5565d1ec044', null, '1001AA10000000000O12', null, null, 'BS000010000100001058',300, null, null, '档案名称',0, 'URC', 'Y', 'N', 'Y', 'N',200, null, null, null, null, 'name',0, null,5, '2018-11-19 11:28:59',0,0, 'N', 'N', 'Y', '2UC000-000556', 'N', 'N', 'N', null, 'N', null, '0' ) ;
insert into md_property ( id, accessorclassname, classid, createtime, creator, datatype, datatypestyle, defaultvalue, description, displayname, dr, help, isactive, hided, nullable, readonly, attrlength, attrmaxvalue, attrminvalue, modifier, modifytime, name, precise, refmodelname, attrsequence, ts, visibility, versiontype, fixedlength, calculation, isauthen, resid, customattr, notserialize, dynamicattr, dynamictable, accesspower, accesspowergroup, industry ) values (  'db618a03-ea3c-11e8-a9bb-d5565d1ec044', null, '1001AA10000000000O12', null, null, 'BS000010000100001058',300, null, null, '简称',0, null, 'Y', 'N', 'Y', 'N',200, null, null, null, null, 'shortname',0, null,6, '2018-11-19 11:28:59',0,0, 'N', 'N', 'Y', '2UC000-000675', 'N', 'N', 'N', null, 'N', null, '0' ) ;
insert into md_property ( id, accessorclassname, classid, createtime, creator, datatype, datatypestyle, defaultvalue, description, displayname, dr, help, isactive, hided, nullable, readonly, attrlength, attrmaxvalue, attrminvalue, modifier, modifytime, name, precise, refmodelname, attrsequence, ts, visibility, versiontype, fixedlength, calculation, isauthen, resid, customattr, notserialize, dynamicattr, dynamictable, accesspower, accesspowergroup, industry ) values (  'db6189fe-ea3c-11e8-a9bb-d5565d1ec044', null, '1001AA10000000000O12', null, null, 'BS000010000100001001',300, null, null, '助记码',0, null, 'Y', 'N', 'Y', 'N',50, null, null, null, null, 'mnecode',0, null,7, '2018-11-19 11:28:59',0,0, 'N', 'N', 'Y', '2UC000-000172', 'N', 'N', 'N', null, 'N', null, '0' ) ;
insert into md_property ( id, accessorclassname, classid, createtime, creator, datatype, datatypestyle, defaultvalue, description, displayname, dr, help, isactive, hided, nullable, readonly, attrlength, attrmaxvalue, attrminvalue, modifier, modifytime, name, precise, refmodelname, attrsequence, ts, visibility, versiontype, fixedlength, calculation, isauthen, resid, customattr, notserialize, dynamicattr, dynamictable, accesspower, accesspowergroup, industry ) values (  'db618a05-ea3c-11e8-a9bb-d5565d1ec044', null, '1001AA10000000000O12', null, null, 'BS000010000100001001',300, null, null, '上级档案',0, null, 'Y', 'N', 'Y', 'N',20, null, null, null, null, 'pid',0, null,8, '2018-11-19 11:28:59',0,0, 'N', 'N', 'Y', '2UC000-000007', 'N', 'N', 'N', null, 'N', null, '0' ) ;
insert into md_property ( id, accessorclassname, classid, createtime, creator, datatype, datatypestyle, defaultvalue, description, displayname, dr, help, isactive, hided, nullable, readonly, attrlength, attrmaxvalue, attrminvalue, modifier, modifytime, name, precise, refmodelname, attrsequence, ts, visibility, versiontype, fixedlength, calculation, isauthen, resid, customattr, notserialize, dynamicattr, dynamictable, accesspower, accesspowergroup, industry ) values (  'db6189fd-ea3c-11e8-a9bb-d5565d1ec044', null, '1001AA10000000000O12', null, null, 'BS000010000100001001',300, null, null, '备注',0, null, 'Y', 'N', 'Y', 'N',200, null, null, null, null, 'memo',0, null,9, '2018-11-19 11:28:59',0,0, 'N', 'N', 'Y', '2UC000-000258', 'N', 'N', 'N', null, 'N', null, '0' ) ;
insert into md_property ( id, accessorclassname, classid, createtime, creator, datatype, datatypestyle, defaultvalue, description, displayname, dr, help, isactive, hided, nullable, readonly, attrlength, attrmaxvalue, attrminvalue, modifier, modifytime, name, precise, refmodelname, attrsequence, ts, visibility, versiontype, fixedlength, calculation, isauthen, resid, customattr, notserialize, dynamicattr, dynamictable, accesspower, accesspowergroup, industry ) values (  'db6189f9-ea3c-11e8-a9bb-d5565d1ec044', null, '1001AA10000000000O12', null, null, 'f6f9a473-56c0-432f-8bc7-fbf8fde54fee',305, null, null, '创建人',0, null, 'Y', 'N', 'Y', 'N',20, null, null, null, null, 'creator',0, '用户',10, '2018-11-19 11:28:59',0,0, 'N', 'N', 'Y', '2UC000-000155', 'N', 'N', 'N', null, 'N', null, '0' ) ;
insert into md_property ( id, accessorclassname, classid, createtime, creator, datatype, datatypestyle, defaultvalue, description, displayname, dr, help, isactive, hided, nullable, readonly, attrlength, attrmaxvalue, attrminvalue, modifier, modifytime, name, precise, refmodelname, attrsequence, ts, visibility, versiontype, fixedlength, calculation, isauthen, resid, customattr, notserialize, dynamicattr, dynamictable, accesspower, accesspowergroup, industry ) values (  'db6162e8-ea3c-11e8-a9bb-d5565d1ec044', null, '1001AA10000000000O12', null, null, 'BS000010000100001034',300, null, null, '创建时间',0, null, 'Y', 'N', 'Y', 'N',19, null, null, null, null, 'creationtime',0, null,11, '2018-11-19 11:28:59',0,0, 'N', 'N', 'Y', '2UC000-000157', 'N', 'N', 'N', null, 'N', null, '0' ) ;
insert into md_property ( id, accessorclassname, classid, createtime, creator, datatype, datatypestyle, defaultvalue, description, displayname, dr, help, isactive, hided, nullable, readonly, attrlength, attrmaxvalue, attrminvalue, modifier, modifytime, name, precise, refmodelname, attrsequence, ts, visibility, versiontype, fixedlength, calculation, isauthen, resid, customattr, notserialize, dynamicattr, dynamictable, accesspower, accesspowergroup, industry ) values (  'db6189ff-ea3c-11e8-a9bb-d5565d1ec044', null, '1001AA10000000000O12', null, null, 'f6f9a473-56c0-432f-8bc7-fbf8fde54fee',305, null, null, '最后修改人',0, null, 'Y', 'N', 'Y', 'N',20, null, null, null, null, 'modifier',0, '用户',12, '2018-11-19 11:28:59',0,0, 'N', 'N', 'Y', '2UC000-000490', 'N', 'N', 'N', null, 'N', null, '0' ) ;
insert into md_property ( id, accessorclassname, classid, createtime, creator, datatype, datatypestyle, defaultvalue, description, displayname, dr, help, isactive, hided, nullable, readonly, attrlength, attrmaxvalue, attrminvalue, modifier, modifytime, name, precise, refmodelname, attrsequence, ts, visibility, versiontype, fixedlength, calculation, isauthen, resid, customattr, notserialize, dynamicattr, dynamictable, accesspower, accesspowergroup, industry ) values (  'db618a01-ea3c-11e8-a9bb-d5565d1ec044', null, '1001AA10000000000O12', null, null, 'BS000010000100001034',300, null, null, '最后修改时间',0, null, 'Y', 'N', 'Y', 'N',19, null, null, null, null, 'modifiedtime',0, null,13, '2018-11-19 11:28:59',0,0, 'N', 'N', 'Y', '2UC000-000491', 'N', 'N', 'N', null, 'N', null, '0' ) ;
insert into md_property ( id, accessorclassname, classid, createtime, creator, datatype, datatypestyle, defaultvalue, description, displayname, dr, help, isactive, hided, nullable, readonly, attrlength, attrmaxvalue, attrminvalue, modifier, modifytime, name, precise, refmodelname, attrsequence, ts, visibility, versiontype, fixedlength, calculation, isauthen, resid, customattr, notserialize, dynamicattr, dynamictable, accesspower, accesspowergroup, industry ) values (  'db6189fb-ea3c-11e8-a9bb-d5565d1ec044', null, '1001AA10000000000O12', null, null, 'BS000010000100001001',300, null, null, '内部编码',0, null, 'Y', 'N', 'Y', 'N',200, null, null, null, null, 'innercode',0, null,14, '2018-11-19 11:28:59',0,0, 'N', 'N', 'Y', '2UC000-000136', 'N', 'N', 'N', null, 'N', null, '0' ) ;
insert into md_property ( id, accessorclassname, classid, createtime, creator, datatype, datatypestyle, defaultvalue, description, displayname, dr, help, isactive, hided, nullable, readonly, attrlength, attrmaxvalue, attrminvalue, modifier, modifytime, name, precise, refmodelname, attrsequence, ts, visibility, versiontype, fixedlength, calculation, isauthen, resid, customattr, notserialize, dynamicattr, dynamictable, accesspower, accesspowergroup, industry ) values (  'db618a0a-ea3c-11e8-a9bb-d5565d1ec044', null, '1001AA10000000000O12', null, null, '6b533ffa-3e43-4147-8670-ba0f5471fd40',300, null, null, '启用状态',0, null, 'Y', 'N', 'Y', 'N',0, null, null, null, null, 'enablestate',0, null,15, '2018-11-19 11:28:59',0,0, 'N', 'N', 'Y', '2UC000-000249', 'N', 'N', 'N', null, 'N', null, '0' ) ;
insert into md_property ( id, accessorclassname, classid, createtime, creator, datatype, datatypestyle, defaultvalue, description, displayname, dr, help, isactive, hided, nullable, readonly, attrlength, attrmaxvalue, attrminvalue, modifier, modifytime, name, precise, refmodelname, attrsequence, ts, visibility, versiontype, fixedlength, calculation, isauthen, resid, customattr, notserialize, dynamicattr, dynamictable, accesspower, accesspowergroup, industry ) values (  'db618a0c-ea3c-11e8-a9bb-d5565d1ec044', null, '1001AA10000000000O12', null, null, 'BS000010000100001004',300, null, null, '分布式',0, null, 'Y', 'N', 'Y', 'N',0, null, null, null, null, 'dataoriginflag',0, null,16, '2018-11-19 11:28:59',0,0, 'N', 'N', 'Y', '2UC000-000151', 'N', 'N', 'N', null, 'N', null, '0' ) ;
insert into md_property ( id, accessorclassname, classid, createtime, creator, datatype, datatypestyle, defaultvalue, description, displayname, dr, help, isactive, hided, nullable, readonly, attrlength, attrmaxvalue, attrminvalue, modifier, modifytime, name, precise, refmodelname, attrsequence, ts, visibility, versiontype, fixedlength, calculation, isauthen, resid, customattr, notserialize, dynamicattr, dynamictable, accesspower, accesspowergroup, industry ) values (  'db618a0d-ea3c-11e8-a9bb-d5565d1ec044', null, '1001AA10000000000O12', null, null, 'ba3f1197-8584-445d-88a0-102e505f94e5',300, '1', null, '数据类型',0, null, 'Y', 'N', 'Y', 'N',0, null, null, null, null, 'datatype',0, null,17, '2018-11-19 11:28:59',0,0, 'N', 'N', 'Y', '2UC000-000458', 'N', 'N', 'N', null, 'N', null, '0' ) ;
insert into md_property ( id, accessorclassname, classid, createtime, creator, datatype, datatypestyle, defaultvalue, description, displayname, dr, help, isactive, hided, nullable, readonly, attrlength, attrmaxvalue, attrminvalue, modifier, modifytime, name, precise, refmodelname, attrsequence, ts, visibility, versiontype, fixedlength, calculation, isauthen, resid, customattr, notserialize, dynamicattr, dynamictable, accesspower, accesspowergroup, industry ) values (  'db618a0e-ea3c-11e8-a9bb-d5565d1ec044', null, '1001AA10000000000O12', null, null, 'BS000010000100001056',300, null, null, '自定义项1',0, null, 'Y', 'N', 'Y', 'N',101, null, null, null, null, 'def1',0, null,18, '2018-11-19 11:28:59',0,-1, 'N', 'N', 'Y', null, 'Y', 'N', 'N', null, 'N', null, '0' ) ;
insert into md_property ( id, accessorclassname, classid, createtime, creator, datatype, datatypestyle, defaultvalue, description, displayname, dr, help, isactive, hided, nullable, readonly, attrlength, attrmaxvalue, attrminvalue, modifier, modifytime, name, precise, refmodelname, attrsequence, ts, visibility, versiontype, fixedlength, calculation, isauthen, resid, customattr, notserialize, dynamicattr, dynamictable, accesspower, accesspowergroup, industry ) values (  'db618a0f-ea3c-11e8-a9bb-d5565d1ec044', null, '1001AA10000000000O12', null, null, 'BS000010000100001056',300, null, null, '自定义项2',0, null, 'Y', 'N', 'Y', 'N',101, null, null, null, null, 'def2',0, null,19, '2018-11-19 11:28:59',0,-1, 'N', 'N', 'Y', null, 'Y', 'N', 'N', null, 'N', null, '0' ) ;
insert into md_property ( id, accessorclassname, classid, createtime, creator, datatype, datatypestyle, defaultvalue, description, displayname, dr, help, isactive, hided, nullable, readonly, attrlength, attrmaxvalue, attrminvalue, modifier, modifytime, name, precise, refmodelname, attrsequence, ts, visibility, versiontype, fixedlength, calculation, isauthen, resid, customattr, notserialize, dynamicattr, dynamictable, accesspower, accesspowergroup, industry ) values (  'db618a10-ea3c-11e8-a9bb-d5565d1ec044', null, '1001AA10000000000O12', null, null, 'BS000010000100001056',300, null, null, '自定义项3',0, null, 'Y', 'N', 'Y', 'N',101, null, null, null, null, 'def3',0, null,20, '2018-11-19 11:28:59',0,-1, 'N', 'N', 'Y', null, 'Y', 'N', 'N', null, 'N', null, '0' ) ;
insert into md_property ( id, accessorclassname, classid, createtime, creator, datatype, datatypestyle, defaultvalue, description, displayname, dr, help, isactive, hided, nullable, readonly, attrlength, attrmaxvalue, attrminvalue, modifier, modifytime, name, precise, refmodelname, attrsequence, ts, visibility, versiontype, fixedlength, calculation, isauthen, resid, customattr, notserialize, dynamicattr, dynamictable, accesspower, accesspowergroup, industry ) values (  'db618a11-ea3c-11e8-a9bb-d5565d1ec044', null, '1001AA10000000000O12', null, null, 'BS000010000100001056',300, null, null, '自定义项4',0, null, 'Y', 'N', 'Y', 'N',101, null, null, null, null, 'def4',0, null,21, '2018-11-19 11:28:59',0,-1, 'N', 'N', 'Y', null, 'Y', 'N', 'N', null, 'N', null, '0' ) ;
insert into md_property ( id, accessorclassname, classid, createtime, creator, datatype, datatypestyle, defaultvalue, description, displayname, dr, help, isactive, hided, nullable, readonly, attrlength, attrmaxvalue, attrminvalue, modifier, modifytime, name, precise, refmodelname, attrsequence, ts, visibility, versiontype, fixedlength, calculation, isauthen, resid, customattr, notserialize, dynamicattr, dynamictable, accesspower, accesspowergroup, industry ) values (  'db618a12-ea3c-11e8-a9bb-d5565d1ec044', null, '1001AA10000000000O12', null, null, 'BS000010000100001056',300, null, null, '自定义项5',0, null, 'Y', 'N', 'Y', 'N',101, null, null, null, null, 'def5',0, null,22, '2018-11-19 11:28:59',0,-1, 'N', 'N', 'Y', null, 'Y', 'N', 'N', null, 'N', null, '0' ) ;
insert into md_property ( id, accessorclassname, classid, createtime, creator, datatype, datatypestyle, defaultvalue, description, displayname, dr, help, isactive, hided, nullable, readonly, attrlength, attrmaxvalue, attrminvalue, modifier, modifytime, name, precise, refmodelname, attrsequence, ts, visibility, versiontype, fixedlength, calculation, isauthen, resid, customattr, notserialize, dynamicattr, dynamictable, accesspower, accesspowergroup, industry ) values (  'db618a13-ea3c-11e8-a9bb-d5565d1ec044', null, '1001AA10000000000O12', null, null, 'BS000010000100001056',300, null, null, '自定义项6',0, null, 'Y', 'N', 'Y', 'N',101, null, null, null, null, 'def6',0, null,23, '2018-11-19 11:28:59',0,-1, 'N', 'N', 'Y', null, 'Y', 'N', 'N', null, 'N', null, '0' ) ;
insert into md_property ( id, accessorclassname, classid, createtime, creator, datatype, datatypestyle, defaultvalue, description, displayname, dr, help, isactive, hided, nullable, readonly, attrlength, attrmaxvalue, attrminvalue, modifier, modifytime, name, precise, refmodelname, attrsequence, ts, visibility, versiontype, fixedlength, calculation, isauthen, resid, customattr, notserialize, dynamicattr, dynamictable, accesspower, accesspowergroup, industry ) values (  'db618a14-ea3c-11e8-a9bb-d5565d1ec044', null, '1001AA10000000000O12', null, null, 'BS000010000100001056',300, null, null, '自定义项7',0, null, 'Y', 'N', 'Y', 'N',101, null, null, null, null, 'def7',0, null,24, '2018-11-19 11:28:59',0,-1, 'N', 'N', 'Y', null, 'Y', 'N', 'N', null, 'N', null, '0' ) ;
insert into md_property ( id, accessorclassname, classid, createtime, creator, datatype, datatypestyle, defaultvalue, description, displayname, dr, help, isactive, hided, nullable, readonly, attrlength, attrmaxvalue, attrminvalue, modifier, modifytime, name, precise, refmodelname, attrsequence, ts, visibility, versiontype, fixedlength, calculation, isauthen, resid, customattr, notserialize, dynamicattr, dynamictable, accesspower, accesspowergroup, industry ) values (  'db618a15-ea3c-11e8-a9bb-d5565d1ec044', null, '1001AA10000000000O12', null, null, 'BS000010000100001056',300, null, null, '自定义项8',0, null, 'Y', 'N', 'Y', 'N',101, null, null, null, null, 'def8',0, null,25, '2018-11-19 11:28:59',0,-1, 'N', 'N', 'Y', null, 'Y', 'N', 'N', null, 'N', null, '0' ) ;
insert into md_property ( id, accessorclassname, classid, createtime, creator, datatype, datatypestyle, defaultvalue, description, displayname, dr, help, isactive, hided, nullable, readonly, attrlength, attrmaxvalue, attrminvalue, modifier, modifytime, name, precise, refmodelname, attrsequence, ts, visibility, versiontype, fixedlength, calculation, isauthen, resid, customattr, notserialize, dynamicattr, dynamictable, accesspower, accesspowergroup, industry ) values (  'db618a16-ea3c-11e8-a9bb-d5565d1ec044', null, '1001AA10000000000O12', null, null, 'BS000010000100001056',300, null, null, '自定义项9',0, null, 'Y', 'N', 'Y', 'N',101, null, null, null, null, 'def9',0, null,26, '2018-11-19 11:28:59',0,-1, 'N', 'N', 'Y', null, 'Y', 'N', 'N', null, 'N', null, '0' ) ;
insert into md_property ( id, accessorclassname, classid, createtime, creator, datatype, datatypestyle, defaultvalue, description, displayname, dr, help, isactive, hided, nullable, readonly, attrlength, attrmaxvalue, attrminvalue, modifier, modifytime, name, precise, refmodelname, attrsequence, ts, visibility, versiontype, fixedlength, calculation, isauthen, resid, customattr, notserialize, dynamicattr, dynamictable, accesspower, accesspowergroup, industry ) values (  'db618a17-ea3c-11e8-a9bb-d5565d1ec044', null, '1001AA10000000000O12', null, null, 'BS000010000100001056',300, null, null, '自定义项10',0, null, 'Y', 'N', 'Y', 'N',101, null, null, null, null, 'def10',0, null,27, '2018-11-19 11:28:59',0,-1, 'N', 'N', 'Y', null, 'Y', 'N', 'N', null, 'N', null, '0' ) ;
insert into md_property ( id, accessorclassname, classid, createtime, creator, datatype, datatypestyle, defaultvalue, description, displayname, dr, help, isactive, hided, nullable, readonly, attrlength, attrmaxvalue, attrminvalue, modifier, modifytime, name, precise, refmodelname, attrsequence, ts, visibility, versiontype, fixedlength, calculation, isauthen, resid, customattr, notserialize, dynamicattr, dynamictable, accesspower, accesspowergroup, industry ) values (  'db618a18-ea3c-11e8-a9bb-d5565d1ec044', null, '1001AA10000000000O12', null, null, 'BS000010000100001056',300, null, null, '自定义项11',0, null, 'Y', 'N', 'Y', 'N',101, null, null, null, null, 'def11',0, null,28, '2018-11-19 11:28:59',0,-1, 'N', 'N', 'Y', null, 'Y', 'N', 'N', null, 'N', null, '0' ) ;
insert into md_property ( id, accessorclassname, classid, createtime, creator, datatype, datatypestyle, defaultvalue, description, displayname, dr, help, isactive, hided, nullable, readonly, attrlength, attrmaxvalue, attrminvalue, modifier, modifytime, name, precise, refmodelname, attrsequence, ts, visibility, versiontype, fixedlength, calculation, isauthen, resid, customattr, notserialize, dynamicattr, dynamictable, accesspower, accesspowergroup, industry ) values (  'db618a19-ea3c-11e8-a9bb-d5565d1ec044', null, '1001AA10000000000O12', null, null, 'BS000010000100001056',300, null, null, '自定义项12',0, null, 'Y', 'N', 'Y', 'N',101, null, null, null, null, 'def12',0, null,29, '2018-11-19 11:28:59',0,-1, 'N', 'N', 'Y', null, 'Y', 'N', 'N', null, 'N', null, '0' ) ;
insert into md_property ( id, accessorclassname, classid, createtime, creator, datatype, datatypestyle, defaultvalue, description, displayname, dr, help, isactive, hided, nullable, readonly, attrlength, attrmaxvalue, attrminvalue, modifier, modifytime, name, precise, refmodelname, attrsequence, ts, visibility, versiontype, fixedlength, calculation, isauthen, resid, customattr, notserialize, dynamicattr, dynamictable, accesspower, accesspowergroup, industry ) values (  'db618a1a-ea3c-11e8-a9bb-d5565d1ec044', null, '1001AA10000000000O12', null, null, 'BS000010000100001056',300, null, null, '自定义项13',0, null, 'Y', 'N', 'Y', 'N',101, null, null, null, null, 'def13',0, null,30, '2018-11-19 11:28:59',0,-1, 'N', 'N', 'Y', null, 'Y', 'N', 'N', null, 'N', null, '0' ) ;
insert into md_property ( id, accessorclassname, classid, createtime, creator, datatype, datatypestyle, defaultvalue, description, displayname, dr, help, isactive, hided, nullable, readonly, attrlength, attrmaxvalue, attrminvalue, modifier, modifytime, name, precise, refmodelname, attrsequence, ts, visibility, versiontype, fixedlength, calculation, isauthen, resid, customattr, notserialize, dynamicattr, dynamictable, accesspower, accesspowergroup, industry ) values (  'db618a1b-ea3c-11e8-a9bb-d5565d1ec044', null, '1001AA10000000000O12', null, null, 'BS000010000100001056',300, null, null, '自定义项14',0, null, 'Y', 'N', 'Y', 'N',101, null, null, null, null, 'def14',0, null,31, '2018-11-19 11:28:59',0,-1, 'N', 'N', 'Y', null, 'Y', 'N', 'N', null, 'N', null, '0' ) ;
insert into md_property ( id, accessorclassname, classid, createtime, creator, datatype, datatypestyle, defaultvalue, description, displayname, dr, help, isactive, hided, nullable, readonly, attrlength, attrmaxvalue, attrminvalue, modifier, modifytime, name, precise, refmodelname, attrsequence, ts, visibility, versiontype, fixedlength, calculation, isauthen, resid, customattr, notserialize, dynamicattr, dynamictable, accesspower, accesspowergroup, industry ) values (  'db618a1c-ea3c-11e8-a9bb-d5565d1ec044', null, '1001AA10000000000O12', null, null, 'BS000010000100001056',300, null, null, '自定义项15',0, null, 'Y', 'N', 'Y', 'N',101, null, null, null, null, 'def15',0, null,32, '2018-11-19 11:28:59',0,-1, 'N', 'N', 'Y', null, 'Y', 'N', 'N', null, 'N', null, '0' ) ;
insert into md_property ( id, accessorclassname, classid, createtime, creator, datatype, datatypestyle, defaultvalue, description, displayname, dr, help, isactive, hided, nullable, readonly, attrlength, attrmaxvalue, attrminvalue, modifier, modifytime, name, precise, refmodelname, attrsequence, ts, visibility, versiontype, fixedlength, calculation, isauthen, resid, customattr, notserialize, dynamicattr, dynamictable, accesspower, accesspowergroup, industry ) values (  'db618a1d-ea3c-11e8-a9bb-d5565d1ec044', null, '1001AA10000000000O12', null, null, 'BS000010000100001056',300, null, null, '自定义项16',0, null, 'Y', 'N', 'Y', 'N',101, null, null, null, null, 'def16',0, null,33, '2018-11-19 11:28:59',0,-1, 'N', 'N', 'Y', null, 'Y', 'N', 'N', null, 'N', null, '0' ) ;
insert into md_property ( id, accessorclassname, classid, createtime, creator, datatype, datatypestyle, defaultvalue, description, displayname, dr, help, isactive, hided, nullable, readonly, attrlength, attrmaxvalue, attrminvalue, modifier, modifytime, name, precise, refmodelname, attrsequence, ts, visibility, versiontype, fixedlength, calculation, isauthen, resid, customattr, notserialize, dynamicattr, dynamictable, accesspower, accesspowergroup, industry ) values (  'db618a1e-ea3c-11e8-a9bb-d5565d1ec044', null, '1001AA10000000000O12', null, null, 'BS000010000100001056',300, null, null, '自定义项17',0, null, 'Y', 'N', 'Y', 'N',101, null, null, null, null, 'def17',0, null,34, '2018-11-19 11:28:59',0,-1, 'N', 'N', 'Y', null, 'Y', 'N', 'N', null, 'N', null, '0' ) ;
insert into md_property ( id, accessorclassname, classid, createtime, creator, datatype, datatypestyle, defaultvalue, description, displayname, dr, help, isactive, hided, nullable, readonly, attrlength, attrmaxvalue, attrminvalue, modifier, modifytime, name, precise, refmodelname, attrsequence, ts, visibility, versiontype, fixedlength, calculation, isauthen, resid, customattr, notserialize, dynamicattr, dynamictable, accesspower, accesspowergroup, industry ) values (  'db618a1f-ea3c-11e8-a9bb-d5565d1ec044', null, '1001AA10000000000O12', null, null, 'BS000010000100001056',300, null, null, '自定义项18',0, null, 'Y', 'N', 'Y', 'N',101, null, null, null, null, 'def18',0, null,35, '2018-11-19 11:28:59',0,-1, 'N', 'N', 'Y', null, 'Y', 'N', 'N', null, 'N', null, '0' ) ;
insert into md_property ( id, accessorclassname, classid, createtime, creator, datatype, datatypestyle, defaultvalue, description, displayname, dr, help, isactive, hided, nullable, readonly, attrlength, attrmaxvalue, attrminvalue, modifier, modifytime, name, precise, refmodelname, attrsequence, ts, visibility, versiontype, fixedlength, calculation, isauthen, resid, customattr, notserialize, dynamicattr, dynamictable, accesspower, accesspowergroup, industry ) values (  'db618a20-ea3c-11e8-a9bb-d5565d1ec044', null, '1001AA10000000000O12', null, null, 'BS000010000100001056',300, null, null, '自定义项19',0, null, 'Y', 'N', 'Y', 'N',101, null, null, null, null, 'def19',0, null,36, '2018-11-19 11:28:59',0,-1, 'N', 'N', 'Y', null, 'Y', 'N', 'N', null, 'N', null, '0' ) ;
insert into md_property ( id, accessorclassname, classid, createtime, creator, datatype, datatypestyle, defaultvalue, description, displayname, dr, help, isactive, hided, nullable, readonly, attrlength, attrmaxvalue, attrminvalue, modifier, modifytime, name, precise, refmodelname, attrsequence, ts, visibility, versiontype, fixedlength, calculation, isauthen, resid, customattr, notserialize, dynamicattr, dynamictable, accesspower, accesspowergroup, industry ) values (  'db618a21-ea3c-11e8-a9bb-d5565d1ec044', null, '1001AA10000000000O12', null, null, 'BS000010000100001056',300, null, null, '自定义项20',0, null, 'Y', 'N', 'Y', 'N',101, null, null, null, null, 'def20',0, null,37, '2018-11-19 11:28:59',0,-1, 'N', 'N', 'Y', null, 'Y', 'N', 'N', null, 'N', null, '0' ) ;
insert into md_bizItfMap ( bizinterfaceid, intattrid, classid, classattrid, bizitfimpclassname, classattrpath, dr, ts ) values (  '6c8722b9-911a-489b-8d0d-18bd3734fcf6', '5dd3c721-22ad-42b1-9c10-4351c236bc77', '1001AA10000000000O12', 'db6189fc-ea3c-11e8-a9bb-d5565d1ec044', null, null,0, '2018-11-19 11:28:59' ) ;
insert into md_bizItfMap ( bizinterfaceid, intattrid, classid, classattrid, bizitfimpclassname, classattrpath, dr, ts ) values (  '6c8722b9-911a-489b-8d0d-18bd3734fcf6', 'ecf1b76a-6e44-42e2-a55e-87596504775b', '1001AA10000000000O12', 'db618a09-ea3c-11e8-a9bb-d5565d1ec044', null, null,0, '2018-11-19 11:28:59' ) ;
insert into md_bizItfMap ( bizinterfaceid, intattrid, classid, classattrid, bizitfimpclassname, classattrpath, dr, ts ) values (  '6c8722b9-911a-489b-8d0d-18bd3734fcf6', 'd32cc17b-f415-415a-923f-0764443eb102', '1001AA10000000000O12', 'db6162e5-ea3c-11e8-a9bb-d5565d1ec044', null, null,0, '2018-11-19 11:28:59' ) ;
insert into md_bizItfMap ( bizinterfaceid, intattrid, classid, classattrid, bizitfimpclassname, classattrpath, dr, ts ) values (  '6c8722b9-911a-489b-8d0d-18bd3734fcf6', '89578a97-42fe-439b-827c-8eabd9e3604c', '1001AA10000000000O12', 'db618a02-ea3c-11e8-a9bb-d5565d1ec044', null, null,0, '2018-11-19 11:28:59' ) ;
insert into md_bizItfMap ( bizinterfaceid, intattrid, classid, classattrid, bizitfimpclassname, classattrpath, dr, ts ) values (  '6c8722b9-911a-489b-8d0d-18bd3734fcf6', 'a47e6cda-09e4-480b-923f-ec6f41e3e06c', '1001AA10000000000O12', 'db618a08-ea3c-11e8-a9bb-d5565d1ec044', null, null,0, '2018-11-19 11:28:59' ) ;
insert into md_association ( id, componentid, creator, createtime, dr, endcardinality, startbeanid, endelementid, isactive, modifier, modifytime, name, startcardinality, startelementid, ts, type, versiontype, industry ) values (  '4f72af81-2145-42f2-a2b8-1c22765ee6b7', 'db6162e6-ea3c-11e8-a9bb-d5565d1ec044', null, null,0, '1', '1001AA10000000000O12', '16c1dca0-e3ed-4dcc-8ed7-75fd59e2bef1', 'Y', null, null, 'Defdoc-C0J00116_pk_defdoclist', '1', 'db618a07-ea3c-11e8-a9bb-d5565d1ec044', '2018-11-19 11:28:59',3,0, '0' ) ;
insert into md_association ( id, componentid, creator, createtime, dr, endcardinality, startbeanid, endelementid, isactive, modifier, modifytime, name, startcardinality, startelementid, ts, type, versiontype, industry ) values (  '7af9a2dc-facb-4a40-bdbc-3322648a2ada', 'db6162e6-ea3c-11e8-a9bb-d5565d1ec044', null, null,0, '1', '1001AA10000000000O12', '985be8a4-3a36-4778-8afe-2d8ed3902659', 'Y', null, null, 'Defdoc-C0J00116_pk_org', '1', 'db618a09-ea3c-11e8-a9bb-d5565d1ec044', '2018-11-19 11:28:59',3,0, '0' ) ;
insert into md_association ( id, componentid, creator, createtime, dr, endcardinality, startbeanid, endelementid, isactive, modifier, modifytime, name, startcardinality, startelementid, ts, type, versiontype, industry ) values (  'bc72626a-a24a-47f0-b9eb-44c3cdc568c3', 'db6162e6-ea3c-11e8-a9bb-d5565d1ec044', null, null,0, '1', '1001AA10000000000O12', '3b6dd171-2900-47f3-bfbe-41e4483a2a65', 'Y', null, null, 'Defdoc-C0J00116_pk_group', '1', 'db618a08-ea3c-11e8-a9bb-d5565d1ec044', '2018-11-19 11:28:59',3,0, '0' ) ;
insert into md_association ( id, componentid, creator, createtime, dr, endcardinality, startbeanid, endelementid, isactive, modifier, modifytime, name, startcardinality, startelementid, ts, type, versiontype, industry ) values (  '40169343-4385-4235-bc9a-dfb89a2cc487', 'db6162e6-ea3c-11e8-a9bb-d5565d1ec044', null, null,0, '1', '1001AA10000000000O12', 'f6f9a473-56c0-432f-8bc7-fbf8fde54fee', 'Y', null, null, 'Defdoc-C0J00116_creator', '1', 'db6189f9-ea3c-11e8-a9bb-d5565d1ec044', '2018-11-19 11:28:59',3,0, '0' ) ;
insert into md_association ( id, componentid, creator, createtime, dr, endcardinality, startbeanid, endelementid, isactive, modifier, modifytime, name, startcardinality, startelementid, ts, type, versiontype, industry ) values (  'f68006ac-0eed-4461-bc9f-99a9ee4cfebb', 'db6162e6-ea3c-11e8-a9bb-d5565d1ec044', null, null,0, '1', '1001AA10000000000O12', 'f6f9a473-56c0-432f-8bc7-fbf8fde54fee', 'Y', null, null, 'Defdoc-C0J00116_modifier', '1', 'db6189ff-ea3c-11e8-a9bb-d5565d1ec044', '2018-11-19 11:28:59',3,0, '0' ) ;
insert into md_table ( id, createtime, creator, databaseid, description, displayname, dr, help, isactive, fromsourcebmf, modifier, modifytime, name, ts, versiontype, resmodule, resid, parenttable, isextendtable, industry ) values (  'bd_defdoc', '2018-11-17 15:46:13', null, null, null, '分析类型(自定义档案)',0, 'ignorebdmode,BDMODE,URC,DEFDOC,BUSILOG,DOC', null, 'Y', null, null, 'bd_defdoc', '2018-11-19 11:28:59',0, '10140uddb', null, null, null, '0' ) ;
insert into md_column ( id, sqldatetype, createtime, creator, defaultvalue, description, displayname, dr, help, incrementseed, incrementstep, isactive, identitied, pkey, nullable, columnlength, modifier, modifytime, name, precise, columnsequence, tableid, ts, versiontype, resid, groupid, columntype, forlocale ) values (  'bd_defdoc@@PK@@', 'char', null, null, null, null, '自定义档案主键',0, null,null,null, 'Y', null, 'Y', 'N',20, null, null, 'pk_defdoc',0,0, 'bd_defdoc', '2018-11-19 11:28:59',0, '2UC000-000747', null,0, 'N' ) ;
insert into md_column ( id, sqldatetype, createtime, creator, defaultvalue, description, displayname, dr, help, incrementseed, incrementstep, isactive, identitied, pkey, nullable, columnlength, modifier, modifytime, name, precise, columnsequence, tableid, ts, versiontype, resid, groupid, columntype, forlocale ) values (  'bd_defdoc@@@pk_defdoclist', 'char', null, null, null, null, '自定义档案列表主键',0, null,null,null, 'Y', null, 'N', 'N',20, null, null, 'pk_defdoclist',0,1, 'bd_defdoc', '2018-11-19 11:28:59',0, '2UC000-000748', null,0, 'N' ) ;
insert into md_column ( id, sqldatetype, createtime, creator, defaultvalue, description, displayname, dr, help, incrementseed, incrementstep, isactive, identitied, pkey, nullable, columnlength, modifier, modifytime, name, precise, columnsequence, tableid, ts, versiontype, resid, groupid, columntype, forlocale ) values (  'bd_defdoc@@@pk_org', 'char', null, null, null, null, '所属组织',0, null,null,null, 'Y', null, 'N', 'N',20, null, null, 'pk_org',0,2, 'bd_defdoc', '2018-11-19 11:28:59',0, '2UC000-000360', null,0, 'N' ) ;
insert into md_column ( id, sqldatetype, createtime, creator, defaultvalue, description, displayname, dr, help, incrementseed, incrementstep, isactive, identitied, pkey, nullable, columnlength, modifier, modifytime, name, precise, columnsequence, tableid, ts, versiontype, resid, groupid, columntype, forlocale ) values (  'bd_defdoc@@@pk_group', 'varchar', null, null, '*~', null, '所属集团',0, null,null,null, 'Y', null, 'N', 'Y',20, null, null, 'pk_group',0,3, 'bd_defdoc', '2018-11-19 11:28:59',0, '2UC000-000367', null,0, 'N' ) ;
insert into md_column ( id, sqldatetype, createtime, creator, defaultvalue, description, displayname, dr, help, incrementseed, incrementstep, isactive, identitied, pkey, nullable, columnlength, modifier, modifytime, name, precise, columnsequence, tableid, ts, versiontype, resid, groupid, columntype, forlocale ) values (  'bd_defdoc@@@code', 'varchar', null, null, null, null, '档案编码',0, 'URC',null,null, 'Y', null, 'N', 'N',40, null, null, 'code',0,4, 'bd_defdoc', '2018-11-19 11:28:59',0, '2UC000-000557', null,0, 'N' ) ;
insert into md_column ( id, sqldatetype, createtime, creator, defaultvalue, description, displayname, dr, help, incrementseed, incrementstep, isactive, identitied, pkey, nullable, columnlength, modifier, modifytime, name, precise, columnsequence, tableid, ts, versiontype, resid, groupid, columntype, forlocale ) values (  'bd_defdoc@@@name', 'varchar', null, null, null, null, '档案名称',0, 'URC',null,null, 'Y', null, 'N', 'Y',200, null, null, 'name',0,0, 'bd_defdoc', '2018-11-19 11:28:59',0, '2UC000-000556', 'bd_defdoc@@@name',0, 'N' ) ;
insert into md_column ( id, sqldatetype, createtime, creator, defaultvalue, description, displayname, dr, help, incrementseed, incrementstep, isactive, identitied, pkey, nullable, columnlength, modifier, modifytime, name, precise, columnsequence, tableid, ts, versiontype, resid, groupid, columntype, forlocale ) values (  'bd_defdoc@@@shortname', 'varchar', null, null, null, null, '简称',0, null,null,null, 'Y', null, 'N', 'Y',200, null, null, 'shortname',0,0, 'bd_defdoc', '2018-11-19 11:28:59',0, '2UC000-000675', 'bd_defdoc@@@shortname',0, 'N' ) ;
insert into md_column ( id, sqldatetype, createtime, creator, defaultvalue, description, displayname, dr, help, incrementseed, incrementstep, isactive, identitied, pkey, nullable, columnlength, modifier, modifytime, name, precise, columnsequence, tableid, ts, versiontype, resid, groupid, columntype, forlocale ) values (  'bd_defdoc@@@mnecode', 'varchar', null, null, null, null, '助记码',0, null,null,null, 'Y', null, 'N', 'Y',50, null, null, 'mnecode',0,7, 'bd_defdoc', '2018-11-19 11:28:59',0, '2UC000-000172', null,0, 'N' ) ;
insert into md_column ( id, sqldatetype, createtime, creator, defaultvalue, description, displayname, dr, help, incrementseed, incrementstep, isactive, identitied, pkey, nullable, columnlength, modifier, modifytime, name, precise, columnsequence, tableid, ts, versiontype, resid, groupid, columntype, forlocale ) values (  'bd_defdoc@@@pid', 'varchar', null, null, '*~', null, '上级档案',0, null,null,null, 'Y', null, 'N', 'Y',20, null, null, 'pid',0,8, 'bd_defdoc', '2018-11-19 11:28:59',0, '2UC000-000007', null,0, 'N' ) ;
insert into md_column ( id, sqldatetype, createtime, creator, defaultvalue, description, displayname, dr, help, incrementseed, incrementstep, isactive, identitied, pkey, nullable, columnlength, modifier, modifytime, name, precise, columnsequence, tableid, ts, versiontype, resid, groupid, columntype, forlocale ) values (  'bd_defdoc@@@memo', 'varchar', null, null, null, null, '备注',0, null,null,null, 'Y', null, 'N', 'Y',200, null, null, 'memo',0,9, 'bd_defdoc', '2018-11-19 11:28:59',0, '2UC000-000258', null,0, 'N' ) ;
insert into md_column ( id, sqldatetype, createtime, creator, defaultvalue, description, displayname, dr, help, incrementseed, incrementstep, isactive, identitied, pkey, nullable, columnlength, modifier, modifytime, name, precise, columnsequence, tableid, ts, versiontype, resid, groupid, columntype, forlocale ) values (  'bd_defdoc@@@creator', 'varchar', null, null, '*~', null, '创建人',0, null,null,null, 'Y', null, 'N', 'Y',20, null, null, 'creator',0,10, 'bd_defdoc', '2018-11-19 11:28:59',0, '2UC000-000155', null,0, 'N' ) ;
insert into md_column ( id, sqldatetype, createtime, creator, defaultvalue, description, displayname, dr, help, incrementseed, incrementstep, isactive, identitied, pkey, nullable, columnlength, modifier, modifytime, name, precise, columnsequence, tableid, ts, versiontype, resid, groupid, columntype, forlocale ) values (  'bd_defdoc@@@creationtime', 'char', null, null, null, null, '创建时间',0, null,null,null, 'Y', null, 'N', 'Y',19, null, null, 'creationtime',0,11, 'bd_defdoc', '2018-11-19 11:28:59',0, '2UC000-000157', null,0, 'N' ) ;
insert into md_column ( id, sqldatetype, createtime, creator, defaultvalue, description, displayname, dr, help, incrementseed, incrementstep, isactive, identitied, pkey, nullable, columnlength, modifier, modifytime, name, precise, columnsequence, tableid, ts, versiontype, resid, groupid, columntype, forlocale ) values (  'bd_defdoc@@@modifier', 'varchar', null, null, '*~', null, '最后修改人',0, null,null,null, 'Y', null, 'N', 'Y',20, null, null, 'modifier',0,12, 'bd_defdoc', '2018-11-19 11:28:59',0, '2UC000-000490', null,0, 'N' ) ;
insert into md_column ( id, sqldatetype, createtime, creator, defaultvalue, description, displayname, dr, help, incrementseed, incrementstep, isactive, identitied, pkey, nullable, columnlength, modifier, modifytime, name, precise, columnsequence, tableid, ts, versiontype, resid, groupid, columntype, forlocale ) values (  'bd_defdoc@@@modifiedtime', 'char', null, null, null, null, '最后修改时间',0, null,null,null, 'Y', null, 'N', 'Y',19, null, null, 'modifiedtime',0,13, 'bd_defdoc', '2018-11-19 11:28:59',0, '2UC000-000491', null,0, 'N' ) ;
insert into md_column ( id, sqldatetype, createtime, creator, defaultvalue, description, displayname, dr, help, incrementseed, incrementstep, isactive, identitied, pkey, nullable, columnlength, modifier, modifytime, name, precise, columnsequence, tableid, ts, versiontype, resid, groupid, columntype, forlocale ) values (  'bd_defdoc@@@innercode', 'varchar', null, null, null, null, '内部编码',0, null,null,null, 'Y', null, 'N', 'Y',200, null, null, 'innercode',0,14, 'bd_defdoc', '2018-11-19 11:28:59',0, '2UC000-000136', null,0, 'N' ) ;
insert into md_column ( id, sqldatetype, createtime, creator, defaultvalue, description, displayname, dr, help, incrementseed, incrementstep, isactive, identitied, pkey, nullable, columnlength, modifier, modifytime, name, precise, columnsequence, tableid, ts, versiontype, resid, groupid, columntype, forlocale ) values (  'bd_defdoc@@@enablestate', 'int', null, null, null, null, '启用状态',0, null,null,null, 'Y', null, 'N', 'Y',0, null, null, 'enablestate',0,15, 'bd_defdoc', '2018-11-19 11:28:59',0, '2UC000-000249', null,0, 'N' ) ;
insert into md_column ( id, sqldatetype, createtime, creator, defaultvalue, description, displayname, dr, help, incrementseed, incrementstep, isactive, identitied, pkey, nullable, columnlength, modifier, modifytime, name, precise, columnsequence, tableid, ts, versiontype, resid, groupid, columntype, forlocale ) values (  'bd_defdoc@@@dataoriginflag', 'int', null, null, null, null, '分布式',0, null,null,null, 'Y', null, 'N', 'Y',0, null, null, 'dataoriginflag',0,16, 'bd_defdoc', '2018-11-19 11:28:59',0, '2UC000-000151', null,0, 'N' ) ;
insert into md_column ( id, sqldatetype, createtime, creator, defaultvalue, description, displayname, dr, help, incrementseed, incrementstep, isactive, identitied, pkey, nullable, columnlength, modifier, modifytime, name, precise, columnsequence, tableid, ts, versiontype, resid, groupid, columntype, forlocale ) values (  'bd_defdoc@@@datatype', 'int', null, null, '1', null, '数据类型',0, null,null,null, 'Y', null, 'N', 'Y',0, null, null, 'datatype',0,17, 'bd_defdoc', '2018-11-19 11:28:59',0, '2UC000-000458', null,0, 'N' ) ;
insert into md_column ( id, sqldatetype, createtime, creator, defaultvalue, description, displayname, dr, help, incrementseed, incrementstep, isactive, identitied, pkey, nullable, columnlength, modifier, modifytime, name, precise, columnsequence, tableid, ts, versiontype, resid, groupid, columntype, forlocale ) values (  'bd_defdoc@@@def1', 'varchar', null, null, null, null, '自定义项1',0, null,null,null, 'Y', null, 'N', 'Y',101, null, null, 'def1',0,18, 'bd_defdoc', '2018-11-19 11:28:59',-1, null, null,0, 'N' ) ;
insert into md_column ( id, sqldatetype, createtime, creator, defaultvalue, description, displayname, dr, help, incrementseed, incrementstep, isactive, identitied, pkey, nullable, columnlength, modifier, modifytime, name, precise, columnsequence, tableid, ts, versiontype, resid, groupid, columntype, forlocale ) values (  'bd_defdoc@@@def2', 'varchar', null, null, null, null, '自定义项2',0, null,null,null, 'Y', null, 'N', 'Y',101, null, null, 'def2',0,19, 'bd_defdoc', '2018-11-19 11:28:59',-1, null, null,0, 'N' ) ;
insert into md_column ( id, sqldatetype, createtime, creator, defaultvalue, description, displayname, dr, help, incrementseed, incrementstep, isactive, identitied, pkey, nullable, columnlength, modifier, modifytime, name, precise, columnsequence, tableid, ts, versiontype, resid, groupid, columntype, forlocale ) values (  'bd_defdoc@@@def3', 'varchar', null, null, null, null, '自定义项3',0, null,null,null, 'Y', null, 'N', 'Y',101, null, null, 'def3',0,20, 'bd_defdoc', '2018-11-19 11:28:59',-1, null, null,0, 'N' ) ;
insert into md_column ( id, sqldatetype, createtime, creator, defaultvalue, description, displayname, dr, help, incrementseed, incrementstep, isactive, identitied, pkey, nullable, columnlength, modifier, modifytime, name, precise, columnsequence, tableid, ts, versiontype, resid, groupid, columntype, forlocale ) values (  'bd_defdoc@@@def4', 'varchar', null, null, null, null, '自定义项4',0, null,null,null, 'Y', null, 'N', 'Y',101, null, null, 'def4',0,21, 'bd_defdoc', '2018-11-19 11:28:59',-1, null, null,0, 'N' ) ;
insert into md_column ( id, sqldatetype, createtime, creator, defaultvalue, description, displayname, dr, help, incrementseed, incrementstep, isactive, identitied, pkey, nullable, columnlength, modifier, modifytime, name, precise, columnsequence, tableid, ts, versiontype, resid, groupid, columntype, forlocale ) values (  'bd_defdoc@@@def5', 'varchar', null, null, null, null, '自定义项5',0, null,null,null, 'Y', null, 'N', 'Y',101, null, null, 'def5',0,22, 'bd_defdoc', '2018-11-19 11:28:59',-1, null, null,0, 'N' ) ;
insert into md_column ( id, sqldatetype, createtime, creator, defaultvalue, description, displayname, dr, help, incrementseed, incrementstep, isactive, identitied, pkey, nullable, columnlength, modifier, modifytime, name, precise, columnsequence, tableid, ts, versiontype, resid, groupid, columntype, forlocale ) values (  'bd_defdoc@@@def6', 'varchar', null, null, null, null, '自定义项6',0, null,null,null, 'Y', null, 'N', 'Y',101, null, null, 'def6',0,23, 'bd_defdoc', '2018-11-19 11:28:59',-1, null, null,0, 'N' ) ;
insert into md_column ( id, sqldatetype, createtime, creator, defaultvalue, description, displayname, dr, help, incrementseed, incrementstep, isactive, identitied, pkey, nullable, columnlength, modifier, modifytime, name, precise, columnsequence, tableid, ts, versiontype, resid, groupid, columntype, forlocale ) values (  'bd_defdoc@@@def7', 'varchar', null, null, null, null, '自定义项7',0, null,null,null, 'Y', null, 'N', 'Y',101, null, null, 'def7',0,24, 'bd_defdoc', '2018-11-19 11:28:59',-1, null, null,0, 'N' ) ;
insert into md_column ( id, sqldatetype, createtime, creator, defaultvalue, description, displayname, dr, help, incrementseed, incrementstep, isactive, identitied, pkey, nullable, columnlength, modifier, modifytime, name, precise, columnsequence, tableid, ts, versiontype, resid, groupid, columntype, forlocale ) values (  'bd_defdoc@@@def8', 'varchar', null, null, null, null, '自定义项8',0, null,null,null, 'Y', null, 'N', 'Y',101, null, null, 'def8',0,25, 'bd_defdoc', '2018-11-19 11:28:59',-1, null, null,0, 'N' ) ;
insert into md_column ( id, sqldatetype, createtime, creator, defaultvalue, description, displayname, dr, help, incrementseed, incrementstep, isactive, identitied, pkey, nullable, columnlength, modifier, modifytime, name, precise, columnsequence, tableid, ts, versiontype, resid, groupid, columntype, forlocale ) values (  'bd_defdoc@@@def9', 'varchar', null, null, null, null, '自定义项9',0, null,null,null, 'Y', null, 'N', 'Y',101, null, null, 'def9',0,26, 'bd_defdoc', '2018-11-19 11:28:59',-1, null, null,0, 'N' ) ;
insert into md_column ( id, sqldatetype, createtime, creator, defaultvalue, description, displayname, dr, help, incrementseed, incrementstep, isactive, identitied, pkey, nullable, columnlength, modifier, modifytime, name, precise, columnsequence, tableid, ts, versiontype, resid, groupid, columntype, forlocale ) values (  'bd_defdoc@@@def10', 'varchar', null, null, null, null, '自定义项10',0, null,null,null, 'Y', null, 'N', 'Y',101, null, null, 'def10',0,27, 'bd_defdoc', '2018-11-19 11:28:59',-1, null, null,0, 'N' ) ;
insert into md_column ( id, sqldatetype, createtime, creator, defaultvalue, description, displayname, dr, help, incrementseed, incrementstep, isactive, identitied, pkey, nullable, columnlength, modifier, modifytime, name, precise, columnsequence, tableid, ts, versiontype, resid, groupid, columntype, forlocale ) values (  'bd_defdoc@@@def11', 'varchar', null, null, null, null, '自定义项11',0, null,null,null, 'Y', null, 'N', 'Y',101, null, null, 'def11',0,28, 'bd_defdoc', '2018-11-19 11:28:59',-1, null, null,0, 'N' ) ;
insert into md_column ( id, sqldatetype, createtime, creator, defaultvalue, description, displayname, dr, help, incrementseed, incrementstep, isactive, identitied, pkey, nullable, columnlength, modifier, modifytime, name, precise, columnsequence, tableid, ts, versiontype, resid, groupid, columntype, forlocale ) values (  'bd_defdoc@@@def12', 'varchar', null, null, null, null, '自定义项12',0, null,null,null, 'Y', null, 'N', 'Y',101, null, null, 'def12',0,29, 'bd_defdoc', '2018-11-19 11:28:59',-1, null, null,0, 'N' ) ;
insert into md_column ( id, sqldatetype, createtime, creator, defaultvalue, description, displayname, dr, help, incrementseed, incrementstep, isactive, identitied, pkey, nullable, columnlength, modifier, modifytime, name, precise, columnsequence, tableid, ts, versiontype, resid, groupid, columntype, forlocale ) values (  'bd_defdoc@@@def13', 'varchar', null, null, null, null, '自定义项13',0, null,null,null, 'Y', null, 'N', 'Y',101, null, null, 'def13',0,30, 'bd_defdoc', '2018-11-19 11:28:59',-1, null, null,0, 'N' ) ;
insert into md_column ( id, sqldatetype, createtime, creator, defaultvalue, description, displayname, dr, help, incrementseed, incrementstep, isactive, identitied, pkey, nullable, columnlength, modifier, modifytime, name, precise, columnsequence, tableid, ts, versiontype, resid, groupid, columntype, forlocale ) values (  'bd_defdoc@@@def14', 'varchar', null, null, null, null, '自定义项14',0, null,null,null, 'Y', null, 'N', 'Y',101, null, null, 'def14',0,31, 'bd_defdoc', '2018-11-19 11:28:59',-1, null, null,0, 'N' ) ;
insert into md_column ( id, sqldatetype, createtime, creator, defaultvalue, description, displayname, dr, help, incrementseed, incrementstep, isactive, identitied, pkey, nullable, columnlength, modifier, modifytime, name, precise, columnsequence, tableid, ts, versiontype, resid, groupid, columntype, forlocale ) values (  'bd_defdoc@@@def15', 'varchar', null, null, null, null, '自定义项15',0, null,null,null, 'Y', null, 'N', 'Y',101, null, null, 'def15',0,32, 'bd_defdoc', '2018-11-19 11:28:59',-1, null, null,0, 'N' ) ;
insert into md_column ( id, sqldatetype, createtime, creator, defaultvalue, description, displayname, dr, help, incrementseed, incrementstep, isactive, identitied, pkey, nullable, columnlength, modifier, modifytime, name, precise, columnsequence, tableid, ts, versiontype, resid, groupid, columntype, forlocale ) values (  'bd_defdoc@@@def16', 'varchar', null, null, null, null, '自定义项16',0, null,null,null, 'Y', null, 'N', 'Y',101, null, null, 'def16',0,33, 'bd_defdoc', '2018-11-19 11:28:59',-1, null, null,0, 'N' ) ;
insert into md_column ( id, sqldatetype, createtime, creator, defaultvalue, description, displayname, dr, help, incrementseed, incrementstep, isactive, identitied, pkey, nullable, columnlength, modifier, modifytime, name, precise, columnsequence, tableid, ts, versiontype, resid, groupid, columntype, forlocale ) values (  'bd_defdoc@@@def17', 'varchar', null, null, null, null, '自定义项17',0, null,null,null, 'Y', null, 'N', 'Y',101, null, null, 'def17',0,34, 'bd_defdoc', '2018-11-19 11:28:59',-1, null, null,0, 'N' ) ;
insert into md_column ( id, sqldatetype, createtime, creator, defaultvalue, description, displayname, dr, help, incrementseed, incrementstep, isactive, identitied, pkey, nullable, columnlength, modifier, modifytime, name, precise, columnsequence, tableid, ts, versiontype, resid, groupid, columntype, forlocale ) values (  'bd_defdoc@@@def18', 'varchar', null, null, null, null, '自定义项18',0, null,null,null, 'Y', null, 'N', 'Y',101, null, null, 'def18',0,35, 'bd_defdoc', '2018-11-19 11:28:59',-1, null, null,0, 'N' ) ;
insert into md_column ( id, sqldatetype, createtime, creator, defaultvalue, description, displayname, dr, help, incrementseed, incrementstep, isactive, identitied, pkey, nullable, columnlength, modifier, modifytime, name, precise, columnsequence, tableid, ts, versiontype, resid, groupid, columntype, forlocale ) values (  'bd_defdoc@@@def19', 'varchar', null, null, null, null, '自定义项19',0, null,null,null, 'Y', null, 'N', 'Y',101, null, null, 'def19',0,36, 'bd_defdoc', '2018-11-19 11:28:59',-1, null, null,0, 'N' ) ;
insert into md_column ( id, sqldatetype, createtime, creator, defaultvalue, description, displayname, dr, help, incrementseed, incrementstep, isactive, identitied, pkey, nullable, columnlength, modifier, modifytime, name, precise, columnsequence, tableid, ts, versiontype, resid, groupid, columntype, forlocale ) values (  'bd_defdoc@@@def20', 'varchar', null, null, null, null, '自定义项20',0, null,null,null, 'Y', null, 'N', 'Y',101, null, null, 'def20',0,37, 'bd_defdoc', '2018-11-19 11:28:59',-1, null, null,0, 'N' ) ;
insert into md_column ( id, sqldatetype, createtime, creator, defaultvalue, description, displayname, dr, help, incrementseed, incrementstep, isactive, identitied, pkey, nullable, columnlength, modifier, modifytime, name, precise, columnsequence, tableid, ts, versiontype, resid, groupid, columntype, forlocale ) values (  'bd_defdoc@@@name2', 'varchar', null, null, null, null, '档案名称2',0, 'URC',null,null, 'Y', null, 'N', 'Y',200, null, null, 'name2',0,0, 'bd_defdoc', '2018-11-19 11:28:59',0, '2UC000-000556', 'bd_defdoc@@@name',0, 'N' ) ;
insert into md_column ( id, sqldatetype, createtime, creator, defaultvalue, description, displayname, dr, help, incrementseed, incrementstep, isactive, identitied, pkey, nullable, columnlength, modifier, modifytime, name, precise, columnsequence, tableid, ts, versiontype, resid, groupid, columntype, forlocale ) values (  'bd_defdoc@@@name3', 'varchar', null, null, null, null, '档案名称3',0, 'URC',null,null, 'Y', null, 'N', 'Y',200, null, null, 'name3',0,0, 'bd_defdoc', '2018-11-19 11:28:59',0, '2UC000-000556', 'bd_defdoc@@@name',0, 'N' ) ;
insert into md_column ( id, sqldatetype, createtime, creator, defaultvalue, description, displayname, dr, help, incrementseed, incrementstep, isactive, identitied, pkey, nullable, columnlength, modifier, modifytime, name, precise, columnsequence, tableid, ts, versiontype, resid, groupid, columntype, forlocale ) values (  'bd_defdoc@@@name4', 'varchar', null, null, null, null, '档案名称4',0, 'URC',null,null, 'Y', null, 'N', 'Y',200, null, null, 'name4',0,0, 'bd_defdoc', '2018-11-19 11:28:59',0, '2UC000-000556', 'bd_defdoc@@@name',0, 'N' ) ;
insert into md_column ( id, sqldatetype, createtime, creator, defaultvalue, description, displayname, dr, help, incrementseed, incrementstep, isactive, identitied, pkey, nullable, columnlength, modifier, modifytime, name, precise, columnsequence, tableid, ts, versiontype, resid, groupid, columntype, forlocale ) values (  'bd_defdoc@@@name5', 'varchar', null, null, null, null, '档案名称5',0, 'URC',null,null, 'Y', null, 'N', 'Y',200, null, null, 'name5',0,0, 'bd_defdoc', '2018-11-19 11:28:59',0, '2UC000-000556', 'bd_defdoc@@@name',0, 'N' ) ;
insert into md_column ( id, sqldatetype, createtime, creator, defaultvalue, description, displayname, dr, help, incrementseed, incrementstep, isactive, identitied, pkey, nullable, columnlength, modifier, modifytime, name, precise, columnsequence, tableid, ts, versiontype, resid, groupid, columntype, forlocale ) values (  'bd_defdoc@@@name6', 'varchar', null, null, null, null, '档案名称6',0, 'URC',null,null, 'Y', null, 'N', 'Y',200, null, null, 'name6',0,0, 'bd_defdoc', '2018-11-19 11:28:59',0, '2UC000-000556', 'bd_defdoc@@@name',0, 'N' ) ;
insert into md_column ( id, sqldatetype, createtime, creator, defaultvalue, description, displayname, dr, help, incrementseed, incrementstep, isactive, identitied, pkey, nullable, columnlength, modifier, modifytime, name, precise, columnsequence, tableid, ts, versiontype, resid, groupid, columntype, forlocale ) values (  'bd_defdoc@@@shortname2', 'varchar', null, null, null, null, '简称2',0, null,null,null, 'Y', null, 'N', 'Y',200, null, null, 'shortname2',0,0, 'bd_defdoc', '2018-11-19 11:28:59',0, '2UC000-000675', 'bd_defdoc@@@shortname',0, 'N' ) ;
insert into md_column ( id, sqldatetype, createtime, creator, defaultvalue, description, displayname, dr, help, incrementseed, incrementstep, isactive, identitied, pkey, nullable, columnlength, modifier, modifytime, name, precise, columnsequence, tableid, ts, versiontype, resid, groupid, columntype, forlocale ) values (  'bd_defdoc@@@shortname3', 'varchar', null, null, null, null, '简称3',0, null,null,null, 'Y', null, 'N', 'Y',200, null, null, 'shortname3',0,0, 'bd_defdoc', '2018-11-19 11:28:59',0, '2UC000-000675', 'bd_defdoc@@@shortname',0, 'N' ) ;
insert into md_column ( id, sqldatetype, createtime, creator, defaultvalue, description, displayname, dr, help, incrementseed, incrementstep, isactive, identitied, pkey, nullable, columnlength, modifier, modifytime, name, precise, columnsequence, tableid, ts, versiontype, resid, groupid, columntype, forlocale ) values (  'bd_defdoc@@@shortname4', 'varchar', null, null, null, null, '简称4',0, null,null,null, 'Y', null, 'N', 'Y',200, null, null, 'shortname4',0,0, 'bd_defdoc', '2018-11-19 11:28:59',0, '2UC000-000675', 'bd_defdoc@@@shortname',0, 'N' ) ;
insert into md_column ( id, sqldatetype, createtime, creator, defaultvalue, description, displayname, dr, help, incrementseed, incrementstep, isactive, identitied, pkey, nullable, columnlength, modifier, modifytime, name, precise, columnsequence, tableid, ts, versiontype, resid, groupid, columntype, forlocale ) values (  'bd_defdoc@@@shortname5', 'varchar', null, null, null, null, '简称5',0, null,null,null, 'Y', null, 'N', 'Y',200, null, null, 'shortname5',0,0, 'bd_defdoc', '2018-11-19 11:28:59',0, '2UC000-000675', 'bd_defdoc@@@shortname',0, 'N' ) ;
insert into md_column ( id, sqldatetype, createtime, creator, defaultvalue, description, displayname, dr, help, incrementseed, incrementstep, isactive, identitied, pkey, nullable, columnlength, modifier, modifytime, name, precise, columnsequence, tableid, ts, versiontype, resid, groupid, columntype, forlocale ) values (  'bd_defdoc@@@shortname6', 'varchar', null, null, null, null, '简称6',0, null,null,null, 'Y', null, 'N', 'Y',200, null, null, 'shortname6',0,0, 'bd_defdoc', '2018-11-19 11:28:59',0, '2UC000-000675', 'bd_defdoc@@@shortname',0, 'N' ) ;
insert into md_ORMap ( attributeid, classid, columnid, dr, tableid, ts ) values (  'db6189f9-ea3c-11e8-a9bb-d5565d1ec044', '1001AA10000000000O12', 'bd_defdoc@@@creator',0, 'bd_defdoc', '2018-11-19 11:28:59' ) ;
insert into md_ORMap ( attributeid, classid, columnid, dr, tableid, ts ) values (  'db618a1a-ea3c-11e8-a9bb-d5565d1ec044', '1001AA10000000000O12', 'bd_defdoc@@@def13',0, 'bd_defdoc', '2018-11-19 11:28:59' ) ;
insert into md_ORMap ( attributeid, classid, columnid, dr, tableid, ts ) values (  'db6189fb-ea3c-11e8-a9bb-d5565d1ec044', '1001AA10000000000O12', 'bd_defdoc@@@innercode',0, 'bd_defdoc', '2018-11-19 11:28:59' ) ;
insert into md_ORMap ( attributeid, classid, columnid, dr, tableid, ts ) values (  'db6189fe-ea3c-11e8-a9bb-d5565d1ec044', '1001AA10000000000O12', 'bd_defdoc@@@mnecode',0, 'bd_defdoc', '2018-11-19 11:28:59' ) ;
insert into md_ORMap ( attributeid, classid, columnid, dr, tableid, ts ) values (  'db618a17-ea3c-11e8-a9bb-d5565d1ec044', '1001AA10000000000O12', 'bd_defdoc@@@def10',0, 'bd_defdoc', '2018-11-19 11:28:59' ) ;
insert into md_ORMap ( attributeid, classid, columnid, dr, tableid, ts ) values (  'db618a11-ea3c-11e8-a9bb-d5565d1ec044', '1001AA10000000000O12', 'bd_defdoc@@@def4',0, 'bd_defdoc', '2018-11-19 11:28:59' ) ;
insert into md_ORMap ( attributeid, classid, columnid, dr, tableid, ts ) values (  'db6162e5-ea3c-11e8-a9bb-d5565d1ec044', '1001AA10000000000O12', 'bd_defdoc@@@code',0, 'bd_defdoc', '2018-11-19 11:28:59' ) ;
insert into md_ORMap ( attributeid, classid, columnid, dr, tableid, ts ) values (  'db618a08-ea3c-11e8-a9bb-d5565d1ec044', '1001AA10000000000O12', 'bd_defdoc@@@pk_group',0, 'bd_defdoc', '2018-11-19 11:28:59' ) ;
insert into md_ORMap ( attributeid, classid, columnid, dr, tableid, ts ) values (  'db618a05-ea3c-11e8-a9bb-d5565d1ec044', '1001AA10000000000O12', 'bd_defdoc@@@pid',0, 'bd_defdoc', '2018-11-19 11:28:59' ) ;
insert into md_ORMap ( attributeid, classid, columnid, dr, tableid, ts ) values (  'db618a21-ea3c-11e8-a9bb-d5565d1ec044', '1001AA10000000000O12', 'bd_defdoc@@@def20',0, 'bd_defdoc', '2018-11-19 11:28:59' ) ;
insert into md_ORMap ( attributeid, classid, columnid, dr, tableid, ts ) values (  'db618a20-ea3c-11e8-a9bb-d5565d1ec044', '1001AA10000000000O12', 'bd_defdoc@@@def19',0, 'bd_defdoc', '2018-11-19 11:28:59' ) ;
insert into md_ORMap ( attributeid, classid, columnid, dr, tableid, ts ) values (  'db618a1e-ea3c-11e8-a9bb-d5565d1ec044', '1001AA10000000000O12', 'bd_defdoc@@@def17',0, 'bd_defdoc', '2018-11-19 11:28:59' ) ;
insert into md_ORMap ( attributeid, classid, columnid, dr, tableid, ts ) values (  'db618a0d-ea3c-11e8-a9bb-d5565d1ec044', '1001AA10000000000O12', 'bd_defdoc@@@datatype',0, 'bd_defdoc', '2018-11-19 11:28:59' ) ;
insert into md_ORMap ( attributeid, classid, columnid, dr, tableid, ts ) values (  'db618a01-ea3c-11e8-a9bb-d5565d1ec044', '1001AA10000000000O12', 'bd_defdoc@@@modifiedtime',0, 'bd_defdoc', '2018-11-19 11:28:59' ) ;
insert into md_ORMap ( attributeid, classid, columnid, dr, tableid, ts ) values (  'db618a1f-ea3c-11e8-a9bb-d5565d1ec044', '1001AA10000000000O12', 'bd_defdoc@@@def18',0, 'bd_defdoc', '2018-11-19 11:28:59' ) ;
insert into md_ORMap ( attributeid, classid, columnid, dr, tableid, ts ) values (  'db6189fc-ea3c-11e8-a9bb-d5565d1ec044', '1001AA10000000000O12', 'bd_defdoc@@PK@@',0, 'bd_defdoc', '2018-11-19 11:28:59' ) ;
insert into md_ORMap ( attributeid, classid, columnid, dr, tableid, ts ) values (  'db618a10-ea3c-11e8-a9bb-d5565d1ec044', '1001AA10000000000O12', 'bd_defdoc@@@def3',0, 'bd_defdoc', '2018-11-19 11:28:59' ) ;
insert into md_ORMap ( attributeid, classid, columnid, dr, tableid, ts ) values (  'db618a0f-ea3c-11e8-a9bb-d5565d1ec044', '1001AA10000000000O12', 'bd_defdoc@@@def2',0, 'bd_defdoc', '2018-11-19 11:28:59' ) ;
insert into md_ORMap ( attributeid, classid, columnid, dr, tableid, ts ) values (  'db618a0a-ea3c-11e8-a9bb-d5565d1ec044', '1001AA10000000000O12', 'bd_defdoc@@@enablestate',0, 'bd_defdoc', '2018-11-19 11:28:59' ) ;
insert into md_ORMap ( attributeid, classid, columnid, dr, tableid, ts ) values (  'db618a09-ea3c-11e8-a9bb-d5565d1ec044', '1001AA10000000000O12', 'bd_defdoc@@@pk_org',0, 'bd_defdoc', '2018-11-19 11:28:59' ) ;
insert into md_ORMap ( attributeid, classid, columnid, dr, tableid, ts ) values (  'db618a12-ea3c-11e8-a9bb-d5565d1ec044', '1001AA10000000000O12', 'bd_defdoc@@@def5',0, 'bd_defdoc', '2018-11-19 11:28:59' ) ;
insert into md_ORMap ( attributeid, classid, columnid, dr, tableid, ts ) values (  'db618a15-ea3c-11e8-a9bb-d5565d1ec044', '1001AA10000000000O12', 'bd_defdoc@@@def8',0, 'bd_defdoc', '2018-11-19 11:28:59' ) ;
insert into md_ORMap ( attributeid, classid, columnid, dr, tableid, ts ) values (  'db618a1c-ea3c-11e8-a9bb-d5565d1ec044', '1001AA10000000000O12', 'bd_defdoc@@@def15',0, 'bd_defdoc', '2018-11-19 11:28:59' ) ;
insert into md_ORMap ( attributeid, classid, columnid, dr, tableid, ts ) values (  'db618a1b-ea3c-11e8-a9bb-d5565d1ec044', '1001AA10000000000O12', 'bd_defdoc@@@def14',0, 'bd_defdoc', '2018-11-19 11:28:59' ) ;
insert into md_ORMap ( attributeid, classid, columnid, dr, tableid, ts ) values (  'db618a02-ea3c-11e8-a9bb-d5565d1ec044', '1001AA10000000000O12', 'bd_defdoc@@@name',0, 'bd_defdoc', '2018-11-19 11:28:59' ) ;
insert into md_ORMap ( attributeid, classid, columnid, dr, tableid, ts ) values (  'db6189fd-ea3c-11e8-a9bb-d5565d1ec044', '1001AA10000000000O12', 'bd_defdoc@@@memo',0, 'bd_defdoc', '2018-11-19 11:28:59' ) ;
insert into md_ORMap ( attributeid, classid, columnid, dr, tableid, ts ) values (  'db618a0e-ea3c-11e8-a9bb-d5565d1ec044', '1001AA10000000000O12', 'bd_defdoc@@@def1',0, 'bd_defdoc', '2018-11-19 11:28:59' ) ;
insert into md_ORMap ( attributeid, classid, columnid, dr, tableid, ts ) values (  'db618a14-ea3c-11e8-a9bb-d5565d1ec044', '1001AA10000000000O12', 'bd_defdoc@@@def7',0, 'bd_defdoc', '2018-11-19 11:28:59' ) ;
insert into md_ORMap ( attributeid, classid, columnid, dr, tableid, ts ) values (  'db618a0c-ea3c-11e8-a9bb-d5565d1ec044', '1001AA10000000000O12', 'bd_defdoc@@@dataoriginflag',0, 'bd_defdoc', '2018-11-19 11:28:59' ) ;
insert into md_ORMap ( attributeid, classid, columnid, dr, tableid, ts ) values (  'db618a16-ea3c-11e8-a9bb-d5565d1ec044', '1001AA10000000000O12', 'bd_defdoc@@@def9',0, 'bd_defdoc', '2018-11-19 11:28:59' ) ;
insert into md_ORMap ( attributeid, classid, columnid, dr, tableid, ts ) values (  'db618a07-ea3c-11e8-a9bb-d5565d1ec044', '1001AA10000000000O12', 'bd_defdoc@@@pk_defdoclist',0, 'bd_defdoc', '2018-11-19 11:28:59' ) ;
insert into md_ORMap ( attributeid, classid, columnid, dr, tableid, ts ) values (  'db618a18-ea3c-11e8-a9bb-d5565d1ec044', '1001AA10000000000O12', 'bd_defdoc@@@def11',0, 'bd_defdoc', '2018-11-19 11:28:59' ) ;
insert into md_ORMap ( attributeid, classid, columnid, dr, tableid, ts ) values (  'db618a19-ea3c-11e8-a9bb-d5565d1ec044', '1001AA10000000000O12', 'bd_defdoc@@@def12',0, 'bd_defdoc', '2018-11-19 11:28:59' ) ;
insert into md_ORMap ( attributeid, classid, columnid, dr, tableid, ts ) values (  'db6189ff-ea3c-11e8-a9bb-d5565d1ec044', '1001AA10000000000O12', 'bd_defdoc@@@modifier',0, 'bd_defdoc', '2018-11-19 11:28:59' ) ;
insert into md_ORMap ( attributeid, classid, columnid, dr, tableid, ts ) values (  'db618a03-ea3c-11e8-a9bb-d5565d1ec044', '1001AA10000000000O12', 'bd_defdoc@@@shortname',0, 'bd_defdoc', '2018-11-19 11:28:59' ) ;
insert into md_ORMap ( attributeid, classid, columnid, dr, tableid, ts ) values (  'db6162e8-ea3c-11e8-a9bb-d5565d1ec044', '1001AA10000000000O12', 'bd_defdoc@@@creationtime',0, 'bd_defdoc', '2018-11-19 11:28:59' ) ;
insert into md_ORMap ( attributeid, classid, columnid, dr, tableid, ts ) values (  'db618a13-ea3c-11e8-a9bb-d5565d1ec044', '1001AA10000000000O12', 'bd_defdoc@@@def6',0, 'bd_defdoc', '2018-11-19 11:28:59' ) ;
insert into md_ORMap ( attributeid, classid, columnid, dr, tableid, ts ) values (  'db618a1d-ea3c-11e8-a9bb-d5565d1ec044', '1001AA10000000000O12', 'bd_defdoc@@@def16',0, 'bd_defdoc', '2018-11-19 11:28:59' ) ;


--Defdoc-C0J00117
delete from md_db_relation where startattrid in (select id from md_property where classid in ('1001AA10000000000O2B','@@@@' ) )  and starttableid in ('bd_defdoc','@@@@');
delete from md_ORMap where ATTRIBUTEID in(select id from md_property where classid in ('1001AA10000000000O2B','@@@@' ) )  and tableid in ('bd_defdoc','@@@@') ;
delete from md_table where id not in (select distinct tableid from md_ormap );
delete from md_column where  tableid in('bd_defdoc','@@@@') and id not in(select distinct columnid from md_ormap) and (nvl(groupid ,'~')='~' or groupid = id )  and name <> 'extend_bean_tag' ;
delete from md_column where tableid in ('bd_defdoc','@@@@')and groupid is not null and groupid not in( select distinct id from md_column where tableid in ('bd_defdoc','@@@@') ) ;
delete from md_db_relation where starttableid not in (select id from md_table);
delete from md_property where classID in (select distinct id from md_class where componentID='e593401a-ea3c-11e8-a9bb-d5565d1ec044'  )  ;
delete from md_association where componentID = 'e593401a-ea3c-11e8-a9bb-d5565d1ec044'  ;
delete from md_bizItfMap where classID in (select distinct id from md_class where componentID='e593401a-ea3c-11e8-a9bb-d5565d1ec044'  );
delete from md_bizItfMap where classID in ( select id from md_opInterface where componentID = 'e593401a-ea3c-11e8-a9bb-d5565d1ec044'  );
delete from md_accessorPara where id in (select distinct id from md_class where componentID='e593401a-ea3c-11e8-a9bb-d5565d1ec044'  );
delete from md_enumValue where id in (select distinct id from md_class where componentID='e593401a-ea3c-11e8-a9bb-d5565d1ec044'  ) ;
delete from md_class where componentID = 'e593401a-ea3c-11e8-a9bb-d5565d1ec044'  ;
delete from md_component where id = 'e593401a-ea3c-11e8-a9bb-d5565d1ec044' ;
delete from md_table where (id='bd_defdoc');
delete from md_column where (id='bd_defdoc@@PK@@');
delete from md_column where (id='bd_defdoc@@@pk_defdoclist');
delete from md_column where (id='bd_defdoc@@@pk_org');
delete from md_column where (id='bd_defdoc@@@pk_group');
delete from md_column where (id='bd_defdoc@@@code');
delete from md_column where (id='bd_defdoc@@@name');
delete from md_column where (id='bd_defdoc@@@shortname');
delete from md_column where (id='bd_defdoc@@@mnecode');
delete from md_column where (id='bd_defdoc@@@pid');
delete from md_column where (id='bd_defdoc@@@memo');
delete from md_column where (id='bd_defdoc@@@creator');
delete from md_column where (id='bd_defdoc@@@creationtime');
delete from md_column where (id='bd_defdoc@@@modifier');
delete from md_column where (id='bd_defdoc@@@modifiedtime');
delete from md_column where (id='bd_defdoc@@@innercode');
delete from md_column where (id='bd_defdoc@@@enablestate');
delete from md_column where (id='bd_defdoc@@@dataoriginflag');
delete from md_column where (id='bd_defdoc@@@datatype');
delete from md_column where (id='bd_defdoc@@@def1');
delete from md_column where (id='bd_defdoc@@@def2');
delete from md_column where (id='bd_defdoc@@@def3');
delete from md_column where (id='bd_defdoc@@@def4');
delete from md_column where (id='bd_defdoc@@@def5');
delete from md_column where (id='bd_defdoc@@@def6');
delete from md_column where (id='bd_defdoc@@@def7');
delete from md_column where (id='bd_defdoc@@@def8');
delete from md_column where (id='bd_defdoc@@@def9');
delete from md_column where (id='bd_defdoc@@@def10');
delete from md_column where (id='bd_defdoc@@@def11');
delete from md_column where (id='bd_defdoc@@@def12');
delete from md_column where (id='bd_defdoc@@@def13');
delete from md_column where (id='bd_defdoc@@@def14');
delete from md_column where (id='bd_defdoc@@@def15');
delete from md_column where (id='bd_defdoc@@@def16');
delete from md_column where (id='bd_defdoc@@@def17');
delete from md_column where (id='bd_defdoc@@@def18');
delete from md_column where (id='bd_defdoc@@@def19');
delete from md_column where (id='bd_defdoc@@@def20');
delete from md_column where (id='bd_defdoc@@@name2');
delete from md_column where (id='bd_defdoc@@@name3');
delete from md_column where (id='bd_defdoc@@@name4');
delete from md_column where (id='bd_defdoc@@@name5');
delete from md_column where (id='bd_defdoc@@@name6');
delete from md_column where (id='bd_defdoc@@@shortname2');
delete from md_column where (id='bd_defdoc@@@shortname3');
delete from md_column where (id='bd_defdoc@@@shortname4');
delete from md_column where (id='bd_defdoc@@@shortname5');
delete from md_column where (id='bd_defdoc@@@shortname6');


insert into md_component ( createtime, creator, description, displayname, dr, fromsourcebmf, help, id, industry, isbizmodel, modifier, modifytime, name, namespace, ownmodule, preload, resid, resmodule, ts, version, versiontype ) values (  '2018-11-17 15:46:30', null, null, '报告格式(自定义档案)',0, 'Y', null, 'e593401a-ea3c-11e8-a9bb-d5565d1ec044', '0', 'N', null, null, 'Defdoc-C0J00117', 'uap', 'uapbd', null, null, '10140uddb', '2018-11-19 11:29:16', '1',0 ) ;
insert into md_class ( id, accessorclassname, classtype, componentid, createtime, creator, description, displayname, dr, fullclassname, help, isactive, keyattribute, modifier, modifytime, name, parentclassid, precise, refmodelname, returntype, ts, versiontype, isprimary, defaulttablename, stereotype, isauthen, resid, bizitfimpclassname, modinfoclassname, iscreatesql, isextendbean, userdefclassname, industry, fixedlength ) values (  '1001AA10000000000O2B', 'nc.md.model.access.javamap.NCBeanStyle',201, 'e593401a-ea3c-11e8-a9bb-d5565d1ec044', '2018-11-17 15:46:30', null, null, '报告格式(自定义档案)',0, 'nc.vo.bd.defdoc.DefdocVO', 'ignorebdmode,BDMODE,URC,DEFDOC,BUSILOG,DOC', null, 'e5934020-ea3c-11e8-a9bb-d5565d1ec044', null, null, 'Defdoc-C0J00117', null,null, '报告格式(自定义档案)', null, '2018-11-19 11:29:16',0, 'Y', 'bd_defdoc', null, 'Y', null, null, null, 'Y', null, null, '0', null ) ;
insert into md_property ( id, accessorclassname, classid, createtime, creator, datatype, datatypestyle, defaultvalue, description, displayname, dr, help, isactive, hided, nullable, readonly, attrlength, attrmaxvalue, attrminvalue, modifier, modifytime, name, precise, refmodelname, attrsequence, ts, visibility, versiontype, fixedlength, calculation, isauthen, resid, customattr, notserialize, dynamicattr, dynamictable, accesspower, accesspowergroup, industry ) values (  'e5934020-ea3c-11e8-a9bb-d5565d1ec044', null, '1001AA10000000000O2B', null, null, 'BS000010000100001051',300, null, null, '自定义档案主键',0, null, 'Y', 'N', 'N', 'N',20, null, null, null, null, 'pk_defdoc',0, null,0, '2018-11-19 11:29:16',0,0, 'N', 'N', 'Y', '2UC000-000747', 'N', 'N', 'N', null, 'N', null, '0' ) ;
insert into md_property ( id, accessorclassname, classid, createtime, creator, datatype, datatypestyle, defaultvalue, description, displayname, dr, help, isactive, hided, nullable, readonly, attrlength, attrmaxvalue, attrminvalue, modifier, modifytime, name, precise, refmodelname, attrsequence, ts, visibility, versiontype, fixedlength, calculation, isauthen, resid, customattr, notserialize, dynamicattr, dynamictable, accesspower, accesspowergroup, industry ) values (  'e593402b-ea3c-11e8-a9bb-d5565d1ec044', null, '1001AA10000000000O2B', null, null, '16c1dca0-e3ed-4dcc-8ed7-75fd59e2bef1',305, null, null, '自定义档案列表主键',0, null, 'Y', 'N', 'N', 'N',20, null, null, null, null, 'pk_defdoclist',0, '自定义档案列表',1, '2018-11-19 11:29:16',0,0, 'N', 'N', 'Y', '2UC000-000748', 'N', 'N', 'N', null, 'N', null, '0' ) ;
insert into md_property ( id, accessorclassname, classid, createtime, creator, datatype, datatypestyle, defaultvalue, description, displayname, dr, help, isactive, hided, nullable, readonly, attrlength, attrmaxvalue, attrminvalue, modifier, modifytime, name, precise, refmodelname, attrsequence, ts, visibility, versiontype, fixedlength, calculation, isauthen, resid, customattr, notserialize, dynamicattr, dynamictable, accesspower, accesspowergroup, industry ) values (  'e593402d-ea3c-11e8-a9bb-d5565d1ec044', null, '1001AA10000000000O2B', null, null, '985be8a4-3a36-4778-8afe-2d8ed3902659',305, null, null, '所属组织',0, null, 'Y', 'N', 'N', 'N',20, null, null, null, null, 'pk_org',0, '业务单元',2, '2018-11-19 11:29:16',0,0, 'N', 'N', 'Y', '2UC000-000360', 'N', 'N', 'N', null, 'N', null, '0' ) ;
insert into md_property ( id, accessorclassname, classid, createtime, creator, datatype, datatypestyle, defaultvalue, description, displayname, dr, help, isactive, hided, nullable, readonly, attrlength, attrmaxvalue, attrminvalue, modifier, modifytime, name, precise, refmodelname, attrsequence, ts, visibility, versiontype, fixedlength, calculation, isauthen, resid, customattr, notserialize, dynamicattr, dynamictable, accesspower, accesspowergroup, industry ) values (  'e593402c-ea3c-11e8-a9bb-d5565d1ec044', null, '1001AA10000000000O2B', null, null, '3b6dd171-2900-47f3-bfbe-41e4483a2a65',305, null, null, '所属集团',0, null, 'Y', 'N', 'Y', 'N',20, null, null, null, null, 'pk_group',0, '集团',3, '2018-11-19 11:29:16',0,0, 'N', 'N', 'Y', '2UC000-000367', 'N', 'N', 'N', null, 'N', null, '0' ) ;
insert into md_property ( id, accessorclassname, classid, createtime, creator, datatype, datatypestyle, defaultvalue, description, displayname, dr, help, isactive, hided, nullable, readonly, attrlength, attrmaxvalue, attrminvalue, modifier, modifytime, name, precise, refmodelname, attrsequence, ts, visibility, versiontype, fixedlength, calculation, isauthen, resid, customattr, notserialize, dynamicattr, dynamictable, accesspower, accesspowergroup, industry ) values (  'e5934019-ea3c-11e8-a9bb-d5565d1ec044', null, '1001AA10000000000O2B', null, null, 'BS000010000100001001',300, null, null, '档案编码',0, 'URC', 'Y', 'N', 'N', 'N',40, null, null, null, null, 'code',0, null,4, '2018-11-19 11:29:16',0,0, 'N', 'N', 'Y', '2UC000-000557', 'N', 'N', 'N', null, 'N', null, '0' ) ;
insert into md_property ( id, accessorclassname, classid, createtime, creator, datatype, datatypestyle, defaultvalue, description, displayname, dr, help, isactive, hided, nullable, readonly, attrlength, attrmaxvalue, attrminvalue, modifier, modifytime, name, precise, refmodelname, attrsequence, ts, visibility, versiontype, fixedlength, calculation, isauthen, resid, customattr, notserialize, dynamicattr, dynamictable, accesspower, accesspowergroup, industry ) values (  'e5934026-ea3c-11e8-a9bb-d5565d1ec044', null, '1001AA10000000000O2B', null, null, 'BS000010000100001058',300, null, null, '档案名称',0, 'URC', 'Y', 'N', 'Y', 'N',200, null, null, null, null, 'name',0, null,5, '2018-11-19 11:29:16',0,0, 'N', 'N', 'Y', '2UC000-000556', 'N', 'N', 'N', null, 'N', null, '0' ) ;
insert into md_property ( id, accessorclassname, classid, createtime, creator, datatype, datatypestyle, defaultvalue, description, displayname, dr, help, isactive, hided, nullable, readonly, attrlength, attrmaxvalue, attrminvalue, modifier, modifytime, name, precise, refmodelname, attrsequence, ts, visibility, versiontype, fixedlength, calculation, isauthen, resid, customattr, notserialize, dynamicattr, dynamictable, accesspower, accesspowergroup, industry ) values (  'e5934027-ea3c-11e8-a9bb-d5565d1ec044', null, '1001AA10000000000O2B', null, null, 'BS000010000100001058',300, null, null, '简称',0, null, 'Y', 'N', 'Y', 'N',200, null, null, null, null, 'shortname',0, null,6, '2018-11-19 11:29:16',0,0, 'N', 'N', 'Y', '2UC000-000675', 'N', 'N', 'N', null, 'N', null, '0' ) ;
insert into md_property ( id, accessorclassname, classid, createtime, creator, datatype, datatypestyle, defaultvalue, description, displayname, dr, help, isactive, hided, nullable, readonly, attrlength, attrmaxvalue, attrminvalue, modifier, modifytime, name, precise, refmodelname, attrsequence, ts, visibility, versiontype, fixedlength, calculation, isauthen, resid, customattr, notserialize, dynamicattr, dynamictable, accesspower, accesspowergroup, industry ) values (  'e5934022-ea3c-11e8-a9bb-d5565d1ec044', null, '1001AA10000000000O2B', null, null, 'BS000010000100001001',300, null, null, '助记码',0, null, 'Y', 'N', 'Y', 'N',50, null, null, null, null, 'mnecode',0, null,7, '2018-11-19 11:29:16',0,0, 'N', 'N', 'Y', '2UC000-000172', 'N', 'N', 'N', null, 'N', null, '0' ) ;
insert into md_property ( id, accessorclassname, classid, createtime, creator, datatype, datatypestyle, defaultvalue, description, displayname, dr, help, isactive, hided, nullable, readonly, attrlength, attrmaxvalue, attrminvalue, modifier, modifytime, name, precise, refmodelname, attrsequence, ts, visibility, versiontype, fixedlength, calculation, isauthen, resid, customattr, notserialize, dynamicattr, dynamictable, accesspower, accesspowergroup, industry ) values (  'e5934029-ea3c-11e8-a9bb-d5565d1ec044', null, '1001AA10000000000O2B', null, null, 'BS000010000100001001',300, null, null, '上级档案',0, null, 'Y', 'N', 'Y', 'N',20, null, null, null, null, 'pid',0, null,8, '2018-11-19 11:29:16',0,0, 'N', 'N', 'Y', '2UC000-000007', 'N', 'N', 'N', null, 'N', null, '0' ) ;
insert into md_property ( id, accessorclassname, classid, createtime, creator, datatype, datatypestyle, defaultvalue, description, displayname, dr, help, isactive, hided, nullable, readonly, attrlength, attrmaxvalue, attrminvalue, modifier, modifytime, name, precise, refmodelname, attrsequence, ts, visibility, versiontype, fixedlength, calculation, isauthen, resid, customattr, notserialize, dynamicattr, dynamictable, accesspower, accesspowergroup, industry ) values (  'e5934021-ea3c-11e8-a9bb-d5565d1ec044', null, '1001AA10000000000O2B', null, null, 'BS000010000100001001',300, null, null, '备注',0, null, 'Y', 'N', 'Y', 'N',200, null, null, null, null, 'memo',0, null,9, '2018-11-19 11:29:16',0,0, 'N', 'N', 'Y', '2UC000-000258', 'N', 'N', 'N', null, 'N', null, '0' ) ;
insert into md_property ( id, accessorclassname, classid, createtime, creator, datatype, datatypestyle, defaultvalue, description, displayname, dr, help, isactive, hided, nullable, readonly, attrlength, attrmaxvalue, attrminvalue, modifier, modifytime, name, precise, refmodelname, attrsequence, ts, visibility, versiontype, fixedlength, calculation, isauthen, resid, customattr, notserialize, dynamicattr, dynamictable, accesspower, accesspowergroup, industry ) values (  'e593401d-ea3c-11e8-a9bb-d5565d1ec044', null, '1001AA10000000000O2B', null, null, 'f6f9a473-56c0-432f-8bc7-fbf8fde54fee',305, null, null, '创建人',0, null, 'Y', 'N', 'Y', 'N',20, null, null, null, null, 'creator',0, '用户',10, '2018-11-19 11:29:16',0,0, 'N', 'N', 'Y', '2UC000-000155', 'N', 'N', 'N', null, 'N', null, '0' ) ;
insert into md_property ( id, accessorclassname, classid, createtime, creator, datatype, datatypestyle, defaultvalue, description, displayname, dr, help, isactive, hided, nullable, readonly, attrlength, attrmaxvalue, attrminvalue, modifier, modifytime, name, precise, refmodelname, attrsequence, ts, visibility, versiontype, fixedlength, calculation, isauthen, resid, customattr, notserialize, dynamicattr, dynamictable, accesspower, accesspowergroup, industry ) values (  'e593401c-ea3c-11e8-a9bb-d5565d1ec044', null, '1001AA10000000000O2B', null, null, 'BS000010000100001034',300, null, null, '创建时间',0, null, 'Y', 'N', 'Y', 'N',19, null, null, null, null, 'creationtime',0, null,11, '2018-11-19 11:29:16',0,0, 'N', 'N', 'Y', '2UC000-000157', 'N', 'N', 'N', null, 'N', null, '0' ) ;
insert into md_property ( id, accessorclassname, classid, createtime, creator, datatype, datatypestyle, defaultvalue, description, displayname, dr, help, isactive, hided, nullable, readonly, attrlength, attrmaxvalue, attrminvalue, modifier, modifytime, name, precise, refmodelname, attrsequence, ts, visibility, versiontype, fixedlength, calculation, isauthen, resid, customattr, notserialize, dynamicattr, dynamictable, accesspower, accesspowergroup, industry ) values (  'e5934023-ea3c-11e8-a9bb-d5565d1ec044', null, '1001AA10000000000O2B', null, null, 'f6f9a473-56c0-432f-8bc7-fbf8fde54fee',305, null, null, '最后修改人',0, null, 'Y', 'N', 'Y', 'N',20, null, null, null, null, 'modifier',0, '用户',12, '2018-11-19 11:29:16',0,0, 'N', 'N', 'Y', '2UC000-000490', 'N', 'N', 'N', null, 'N', null, '0' ) ;
insert into md_property ( id, accessorclassname, classid, createtime, creator, datatype, datatypestyle, defaultvalue, description, displayname, dr, help, isactive, hided, nullable, readonly, attrlength, attrmaxvalue, attrminvalue, modifier, modifytime, name, precise, refmodelname, attrsequence, ts, visibility, versiontype, fixedlength, calculation, isauthen, resid, customattr, notserialize, dynamicattr, dynamictable, accesspower, accesspowergroup, industry ) values (  'e5934025-ea3c-11e8-a9bb-d5565d1ec044', null, '1001AA10000000000O2B', null, null, 'BS000010000100001034',300, null, null, '最后修改时间',0, null, 'Y', 'N', 'Y', 'N',19, null, null, null, null, 'modifiedtime',0, null,13, '2018-11-19 11:29:16',0,0, 'N', 'N', 'Y', '2UC000-000491', 'N', 'N', 'N', null, 'N', null, '0' ) ;
insert into md_property ( id, accessorclassname, classid, createtime, creator, datatype, datatypestyle, defaultvalue, description, displayname, dr, help, isactive, hided, nullable, readonly, attrlength, attrmaxvalue, attrminvalue, modifier, modifytime, name, precise, refmodelname, attrsequence, ts, visibility, versiontype, fixedlength, calculation, isauthen, resid, customattr, notserialize, dynamicattr, dynamictable, accesspower, accesspowergroup, industry ) values (  'e593401f-ea3c-11e8-a9bb-d5565d1ec044', null, '1001AA10000000000O2B', null, null, 'BS000010000100001001',300, null, null, '内部编码',0, null, 'Y', 'N', 'Y', 'N',200, null, null, null, null, 'innercode',0, null,14, '2018-11-19 11:29:16',0,0, 'N', 'N', 'Y', '2UC000-000136', 'N', 'N', 'N', null, 'N', null, '0' ) ;
insert into md_property ( id, accessorclassname, classid, createtime, creator, datatype, datatypestyle, defaultvalue, description, displayname, dr, help, isactive, hided, nullable, readonly, attrlength, attrmaxvalue, attrminvalue, modifier, modifytime, name, precise, refmodelname, attrsequence, ts, visibility, versiontype, fixedlength, calculation, isauthen, resid, customattr, notserialize, dynamicattr, dynamictable, accesspower, accesspowergroup, industry ) values (  'e593402e-ea3c-11e8-a9bb-d5565d1ec044', null, '1001AA10000000000O2B', null, null, '6b533ffa-3e43-4147-8670-ba0f5471fd40',300, null, null, '启用状态',0, null, 'Y', 'N', 'Y', 'N',0, null, null, null, null, 'enablestate',0, null,15, '2018-11-19 11:29:16',0,0, 'N', 'N', 'Y', '2UC000-000249', 'N', 'N', 'N', null, 'N', null, '0' ) ;
insert into md_property ( id, accessorclassname, classid, createtime, creator, datatype, datatypestyle, defaultvalue, description, displayname, dr, help, isactive, hided, nullable, readonly, attrlength, attrmaxvalue, attrminvalue, modifier, modifytime, name, precise, refmodelname, attrsequence, ts, visibility, versiontype, fixedlength, calculation, isauthen, resid, customattr, notserialize, dynamicattr, dynamictable, accesspower, accesspowergroup, industry ) values (  'e5934030-ea3c-11e8-a9bb-d5565d1ec044', null, '1001AA10000000000O2B', null, null, 'BS000010000100001004',300, null, null, '分布式',0, null, 'Y', 'N', 'Y', 'N',0, null, null, null, null, 'dataoriginflag',0, null,16, '2018-11-19 11:29:16',0,0, 'N', 'N', 'Y', '2UC000-000151', 'N', 'N', 'N', null, 'N', null, '0' ) ;
insert into md_property ( id, accessorclassname, classid, createtime, creator, datatype, datatypestyle, defaultvalue, description, displayname, dr, help, isactive, hided, nullable, readonly, attrlength, attrmaxvalue, attrminvalue, modifier, modifytime, name, precise, refmodelname, attrsequence, ts, visibility, versiontype, fixedlength, calculation, isauthen, resid, customattr, notserialize, dynamicattr, dynamictable, accesspower, accesspowergroup, industry ) values (  'e5934031-ea3c-11e8-a9bb-d5565d1ec044', null, '1001AA10000000000O2B', null, null, 'ba3f1197-8584-445d-88a0-102e505f94e5',300, '1', null, '数据类型',0, null, 'Y', 'N', 'Y', 'N',0, null, null, null, null, 'datatype',0, null,17, '2018-11-19 11:29:16',0,0, 'N', 'N', 'Y', '2UC000-000458', 'N', 'N', 'N', null, 'N', null, '0' ) ;
insert into md_property ( id, accessorclassname, classid, createtime, creator, datatype, datatypestyle, defaultvalue, description, displayname, dr, help, isactive, hided, nullable, readonly, attrlength, attrmaxvalue, attrminvalue, modifier, modifytime, name, precise, refmodelname, attrsequence, ts, visibility, versiontype, fixedlength, calculation, isauthen, resid, customattr, notserialize, dynamicattr, dynamictable, accesspower, accesspowergroup, industry ) values (  'e5934032-ea3c-11e8-a9bb-d5565d1ec044', null, '1001AA10000000000O2B', null, null, 'BS000010000100001056',300, null, null, '自定义项1',0, null, 'Y', 'N', 'Y', 'N',101, null, null, null, null, 'def1',0, null,18, '2018-11-19 11:29:16',0,-1, 'N', 'N', 'Y', null, 'Y', 'N', 'N', null, 'N', null, '0' ) ;
insert into md_property ( id, accessorclassname, classid, createtime, creator, datatype, datatypestyle, defaultvalue, description, displayname, dr, help, isactive, hided, nullable, readonly, attrlength, attrmaxvalue, attrminvalue, modifier, modifytime, name, precise, refmodelname, attrsequence, ts, visibility, versiontype, fixedlength, calculation, isauthen, resid, customattr, notserialize, dynamicattr, dynamictable, accesspower, accesspowergroup, industry ) values (  'e5934033-ea3c-11e8-a9bb-d5565d1ec044', null, '1001AA10000000000O2B', null, null, 'BS000010000100001056',300, null, null, '自定义项2',0, null, 'Y', 'N', 'Y', 'N',101, null, null, null, null, 'def2',0, null,19, '2018-11-19 11:29:16',0,-1, 'N', 'N', 'Y', null, 'Y', 'N', 'N', null, 'N', null, '0' ) ;
insert into md_property ( id, accessorclassname, classid, createtime, creator, datatype, datatypestyle, defaultvalue, description, displayname, dr, help, isactive, hided, nullable, readonly, attrlength, attrmaxvalue, attrminvalue, modifier, modifytime, name, precise, refmodelname, attrsequence, ts, visibility, versiontype, fixedlength, calculation, isauthen, resid, customattr, notserialize, dynamicattr, dynamictable, accesspower, accesspowergroup, industry ) values (  'e5934034-ea3c-11e8-a9bb-d5565d1ec044', null, '1001AA10000000000O2B', null, null, 'BS000010000100001056',300, null, null, '自定义项3',0, null, 'Y', 'N', 'Y', 'N',101, null, null, null, null, 'def3',0, null,20, '2018-11-19 11:29:16',0,-1, 'N', 'N', 'Y', null, 'Y', 'N', 'N', null, 'N', null, '0' ) ;
insert into md_property ( id, accessorclassname, classid, createtime, creator, datatype, datatypestyle, defaultvalue, description, displayname, dr, help, isactive, hided, nullable, readonly, attrlength, attrmaxvalue, attrminvalue, modifier, modifytime, name, precise, refmodelname, attrsequence, ts, visibility, versiontype, fixedlength, calculation, isauthen, resid, customattr, notserialize, dynamicattr, dynamictable, accesspower, accesspowergroup, industry ) values (  'e5934035-ea3c-11e8-a9bb-d5565d1ec044', null, '1001AA10000000000O2B', null, null, 'BS000010000100001056',300, null, null, '自定义项4',0, null, 'Y', 'N', 'Y', 'N',101, null, null, null, null, 'def4',0, null,21, '2018-11-19 11:29:16',0,-1, 'N', 'N', 'Y', null, 'Y', 'N', 'N', null, 'N', null, '0' ) ;
insert into md_property ( id, accessorclassname, classid, createtime, creator, datatype, datatypestyle, defaultvalue, description, displayname, dr, help, isactive, hided, nullable, readonly, attrlength, attrmaxvalue, attrminvalue, modifier, modifytime, name, precise, refmodelname, attrsequence, ts, visibility, versiontype, fixedlength, calculation, isauthen, resid, customattr, notserialize, dynamicattr, dynamictable, accesspower, accesspowergroup, industry ) values (  'e5934036-ea3c-11e8-a9bb-d5565d1ec044', null, '1001AA10000000000O2B', null, null, 'BS000010000100001056',300, null, null, '自定义项5',0, null, 'Y', 'N', 'Y', 'N',101, null, null, null, null, 'def5',0, null,22, '2018-11-19 11:29:16',0,-1, 'N', 'N', 'Y', null, 'Y', 'N', 'N', null, 'N', null, '0' ) ;
insert into md_property ( id, accessorclassname, classid, createtime, creator, datatype, datatypestyle, defaultvalue, description, displayname, dr, help, isactive, hided, nullable, readonly, attrlength, attrmaxvalue, attrminvalue, modifier, modifytime, name, precise, refmodelname, attrsequence, ts, visibility, versiontype, fixedlength, calculation, isauthen, resid, customattr, notserialize, dynamicattr, dynamictable, accesspower, accesspowergroup, industry ) values (  'e5934037-ea3c-11e8-a9bb-d5565d1ec044', null, '1001AA10000000000O2B', null, null, 'BS000010000100001056',300, null, null, '自定义项6',0, null, 'Y', 'N', 'Y', 'N',101, null, null, null, null, 'def6',0, null,23, '2018-11-19 11:29:16',0,-1, 'N', 'N', 'Y', null, 'Y', 'N', 'N', null, 'N', null, '0' ) ;
insert into md_property ( id, accessorclassname, classid, createtime, creator, datatype, datatypestyle, defaultvalue, description, displayname, dr, help, isactive, hided, nullable, readonly, attrlength, attrmaxvalue, attrminvalue, modifier, modifytime, name, precise, refmodelname, attrsequence, ts, visibility, versiontype, fixedlength, calculation, isauthen, resid, customattr, notserialize, dynamicattr, dynamictable, accesspower, accesspowergroup, industry ) values (  'e5934038-ea3c-11e8-a9bb-d5565d1ec044', null, '1001AA10000000000O2B', null, null, 'BS000010000100001056',300, null, null, '自定义项7',0, null, 'Y', 'N', 'Y', 'N',101, null, null, null, null, 'def7',0, null,24, '2018-11-19 11:29:16',0,-1, 'N', 'N', 'Y', null, 'Y', 'N', 'N', null, 'N', null, '0' ) ;
insert into md_property ( id, accessorclassname, classid, createtime, creator, datatype, datatypestyle, defaultvalue, description, displayname, dr, help, isactive, hided, nullable, readonly, attrlength, attrmaxvalue, attrminvalue, modifier, modifytime, name, precise, refmodelname, attrsequence, ts, visibility, versiontype, fixedlength, calculation, isauthen, resid, customattr, notserialize, dynamicattr, dynamictable, accesspower, accesspowergroup, industry ) values (  'e5934039-ea3c-11e8-a9bb-d5565d1ec044', null, '1001AA10000000000O2B', null, null, 'BS000010000100001056',300, null, null, '自定义项8',0, null, 'Y', 'N', 'Y', 'N',101, null, null, null, null, 'def8',0, null,25, '2018-11-19 11:29:16',0,-1, 'N', 'N', 'Y', null, 'Y', 'N', 'N', null, 'N', null, '0' ) ;
insert into md_property ( id, accessorclassname, classid, createtime, creator, datatype, datatypestyle, defaultvalue, description, displayname, dr, help, isactive, hided, nullable, readonly, attrlength, attrmaxvalue, attrminvalue, modifier, modifytime, name, precise, refmodelname, attrsequence, ts, visibility, versiontype, fixedlength, calculation, isauthen, resid, customattr, notserialize, dynamicattr, dynamictable, accesspower, accesspowergroup, industry ) values (  'e593403a-ea3c-11e8-a9bb-d5565d1ec044', null, '1001AA10000000000O2B', null, null, 'BS000010000100001056',300, null, null, '自定义项9',0, null, 'Y', 'N', 'Y', 'N',101, null, null, null, null, 'def9',0, null,26, '2018-11-19 11:29:16',0,-1, 'N', 'N', 'Y', null, 'Y', 'N', 'N', null, 'N', null, '0' ) ;
insert into md_property ( id, accessorclassname, classid, createtime, creator, datatype, datatypestyle, defaultvalue, description, displayname, dr, help, isactive, hided, nullable, readonly, attrlength, attrmaxvalue, attrminvalue, modifier, modifytime, name, precise, refmodelname, attrsequence, ts, visibility, versiontype, fixedlength, calculation, isauthen, resid, customattr, notserialize, dynamicattr, dynamictable, accesspower, accesspowergroup, industry ) values (  'e593403b-ea3c-11e8-a9bb-d5565d1ec044', null, '1001AA10000000000O2B', null, null, 'BS000010000100001056',300, null, null, '自定义项10',0, null, 'Y', 'N', 'Y', 'N',101, null, null, null, null, 'def10',0, null,27, '2018-11-19 11:29:16',0,-1, 'N', 'N', 'Y', null, 'Y', 'N', 'N', null, 'N', null, '0' ) ;
insert into md_property ( id, accessorclassname, classid, createtime, creator, datatype, datatypestyle, defaultvalue, description, displayname, dr, help, isactive, hided, nullable, readonly, attrlength, attrmaxvalue, attrminvalue, modifier, modifytime, name, precise, refmodelname, attrsequence, ts, visibility, versiontype, fixedlength, calculation, isauthen, resid, customattr, notserialize, dynamicattr, dynamictable, accesspower, accesspowergroup, industry ) values (  'e593403c-ea3c-11e8-a9bb-d5565d1ec044', null, '1001AA10000000000O2B', null, null, 'BS000010000100001056',300, null, null, '自定义项11',0, null, 'Y', 'N', 'Y', 'N',101, null, null, null, null, 'def11',0, null,28, '2018-11-19 11:29:16',0,-1, 'N', 'N', 'Y', null, 'Y', 'N', 'N', null, 'N', null, '0' ) ;
insert into md_property ( id, accessorclassname, classid, createtime, creator, datatype, datatypestyle, defaultvalue, description, displayname, dr, help, isactive, hided, nullable, readonly, attrlength, attrmaxvalue, attrminvalue, modifier, modifytime, name, precise, refmodelname, attrsequence, ts, visibility, versiontype, fixedlength, calculation, isauthen, resid, customattr, notserialize, dynamicattr, dynamictable, accesspower, accesspowergroup, industry ) values (  'e593403d-ea3c-11e8-a9bb-d5565d1ec044', null, '1001AA10000000000O2B', null, null, 'BS000010000100001056',300, null, null, '自定义项12',0, null, 'Y', 'N', 'Y', 'N',101, null, null, null, null, 'def12',0, null,29, '2018-11-19 11:29:16',0,-1, 'N', 'N', 'Y', null, 'Y', 'N', 'N', null, 'N', null, '0' ) ;
insert into md_property ( id, accessorclassname, classid, createtime, creator, datatype, datatypestyle, defaultvalue, description, displayname, dr, help, isactive, hided, nullable, readonly, attrlength, attrmaxvalue, attrminvalue, modifier, modifytime, name, precise, refmodelname, attrsequence, ts, visibility, versiontype, fixedlength, calculation, isauthen, resid, customattr, notserialize, dynamicattr, dynamictable, accesspower, accesspowergroup, industry ) values (  'e593403e-ea3c-11e8-a9bb-d5565d1ec044', null, '1001AA10000000000O2B', null, null, 'BS000010000100001056',300, null, null, '自定义项13',0, null, 'Y', 'N', 'Y', 'N',101, null, null, null, null, 'def13',0, null,30, '2018-11-19 11:29:16',0,-1, 'N', 'N', 'Y', null, 'Y', 'N', 'N', null, 'N', null, '0' ) ;
insert into md_property ( id, accessorclassname, classid, createtime, creator, datatype, datatypestyle, defaultvalue, description, displayname, dr, help, isactive, hided, nullable, readonly, attrlength, attrmaxvalue, attrminvalue, modifier, modifytime, name, precise, refmodelname, attrsequence, ts, visibility, versiontype, fixedlength, calculation, isauthen, resid, customattr, notserialize, dynamicattr, dynamictable, accesspower, accesspowergroup, industry ) values (  'e593403f-ea3c-11e8-a9bb-d5565d1ec044', null, '1001AA10000000000O2B', null, null, 'BS000010000100001056',300, null, null, '自定义项14',0, null, 'Y', 'N', 'Y', 'N',101, null, null, null, null, 'def14',0, null,31, '2018-11-19 11:29:16',0,-1, 'N', 'N', 'Y', null, 'Y', 'N', 'N', null, 'N', null, '0' ) ;
insert into md_property ( id, accessorclassname, classid, createtime, creator, datatype, datatypestyle, defaultvalue, description, displayname, dr, help, isactive, hided, nullable, readonly, attrlength, attrmaxvalue, attrminvalue, modifier, modifytime, name, precise, refmodelname, attrsequence, ts, visibility, versiontype, fixedlength, calculation, isauthen, resid, customattr, notserialize, dynamicattr, dynamictable, accesspower, accesspowergroup, industry ) values (  'e5934040-ea3c-11e8-a9bb-d5565d1ec044', null, '1001AA10000000000O2B', null, null, 'BS000010000100001056',300, null, null, '自定义项15',0, null, 'Y', 'N', 'Y', 'N',101, null, null, null, null, 'def15',0, null,32, '2018-11-19 11:29:16',0,-1, 'N', 'N', 'Y', null, 'Y', 'N', 'N', null, 'N', null, '0' ) ;
insert into md_property ( id, accessorclassname, classid, createtime, creator, datatype, datatypestyle, defaultvalue, description, displayname, dr, help, isactive, hided, nullable, readonly, attrlength, attrmaxvalue, attrminvalue, modifier, modifytime, name, precise, refmodelname, attrsequence, ts, visibility, versiontype, fixedlength, calculation, isauthen, resid, customattr, notserialize, dynamicattr, dynamictable, accesspower, accesspowergroup, industry ) values (  'e5934041-ea3c-11e8-a9bb-d5565d1ec044', null, '1001AA10000000000O2B', null, null, 'BS000010000100001056',300, null, null, '自定义项16',0, null, 'Y', 'N', 'Y', 'N',101, null, null, null, null, 'def16',0, null,33, '2018-11-19 11:29:16',0,-1, 'N', 'N', 'Y', null, 'Y', 'N', 'N', null, 'N', null, '0' ) ;
insert into md_property ( id, accessorclassname, classid, createtime, creator, datatype, datatypestyle, defaultvalue, description, displayname, dr, help, isactive, hided, nullable, readonly, attrlength, attrmaxvalue, attrminvalue, modifier, modifytime, name, precise, refmodelname, attrsequence, ts, visibility, versiontype, fixedlength, calculation, isauthen, resid, customattr, notserialize, dynamicattr, dynamictable, accesspower, accesspowergroup, industry ) values (  'e5934042-ea3c-11e8-a9bb-d5565d1ec044', null, '1001AA10000000000O2B', null, null, 'BS000010000100001056',300, null, null, '自定义项17',0, null, 'Y', 'N', 'Y', 'N',101, null, null, null, null, 'def17',0, null,34, '2018-11-19 11:29:16',0,-1, 'N', 'N', 'Y', null, 'Y', 'N', 'N', null, 'N', null, '0' ) ;
insert into md_property ( id, accessorclassname, classid, createtime, creator, datatype, datatypestyle, defaultvalue, description, displayname, dr, help, isactive, hided, nullable, readonly, attrlength, attrmaxvalue, attrminvalue, modifier, modifytime, name, precise, refmodelname, attrsequence, ts, visibility, versiontype, fixedlength, calculation, isauthen, resid, customattr, notserialize, dynamicattr, dynamictable, accesspower, accesspowergroup, industry ) values (  'e5934043-ea3c-11e8-a9bb-d5565d1ec044', null, '1001AA10000000000O2B', null, null, 'BS000010000100001056',300, null, null, '自定义项18',0, null, 'Y', 'N', 'Y', 'N',101, null, null, null, null, 'def18',0, null,35, '2018-11-19 11:29:16',0,-1, 'N', 'N', 'Y', null, 'Y', 'N', 'N', null, 'N', null, '0' ) ;
insert into md_property ( id, accessorclassname, classid, createtime, creator, datatype, datatypestyle, defaultvalue, description, displayname, dr, help, isactive, hided, nullable, readonly, attrlength, attrmaxvalue, attrminvalue, modifier, modifytime, name, precise, refmodelname, attrsequence, ts, visibility, versiontype, fixedlength, calculation, isauthen, resid, customattr, notserialize, dynamicattr, dynamictable, accesspower, accesspowergroup, industry ) values (  'e5934044-ea3c-11e8-a9bb-d5565d1ec044', null, '1001AA10000000000O2B', null, null, 'BS000010000100001056',300, null, null, '自定义项19',0, null, 'Y', 'N', 'Y', 'N',101, null, null, null, null, 'def19',0, null,36, '2018-11-19 11:29:16',0,-1, 'N', 'N', 'Y', null, 'Y', 'N', 'N', null, 'N', null, '0' ) ;
insert into md_property ( id, accessorclassname, classid, createtime, creator, datatype, datatypestyle, defaultvalue, description, displayname, dr, help, isactive, hided, nullable, readonly, attrlength, attrmaxvalue, attrminvalue, modifier, modifytime, name, precise, refmodelname, attrsequence, ts, visibility, versiontype, fixedlength, calculation, isauthen, resid, customattr, notserialize, dynamicattr, dynamictable, accesspower, accesspowergroup, industry ) values (  'e5934045-ea3c-11e8-a9bb-d5565d1ec044', null, '1001AA10000000000O2B', null, null, 'BS000010000100001056',300, null, null, '自定义项20',0, null, 'Y', 'N', 'Y', 'N',101, null, null, null, null, 'def20',0, null,37, '2018-11-19 11:29:16',0,-1, 'N', 'N', 'Y', null, 'Y', 'N', 'N', null, 'N', null, '0' ) ;
insert into md_bizItfMap ( bizinterfaceid, intattrid, classid, classattrid, bizitfimpclassname, classattrpath, dr, ts ) values (  '6c8722b9-911a-489b-8d0d-18bd3734fcf6', '5dd3c721-22ad-42b1-9c10-4351c236bc77', '1001AA10000000000O2B', 'e5934020-ea3c-11e8-a9bb-d5565d1ec044', null, null,0, '2018-11-19 11:29:16' ) ;
insert into md_bizItfMap ( bizinterfaceid, intattrid, classid, classattrid, bizitfimpclassname, classattrpath, dr, ts ) values (  '6c8722b9-911a-489b-8d0d-18bd3734fcf6', 'ecf1b76a-6e44-42e2-a55e-87596504775b', '1001AA10000000000O2B', 'e593402d-ea3c-11e8-a9bb-d5565d1ec044', null, null,0, '2018-11-19 11:29:16' ) ;
insert into md_bizItfMap ( bizinterfaceid, intattrid, classid, classattrid, bizitfimpclassname, classattrpath, dr, ts ) values (  '6c8722b9-911a-489b-8d0d-18bd3734fcf6', 'd32cc17b-f415-415a-923f-0764443eb102', '1001AA10000000000O2B', 'e5934019-ea3c-11e8-a9bb-d5565d1ec044', null, null,0, '2018-11-19 11:29:16' ) ;
insert into md_bizItfMap ( bizinterfaceid, intattrid, classid, classattrid, bizitfimpclassname, classattrpath, dr, ts ) values (  '6c8722b9-911a-489b-8d0d-18bd3734fcf6', '89578a97-42fe-439b-827c-8eabd9e3604c', '1001AA10000000000O2B', 'e5934026-ea3c-11e8-a9bb-d5565d1ec044', null, null,0, '2018-11-19 11:29:16' ) ;
insert into md_bizItfMap ( bizinterfaceid, intattrid, classid, classattrid, bizitfimpclassname, classattrpath, dr, ts ) values (  '6c8722b9-911a-489b-8d0d-18bd3734fcf6', 'a47e6cda-09e4-480b-923f-ec6f41e3e06c', '1001AA10000000000O2B', 'e593402c-ea3c-11e8-a9bb-d5565d1ec044', null, null,0, '2018-11-19 11:29:16' ) ;
insert into md_association ( id, componentid, creator, createtime, dr, endcardinality, startbeanid, endelementid, isactive, modifier, modifytime, name, startcardinality, startelementid, ts, type, versiontype, industry ) values (  '6afcb99c-62ef-4816-a113-202fabafbcc7', 'e593401a-ea3c-11e8-a9bb-d5565d1ec044', null, null,0, '1', '1001AA10000000000O2B', '16c1dca0-e3ed-4dcc-8ed7-75fd59e2bef1', 'Y', null, null, 'Defdoc-C0J00117_pk_defdoclist', '1', 'e593402b-ea3c-11e8-a9bb-d5565d1ec044', '2018-11-19 11:29:16',3,0, '0' ) ;
insert into md_association ( id, componentid, creator, createtime, dr, endcardinality, startbeanid, endelementid, isactive, modifier, modifytime, name, startcardinality, startelementid, ts, type, versiontype, industry ) values (  '6464cc3e-3f94-4f55-8398-9f87425a8f93', 'e593401a-ea3c-11e8-a9bb-d5565d1ec044', null, null,0, '1', '1001AA10000000000O2B', '985be8a4-3a36-4778-8afe-2d8ed3902659', 'Y', null, null, 'Defdoc-C0J00117_pk_org', '1', 'e593402d-ea3c-11e8-a9bb-d5565d1ec044', '2018-11-19 11:29:16',3,0, '0' ) ;
insert into md_association ( id, componentid, creator, createtime, dr, endcardinality, startbeanid, endelementid, isactive, modifier, modifytime, name, startcardinality, startelementid, ts, type, versiontype, industry ) values (  'ce2e3fac-9b5e-4b79-9eb6-dd7e8a5de932', 'e593401a-ea3c-11e8-a9bb-d5565d1ec044', null, null,0, '1', '1001AA10000000000O2B', '3b6dd171-2900-47f3-bfbe-41e4483a2a65', 'Y', null, null, 'Defdoc-C0J00117_pk_group', '1', 'e593402c-ea3c-11e8-a9bb-d5565d1ec044', '2018-11-19 11:29:16',3,0, '0' ) ;
insert into md_association ( id, componentid, creator, createtime, dr, endcardinality, startbeanid, endelementid, isactive, modifier, modifytime, name, startcardinality, startelementid, ts, type, versiontype, industry ) values (  '66c3157b-89bd-4d10-a196-4591c69fb601', 'e593401a-ea3c-11e8-a9bb-d5565d1ec044', null, null,0, '1', '1001AA10000000000O2B', 'f6f9a473-56c0-432f-8bc7-fbf8fde54fee', 'Y', null, null, 'Defdoc-C0J00117_creator', '1', 'e593401d-ea3c-11e8-a9bb-d5565d1ec044', '2018-11-19 11:29:16',3,0, '0' ) ;
insert into md_association ( id, componentid, creator, createtime, dr, endcardinality, startbeanid, endelementid, isactive, modifier, modifytime, name, startcardinality, startelementid, ts, type, versiontype, industry ) values (  '805876e4-b1fa-4a79-9255-3d7e94e6c590', 'e593401a-ea3c-11e8-a9bb-d5565d1ec044', null, null,0, '1', '1001AA10000000000O2B', 'f6f9a473-56c0-432f-8bc7-fbf8fde54fee', 'Y', null, null, 'Defdoc-C0J00117_modifier', '1', 'e5934023-ea3c-11e8-a9bb-d5565d1ec044', '2018-11-19 11:29:16',3,0, '0' ) ;
insert into md_table ( id, createtime, creator, databaseid, description, displayname, dr, help, isactive, fromsourcebmf, modifier, modifytime, name, ts, versiontype, resmodule, resid, parenttable, isextendtable, industry ) values (  'bd_defdoc', '2018-11-17 15:46:30', null, null, null, '报告格式(自定义档案)',0, 'ignorebdmode,BDMODE,URC,DEFDOC,BUSILOG,DOC', null, 'Y', null, null, 'bd_defdoc', '2018-11-19 11:29:16',0, '10140uddb', null, null, null, '0' ) ;
insert into md_column ( id, sqldatetype, createtime, creator, defaultvalue, description, displayname, dr, help, incrementseed, incrementstep, isactive, identitied, pkey, nullable, columnlength, modifier, modifytime, name, precise, columnsequence, tableid, ts, versiontype, resid, groupid, columntype, forlocale ) values (  'bd_defdoc@@PK@@', 'char', null, null, null, null, '自定义档案主键',0, null,null,null, 'Y', null, 'Y', 'N',20, null, null, 'pk_defdoc',0,0, 'bd_defdoc', '2018-11-19 11:29:16',0, '2UC000-000747', null,0, 'N' ) ;
insert into md_column ( id, sqldatetype, createtime, creator, defaultvalue, description, displayname, dr, help, incrementseed, incrementstep, isactive, identitied, pkey, nullable, columnlength, modifier, modifytime, name, precise, columnsequence, tableid, ts, versiontype, resid, groupid, columntype, forlocale ) values (  'bd_defdoc@@@pk_defdoclist', 'char', null, null, null, null, '自定义档案列表主键',0, null,null,null, 'Y', null, 'N', 'N',20, null, null, 'pk_defdoclist',0,1, 'bd_defdoc', '2018-11-19 11:29:16',0, '2UC000-000748', null,0, 'N' ) ;
insert into md_column ( id, sqldatetype, createtime, creator, defaultvalue, description, displayname, dr, help, incrementseed, incrementstep, isactive, identitied, pkey, nullable, columnlength, modifier, modifytime, name, precise, columnsequence, tableid, ts, versiontype, resid, groupid, columntype, forlocale ) values (  'bd_defdoc@@@pk_org', 'char', null, null, null, null, '所属组织',0, null,null,null, 'Y', null, 'N', 'N',20, null, null, 'pk_org',0,2, 'bd_defdoc', '2018-11-19 11:29:16',0, '2UC000-000360', null,0, 'N' ) ;
insert into md_column ( id, sqldatetype, createtime, creator, defaultvalue, description, displayname, dr, help, incrementseed, incrementstep, isactive, identitied, pkey, nullable, columnlength, modifier, modifytime, name, precise, columnsequence, tableid, ts, versiontype, resid, groupid, columntype, forlocale ) values (  'bd_defdoc@@@pk_group', 'varchar', null, null, '*~', null, '所属集团',0, null,null,null, 'Y', null, 'N', 'Y',20, null, null, 'pk_group',0,3, 'bd_defdoc', '2018-11-19 11:29:16',0, '2UC000-000367', null,0, 'N' ) ;
insert into md_column ( id, sqldatetype, createtime, creator, defaultvalue, description, displayname, dr, help, incrementseed, incrementstep, isactive, identitied, pkey, nullable, columnlength, modifier, modifytime, name, precise, columnsequence, tableid, ts, versiontype, resid, groupid, columntype, forlocale ) values (  'bd_defdoc@@@code', 'varchar', null, null, null, null, '档案编码',0, 'URC',null,null, 'Y', null, 'N', 'N',40, null, null, 'code',0,4, 'bd_defdoc', '2018-11-19 11:29:16',0, '2UC000-000557', null,0, 'N' ) ;
insert into md_column ( id, sqldatetype, createtime, creator, defaultvalue, description, displayname, dr, help, incrementseed, incrementstep, isactive, identitied, pkey, nullable, columnlength, modifier, modifytime, name, precise, columnsequence, tableid, ts, versiontype, resid, groupid, columntype, forlocale ) values (  'bd_defdoc@@@name', 'varchar', null, null, null, null, '档案名称',0, 'URC',null,null, 'Y', null, 'N', 'Y',200, null, null, 'name',0,0, 'bd_defdoc', '2018-11-19 11:29:16',0, '2UC000-000556', 'bd_defdoc@@@name',0, 'N' ) ;
insert into md_column ( id, sqldatetype, createtime, creator, defaultvalue, description, displayname, dr, help, incrementseed, incrementstep, isactive, identitied, pkey, nullable, columnlength, modifier, modifytime, name, precise, columnsequence, tableid, ts, versiontype, resid, groupid, columntype, forlocale ) values (  'bd_defdoc@@@shortname', 'varchar', null, null, null, null, '简称',0, null,null,null, 'Y', null, 'N', 'Y',200, null, null, 'shortname',0,0, 'bd_defdoc', '2018-11-19 11:29:16',0, '2UC000-000675', 'bd_defdoc@@@shortname',0, 'N' ) ;
insert into md_column ( id, sqldatetype, createtime, creator, defaultvalue, description, displayname, dr, help, incrementseed, incrementstep, isactive, identitied, pkey, nullable, columnlength, modifier, modifytime, name, precise, columnsequence, tableid, ts, versiontype, resid, groupid, columntype, forlocale ) values (  'bd_defdoc@@@mnecode', 'varchar', null, null, null, null, '助记码',0, null,null,null, 'Y', null, 'N', 'Y',50, null, null, 'mnecode',0,7, 'bd_defdoc', '2018-11-19 11:29:16',0, '2UC000-000172', null,0, 'N' ) ;
insert into md_column ( id, sqldatetype, createtime, creator, defaultvalue, description, displayname, dr, help, incrementseed, incrementstep, isactive, identitied, pkey, nullable, columnlength, modifier, modifytime, name, precise, columnsequence, tableid, ts, versiontype, resid, groupid, columntype, forlocale ) values (  'bd_defdoc@@@pid', 'varchar', null, null, '*~', null, '上级档案',0, null,null,null, 'Y', null, 'N', 'Y',20, null, null, 'pid',0,8, 'bd_defdoc', '2018-11-19 11:29:16',0, '2UC000-000007', null,0, 'N' ) ;
insert into md_column ( id, sqldatetype, createtime, creator, defaultvalue, description, displayname, dr, help, incrementseed, incrementstep, isactive, identitied, pkey, nullable, columnlength, modifier, modifytime, name, precise, columnsequence, tableid, ts, versiontype, resid, groupid, columntype, forlocale ) values (  'bd_defdoc@@@memo', 'varchar', null, null, null, null, '备注',0, null,null,null, 'Y', null, 'N', 'Y',200, null, null, 'memo',0,9, 'bd_defdoc', '2018-11-19 11:29:16',0, '2UC000-000258', null,0, 'N' ) ;
insert into md_column ( id, sqldatetype, createtime, creator, defaultvalue, description, displayname, dr, help, incrementseed, incrementstep, isactive, identitied, pkey, nullable, columnlength, modifier, modifytime, name, precise, columnsequence, tableid, ts, versiontype, resid, groupid, columntype, forlocale ) values (  'bd_defdoc@@@creator', 'varchar', null, null, '*~', null, '创建人',0, null,null,null, 'Y', null, 'N', 'Y',20, null, null, 'creator',0,10, 'bd_defdoc', '2018-11-19 11:29:16',0, '2UC000-000155', null,0, 'N' ) ;
insert into md_column ( id, sqldatetype, createtime, creator, defaultvalue, description, displayname, dr, help, incrementseed, incrementstep, isactive, identitied, pkey, nullable, columnlength, modifier, modifytime, name, precise, columnsequence, tableid, ts, versiontype, resid, groupid, columntype, forlocale ) values (  'bd_defdoc@@@creationtime', 'char', null, null, null, null, '创建时间',0, null,null,null, 'Y', null, 'N', 'Y',19, null, null, 'creationtime',0,11, 'bd_defdoc', '2018-11-19 11:29:16',0, '2UC000-000157', null,0, 'N' ) ;
insert into md_column ( id, sqldatetype, createtime, creator, defaultvalue, description, displayname, dr, help, incrementseed, incrementstep, isactive, identitied, pkey, nullable, columnlength, modifier, modifytime, name, precise, columnsequence, tableid, ts, versiontype, resid, groupid, columntype, forlocale ) values (  'bd_defdoc@@@modifier', 'varchar', null, null, '*~', null, '最后修改人',0, null,null,null, 'Y', null, 'N', 'Y',20, null, null, 'modifier',0,12, 'bd_defdoc', '2018-11-19 11:29:16',0, '2UC000-000490', null,0, 'N' ) ;
insert into md_column ( id, sqldatetype, createtime, creator, defaultvalue, description, displayname, dr, help, incrementseed, incrementstep, isactive, identitied, pkey, nullable, columnlength, modifier, modifytime, name, precise, columnsequence, tableid, ts, versiontype, resid, groupid, columntype, forlocale ) values (  'bd_defdoc@@@modifiedtime', 'char', null, null, null, null, '最后修改时间',0, null,null,null, 'Y', null, 'N', 'Y',19, null, null, 'modifiedtime',0,13, 'bd_defdoc', '2018-11-19 11:29:16',0, '2UC000-000491', null,0, 'N' ) ;
insert into md_column ( id, sqldatetype, createtime, creator, defaultvalue, description, displayname, dr, help, incrementseed, incrementstep, isactive, identitied, pkey, nullable, columnlength, modifier, modifytime, name, precise, columnsequence, tableid, ts, versiontype, resid, groupid, columntype, forlocale ) values (  'bd_defdoc@@@innercode', 'varchar', null, null, null, null, '内部编码',0, null,null,null, 'Y', null, 'N', 'Y',200, null, null, 'innercode',0,14, 'bd_defdoc', '2018-11-19 11:29:16',0, '2UC000-000136', null,0, 'N' ) ;
insert into md_column ( id, sqldatetype, createtime, creator, defaultvalue, description, displayname, dr, help, incrementseed, incrementstep, isactive, identitied, pkey, nullable, columnlength, modifier, modifytime, name, precise, columnsequence, tableid, ts, versiontype, resid, groupid, columntype, forlocale ) values (  'bd_defdoc@@@enablestate', 'int', null, null, null, null, '启用状态',0, null,null,null, 'Y', null, 'N', 'Y',0, null, null, 'enablestate',0,15, 'bd_defdoc', '2018-11-19 11:29:16',0, '2UC000-000249', null,0, 'N' ) ;
insert into md_column ( id, sqldatetype, createtime, creator, defaultvalue, description, displayname, dr, help, incrementseed, incrementstep, isactive, identitied, pkey, nullable, columnlength, modifier, modifytime, name, precise, columnsequence, tableid, ts, versiontype, resid, groupid, columntype, forlocale ) values (  'bd_defdoc@@@dataoriginflag', 'int', null, null, null, null, '分布式',0, null,null,null, 'Y', null, 'N', 'Y',0, null, null, 'dataoriginflag',0,16, 'bd_defdoc', '2018-11-19 11:29:16',0, '2UC000-000151', null,0, 'N' ) ;
insert into md_column ( id, sqldatetype, createtime, creator, defaultvalue, description, displayname, dr, help, incrementseed, incrementstep, isactive, identitied, pkey, nullable, columnlength, modifier, modifytime, name, precise, columnsequence, tableid, ts, versiontype, resid, groupid, columntype, forlocale ) values (  'bd_defdoc@@@datatype', 'int', null, null, '1', null, '数据类型',0, null,null,null, 'Y', null, 'N', 'Y',0, null, null, 'datatype',0,17, 'bd_defdoc', '2018-11-19 11:29:16',0, '2UC000-000458', null,0, 'N' ) ;
insert into md_column ( id, sqldatetype, createtime, creator, defaultvalue, description, displayname, dr, help, incrementseed, incrementstep, isactive, identitied, pkey, nullable, columnlength, modifier, modifytime, name, precise, columnsequence, tableid, ts, versiontype, resid, groupid, columntype, forlocale ) values (  'bd_defdoc@@@def1', 'varchar', null, null, null, null, '自定义项1',0, null,null,null, 'Y', null, 'N', 'Y',101, null, null, 'def1',0,18, 'bd_defdoc', '2018-11-19 11:29:16',-1, null, null,0, 'N' ) ;
insert into md_column ( id, sqldatetype, createtime, creator, defaultvalue, description, displayname, dr, help, incrementseed, incrementstep, isactive, identitied, pkey, nullable, columnlength, modifier, modifytime, name, precise, columnsequence, tableid, ts, versiontype, resid, groupid, columntype, forlocale ) values (  'bd_defdoc@@@def2', 'varchar', null, null, null, null, '自定义项2',0, null,null,null, 'Y', null, 'N', 'Y',101, null, null, 'def2',0,19, 'bd_defdoc', '2018-11-19 11:29:16',-1, null, null,0, 'N' ) ;
insert into md_column ( id, sqldatetype, createtime, creator, defaultvalue, description, displayname, dr, help, incrementseed, incrementstep, isactive, identitied, pkey, nullable, columnlength, modifier, modifytime, name, precise, columnsequence, tableid, ts, versiontype, resid, groupid, columntype, forlocale ) values (  'bd_defdoc@@@def3', 'varchar', null, null, null, null, '自定义项3',0, null,null,null, 'Y', null, 'N', 'Y',101, null, null, 'def3',0,20, 'bd_defdoc', '2018-11-19 11:29:16',-1, null, null,0, 'N' ) ;
insert into md_column ( id, sqldatetype, createtime, creator, defaultvalue, description, displayname, dr, help, incrementseed, incrementstep, isactive, identitied, pkey, nullable, columnlength, modifier, modifytime, name, precise, columnsequence, tableid, ts, versiontype, resid, groupid, columntype, forlocale ) values (  'bd_defdoc@@@def4', 'varchar', null, null, null, null, '自定义项4',0, null,null,null, 'Y', null, 'N', 'Y',101, null, null, 'def4',0,21, 'bd_defdoc', '2018-11-19 11:29:16',-1, null, null,0, 'N' ) ;
insert into md_column ( id, sqldatetype, createtime, creator, defaultvalue, description, displayname, dr, help, incrementseed, incrementstep, isactive, identitied, pkey, nullable, columnlength, modifier, modifytime, name, precise, columnsequence, tableid, ts, versiontype, resid, groupid, columntype, forlocale ) values (  'bd_defdoc@@@def5', 'varchar', null, null, null, null, '自定义项5',0, null,null,null, 'Y', null, 'N', 'Y',101, null, null, 'def5',0,22, 'bd_defdoc', '2018-11-19 11:29:16',-1, null, null,0, 'N' ) ;
insert into md_column ( id, sqldatetype, createtime, creator, defaultvalue, description, displayname, dr, help, incrementseed, incrementstep, isactive, identitied, pkey, nullable, columnlength, modifier, modifytime, name, precise, columnsequence, tableid, ts, versiontype, resid, groupid, columntype, forlocale ) values (  'bd_defdoc@@@def6', 'varchar', null, null, null, null, '自定义项6',0, null,null,null, 'Y', null, 'N', 'Y',101, null, null, 'def6',0,23, 'bd_defdoc', '2018-11-19 11:29:16',-1, null, null,0, 'N' ) ;
insert into md_column ( id, sqldatetype, createtime, creator, defaultvalue, description, displayname, dr, help, incrementseed, incrementstep, isactive, identitied, pkey, nullable, columnlength, modifier, modifytime, name, precise, columnsequence, tableid, ts, versiontype, resid, groupid, columntype, forlocale ) values (  'bd_defdoc@@@def7', 'varchar', null, null, null, null, '自定义项7',0, null,null,null, 'Y', null, 'N', 'Y',101, null, null, 'def7',0,24, 'bd_defdoc', '2018-11-19 11:29:16',-1, null, null,0, 'N' ) ;
insert into md_column ( id, sqldatetype, createtime, creator, defaultvalue, description, displayname, dr, help, incrementseed, incrementstep, isactive, identitied, pkey, nullable, columnlength, modifier, modifytime, name, precise, columnsequence, tableid, ts, versiontype, resid, groupid, columntype, forlocale ) values (  'bd_defdoc@@@def8', 'varchar', null, null, null, null, '自定义项8',0, null,null,null, 'Y', null, 'N', 'Y',101, null, null, 'def8',0,25, 'bd_defdoc', '2018-11-19 11:29:16',-1, null, null,0, 'N' ) ;
insert into md_column ( id, sqldatetype, createtime, creator, defaultvalue, description, displayname, dr, help, incrementseed, incrementstep, isactive, identitied, pkey, nullable, columnlength, modifier, modifytime, name, precise, columnsequence, tableid, ts, versiontype, resid, groupid, columntype, forlocale ) values (  'bd_defdoc@@@def9', 'varchar', null, null, null, null, '自定义项9',0, null,null,null, 'Y', null, 'N', 'Y',101, null, null, 'def9',0,26, 'bd_defdoc', '2018-11-19 11:29:16',-1, null, null,0, 'N' ) ;
insert into md_column ( id, sqldatetype, createtime, creator, defaultvalue, description, displayname, dr, help, incrementseed, incrementstep, isactive, identitied, pkey, nullable, columnlength, modifier, modifytime, name, precise, columnsequence, tableid, ts, versiontype, resid, groupid, columntype, forlocale ) values (  'bd_defdoc@@@def10', 'varchar', null, null, null, null, '自定义项10',0, null,null,null, 'Y', null, 'N', 'Y',101, null, null, 'def10',0,27, 'bd_defdoc', '2018-11-19 11:29:16',-1, null, null,0, 'N' ) ;
insert into md_column ( id, sqldatetype, createtime, creator, defaultvalue, description, displayname, dr, help, incrementseed, incrementstep, isactive, identitied, pkey, nullable, columnlength, modifier, modifytime, name, precise, columnsequence, tableid, ts, versiontype, resid, groupid, columntype, forlocale ) values (  'bd_defdoc@@@def11', 'varchar', null, null, null, null, '自定义项11',0, null,null,null, 'Y', null, 'N', 'Y',101, null, null, 'def11',0,28, 'bd_defdoc', '2018-11-19 11:29:16',-1, null, null,0, 'N' ) ;
insert into md_column ( id, sqldatetype, createtime, creator, defaultvalue, description, displayname, dr, help, incrementseed, incrementstep, isactive, identitied, pkey, nullable, columnlength, modifier, modifytime, name, precise, columnsequence, tableid, ts, versiontype, resid, groupid, columntype, forlocale ) values (  'bd_defdoc@@@def12', 'varchar', null, null, null, null, '自定义项12',0, null,null,null, 'Y', null, 'N', 'Y',101, null, null, 'def12',0,29, 'bd_defdoc', '2018-11-19 11:29:16',-1, null, null,0, 'N' ) ;
insert into md_column ( id, sqldatetype, createtime, creator, defaultvalue, description, displayname, dr, help, incrementseed, incrementstep, isactive, identitied, pkey, nullable, columnlength, modifier, modifytime, name, precise, columnsequence, tableid, ts, versiontype, resid, groupid, columntype, forlocale ) values (  'bd_defdoc@@@def13', 'varchar', null, null, null, null, '自定义项13',0, null,null,null, 'Y', null, 'N', 'Y',101, null, null, 'def13',0,30, 'bd_defdoc', '2018-11-19 11:29:16',-1, null, null,0, 'N' ) ;
insert into md_column ( id, sqldatetype, createtime, creator, defaultvalue, description, displayname, dr, help, incrementseed, incrementstep, isactive, identitied, pkey, nullable, columnlength, modifier, modifytime, name, precise, columnsequence, tableid, ts, versiontype, resid, groupid, columntype, forlocale ) values (  'bd_defdoc@@@def14', 'varchar', null, null, null, null, '自定义项14',0, null,null,null, 'Y', null, 'N', 'Y',101, null, null, 'def14',0,31, 'bd_defdoc', '2018-11-19 11:29:16',-1, null, null,0, 'N' ) ;
insert into md_column ( id, sqldatetype, createtime, creator, defaultvalue, description, displayname, dr, help, incrementseed, incrementstep, isactive, identitied, pkey, nullable, columnlength, modifier, modifytime, name, precise, columnsequence, tableid, ts, versiontype, resid, groupid, columntype, forlocale ) values (  'bd_defdoc@@@def15', 'varchar', null, null, null, null, '自定义项15',0, null,null,null, 'Y', null, 'N', 'Y',101, null, null, 'def15',0,32, 'bd_defdoc', '2018-11-19 11:29:16',-1, null, null,0, 'N' ) ;
insert into md_column ( id, sqldatetype, createtime, creator, defaultvalue, description, displayname, dr, help, incrementseed, incrementstep, isactive, identitied, pkey, nullable, columnlength, modifier, modifytime, name, precise, columnsequence, tableid, ts, versiontype, resid, groupid, columntype, forlocale ) values (  'bd_defdoc@@@def16', 'varchar', null, null, null, null, '自定义项16',0, null,null,null, 'Y', null, 'N', 'Y',101, null, null, 'def16',0,33, 'bd_defdoc', '2018-11-19 11:29:16',-1, null, null,0, 'N' ) ;
insert into md_column ( id, sqldatetype, createtime, creator, defaultvalue, description, displayname, dr, help, incrementseed, incrementstep, isactive, identitied, pkey, nullable, columnlength, modifier, modifytime, name, precise, columnsequence, tableid, ts, versiontype, resid, groupid, columntype, forlocale ) values (  'bd_defdoc@@@def17', 'varchar', null, null, null, null, '自定义项17',0, null,null,null, 'Y', null, 'N', 'Y',101, null, null, 'def17',0,34, 'bd_defdoc', '2018-11-19 11:29:16',-1, null, null,0, 'N' ) ;
insert into md_column ( id, sqldatetype, createtime, creator, defaultvalue, description, displayname, dr, help, incrementseed, incrementstep, isactive, identitied, pkey, nullable, columnlength, modifier, modifytime, name, precise, columnsequence, tableid, ts, versiontype, resid, groupid, columntype, forlocale ) values (  'bd_defdoc@@@def18', 'varchar', null, null, null, null, '自定义项18',0, null,null,null, 'Y', null, 'N', 'Y',101, null, null, 'def18',0,35, 'bd_defdoc', '2018-11-19 11:29:16',-1, null, null,0, 'N' ) ;
insert into md_column ( id, sqldatetype, createtime, creator, defaultvalue, description, displayname, dr, help, incrementseed, incrementstep, isactive, identitied, pkey, nullable, columnlength, modifier, modifytime, name, precise, columnsequence, tableid, ts, versiontype, resid, groupid, columntype, forlocale ) values (  'bd_defdoc@@@def19', 'varchar', null, null, null, null, '自定义项19',0, null,null,null, 'Y', null, 'N', 'Y',101, null, null, 'def19',0,36, 'bd_defdoc', '2018-11-19 11:29:16',-1, null, null,0, 'N' ) ;
insert into md_column ( id, sqldatetype, createtime, creator, defaultvalue, description, displayname, dr, help, incrementseed, incrementstep, isactive, identitied, pkey, nullable, columnlength, modifier, modifytime, name, precise, columnsequence, tableid, ts, versiontype, resid, groupid, columntype, forlocale ) values (  'bd_defdoc@@@def20', 'varchar', null, null, null, null, '自定义项20',0, null,null,null, 'Y', null, 'N', 'Y',101, null, null, 'def20',0,37, 'bd_defdoc', '2018-11-19 11:29:16',-1, null, null,0, 'N' ) ;
insert into md_column ( id, sqldatetype, createtime, creator, defaultvalue, description, displayname, dr, help, incrementseed, incrementstep, isactive, identitied, pkey, nullable, columnlength, modifier, modifytime, name, precise, columnsequence, tableid, ts, versiontype, resid, groupid, columntype, forlocale ) values (  'bd_defdoc@@@name2', 'varchar', null, null, null, null, '档案名称2',0, 'URC',null,null, 'Y', null, 'N', 'Y',200, null, null, 'name2',0,0, 'bd_defdoc', '2018-11-19 11:29:16',0, '2UC000-000556', 'bd_defdoc@@@name',0, 'N' ) ;
insert into md_column ( id, sqldatetype, createtime, creator, defaultvalue, description, displayname, dr, help, incrementseed, incrementstep, isactive, identitied, pkey, nullable, columnlength, modifier, modifytime, name, precise, columnsequence, tableid, ts, versiontype, resid, groupid, columntype, forlocale ) values (  'bd_defdoc@@@name3', 'varchar', null, null, null, null, '档案名称3',0, 'URC',null,null, 'Y', null, 'N', 'Y',200, null, null, 'name3',0,0, 'bd_defdoc', '2018-11-19 11:29:16',0, '2UC000-000556', 'bd_defdoc@@@name',0, 'N' ) ;
insert into md_column ( id, sqldatetype, createtime, creator, defaultvalue, description, displayname, dr, help, incrementseed, incrementstep, isactive, identitied, pkey, nullable, columnlength, modifier, modifytime, name, precise, columnsequence, tableid, ts, versiontype, resid, groupid, columntype, forlocale ) values (  'bd_defdoc@@@name4', 'varchar', null, null, null, null, '档案名称4',0, 'URC',null,null, 'Y', null, 'N', 'Y',200, null, null, 'name4',0,0, 'bd_defdoc', '2018-11-19 11:29:16',0, '2UC000-000556', 'bd_defdoc@@@name',0, 'N' ) ;
insert into md_column ( id, sqldatetype, createtime, creator, defaultvalue, description, displayname, dr, help, incrementseed, incrementstep, isactive, identitied, pkey, nullable, columnlength, modifier, modifytime, name, precise, columnsequence, tableid, ts, versiontype, resid, groupid, columntype, forlocale ) values (  'bd_defdoc@@@name5', 'varchar', null, null, null, null, '档案名称5',0, 'URC',null,null, 'Y', null, 'N', 'Y',200, null, null, 'name5',0,0, 'bd_defdoc', '2018-11-19 11:29:16',0, '2UC000-000556', 'bd_defdoc@@@name',0, 'N' ) ;
insert into md_column ( id, sqldatetype, createtime, creator, defaultvalue, description, displayname, dr, help, incrementseed, incrementstep, isactive, identitied, pkey, nullable, columnlength, modifier, modifytime, name, precise, columnsequence, tableid, ts, versiontype, resid, groupid, columntype, forlocale ) values (  'bd_defdoc@@@name6', 'varchar', null, null, null, null, '档案名称6',0, 'URC',null,null, 'Y', null, 'N', 'Y',200, null, null, 'name6',0,0, 'bd_defdoc', '2018-11-19 11:29:16',0, '2UC000-000556', 'bd_defdoc@@@name',0, 'N' ) ;
insert into md_column ( id, sqldatetype, createtime, creator, defaultvalue, description, displayname, dr, help, incrementseed, incrementstep, isactive, identitied, pkey, nullable, columnlength, modifier, modifytime, name, precise, columnsequence, tableid, ts, versiontype, resid, groupid, columntype, forlocale ) values (  'bd_defdoc@@@shortname2', 'varchar', null, null, null, null, '简称2',0, null,null,null, 'Y', null, 'N', 'Y',200, null, null, 'shortname2',0,0, 'bd_defdoc', '2018-11-19 11:29:16',0, '2UC000-000675', 'bd_defdoc@@@shortname',0, 'N' ) ;
insert into md_column ( id, sqldatetype, createtime, creator, defaultvalue, description, displayname, dr, help, incrementseed, incrementstep, isactive, identitied, pkey, nullable, columnlength, modifier, modifytime, name, precise, columnsequence, tableid, ts, versiontype, resid, groupid, columntype, forlocale ) values (  'bd_defdoc@@@shortname3', 'varchar', null, null, null, null, '简称3',0, null,null,null, 'Y', null, 'N', 'Y',200, null, null, 'shortname3',0,0, 'bd_defdoc', '2018-11-19 11:29:16',0, '2UC000-000675', 'bd_defdoc@@@shortname',0, 'N' ) ;
insert into md_column ( id, sqldatetype, createtime, creator, defaultvalue, description, displayname, dr, help, incrementseed, incrementstep, isactive, identitied, pkey, nullable, columnlength, modifier, modifytime, name, precise, columnsequence, tableid, ts, versiontype, resid, groupid, columntype, forlocale ) values (  'bd_defdoc@@@shortname4', 'varchar', null, null, null, null, '简称4',0, null,null,null, 'Y', null, 'N', 'Y',200, null, null, 'shortname4',0,0, 'bd_defdoc', '2018-11-19 11:29:16',0, '2UC000-000675', 'bd_defdoc@@@shortname',0, 'N' ) ;
insert into md_column ( id, sqldatetype, createtime, creator, defaultvalue, description, displayname, dr, help, incrementseed, incrementstep, isactive, identitied, pkey, nullable, columnlength, modifier, modifytime, name, precise, columnsequence, tableid, ts, versiontype, resid, groupid, columntype, forlocale ) values (  'bd_defdoc@@@shortname5', 'varchar', null, null, null, null, '简称5',0, null,null,null, 'Y', null, 'N', 'Y',200, null, null, 'shortname5',0,0, 'bd_defdoc', '2018-11-19 11:29:16',0, '2UC000-000675', 'bd_defdoc@@@shortname',0, 'N' ) ;
insert into md_column ( id, sqldatetype, createtime, creator, defaultvalue, description, displayname, dr, help, incrementseed, incrementstep, isactive, identitied, pkey, nullable, columnlength, modifier, modifytime, name, precise, columnsequence, tableid, ts, versiontype, resid, groupid, columntype, forlocale ) values (  'bd_defdoc@@@shortname6', 'varchar', null, null, null, null, '简称6',0, null,null,null, 'Y', null, 'N', 'Y',200, null, null, 'shortname6',0,0, 'bd_defdoc', '2018-11-19 11:29:16',0, '2UC000-000675', 'bd_defdoc@@@shortname',0, 'N' ) ;
insert into md_ORMap ( attributeid, classid, columnid, dr, tableid, ts ) values (  'e5934044-ea3c-11e8-a9bb-d5565d1ec044', '1001AA10000000000O2B', 'bd_defdoc@@@def19',0, 'bd_defdoc', '2018-11-19 11:29:16' ) ;
insert into md_ORMap ( attributeid, classid, columnid, dr, tableid, ts ) values (  'e593402c-ea3c-11e8-a9bb-d5565d1ec044', '1001AA10000000000O2B', 'bd_defdoc@@@pk_group',0, 'bd_defdoc', '2018-11-19 11:29:16' ) ;
insert into md_ORMap ( attributeid, classid, columnid, dr, tableid, ts ) values (  'e593402e-ea3c-11e8-a9bb-d5565d1ec044', '1001AA10000000000O2B', 'bd_defdoc@@@enablestate',0, 'bd_defdoc', '2018-11-19 11:29:16' ) ;
insert into md_ORMap ( attributeid, classid, columnid, dr, tableid, ts ) values (  'e5934020-ea3c-11e8-a9bb-d5565d1ec044', '1001AA10000000000O2B', 'bd_defdoc@@PK@@',0, 'bd_defdoc', '2018-11-19 11:29:16' ) ;
insert into md_ORMap ( attributeid, classid, columnid, dr, tableid, ts ) values (  'e5934026-ea3c-11e8-a9bb-d5565d1ec044', '1001AA10000000000O2B', 'bd_defdoc@@@name',0, 'bd_defdoc', '2018-11-19 11:29:16' ) ;
insert into md_ORMap ( attributeid, classid, columnid, dr, tableid, ts ) values (  'e593401d-ea3c-11e8-a9bb-d5565d1ec044', '1001AA10000000000O2B', 'bd_defdoc@@@creator',0, 'bd_defdoc', '2018-11-19 11:29:16' ) ;
insert into md_ORMap ( attributeid, classid, columnid, dr, tableid, ts ) values (  'e5934022-ea3c-11e8-a9bb-d5565d1ec044', '1001AA10000000000O2B', 'bd_defdoc@@@mnecode',0, 'bd_defdoc', '2018-11-19 11:29:16' ) ;
insert into md_ORMap ( attributeid, classid, columnid, dr, tableid, ts ) values (  'e5934025-ea3c-11e8-a9bb-d5565d1ec044', '1001AA10000000000O2B', 'bd_defdoc@@@modifiedtime',0, 'bd_defdoc', '2018-11-19 11:29:16' ) ;
insert into md_ORMap ( attributeid, classid, columnid, dr, tableid, ts ) values (  'e5934045-ea3c-11e8-a9bb-d5565d1ec044', '1001AA10000000000O2B', 'bd_defdoc@@@def20',0, 'bd_defdoc', '2018-11-19 11:29:16' ) ;
insert into md_ORMap ( attributeid, classid, columnid, dr, tableid, ts ) values (  'e5934031-ea3c-11e8-a9bb-d5565d1ec044', '1001AA10000000000O2B', 'bd_defdoc@@@datatype',0, 'bd_defdoc', '2018-11-19 11:29:16' ) ;
insert into md_ORMap ( attributeid, classid, columnid, dr, tableid, ts ) values (  'e5934032-ea3c-11e8-a9bb-d5565d1ec044', '1001AA10000000000O2B', 'bd_defdoc@@@def1',0, 'bd_defdoc', '2018-11-19 11:29:16' ) ;
insert into md_ORMap ( attributeid, classid, columnid, dr, tableid, ts ) values (  'e5934036-ea3c-11e8-a9bb-d5565d1ec044', '1001AA10000000000O2B', 'bd_defdoc@@@def5',0, 'bd_defdoc', '2018-11-19 11:29:16' ) ;
insert into md_ORMap ( attributeid, classid, columnid, dr, tableid, ts ) values (  'e593402b-ea3c-11e8-a9bb-d5565d1ec044', '1001AA10000000000O2B', 'bd_defdoc@@@pk_defdoclist',0, 'bd_defdoc', '2018-11-19 11:29:16' ) ;
insert into md_ORMap ( attributeid, classid, columnid, dr, tableid, ts ) values (  'e5934030-ea3c-11e8-a9bb-d5565d1ec044', '1001AA10000000000O2B', 'bd_defdoc@@@dataoriginflag',0, 'bd_defdoc', '2018-11-19 11:29:16' ) ;
insert into md_ORMap ( attributeid, classid, columnid, dr, tableid, ts ) values (  'e5934019-ea3c-11e8-a9bb-d5565d1ec044', '1001AA10000000000O2B', 'bd_defdoc@@@code',0, 'bd_defdoc', '2018-11-19 11:29:16' ) ;
insert into md_ORMap ( attributeid, classid, columnid, dr, tableid, ts ) values (  'e593403d-ea3c-11e8-a9bb-d5565d1ec044', '1001AA10000000000O2B', 'bd_defdoc@@@def12',0, 'bd_defdoc', '2018-11-19 11:29:16' ) ;
insert into md_ORMap ( attributeid, classid, columnid, dr, tableid, ts ) values (  'e5934034-ea3c-11e8-a9bb-d5565d1ec044', '1001AA10000000000O2B', 'bd_defdoc@@@def3',0, 'bd_defdoc', '2018-11-19 11:29:16' ) ;
insert into md_ORMap ( attributeid, classid, columnid, dr, tableid, ts ) values (  'e5934043-ea3c-11e8-a9bb-d5565d1ec044', '1001AA10000000000O2B', 'bd_defdoc@@@def18',0, 'bd_defdoc', '2018-11-19 11:29:16' ) ;
insert into md_ORMap ( attributeid, classid, columnid, dr, tableid, ts ) values (  'e593402d-ea3c-11e8-a9bb-d5565d1ec044', '1001AA10000000000O2B', 'bd_defdoc@@@pk_org',0, 'bd_defdoc', '2018-11-19 11:29:16' ) ;
insert into md_ORMap ( attributeid, classid, columnid, dr, tableid, ts ) values (  'e593403a-ea3c-11e8-a9bb-d5565d1ec044', '1001AA10000000000O2B', 'bd_defdoc@@@def9',0, 'bd_defdoc', '2018-11-19 11:29:16' ) ;
insert into md_ORMap ( attributeid, classid, columnid, dr, tableid, ts ) values (  'e5934027-ea3c-11e8-a9bb-d5565d1ec044', '1001AA10000000000O2B', 'bd_defdoc@@@shortname',0, 'bd_defdoc', '2018-11-19 11:29:16' ) ;
insert into md_ORMap ( attributeid, classid, columnid, dr, tableid, ts ) values (  'e5934040-ea3c-11e8-a9bb-d5565d1ec044', '1001AA10000000000O2B', 'bd_defdoc@@@def15',0, 'bd_defdoc', '2018-11-19 11:29:16' ) ;
insert into md_ORMap ( attributeid, classid, columnid, dr, tableid, ts ) values (  'e5934042-ea3c-11e8-a9bb-d5565d1ec044', '1001AA10000000000O2B', 'bd_defdoc@@@def17',0, 'bd_defdoc', '2018-11-19 11:29:16' ) ;
insert into md_ORMap ( attributeid, classid, columnid, dr, tableid, ts ) values (  'e593403b-ea3c-11e8-a9bb-d5565d1ec044', '1001AA10000000000O2B', 'bd_defdoc@@@def10',0, 'bd_defdoc', '2018-11-19 11:29:16' ) ;
insert into md_ORMap ( attributeid, classid, columnid, dr, tableid, ts ) values (  'e5934037-ea3c-11e8-a9bb-d5565d1ec044', '1001AA10000000000O2B', 'bd_defdoc@@@def6',0, 'bd_defdoc', '2018-11-19 11:29:16' ) ;
insert into md_ORMap ( attributeid, classid, columnid, dr, tableid, ts ) values (  'e5934021-ea3c-11e8-a9bb-d5565d1ec044', '1001AA10000000000O2B', 'bd_defdoc@@@memo',0, 'bd_defdoc', '2018-11-19 11:29:16' ) ;
insert into md_ORMap ( attributeid, classid, columnid, dr, tableid, ts ) values (  'e593401f-ea3c-11e8-a9bb-d5565d1ec044', '1001AA10000000000O2B', 'bd_defdoc@@@innercode',0, 'bd_defdoc', '2018-11-19 11:29:16' ) ;
insert into md_ORMap ( attributeid, classid, columnid, dr, tableid, ts ) values (  'e5934023-ea3c-11e8-a9bb-d5565d1ec044', '1001AA10000000000O2B', 'bd_defdoc@@@modifier',0, 'bd_defdoc', '2018-11-19 11:29:16' ) ;
insert into md_ORMap ( attributeid, classid, columnid, dr, tableid, ts ) values (  'e593403f-ea3c-11e8-a9bb-d5565d1ec044', '1001AA10000000000O2B', 'bd_defdoc@@@def14',0, 'bd_defdoc', '2018-11-19 11:29:16' ) ;
insert into md_ORMap ( attributeid, classid, columnid, dr, tableid, ts ) values (  'e5934041-ea3c-11e8-a9bb-d5565d1ec044', '1001AA10000000000O2B', 'bd_defdoc@@@def16',0, 'bd_defdoc', '2018-11-19 11:29:16' ) ;
insert into md_ORMap ( attributeid, classid, columnid, dr, tableid, ts ) values (  'e593403c-ea3c-11e8-a9bb-d5565d1ec044', '1001AA10000000000O2B', 'bd_defdoc@@@def11',0, 'bd_defdoc', '2018-11-19 11:29:16' ) ;
insert into md_ORMap ( attributeid, classid, columnid, dr, tableid, ts ) values (  'e593403e-ea3c-11e8-a9bb-d5565d1ec044', '1001AA10000000000O2B', 'bd_defdoc@@@def13',0, 'bd_defdoc', '2018-11-19 11:29:16' ) ;
insert into md_ORMap ( attributeid, classid, columnid, dr, tableid, ts ) values (  'e5934038-ea3c-11e8-a9bb-d5565d1ec044', '1001AA10000000000O2B', 'bd_defdoc@@@def7',0, 'bd_defdoc', '2018-11-19 11:29:16' ) ;
insert into md_ORMap ( attributeid, classid, columnid, dr, tableid, ts ) values (  'e5934029-ea3c-11e8-a9bb-d5565d1ec044', '1001AA10000000000O2B', 'bd_defdoc@@@pid',0, 'bd_defdoc', '2018-11-19 11:29:16' ) ;
insert into md_ORMap ( attributeid, classid, columnid, dr, tableid, ts ) values (  'e593401c-ea3c-11e8-a9bb-d5565d1ec044', '1001AA10000000000O2B', 'bd_defdoc@@@creationtime',0, 'bd_defdoc', '2018-11-19 11:29:16' ) ;
insert into md_ORMap ( attributeid, classid, columnid, dr, tableid, ts ) values (  'e5934035-ea3c-11e8-a9bb-d5565d1ec044', '1001AA10000000000O2B', 'bd_defdoc@@@def4',0, 'bd_defdoc', '2018-11-19 11:29:16' ) ;
insert into md_ORMap ( attributeid, classid, columnid, dr, tableid, ts ) values (  'e5934039-ea3c-11e8-a9bb-d5565d1ec044', '1001AA10000000000O2B', 'bd_defdoc@@@def8',0, 'bd_defdoc', '2018-11-19 11:29:16' ) ;
insert into md_ORMap ( attributeid, classid, columnid, dr, tableid, ts ) values (  'e5934033-ea3c-11e8-a9bb-d5565d1ec044', '1001AA10000000000O2B', 'bd_defdoc@@@def2',0, 'bd_defdoc', '2018-11-19 11:29:16' ) ;


--Defdoc-C0J00118
delete from md_db_relation where startattrid in (select id from md_property where classid in ('1001AA10000000000O3K','@@@@' ) )  and starttableid in ('bd_defdoc','@@@@');
delete from md_ORMap where ATTRIBUTEID in(select id from md_property where classid in ('1001AA10000000000O3K','@@@@' ) )  and tableid in ('bd_defdoc','@@@@') ;
delete from md_table where id not in (select distinct tableid from md_ormap );
delete from md_column where  tableid in('bd_defdoc','@@@@') and id not in(select distinct columnid from md_ormap) and (nvl(groupid ,'~')='~' or groupid = id )  and name <> 'extend_bean_tag' ;
delete from md_column where tableid in ('bd_defdoc','@@@@')and groupid is not null and groupid not in( select distinct id from md_column where tableid in ('bd_defdoc','@@@@') ) ;
delete from md_db_relation where starttableid not in (select id from md_table);
delete from md_property where classID in (select distinct id from md_class where componentID='f1d5adce-ea3c-11e8-a9bb-d5565d1ec044'  )  ;
delete from md_association where componentID = 'f1d5adce-ea3c-11e8-a9bb-d5565d1ec044'  ;
delete from md_bizItfMap where classID in (select distinct id from md_class where componentID='f1d5adce-ea3c-11e8-a9bb-d5565d1ec044'  );
delete from md_bizItfMap where classID in ( select id from md_opInterface where componentID = 'f1d5adce-ea3c-11e8-a9bb-d5565d1ec044'  );
delete from md_accessorPara where id in (select distinct id from md_class where componentID='f1d5adce-ea3c-11e8-a9bb-d5565d1ec044'  );
delete from md_enumValue where id in (select distinct id from md_class where componentID='f1d5adce-ea3c-11e8-a9bb-d5565d1ec044'  ) ;
delete from md_class where componentID = 'f1d5adce-ea3c-11e8-a9bb-d5565d1ec044'  ;
delete from md_component where id = 'f1d5adce-ea3c-11e8-a9bb-d5565d1ec044' ;
delete from md_table where (id='bd_defdoc');
delete from md_column where (id='bd_defdoc@@PK@@');
delete from md_column where (id='bd_defdoc@@@pk_defdoclist');
delete from md_column where (id='bd_defdoc@@@pk_org');
delete from md_column where (id='bd_defdoc@@@pk_group');
delete from md_column where (id='bd_defdoc@@@code');
delete from md_column where (id='bd_defdoc@@@name');
delete from md_column where (id='bd_defdoc@@@shortname');
delete from md_column where (id='bd_defdoc@@@mnecode');
delete from md_column where (id='bd_defdoc@@@pid');
delete from md_column where (id='bd_defdoc@@@memo');
delete from md_column where (id='bd_defdoc@@@creator');
delete from md_column where (id='bd_defdoc@@@creationtime');
delete from md_column where (id='bd_defdoc@@@modifier');
delete from md_column where (id='bd_defdoc@@@modifiedtime');
delete from md_column where (id='bd_defdoc@@@innercode');
delete from md_column where (id='bd_defdoc@@@enablestate');
delete from md_column where (id='bd_defdoc@@@dataoriginflag');
delete from md_column where (id='bd_defdoc@@@datatype');
delete from md_column where (id='bd_defdoc@@@def1');
delete from md_column where (id='bd_defdoc@@@def2');
delete from md_column where (id='bd_defdoc@@@def3');
delete from md_column where (id='bd_defdoc@@@def4');
delete from md_column where (id='bd_defdoc@@@def5');
delete from md_column where (id='bd_defdoc@@@def6');
delete from md_column where (id='bd_defdoc@@@def7');
delete from md_column where (id='bd_defdoc@@@def8');
delete from md_column where (id='bd_defdoc@@@def9');
delete from md_column where (id='bd_defdoc@@@def10');
delete from md_column where (id='bd_defdoc@@@def11');
delete from md_column where (id='bd_defdoc@@@def12');
delete from md_column where (id='bd_defdoc@@@def13');
delete from md_column where (id='bd_defdoc@@@def14');
delete from md_column where (id='bd_defdoc@@@def15');
delete from md_column where (id='bd_defdoc@@@def16');
delete from md_column where (id='bd_defdoc@@@def17');
delete from md_column where (id='bd_defdoc@@@def18');
delete from md_column where (id='bd_defdoc@@@def19');
delete from md_column where (id='bd_defdoc@@@def20');
delete from md_column where (id='bd_defdoc@@@name2');
delete from md_column where (id='bd_defdoc@@@name3');
delete from md_column where (id='bd_defdoc@@@name4');
delete from md_column where (id='bd_defdoc@@@name5');
delete from md_column where (id='bd_defdoc@@@name6');
delete from md_column where (id='bd_defdoc@@@shortname2');
delete from md_column where (id='bd_defdoc@@@shortname3');
delete from md_column where (id='bd_defdoc@@@shortname4');
delete from md_column where (id='bd_defdoc@@@shortname5');
delete from md_column where (id='bd_defdoc@@@shortname6');


insert into md_component ( createtime, creator, description, displayname, dr, fromsourcebmf, help, id, industry, isbizmodel, modifier, modifytime, name, namespace, ownmodule, preload, resid, resmodule, ts, version, versiontype ) values (  '2018-11-17 15:46:51', null, null, '报告语言(自定义档案)',0, 'Y', null, 'f1d5adce-ea3c-11e8-a9bb-d5565d1ec044', '0', 'N', null, null, 'Defdoc-C0J00118', 'uap', 'uapbd', null, null, '10140uddb', '2018-11-19 11:29:34', '1',0 ) ;
insert into md_class ( id, accessorclassname, classtype, componentid, createtime, creator, description, displayname, dr, fullclassname, help, isactive, keyattribute, modifier, modifytime, name, parentclassid, precise, refmodelname, returntype, ts, versiontype, isprimary, defaulttablename, stereotype, isauthen, resid, bizitfimpclassname, modinfoclassname, iscreatesql, isextendbean, userdefclassname, industry, fixedlength ) values (  '1001AA10000000000O3K', 'nc.md.model.access.javamap.NCBeanStyle',201, 'f1d5adce-ea3c-11e8-a9bb-d5565d1ec044', '2018-11-17 15:46:51', null, null, '报告语言(自定义档案)',0, 'nc.vo.bd.defdoc.DefdocVO', 'ignorebdmode,BDMODE,URC,DEFDOC,BUSILOG,DOC', null, 'f1d5add4-ea3c-11e8-a9bb-d5565d1ec044', null, null, 'Defdoc-C0J00118', null,null, '报告语言(自定义档案)', null, '2018-11-19 11:29:34',0, 'Y', 'bd_defdoc', null, 'Y', null, null, null, 'Y', null, null, '0', null ) ;
insert into md_property ( id, accessorclassname, classid, createtime, creator, datatype, datatypestyle, defaultvalue, description, displayname, dr, help, isactive, hided, nullable, readonly, attrlength, attrmaxvalue, attrminvalue, modifier, modifytime, name, precise, refmodelname, attrsequence, ts, visibility, versiontype, fixedlength, calculation, isauthen, resid, customattr, notserialize, dynamicattr, dynamictable, accesspower, accesspowergroup, industry ) values (  'f1d5add4-ea3c-11e8-a9bb-d5565d1ec044', null, '1001AA10000000000O3K', null, null, 'BS000010000100001051',300, null, null, '自定义档案主键',0, null, 'Y', 'N', 'N', 'N',20, null, null, null, null, 'pk_defdoc',0, null,0, '2018-11-19 11:29:34',0,0, 'N', 'N', 'Y', '2UC000-000747', 'N', 'N', 'N', null, 'N', null, '0' ) ;
insert into md_property ( id, accessorclassname, classid, createtime, creator, datatype, datatypestyle, defaultvalue, description, displayname, dr, help, isactive, hided, nullable, readonly, attrlength, attrmaxvalue, attrminvalue, modifier, modifytime, name, precise, refmodelname, attrsequence, ts, visibility, versiontype, fixedlength, calculation, isauthen, resid, customattr, notserialize, dynamicattr, dynamictable, accesspower, accesspowergroup, industry ) values (  'f1d5addf-ea3c-11e8-a9bb-d5565d1ec044', null, '1001AA10000000000O3K', null, null, '16c1dca0-e3ed-4dcc-8ed7-75fd59e2bef1',305, null, null, '自定义档案列表主键',0, null, 'Y', 'N', 'N', 'N',20, null, null, null, null, 'pk_defdoclist',0, '自定义档案列表',1, '2018-11-19 11:29:34',0,0, 'N', 'N', 'Y', '2UC000-000748', 'N', 'N', 'N', null, 'N', null, '0' ) ;
insert into md_property ( id, accessorclassname, classid, createtime, creator, datatype, datatypestyle, defaultvalue, description, displayname, dr, help, isactive, hided, nullable, readonly, attrlength, attrmaxvalue, attrminvalue, modifier, modifytime, name, precise, refmodelname, attrsequence, ts, visibility, versiontype, fixedlength, calculation, isauthen, resid, customattr, notserialize, dynamicattr, dynamictable, accesspower, accesspowergroup, industry ) values (  'f1d5ade1-ea3c-11e8-a9bb-d5565d1ec044', null, '1001AA10000000000O3K', null, null, '985be8a4-3a36-4778-8afe-2d8ed3902659',305, null, null, '所属组织',0, null, 'Y', 'N', 'N', 'N',20, null, null, null, null, 'pk_org',0, '业务单元',2, '2018-11-19 11:29:34',0,0, 'N', 'N', 'Y', '2UC000-000360', 'N', 'N', 'N', null, 'N', null, '0' ) ;
insert into md_property ( id, accessorclassname, classid, createtime, creator, datatype, datatypestyle, defaultvalue, description, displayname, dr, help, isactive, hided, nullable, readonly, attrlength, attrmaxvalue, attrminvalue, modifier, modifytime, name, precise, refmodelname, attrsequence, ts, visibility, versiontype, fixedlength, calculation, isauthen, resid, customattr, notserialize, dynamicattr, dynamictable, accesspower, accesspowergroup, industry ) values (  'f1d5ade0-ea3c-11e8-a9bb-d5565d1ec044', null, '1001AA10000000000O3K', null, null, '3b6dd171-2900-47f3-bfbe-41e4483a2a65',305, null, null, '所属集团',0, null, 'Y', 'N', 'Y', 'N',20, null, null, null, null, 'pk_group',0, '集团',3, '2018-11-19 11:29:34',0,0, 'N', 'N', 'Y', '2UC000-000367', 'N', 'N', 'N', null, 'N', null, '0' ) ;
insert into md_property ( id, accessorclassname, classid, createtime, creator, datatype, datatypestyle, defaultvalue, description, displayname, dr, help, isactive, hided, nullable, readonly, attrlength, attrmaxvalue, attrminvalue, modifier, modifytime, name, precise, refmodelname, attrsequence, ts, visibility, versiontype, fixedlength, calculation, isauthen, resid, customattr, notserialize, dynamicattr, dynamictable, accesspower, accesspowergroup, industry ) values (  'f1d5adcd-ea3c-11e8-a9bb-d5565d1ec044', null, '1001AA10000000000O3K', null, null, 'BS000010000100001001',300, null, null, '档案编码',0, 'URC', 'Y', 'N', 'N', 'N',40, null, null, null, null, 'code',0, null,4, '2018-11-19 11:29:34',0,0, 'N', 'N', 'Y', '2UC000-000557', 'N', 'N', 'N', null, 'N', null, '0' ) ;
insert into md_property ( id, accessorclassname, classid, createtime, creator, datatype, datatypestyle, defaultvalue, description, displayname, dr, help, isactive, hided, nullable, readonly, attrlength, attrmaxvalue, attrminvalue, modifier, modifytime, name, precise, refmodelname, attrsequence, ts, visibility, versiontype, fixedlength, calculation, isauthen, resid, customattr, notserialize, dynamicattr, dynamictable, accesspower, accesspowergroup, industry ) values (  'f1d5adda-ea3c-11e8-a9bb-d5565d1ec044', null, '1001AA10000000000O3K', null, null, 'BS000010000100001058',300, null, null, '档案名称',0, 'URC', 'Y', 'N', 'Y', 'N',200, null, null, null, null, 'name',0, null,5, '2018-11-19 11:29:34',0,0, 'N', 'N', 'Y', '2UC000-000556', 'N', 'N', 'N', null, 'N', null, '0' ) ;
insert into md_property ( id, accessorclassname, classid, createtime, creator, datatype, datatypestyle, defaultvalue, description, displayname, dr, help, isactive, hided, nullable, readonly, attrlength, attrmaxvalue, attrminvalue, modifier, modifytime, name, precise, refmodelname, attrsequence, ts, visibility, versiontype, fixedlength, calculation, isauthen, resid, customattr, notserialize, dynamicattr, dynamictable, accesspower, accesspowergroup, industry ) values (  'f1d5addb-ea3c-11e8-a9bb-d5565d1ec044', null, '1001AA10000000000O3K', null, null, 'BS000010000100001058',300, null, null, '简称',0, null, 'Y', 'N', 'Y', 'N',200, null, null, null, null, 'shortname',0, null,6, '2018-11-19 11:29:34',0,0, 'N', 'N', 'Y', '2UC000-000675', 'N', 'N', 'N', null, 'N', null, '0' ) ;
insert into md_property ( id, accessorclassname, classid, createtime, creator, datatype, datatypestyle, defaultvalue, description, displayname, dr, help, isactive, hided, nullable, readonly, attrlength, attrmaxvalue, attrminvalue, modifier, modifytime, name, precise, refmodelname, attrsequence, ts, visibility, versiontype, fixedlength, calculation, isauthen, resid, customattr, notserialize, dynamicattr, dynamictable, accesspower, accesspowergroup, industry ) values (  'f1d5add6-ea3c-11e8-a9bb-d5565d1ec044', null, '1001AA10000000000O3K', null, null, 'BS000010000100001001',300, null, null, '助记码',0, null, 'Y', 'N', 'Y', 'N',50, null, null, null, null, 'mnecode',0, null,7, '2018-11-19 11:29:34',0,0, 'N', 'N', 'Y', '2UC000-000172', 'N', 'N', 'N', null, 'N', null, '0' ) ;
insert into md_property ( id, accessorclassname, classid, createtime, creator, datatype, datatypestyle, defaultvalue, description, displayname, dr, help, isactive, hided, nullable, readonly, attrlength, attrmaxvalue, attrminvalue, modifier, modifytime, name, precise, refmodelname, attrsequence, ts, visibility, versiontype, fixedlength, calculation, isauthen, resid, customattr, notserialize, dynamicattr, dynamictable, accesspower, accesspowergroup, industry ) values (  'f1d5addd-ea3c-11e8-a9bb-d5565d1ec044', null, '1001AA10000000000O3K', null, null, 'BS000010000100001001',300, null, null, '上级档案',0, null, 'Y', 'N', 'Y', 'N',20, null, null, null, null, 'pid',0, null,8, '2018-11-19 11:29:34',0,0, 'N', 'N', 'Y', '2UC000-000007', 'N', 'N', 'N', null, 'N', null, '0' ) ;
insert into md_property ( id, accessorclassname, classid, createtime, creator, datatype, datatypestyle, defaultvalue, description, displayname, dr, help, isactive, hided, nullable, readonly, attrlength, attrmaxvalue, attrminvalue, modifier, modifytime, name, precise, refmodelname, attrsequence, ts, visibility, versiontype, fixedlength, calculation, isauthen, resid, customattr, notserialize, dynamicattr, dynamictable, accesspower, accesspowergroup, industry ) values (  'f1d5add5-ea3c-11e8-a9bb-d5565d1ec044', null, '1001AA10000000000O3K', null, null, 'BS000010000100001001',300, null, null, '备注',0, null, 'Y', 'N', 'Y', 'N',200, null, null, null, null, 'memo',0, null,9, '2018-11-19 11:29:34',0,0, 'N', 'N', 'Y', '2UC000-000258', 'N', 'N', 'N', null, 'N', null, '0' ) ;
insert into md_property ( id, accessorclassname, classid, createtime, creator, datatype, datatypestyle, defaultvalue, description, displayname, dr, help, isactive, hided, nullable, readonly, attrlength, attrmaxvalue, attrminvalue, modifier, modifytime, name, precise, refmodelname, attrsequence, ts, visibility, versiontype, fixedlength, calculation, isauthen, resid, customattr, notserialize, dynamicattr, dynamictable, accesspower, accesspowergroup, industry ) values (  'f1d5add1-ea3c-11e8-a9bb-d5565d1ec044', null, '1001AA10000000000O3K', null, null, 'f6f9a473-56c0-432f-8bc7-fbf8fde54fee',305, null, null, '创建人',0, null, 'Y', 'N', 'Y', 'N',20, null, null, null, null, 'creator',0, '用户',10, '2018-11-19 11:29:34',0,0, 'N', 'N', 'Y', '2UC000-000155', 'N', 'N', 'N', null, 'N', null, '0' ) ;
insert into md_property ( id, accessorclassname, classid, createtime, creator, datatype, datatypestyle, defaultvalue, description, displayname, dr, help, isactive, hided, nullable, readonly, attrlength, attrmaxvalue, attrminvalue, modifier, modifytime, name, precise, refmodelname, attrsequence, ts, visibility, versiontype, fixedlength, calculation, isauthen, resid, customattr, notserialize, dynamicattr, dynamictable, accesspower, accesspowergroup, industry ) values (  'f1d5add0-ea3c-11e8-a9bb-d5565d1ec044', null, '1001AA10000000000O3K', null, null, 'BS000010000100001034',300, null, null, '创建时间',0, null, 'Y', 'N', 'Y', 'N',19, null, null, null, null, 'creationtime',0, null,11, '2018-11-19 11:29:34',0,0, 'N', 'N', 'Y', '2UC000-000157', 'N', 'N', 'N', null, 'N', null, '0' ) ;
insert into md_property ( id, accessorclassname, classid, createtime, creator, datatype, datatypestyle, defaultvalue, description, displayname, dr, help, isactive, hided, nullable, readonly, attrlength, attrmaxvalue, attrminvalue, modifier, modifytime, name, precise, refmodelname, attrsequence, ts, visibility, versiontype, fixedlength, calculation, isauthen, resid, customattr, notserialize, dynamicattr, dynamictable, accesspower, accesspowergroup, industry ) values (  'f1d5add7-ea3c-11e8-a9bb-d5565d1ec044', null, '1001AA10000000000O3K', null, null, 'f6f9a473-56c0-432f-8bc7-fbf8fde54fee',305, null, null, '最后修改人',0, null, 'Y', 'N', 'Y', 'N',20, null, null, null, null, 'modifier',0, '用户',12, '2018-11-19 11:29:34',0,0, 'N', 'N', 'Y', '2UC000-000490', 'N', 'N', 'N', null, 'N', null, '0' ) ;
insert into md_property ( id, accessorclassname, classid, createtime, creator, datatype, datatypestyle, defaultvalue, description, displayname, dr, help, isactive, hided, nullable, readonly, attrlength, attrmaxvalue, attrminvalue, modifier, modifytime, name, precise, refmodelname, attrsequence, ts, visibility, versiontype, fixedlength, calculation, isauthen, resid, customattr, notserialize, dynamicattr, dynamictable, accesspower, accesspowergroup, industry ) values (  'f1d5add9-ea3c-11e8-a9bb-d5565d1ec044', null, '1001AA10000000000O3K', null, null, 'BS000010000100001034',300, null, null, '最后修改时间',0, null, 'Y', 'N', 'Y', 'N',19, null, null, null, null, 'modifiedtime',0, null,13, '2018-11-19 11:29:34',0,0, 'N', 'N', 'Y', '2UC000-000491', 'N', 'N', 'N', null, 'N', null, '0' ) ;
insert into md_property ( id, accessorclassname, classid, createtime, creator, datatype, datatypestyle, defaultvalue, description, displayname, dr, help, isactive, hided, nullable, readonly, attrlength, attrmaxvalue, attrminvalue, modifier, modifytime, name, precise, refmodelname, attrsequence, ts, visibility, versiontype, fixedlength, calculation, isauthen, resid, customattr, notserialize, dynamicattr, dynamictable, accesspower, accesspowergroup, industry ) values (  'f1d5add3-ea3c-11e8-a9bb-d5565d1ec044', null, '1001AA10000000000O3K', null, null, 'BS000010000100001001',300, null, null, '内部编码',0, null, 'Y', 'N', 'Y', 'N',200, null, null, null, null, 'innercode',0, null,14, '2018-11-19 11:29:34',0,0, 'N', 'N', 'Y', '2UC000-000136', 'N', 'N', 'N', null, 'N', null, '0' ) ;
insert into md_property ( id, accessorclassname, classid, createtime, creator, datatype, datatypestyle, defaultvalue, description, displayname, dr, help, isactive, hided, nullable, readonly, attrlength, attrmaxvalue, attrminvalue, modifier, modifytime, name, precise, refmodelname, attrsequence, ts, visibility, versiontype, fixedlength, calculation, isauthen, resid, customattr, notserialize, dynamicattr, dynamictable, accesspower, accesspowergroup, industry ) values (  'f1d5ade2-ea3c-11e8-a9bb-d5565d1ec044', null, '1001AA10000000000O3K', null, null, '6b533ffa-3e43-4147-8670-ba0f5471fd40',300, null, null, '启用状态',0, null, 'Y', 'N', 'Y', 'N',0, null, null, null, null, 'enablestate',0, null,15, '2018-11-19 11:29:34',0,0, 'N', 'N', 'Y', '2UC000-000249', 'N', 'N', 'N', null, 'N', null, '0' ) ;
insert into md_property ( id, accessorclassname, classid, createtime, creator, datatype, datatypestyle, defaultvalue, description, displayname, dr, help, isactive, hided, nullable, readonly, attrlength, attrmaxvalue, attrminvalue, modifier, modifytime, name, precise, refmodelname, attrsequence, ts, visibility, versiontype, fixedlength, calculation, isauthen, resid, customattr, notserialize, dynamicattr, dynamictable, accesspower, accesspowergroup, industry ) values (  'f1d5ade4-ea3c-11e8-a9bb-d5565d1ec044', null, '1001AA10000000000O3K', null, null, 'BS000010000100001004',300, null, null, '分布式',0, null, 'Y', 'N', 'Y', 'N',0, null, null, null, null, 'dataoriginflag',0, null,16, '2018-11-19 11:29:34',0,0, 'N', 'N', 'Y', '2UC000-000151', 'N', 'N', 'N', null, 'N', null, '0' ) ;
insert into md_property ( id, accessorclassname, classid, createtime, creator, datatype, datatypestyle, defaultvalue, description, displayname, dr, help, isactive, hided, nullable, readonly, attrlength, attrmaxvalue, attrminvalue, modifier, modifytime, name, precise, refmodelname, attrsequence, ts, visibility, versiontype, fixedlength, calculation, isauthen, resid, customattr, notserialize, dynamicattr, dynamictable, accesspower, accesspowergroup, industry ) values (  'f1d5ade5-ea3c-11e8-a9bb-d5565d1ec044', null, '1001AA10000000000O3K', null, null, 'ba3f1197-8584-445d-88a0-102e505f94e5',300, '1', null, '数据类型',0, null, 'Y', 'N', 'Y', 'N',0, null, null, null, null, 'datatype',0, null,17, '2018-11-19 11:29:34',0,0, 'N', 'N', 'Y', '2UC000-000458', 'N', 'N', 'N', null, 'N', null, '0' ) ;
insert into md_property ( id, accessorclassname, classid, createtime, creator, datatype, datatypestyle, defaultvalue, description, displayname, dr, help, isactive, hided, nullable, readonly, attrlength, attrmaxvalue, attrminvalue, modifier, modifytime, name, precise, refmodelname, attrsequence, ts, visibility, versiontype, fixedlength, calculation, isauthen, resid, customattr, notserialize, dynamicattr, dynamictable, accesspower, accesspowergroup, industry ) values (  'f1d5ade6-ea3c-11e8-a9bb-d5565d1ec044', null, '1001AA10000000000O3K', null, null, 'BS000010000100001056',300, null, null, '自定义项1',0, null, 'Y', 'N', 'Y', 'N',101, null, null, null, null, 'def1',0, null,18, '2018-11-19 11:29:34',0,-1, 'N', 'N', 'Y', null, 'Y', 'N', 'N', null, 'N', null, '0' ) ;
insert into md_property ( id, accessorclassname, classid, createtime, creator, datatype, datatypestyle, defaultvalue, description, displayname, dr, help, isactive, hided, nullable, readonly, attrlength, attrmaxvalue, attrminvalue, modifier, modifytime, name, precise, refmodelname, attrsequence, ts, visibility, versiontype, fixedlength, calculation, isauthen, resid, customattr, notserialize, dynamicattr, dynamictable, accesspower, accesspowergroup, industry ) values (  'f1d5ade7-ea3c-11e8-a9bb-d5565d1ec044', null, '1001AA10000000000O3K', null, null, 'BS000010000100001056',300, null, null, '自定义项2',0, null, 'Y', 'N', 'Y', 'N',101, null, null, null, null, 'def2',0, null,19, '2018-11-19 11:29:34',0,-1, 'N', 'N', 'Y', null, 'Y', 'N', 'N', null, 'N', null, '0' ) ;
insert into md_property ( id, accessorclassname, classid, createtime, creator, datatype, datatypestyle, defaultvalue, description, displayname, dr, help, isactive, hided, nullable, readonly, attrlength, attrmaxvalue, attrminvalue, modifier, modifytime, name, precise, refmodelname, attrsequence, ts, visibility, versiontype, fixedlength, calculation, isauthen, resid, customattr, notserialize, dynamicattr, dynamictable, accesspower, accesspowergroup, industry ) values (  'f1d5ade8-ea3c-11e8-a9bb-d5565d1ec044', null, '1001AA10000000000O3K', null, null, 'BS000010000100001056',300, null, null, '自定义项3',0, null, 'Y', 'N', 'Y', 'N',101, null, null, null, null, 'def3',0, null,20, '2018-11-19 11:29:34',0,-1, 'N', 'N', 'Y', null, 'Y', 'N', 'N', null, 'N', null, '0' ) ;
insert into md_property ( id, accessorclassname, classid, createtime, creator, datatype, datatypestyle, defaultvalue, description, displayname, dr, help, isactive, hided, nullable, readonly, attrlength, attrmaxvalue, attrminvalue, modifier, modifytime, name, precise, refmodelname, attrsequence, ts, visibility, versiontype, fixedlength, calculation, isauthen, resid, customattr, notserialize, dynamicattr, dynamictable, accesspower, accesspowergroup, industry ) values (  'f1d5ade9-ea3c-11e8-a9bb-d5565d1ec044', null, '1001AA10000000000O3K', null, null, 'BS000010000100001056',300, null, null, '自定义项4',0, null, 'Y', 'N', 'Y', 'N',101, null, null, null, null, 'def4',0, null,21, '2018-11-19 11:29:34',0,-1, 'N', 'N', 'Y', null, 'Y', 'N', 'N', null, 'N', null, '0' ) ;
insert into md_property ( id, accessorclassname, classid, createtime, creator, datatype, datatypestyle, defaultvalue, description, displayname, dr, help, isactive, hided, nullable, readonly, attrlength, attrmaxvalue, attrminvalue, modifier, modifytime, name, precise, refmodelname, attrsequence, ts, visibility, versiontype, fixedlength, calculation, isauthen, resid, customattr, notserialize, dynamicattr, dynamictable, accesspower, accesspowergroup, industry ) values (  'f1d5adea-ea3c-11e8-a9bb-d5565d1ec044', null, '1001AA10000000000O3K', null, null, 'BS000010000100001056',300, null, null, '自定义项5',0, null, 'Y', 'N', 'Y', 'N',101, null, null, null, null, 'def5',0, null,22, '2018-11-19 11:29:34',0,-1, 'N', 'N', 'Y', null, 'Y', 'N', 'N', null, 'N', null, '0' ) ;
insert into md_property ( id, accessorclassname, classid, createtime, creator, datatype, datatypestyle, defaultvalue, description, displayname, dr, help, isactive, hided, nullable, readonly, attrlength, attrmaxvalue, attrminvalue, modifier, modifytime, name, precise, refmodelname, attrsequence, ts, visibility, versiontype, fixedlength, calculation, isauthen, resid, customattr, notserialize, dynamicattr, dynamictable, accesspower, accesspowergroup, industry ) values (  'f1d5adeb-ea3c-11e8-a9bb-d5565d1ec044', null, '1001AA10000000000O3K', null, null, 'BS000010000100001056',300, null, null, '自定义项6',0, null, 'Y', 'N', 'Y', 'N',101, null, null, null, null, 'def6',0, null,23, '2018-11-19 11:29:34',0,-1, 'N', 'N', 'Y', null, 'Y', 'N', 'N', null, 'N', null, '0' ) ;
insert into md_property ( id, accessorclassname, classid, createtime, creator, datatype, datatypestyle, defaultvalue, description, displayname, dr, help, isactive, hided, nullable, readonly, attrlength, attrmaxvalue, attrminvalue, modifier, modifytime, name, precise, refmodelname, attrsequence, ts, visibility, versiontype, fixedlength, calculation, isauthen, resid, customattr, notserialize, dynamicattr, dynamictable, accesspower, accesspowergroup, industry ) values (  'f1d5adec-ea3c-11e8-a9bb-d5565d1ec044', null, '1001AA10000000000O3K', null, null, 'BS000010000100001056',300, null, null, '自定义项7',0, null, 'Y', 'N', 'Y', 'N',101, null, null, null, null, 'def7',0, null,24, '2018-11-19 11:29:34',0,-1, 'N', 'N', 'Y', null, 'Y', 'N', 'N', null, 'N', null, '0' ) ;
insert into md_property ( id, accessorclassname, classid, createtime, creator, datatype, datatypestyle, defaultvalue, description, displayname, dr, help, isactive, hided, nullable, readonly, attrlength, attrmaxvalue, attrminvalue, modifier, modifytime, name, precise, refmodelname, attrsequence, ts, visibility, versiontype, fixedlength, calculation, isauthen, resid, customattr, notserialize, dynamicattr, dynamictable, accesspower, accesspowergroup, industry ) values (  'f1d5aded-ea3c-11e8-a9bb-d5565d1ec044', null, '1001AA10000000000O3K', null, null, 'BS000010000100001056',300, null, null, '自定义项8',0, null, 'Y', 'N', 'Y', 'N',101, null, null, null, null, 'def8',0, null,25, '2018-11-19 11:29:34',0,-1, 'N', 'N', 'Y', null, 'Y', 'N', 'N', null, 'N', null, '0' ) ;
insert into md_property ( id, accessorclassname, classid, createtime, creator, datatype, datatypestyle, defaultvalue, description, displayname, dr, help, isactive, hided, nullable, readonly, attrlength, attrmaxvalue, attrminvalue, modifier, modifytime, name, precise, refmodelname, attrsequence, ts, visibility, versiontype, fixedlength, calculation, isauthen, resid, customattr, notserialize, dynamicattr, dynamictable, accesspower, accesspowergroup, industry ) values (  'f1d5adee-ea3c-11e8-a9bb-d5565d1ec044', null, '1001AA10000000000O3K', null, null, 'BS000010000100001056',300, null, null, '自定义项9',0, null, 'Y', 'N', 'Y', 'N',101, null, null, null, null, 'def9',0, null,26, '2018-11-19 11:29:34',0,-1, 'N', 'N', 'Y', null, 'Y', 'N', 'N', null, 'N', null, '0' ) ;
insert into md_property ( id, accessorclassname, classid, createtime, creator, datatype, datatypestyle, defaultvalue, description, displayname, dr, help, isactive, hided, nullable, readonly, attrlength, attrmaxvalue, attrminvalue, modifier, modifytime, name, precise, refmodelname, attrsequence, ts, visibility, versiontype, fixedlength, calculation, isauthen, resid, customattr, notserialize, dynamicattr, dynamictable, accesspower, accesspowergroup, industry ) values (  'f1d5adef-ea3c-11e8-a9bb-d5565d1ec044', null, '1001AA10000000000O3K', null, null, 'BS000010000100001056',300, null, null, '自定义项10',0, null, 'Y', 'N', 'Y', 'N',101, null, null, null, null, 'def10',0, null,27, '2018-11-19 11:29:34',0,-1, 'N', 'N', 'Y', null, 'Y', 'N', 'N', null, 'N', null, '0' ) ;
insert into md_property ( id, accessorclassname, classid, createtime, creator, datatype, datatypestyle, defaultvalue, description, displayname, dr, help, isactive, hided, nullable, readonly, attrlength, attrmaxvalue, attrminvalue, modifier, modifytime, name, precise, refmodelname, attrsequence, ts, visibility, versiontype, fixedlength, calculation, isauthen, resid, customattr, notserialize, dynamicattr, dynamictable, accesspower, accesspowergroup, industry ) values (  'f1d5adf0-ea3c-11e8-a9bb-d5565d1ec044', null, '1001AA10000000000O3K', null, null, 'BS000010000100001056',300, null, null, '自定义项11',0, null, 'Y', 'N', 'Y', 'N',101, null, null, null, null, 'def11',0, null,28, '2018-11-19 11:29:34',0,-1, 'N', 'N', 'Y', null, 'Y', 'N', 'N', null, 'N', null, '0' ) ;
insert into md_property ( id, accessorclassname, classid, createtime, creator, datatype, datatypestyle, defaultvalue, description, displayname, dr, help, isactive, hided, nullable, readonly, attrlength, attrmaxvalue, attrminvalue, modifier, modifytime, name, precise, refmodelname, attrsequence, ts, visibility, versiontype, fixedlength, calculation, isauthen, resid, customattr, notserialize, dynamicattr, dynamictable, accesspower, accesspowergroup, industry ) values (  'f1d5adf1-ea3c-11e8-a9bb-d5565d1ec044', null, '1001AA10000000000O3K', null, null, 'BS000010000100001056',300, null, null, '自定义项12',0, null, 'Y', 'N', 'Y', 'N',101, null, null, null, null, 'def12',0, null,29, '2018-11-19 11:29:34',0,-1, 'N', 'N', 'Y', null, 'Y', 'N', 'N', null, 'N', null, '0' ) ;
insert into md_property ( id, accessorclassname, classid, createtime, creator, datatype, datatypestyle, defaultvalue, description, displayname, dr, help, isactive, hided, nullable, readonly, attrlength, attrmaxvalue, attrminvalue, modifier, modifytime, name, precise, refmodelname, attrsequence, ts, visibility, versiontype, fixedlength, calculation, isauthen, resid, customattr, notserialize, dynamicattr, dynamictable, accesspower, accesspowergroup, industry ) values (  'f1d5adf2-ea3c-11e8-a9bb-d5565d1ec044', null, '1001AA10000000000O3K', null, null, 'BS000010000100001056',300, null, null, '自定义项13',0, null, 'Y', 'N', 'Y', 'N',101, null, null, null, null, 'def13',0, null,30, '2018-11-19 11:29:34',0,-1, 'N', 'N', 'Y', null, 'Y', 'N', 'N', null, 'N', null, '0' ) ;
insert into md_property ( id, accessorclassname, classid, createtime, creator, datatype, datatypestyle, defaultvalue, description, displayname, dr, help, isactive, hided, nullable, readonly, attrlength, attrmaxvalue, attrminvalue, modifier, modifytime, name, precise, refmodelname, attrsequence, ts, visibility, versiontype, fixedlength, calculation, isauthen, resid, customattr, notserialize, dynamicattr, dynamictable, accesspower, accesspowergroup, industry ) values (  'f1d5adf3-ea3c-11e8-a9bb-d5565d1ec044', null, '1001AA10000000000O3K', null, null, 'BS000010000100001056',300, null, null, '自定义项14',0, null, 'Y', 'N', 'Y', 'N',101, null, null, null, null, 'def14',0, null,31, '2018-11-19 11:29:34',0,-1, 'N', 'N', 'Y', null, 'Y', 'N', 'N', null, 'N', null, '0' ) ;
insert into md_property ( id, accessorclassname, classid, createtime, creator, datatype, datatypestyle, defaultvalue, description, displayname, dr, help, isactive, hided, nullable, readonly, attrlength, attrmaxvalue, attrminvalue, modifier, modifytime, name, precise, refmodelname, attrsequence, ts, visibility, versiontype, fixedlength, calculation, isauthen, resid, customattr, notserialize, dynamicattr, dynamictable, accesspower, accesspowergroup, industry ) values (  'f1d5adf4-ea3c-11e8-a9bb-d5565d1ec044', null, '1001AA10000000000O3K', null, null, 'BS000010000100001056',300, null, null, '自定义项15',0, null, 'Y', 'N', 'Y', 'N',101, null, null, null, null, 'def15',0, null,32, '2018-11-19 11:29:34',0,-1, 'N', 'N', 'Y', null, 'Y', 'N', 'N', null, 'N', null, '0' ) ;
insert into md_property ( id, accessorclassname, classid, createtime, creator, datatype, datatypestyle, defaultvalue, description, displayname, dr, help, isactive, hided, nullable, readonly, attrlength, attrmaxvalue, attrminvalue, modifier, modifytime, name, precise, refmodelname, attrsequence, ts, visibility, versiontype, fixedlength, calculation, isauthen, resid, customattr, notserialize, dynamicattr, dynamictable, accesspower, accesspowergroup, industry ) values (  'f1d5adf5-ea3c-11e8-a9bb-d5565d1ec044', null, '1001AA10000000000O3K', null, null, 'BS000010000100001056',300, null, null, '自定义项16',0, null, 'Y', 'N', 'Y', 'N',101, null, null, null, null, 'def16',0, null,33, '2018-11-19 11:29:34',0,-1, 'N', 'N', 'Y', null, 'Y', 'N', 'N', null, 'N', null, '0' ) ;
insert into md_property ( id, accessorclassname, classid, createtime, creator, datatype, datatypestyle, defaultvalue, description, displayname, dr, help, isactive, hided, nullable, readonly, attrlength, attrmaxvalue, attrminvalue, modifier, modifytime, name, precise, refmodelname, attrsequence, ts, visibility, versiontype, fixedlength, calculation, isauthen, resid, customattr, notserialize, dynamicattr, dynamictable, accesspower, accesspowergroup, industry ) values (  'f1d5adf6-ea3c-11e8-a9bb-d5565d1ec044', null, '1001AA10000000000O3K', null, null, 'BS000010000100001056',300, null, null, '自定义项17',0, null, 'Y', 'N', 'Y', 'N',101, null, null, null, null, 'def17',0, null,34, '2018-11-19 11:29:34',0,-1, 'N', 'N', 'Y', null, 'Y', 'N', 'N', null, 'N', null, '0' ) ;
insert into md_property ( id, accessorclassname, classid, createtime, creator, datatype, datatypestyle, defaultvalue, description, displayname, dr, help, isactive, hided, nullable, readonly, attrlength, attrmaxvalue, attrminvalue, modifier, modifytime, name, precise, refmodelname, attrsequence, ts, visibility, versiontype, fixedlength, calculation, isauthen, resid, customattr, notserialize, dynamicattr, dynamictable, accesspower, accesspowergroup, industry ) values (  'f1d5adf7-ea3c-11e8-a9bb-d5565d1ec044', null, '1001AA10000000000O3K', null, null, 'BS000010000100001056',300, null, null, '自定义项18',0, null, 'Y', 'N', 'Y', 'N',101, null, null, null, null, 'def18',0, null,35, '2018-11-19 11:29:34',0,-1, 'N', 'N', 'Y', null, 'Y', 'N', 'N', null, 'N', null, '0' ) ;
insert into md_property ( id, accessorclassname, classid, createtime, creator, datatype, datatypestyle, defaultvalue, description, displayname, dr, help, isactive, hided, nullable, readonly, attrlength, attrmaxvalue, attrminvalue, modifier, modifytime, name, precise, refmodelname, attrsequence, ts, visibility, versiontype, fixedlength, calculation, isauthen, resid, customattr, notserialize, dynamicattr, dynamictable, accesspower, accesspowergroup, industry ) values (  'f1d5adf8-ea3c-11e8-a9bb-d5565d1ec044', null, '1001AA10000000000O3K', null, null, 'BS000010000100001056',300, null, null, '自定义项19',0, null, 'Y', 'N', 'Y', 'N',101, null, null, null, null, 'def19',0, null,36, '2018-11-19 11:29:34',0,-1, 'N', 'N', 'Y', null, 'Y', 'N', 'N', null, 'N', null, '0' ) ;
insert into md_property ( id, accessorclassname, classid, createtime, creator, datatype, datatypestyle, defaultvalue, description, displayname, dr, help, isactive, hided, nullable, readonly, attrlength, attrmaxvalue, attrminvalue, modifier, modifytime, name, precise, refmodelname, attrsequence, ts, visibility, versiontype, fixedlength, calculation, isauthen, resid, customattr, notserialize, dynamicattr, dynamictable, accesspower, accesspowergroup, industry ) values (  'f1d5adf9-ea3c-11e8-a9bb-d5565d1ec044', null, '1001AA10000000000O3K', null, null, 'BS000010000100001056',300, null, null, '自定义项20',0, null, 'Y', 'N', 'Y', 'N',101, null, null, null, null, 'def20',0, null,37, '2018-11-19 11:29:34',0,-1, 'N', 'N', 'Y', null, 'Y', 'N', 'N', null, 'N', null, '0' ) ;
insert into md_bizItfMap ( bizinterfaceid, intattrid, classid, classattrid, bizitfimpclassname, classattrpath, dr, ts ) values (  '6c8722b9-911a-489b-8d0d-18bd3734fcf6', '5dd3c721-22ad-42b1-9c10-4351c236bc77', '1001AA10000000000O3K', 'f1d5add4-ea3c-11e8-a9bb-d5565d1ec044', null, null,0, '2018-11-19 11:29:34' ) ;
insert into md_bizItfMap ( bizinterfaceid, intattrid, classid, classattrid, bizitfimpclassname, classattrpath, dr, ts ) values (  '6c8722b9-911a-489b-8d0d-18bd3734fcf6', 'ecf1b76a-6e44-42e2-a55e-87596504775b', '1001AA10000000000O3K', 'f1d5ade1-ea3c-11e8-a9bb-d5565d1ec044', null, null,0, '2018-11-19 11:29:34' ) ;
insert into md_bizItfMap ( bizinterfaceid, intattrid, classid, classattrid, bizitfimpclassname, classattrpath, dr, ts ) values (  '6c8722b9-911a-489b-8d0d-18bd3734fcf6', 'd32cc17b-f415-415a-923f-0764443eb102', '1001AA10000000000O3K', 'f1d5adcd-ea3c-11e8-a9bb-d5565d1ec044', null, null,0, '2018-11-19 11:29:34' ) ;
insert into md_bizItfMap ( bizinterfaceid, intattrid, classid, classattrid, bizitfimpclassname, classattrpath, dr, ts ) values (  '6c8722b9-911a-489b-8d0d-18bd3734fcf6', '89578a97-42fe-439b-827c-8eabd9e3604c', '1001AA10000000000O3K', 'f1d5adda-ea3c-11e8-a9bb-d5565d1ec044', null, null,0, '2018-11-19 11:29:34' ) ;
insert into md_bizItfMap ( bizinterfaceid, intattrid, classid, classattrid, bizitfimpclassname, classattrpath, dr, ts ) values (  '6c8722b9-911a-489b-8d0d-18bd3734fcf6', 'a47e6cda-09e4-480b-923f-ec6f41e3e06c', '1001AA10000000000O3K', 'f1d5ade0-ea3c-11e8-a9bb-d5565d1ec044', null, null,0, '2018-11-19 11:29:34' ) ;
insert into md_association ( id, componentid, creator, createtime, dr, endcardinality, startbeanid, endelementid, isactive, modifier, modifytime, name, startcardinality, startelementid, ts, type, versiontype, industry ) values (  'e5fda7f9-ed0a-4cf8-8e5a-265c36506eb6', 'f1d5adce-ea3c-11e8-a9bb-d5565d1ec044', null, null,0, '1', '1001AA10000000000O3K', '16c1dca0-e3ed-4dcc-8ed7-75fd59e2bef1', 'Y', null, null, 'Defdoc-C0J00118_pk_defdoclist', '1', 'f1d5addf-ea3c-11e8-a9bb-d5565d1ec044', '2018-11-19 11:29:34',3,0, '0' ) ;
insert into md_association ( id, componentid, creator, createtime, dr, endcardinality, startbeanid, endelementid, isactive, modifier, modifytime, name, startcardinality, startelementid, ts, type, versiontype, industry ) values (  'be25b0fe-73b9-42a3-98f1-35780b3b5435', 'f1d5adce-ea3c-11e8-a9bb-d5565d1ec044', null, null,0, '1', '1001AA10000000000O3K', '985be8a4-3a36-4778-8afe-2d8ed3902659', 'Y', null, null, 'Defdoc-C0J00118_pk_org', '1', 'f1d5ade1-ea3c-11e8-a9bb-d5565d1ec044', '2018-11-19 11:29:34',3,0, '0' ) ;
insert into md_association ( id, componentid, creator, createtime, dr, endcardinality, startbeanid, endelementid, isactive, modifier, modifytime, name, startcardinality, startelementid, ts, type, versiontype, industry ) values (  'b0ed5afd-b0d9-47d2-99cb-9d7fde707529', 'f1d5adce-ea3c-11e8-a9bb-d5565d1ec044', null, null,0, '1', '1001AA10000000000O3K', '3b6dd171-2900-47f3-bfbe-41e4483a2a65', 'Y', null, null, 'Defdoc-C0J00118_pk_group', '1', 'f1d5ade0-ea3c-11e8-a9bb-d5565d1ec044', '2018-11-19 11:29:34',3,0, '0' ) ;
insert into md_association ( id, componentid, creator, createtime, dr, endcardinality, startbeanid, endelementid, isactive, modifier, modifytime, name, startcardinality, startelementid, ts, type, versiontype, industry ) values (  '332bc364-abae-4cdf-b657-577a2092d41e', 'f1d5adce-ea3c-11e8-a9bb-d5565d1ec044', null, null,0, '1', '1001AA10000000000O3K', 'f6f9a473-56c0-432f-8bc7-fbf8fde54fee', 'Y', null, null, 'Defdoc-C0J00118_creator', '1', 'f1d5add1-ea3c-11e8-a9bb-d5565d1ec044', '2018-11-19 11:29:34',3,0, '0' ) ;
insert into md_association ( id, componentid, creator, createtime, dr, endcardinality, startbeanid, endelementid, isactive, modifier, modifytime, name, startcardinality, startelementid, ts, type, versiontype, industry ) values (  '10b58872-1910-47a8-84f1-e4168775d1b7', 'f1d5adce-ea3c-11e8-a9bb-d5565d1ec044', null, null,0, '1', '1001AA10000000000O3K', 'f6f9a473-56c0-432f-8bc7-fbf8fde54fee', 'Y', null, null, 'Defdoc-C0J00118_modifier', '1', 'f1d5add7-ea3c-11e8-a9bb-d5565d1ec044', '2018-11-19 11:29:34',3,0, '0' ) ;
insert into md_table ( id, createtime, creator, databaseid, description, displayname, dr, help, isactive, fromsourcebmf, modifier, modifytime, name, ts, versiontype, resmodule, resid, parenttable, isextendtable, industry ) values (  'bd_defdoc', '2018-11-17 15:46:51', null, null, null, '报告语言(自定义档案)',0, 'ignorebdmode,BDMODE,URC,DEFDOC,BUSILOG,DOC', null, 'Y', null, null, 'bd_defdoc', '2018-11-19 11:29:34',0, '10140uddb', null, null, null, '0' ) ;
insert into md_column ( id, sqldatetype, createtime, creator, defaultvalue, description, displayname, dr, help, incrementseed, incrementstep, isactive, identitied, pkey, nullable, columnlength, modifier, modifytime, name, precise, columnsequence, tableid, ts, versiontype, resid, groupid, columntype, forlocale ) values (  'bd_defdoc@@PK@@', 'char', null, null, null, null, '自定义档案主键',0, null,null,null, 'Y', null, 'Y', 'N',20, null, null, 'pk_defdoc',0,0, 'bd_defdoc', '2018-11-19 11:29:34',0, '2UC000-000747', null,0, 'N' ) ;
insert into md_column ( id, sqldatetype, createtime, creator, defaultvalue, description, displayname, dr, help, incrementseed, incrementstep, isactive, identitied, pkey, nullable, columnlength, modifier, modifytime, name, precise, columnsequence, tableid, ts, versiontype, resid, groupid, columntype, forlocale ) values (  'bd_defdoc@@@pk_defdoclist', 'char', null, null, null, null, '自定义档案列表主键',0, null,null,null, 'Y', null, 'N', 'N',20, null, null, 'pk_defdoclist',0,1, 'bd_defdoc', '2018-11-19 11:29:34',0, '2UC000-000748', null,0, 'N' ) ;
insert into md_column ( id, sqldatetype, createtime, creator, defaultvalue, description, displayname, dr, help, incrementseed, incrementstep, isactive, identitied, pkey, nullable, columnlength, modifier, modifytime, name, precise, columnsequence, tableid, ts, versiontype, resid, groupid, columntype, forlocale ) values (  'bd_defdoc@@@pk_org', 'char', null, null, null, null, '所属组织',0, null,null,null, 'Y', null, 'N', 'N',20, null, null, 'pk_org',0,2, 'bd_defdoc', '2018-11-19 11:29:34',0, '2UC000-000360', null,0, 'N' ) ;
insert into md_column ( id, sqldatetype, createtime, creator, defaultvalue, description, displayname, dr, help, incrementseed, incrementstep, isactive, identitied, pkey, nullable, columnlength, modifier, modifytime, name, precise, columnsequence, tableid, ts, versiontype, resid, groupid, columntype, forlocale ) values (  'bd_defdoc@@@pk_group', 'varchar', null, null, '*~', null, '所属集团',0, null,null,null, 'Y', null, 'N', 'Y',20, null, null, 'pk_group',0,3, 'bd_defdoc', '2018-11-19 11:29:34',0, '2UC000-000367', null,0, 'N' ) ;
insert into md_column ( id, sqldatetype, createtime, creator, defaultvalue, description, displayname, dr, help, incrementseed, incrementstep, isactive, identitied, pkey, nullable, columnlength, modifier, modifytime, name, precise, columnsequence, tableid, ts, versiontype, resid, groupid, columntype, forlocale ) values (  'bd_defdoc@@@code', 'varchar', null, null, null, null, '档案编码',0, 'URC',null,null, 'Y', null, 'N', 'N',40, null, null, 'code',0,4, 'bd_defdoc', '2018-11-19 11:29:34',0, '2UC000-000557', null,0, 'N' ) ;
insert into md_column ( id, sqldatetype, createtime, creator, defaultvalue, description, displayname, dr, help, incrementseed, incrementstep, isactive, identitied, pkey, nullable, columnlength, modifier, modifytime, name, precise, columnsequence, tableid, ts, versiontype, resid, groupid, columntype, forlocale ) values (  'bd_defdoc@@@name', 'varchar', null, null, null, null, '档案名称',0, 'URC',null,null, 'Y', null, 'N', 'Y',200, null, null, 'name',0,0, 'bd_defdoc', '2018-11-19 11:29:34',0, '2UC000-000556', 'bd_defdoc@@@name',0, 'N' ) ;
insert into md_column ( id, sqldatetype, createtime, creator, defaultvalue, description, displayname, dr, help, incrementseed, incrementstep, isactive, identitied, pkey, nullable, columnlength, modifier, modifytime, name, precise, columnsequence, tableid, ts, versiontype, resid, groupid, columntype, forlocale ) values (  'bd_defdoc@@@shortname', 'varchar', null, null, null, null, '简称',0, null,null,null, 'Y', null, 'N', 'Y',200, null, null, 'shortname',0,0, 'bd_defdoc', '2018-11-19 11:29:34',0, '2UC000-000675', 'bd_defdoc@@@shortname',0, 'N' ) ;
insert into md_column ( id, sqldatetype, createtime, creator, defaultvalue, description, displayname, dr, help, incrementseed, incrementstep, isactive, identitied, pkey, nullable, columnlength, modifier, modifytime, name, precise, columnsequence, tableid, ts, versiontype, resid, groupid, columntype, forlocale ) values (  'bd_defdoc@@@mnecode', 'varchar', null, null, null, null, '助记码',0, null,null,null, 'Y', null, 'N', 'Y',50, null, null, 'mnecode',0,7, 'bd_defdoc', '2018-11-19 11:29:34',0, '2UC000-000172', null,0, 'N' ) ;
insert into md_column ( id, sqldatetype, createtime, creator, defaultvalue, description, displayname, dr, help, incrementseed, incrementstep, isactive, identitied, pkey, nullable, columnlength, modifier, modifytime, name, precise, columnsequence, tableid, ts, versiontype, resid, groupid, columntype, forlocale ) values (  'bd_defdoc@@@pid', 'varchar', null, null, '*~', null, '上级档案',0, null,null,null, 'Y', null, 'N', 'Y',20, null, null, 'pid',0,8, 'bd_defdoc', '2018-11-19 11:29:34',0, '2UC000-000007', null,0, 'N' ) ;
insert into md_column ( id, sqldatetype, createtime, creator, defaultvalue, description, displayname, dr, help, incrementseed, incrementstep, isactive, identitied, pkey, nullable, columnlength, modifier, modifytime, name, precise, columnsequence, tableid, ts, versiontype, resid, groupid, columntype, forlocale ) values (  'bd_defdoc@@@memo', 'varchar', null, null, null, null, '备注',0, null,null,null, 'Y', null, 'N', 'Y',200, null, null, 'memo',0,9, 'bd_defdoc', '2018-11-19 11:29:34',0, '2UC000-000258', null,0, 'N' ) ;
insert into md_column ( id, sqldatetype, createtime, creator, defaultvalue, description, displayname, dr, help, incrementseed, incrementstep, isactive, identitied, pkey, nullable, columnlength, modifier, modifytime, name, precise, columnsequence, tableid, ts, versiontype, resid, groupid, columntype, forlocale ) values (  'bd_defdoc@@@creator', 'varchar', null, null, '*~', null, '创建人',0, null,null,null, 'Y', null, 'N', 'Y',20, null, null, 'creator',0,10, 'bd_defdoc', '2018-11-19 11:29:34',0, '2UC000-000155', null,0, 'N' ) ;
insert into md_column ( id, sqldatetype, createtime, creator, defaultvalue, description, displayname, dr, help, incrementseed, incrementstep, isactive, identitied, pkey, nullable, columnlength, modifier, modifytime, name, precise, columnsequence, tableid, ts, versiontype, resid, groupid, columntype, forlocale ) values (  'bd_defdoc@@@creationtime', 'char', null, null, null, null, '创建时间',0, null,null,null, 'Y', null, 'N', 'Y',19, null, null, 'creationtime',0,11, 'bd_defdoc', '2018-11-19 11:29:34',0, '2UC000-000157', null,0, 'N' ) ;
insert into md_column ( id, sqldatetype, createtime, creator, defaultvalue, description, displayname, dr, help, incrementseed, incrementstep, isactive, identitied, pkey, nullable, columnlength, modifier, modifytime, name, precise, columnsequence, tableid, ts, versiontype, resid, groupid, columntype, forlocale ) values (  'bd_defdoc@@@modifier', 'varchar', null, null, '*~', null, '最后修改人',0, null,null,null, 'Y', null, 'N', 'Y',20, null, null, 'modifier',0,12, 'bd_defdoc', '2018-11-19 11:29:34',0, '2UC000-000490', null,0, 'N' ) ;
insert into md_column ( id, sqldatetype, createtime, creator, defaultvalue, description, displayname, dr, help, incrementseed, incrementstep, isactive, identitied, pkey, nullable, columnlength, modifier, modifytime, name, precise, columnsequence, tableid, ts, versiontype, resid, groupid, columntype, forlocale ) values (  'bd_defdoc@@@modifiedtime', 'char', null, null, null, null, '最后修改时间',0, null,null,null, 'Y', null, 'N', 'Y',19, null, null, 'modifiedtime',0,13, 'bd_defdoc', '2018-11-19 11:29:34',0, '2UC000-000491', null,0, 'N' ) ;
insert into md_column ( id, sqldatetype, createtime, creator, defaultvalue, description, displayname, dr, help, incrementseed, incrementstep, isactive, identitied, pkey, nullable, columnlength, modifier, modifytime, name, precise, columnsequence, tableid, ts, versiontype, resid, groupid, columntype, forlocale ) values (  'bd_defdoc@@@innercode', 'varchar', null, null, null, null, '内部编码',0, null,null,null, 'Y', null, 'N', 'Y',200, null, null, 'innercode',0,14, 'bd_defdoc', '2018-11-19 11:29:34',0, '2UC000-000136', null,0, 'N' ) ;
insert into md_column ( id, sqldatetype, createtime, creator, defaultvalue, description, displayname, dr, help, incrementseed, incrementstep, isactive, identitied, pkey, nullable, columnlength, modifier, modifytime, name, precise, columnsequence, tableid, ts, versiontype, resid, groupid, columntype, forlocale ) values (  'bd_defdoc@@@enablestate', 'int', null, null, null, null, '启用状态',0, null,null,null, 'Y', null, 'N', 'Y',0, null, null, 'enablestate',0,15, 'bd_defdoc', '2018-11-19 11:29:34',0, '2UC000-000249', null,0, 'N' ) ;
insert into md_column ( id, sqldatetype, createtime, creator, defaultvalue, description, displayname, dr, help, incrementseed, incrementstep, isactive, identitied, pkey, nullable, columnlength, modifier, modifytime, name, precise, columnsequence, tableid, ts, versiontype, resid, groupid, columntype, forlocale ) values (  'bd_defdoc@@@dataoriginflag', 'int', null, null, null, null, '分布式',0, null,null,null, 'Y', null, 'N', 'Y',0, null, null, 'dataoriginflag',0,16, 'bd_defdoc', '2018-11-19 11:29:34',0, '2UC000-000151', null,0, 'N' ) ;
insert into md_column ( id, sqldatetype, createtime, creator, defaultvalue, description, displayname, dr, help, incrementseed, incrementstep, isactive, identitied, pkey, nullable, columnlength, modifier, modifytime, name, precise, columnsequence, tableid, ts, versiontype, resid, groupid, columntype, forlocale ) values (  'bd_defdoc@@@datatype', 'int', null, null, '1', null, '数据类型',0, null,null,null, 'Y', null, 'N', 'Y',0, null, null, 'datatype',0,17, 'bd_defdoc', '2018-11-19 11:29:34',0, '2UC000-000458', null,0, 'N' ) ;
insert into md_column ( id, sqldatetype, createtime, creator, defaultvalue, description, displayname, dr, help, incrementseed, incrementstep, isactive, identitied, pkey, nullable, columnlength, modifier, modifytime, name, precise, columnsequence, tableid, ts, versiontype, resid, groupid, columntype, forlocale ) values (  'bd_defdoc@@@def1', 'varchar', null, null, null, null, '自定义项1',0, null,null,null, 'Y', null, 'N', 'Y',101, null, null, 'def1',0,18, 'bd_defdoc', '2018-11-19 11:29:34',-1, null, null,0, 'N' ) ;
insert into md_column ( id, sqldatetype, createtime, creator, defaultvalue, description, displayname, dr, help, incrementseed, incrementstep, isactive, identitied, pkey, nullable, columnlength, modifier, modifytime, name, precise, columnsequence, tableid, ts, versiontype, resid, groupid, columntype, forlocale ) values (  'bd_defdoc@@@def2', 'varchar', null, null, null, null, '自定义项2',0, null,null,null, 'Y', null, 'N', 'Y',101, null, null, 'def2',0,19, 'bd_defdoc', '2018-11-19 11:29:34',-1, null, null,0, 'N' ) ;
insert into md_column ( id, sqldatetype, createtime, creator, defaultvalue, description, displayname, dr, help, incrementseed, incrementstep, isactive, identitied, pkey, nullable, columnlength, modifier, modifytime, name, precise, columnsequence, tableid, ts, versiontype, resid, groupid, columntype, forlocale ) values (  'bd_defdoc@@@def3', 'varchar', null, null, null, null, '自定义项3',0, null,null,null, 'Y', null, 'N', 'Y',101, null, null, 'def3',0,20, 'bd_defdoc', '2018-11-19 11:29:34',-1, null, null,0, 'N' ) ;
insert into md_column ( id, sqldatetype, createtime, creator, defaultvalue, description, displayname, dr, help, incrementseed, incrementstep, isactive, identitied, pkey, nullable, columnlength, modifier, modifytime, name, precise, columnsequence, tableid, ts, versiontype, resid, groupid, columntype, forlocale ) values (  'bd_defdoc@@@def4', 'varchar', null, null, null, null, '自定义项4',0, null,null,null, 'Y', null, 'N', 'Y',101, null, null, 'def4',0,21, 'bd_defdoc', '2018-11-19 11:29:34',-1, null, null,0, 'N' ) ;
insert into md_column ( id, sqldatetype, createtime, creator, defaultvalue, description, displayname, dr, help, incrementseed, incrementstep, isactive, identitied, pkey, nullable, columnlength, modifier, modifytime, name, precise, columnsequence, tableid, ts, versiontype, resid, groupid, columntype, forlocale ) values (  'bd_defdoc@@@def5', 'varchar', null, null, null, null, '自定义项5',0, null,null,null, 'Y', null, 'N', 'Y',101, null, null, 'def5',0,22, 'bd_defdoc', '2018-11-19 11:29:34',-1, null, null,0, 'N' ) ;
insert into md_column ( id, sqldatetype, createtime, creator, defaultvalue, description, displayname, dr, help, incrementseed, incrementstep, isactive, identitied, pkey, nullable, columnlength, modifier, modifytime, name, precise, columnsequence, tableid, ts, versiontype, resid, groupid, columntype, forlocale ) values (  'bd_defdoc@@@def6', 'varchar', null, null, null, null, '自定义项6',0, null,null,null, 'Y', null, 'N', 'Y',101, null, null, 'def6',0,23, 'bd_defdoc', '2018-11-19 11:29:34',-1, null, null,0, 'N' ) ;
insert into md_column ( id, sqldatetype, createtime, creator, defaultvalue, description, displayname, dr, help, incrementseed, incrementstep, isactive, identitied, pkey, nullable, columnlength, modifier, modifytime, name, precise, columnsequence, tableid, ts, versiontype, resid, groupid, columntype, forlocale ) values (  'bd_defdoc@@@def7', 'varchar', null, null, null, null, '自定义项7',0, null,null,null, 'Y', null, 'N', 'Y',101, null, null, 'def7',0,24, 'bd_defdoc', '2018-11-19 11:29:34',-1, null, null,0, 'N' ) ;
insert into md_column ( id, sqldatetype, createtime, creator, defaultvalue, description, displayname, dr, help, incrementseed, incrementstep, isactive, identitied, pkey, nullable, columnlength, modifier, modifytime, name, precise, columnsequence, tableid, ts, versiontype, resid, groupid, columntype, forlocale ) values (  'bd_defdoc@@@def8', 'varchar', null, null, null, null, '自定义项8',0, null,null,null, 'Y', null, 'N', 'Y',101, null, null, 'def8',0,25, 'bd_defdoc', '2018-11-19 11:29:34',-1, null, null,0, 'N' ) ;
insert into md_column ( id, sqldatetype, createtime, creator, defaultvalue, description, displayname, dr, help, incrementseed, incrementstep, isactive, identitied, pkey, nullable, columnlength, modifier, modifytime, name, precise, columnsequence, tableid, ts, versiontype, resid, groupid, columntype, forlocale ) values (  'bd_defdoc@@@def9', 'varchar', null, null, null, null, '自定义项9',0, null,null,null, 'Y', null, 'N', 'Y',101, null, null, 'def9',0,26, 'bd_defdoc', '2018-11-19 11:29:34',-1, null, null,0, 'N' ) ;
insert into md_column ( id, sqldatetype, createtime, creator, defaultvalue, description, displayname, dr, help, incrementseed, incrementstep, isactive, identitied, pkey, nullable, columnlength, modifier, modifytime, name, precise, columnsequence, tableid, ts, versiontype, resid, groupid, columntype, forlocale ) values (  'bd_defdoc@@@def10', 'varchar', null, null, null, null, '自定义项10',0, null,null,null, 'Y', null, 'N', 'Y',101, null, null, 'def10',0,27, 'bd_defdoc', '2018-11-19 11:29:34',-1, null, null,0, 'N' ) ;
insert into md_column ( id, sqldatetype, createtime, creator, defaultvalue, description, displayname, dr, help, incrementseed, incrementstep, isactive, identitied, pkey, nullable, columnlength, modifier, modifytime, name, precise, columnsequence, tableid, ts, versiontype, resid, groupid, columntype, forlocale ) values (  'bd_defdoc@@@def11', 'varchar', null, null, null, null, '自定义项11',0, null,null,null, 'Y', null, 'N', 'Y',101, null, null, 'def11',0,28, 'bd_defdoc', '2018-11-19 11:29:34',-1, null, null,0, 'N' ) ;
insert into md_column ( id, sqldatetype, createtime, creator, defaultvalue, description, displayname, dr, help, incrementseed, incrementstep, isactive, identitied, pkey, nullable, columnlength, modifier, modifytime, name, precise, columnsequence, tableid, ts, versiontype, resid, groupid, columntype, forlocale ) values (  'bd_defdoc@@@def12', 'varchar', null, null, null, null, '自定义项12',0, null,null,null, 'Y', null, 'N', 'Y',101, null, null, 'def12',0,29, 'bd_defdoc', '2018-11-19 11:29:34',-1, null, null,0, 'N' ) ;
insert into md_column ( id, sqldatetype, createtime, creator, defaultvalue, description, displayname, dr, help, incrementseed, incrementstep, isactive, identitied, pkey, nullable, columnlength, modifier, modifytime, name, precise, columnsequence, tableid, ts, versiontype, resid, groupid, columntype, forlocale ) values (  'bd_defdoc@@@def13', 'varchar', null, null, null, null, '自定义项13',0, null,null,null, 'Y', null, 'N', 'Y',101, null, null, 'def13',0,30, 'bd_defdoc', '2018-11-19 11:29:34',-1, null, null,0, 'N' ) ;
insert into md_column ( id, sqldatetype, createtime, creator, defaultvalue, description, displayname, dr, help, incrementseed, incrementstep, isactive, identitied, pkey, nullable, columnlength, modifier, modifytime, name, precise, columnsequence, tableid, ts, versiontype, resid, groupid, columntype, forlocale ) values (  'bd_defdoc@@@def14', 'varchar', null, null, null, null, '自定义项14',0, null,null,null, 'Y', null, 'N', 'Y',101, null, null, 'def14',0,31, 'bd_defdoc', '2018-11-19 11:29:34',-1, null, null,0, 'N' ) ;
insert into md_column ( id, sqldatetype, createtime, creator, defaultvalue, description, displayname, dr, help, incrementseed, incrementstep, isactive, identitied, pkey, nullable, columnlength, modifier, modifytime, name, precise, columnsequence, tableid, ts, versiontype, resid, groupid, columntype, forlocale ) values (  'bd_defdoc@@@def15', 'varchar', null, null, null, null, '自定义项15',0, null,null,null, 'Y', null, 'N', 'Y',101, null, null, 'def15',0,32, 'bd_defdoc', '2018-11-19 11:29:34',-1, null, null,0, 'N' ) ;
insert into md_column ( id, sqldatetype, createtime, creator, defaultvalue, description, displayname, dr, help, incrementseed, incrementstep, isactive, identitied, pkey, nullable, columnlength, modifier, modifytime, name, precise, columnsequence, tableid, ts, versiontype, resid, groupid, columntype, forlocale ) values (  'bd_defdoc@@@def16', 'varchar', null, null, null, null, '自定义项16',0, null,null,null, 'Y', null, 'N', 'Y',101, null, null, 'def16',0,33, 'bd_defdoc', '2018-11-19 11:29:34',-1, null, null,0, 'N' ) ;
insert into md_column ( id, sqldatetype, createtime, creator, defaultvalue, description, displayname, dr, help, incrementseed, incrementstep, isactive, identitied, pkey, nullable, columnlength, modifier, modifytime, name, precise, columnsequence, tableid, ts, versiontype, resid, groupid, columntype, forlocale ) values (  'bd_defdoc@@@def17', 'varchar', null, null, null, null, '自定义项17',0, null,null,null, 'Y', null, 'N', 'Y',101, null, null, 'def17',0,34, 'bd_defdoc', '2018-11-19 11:29:34',-1, null, null,0, 'N' ) ;
insert into md_column ( id, sqldatetype, createtime, creator, defaultvalue, description, displayname, dr, help, incrementseed, incrementstep, isactive, identitied, pkey, nullable, columnlength, modifier, modifytime, name, precise, columnsequence, tableid, ts, versiontype, resid, groupid, columntype, forlocale ) values (  'bd_defdoc@@@def18', 'varchar', null, null, null, null, '自定义项18',0, null,null,null, 'Y', null, 'N', 'Y',101, null, null, 'def18',0,35, 'bd_defdoc', '2018-11-19 11:29:34',-1, null, null,0, 'N' ) ;
insert into md_column ( id, sqldatetype, createtime, creator, defaultvalue, description, displayname, dr, help, incrementseed, incrementstep, isactive, identitied, pkey, nullable, columnlength, modifier, modifytime, name, precise, columnsequence, tableid, ts, versiontype, resid, groupid, columntype, forlocale ) values (  'bd_defdoc@@@def19', 'varchar', null, null, null, null, '自定义项19',0, null,null,null, 'Y', null, 'N', 'Y',101, null, null, 'def19',0,36, 'bd_defdoc', '2018-11-19 11:29:34',-1, null, null,0, 'N' ) ;
insert into md_column ( id, sqldatetype, createtime, creator, defaultvalue, description, displayname, dr, help, incrementseed, incrementstep, isactive, identitied, pkey, nullable, columnlength, modifier, modifytime, name, precise, columnsequence, tableid, ts, versiontype, resid, groupid, columntype, forlocale ) values (  'bd_defdoc@@@def20', 'varchar', null, null, null, null, '自定义项20',0, null,null,null, 'Y', null, 'N', 'Y',101, null, null, 'def20',0,37, 'bd_defdoc', '2018-11-19 11:29:34',-1, null, null,0, 'N' ) ;
insert into md_column ( id, sqldatetype, createtime, creator, defaultvalue, description, displayname, dr, help, incrementseed, incrementstep, isactive, identitied, pkey, nullable, columnlength, modifier, modifytime, name, precise, columnsequence, tableid, ts, versiontype, resid, groupid, columntype, forlocale ) values (  'bd_defdoc@@@name2', 'varchar', null, null, null, null, '档案名称2',0, 'URC',null,null, 'Y', null, 'N', 'Y',200, null, null, 'name2',0,0, 'bd_defdoc', '2018-11-19 11:29:34',0, '2UC000-000556', 'bd_defdoc@@@name',0, 'N' ) ;
insert into md_column ( id, sqldatetype, createtime, creator, defaultvalue, description, displayname, dr, help, incrementseed, incrementstep, isactive, identitied, pkey, nullable, columnlength, modifier, modifytime, name, precise, columnsequence, tableid, ts, versiontype, resid, groupid, columntype, forlocale ) values (  'bd_defdoc@@@name3', 'varchar', null, null, null, null, '档案名称3',0, 'URC',null,null, 'Y', null, 'N', 'Y',200, null, null, 'name3',0,0, 'bd_defdoc', '2018-11-19 11:29:34',0, '2UC000-000556', 'bd_defdoc@@@name',0, 'N' ) ;
insert into md_column ( id, sqldatetype, createtime, creator, defaultvalue, description, displayname, dr, help, incrementseed, incrementstep, isactive, identitied, pkey, nullable, columnlength, modifier, modifytime, name, precise, columnsequence, tableid, ts, versiontype, resid, groupid, columntype, forlocale ) values (  'bd_defdoc@@@name4', 'varchar', null, null, null, null, '档案名称4',0, 'URC',null,null, 'Y', null, 'N', 'Y',200, null, null, 'name4',0,0, 'bd_defdoc', '2018-11-19 11:29:34',0, '2UC000-000556', 'bd_defdoc@@@name',0, 'N' ) ;
insert into md_column ( id, sqldatetype, createtime, creator, defaultvalue, description, displayname, dr, help, incrementseed, incrementstep, isactive, identitied, pkey, nullable, columnlength, modifier, modifytime, name, precise, columnsequence, tableid, ts, versiontype, resid, groupid, columntype, forlocale ) values (  'bd_defdoc@@@name5', 'varchar', null, null, null, null, '档案名称5',0, 'URC',null,null, 'Y', null, 'N', 'Y',200, null, null, 'name5',0,0, 'bd_defdoc', '2018-11-19 11:29:34',0, '2UC000-000556', 'bd_defdoc@@@name',0, 'N' ) ;
insert into md_column ( id, sqldatetype, createtime, creator, defaultvalue, description, displayname, dr, help, incrementseed, incrementstep, isactive, identitied, pkey, nullable, columnlength, modifier, modifytime, name, precise, columnsequence, tableid, ts, versiontype, resid, groupid, columntype, forlocale ) values (  'bd_defdoc@@@name6', 'varchar', null, null, null, null, '档案名称6',0, 'URC',null,null, 'Y', null, 'N', 'Y',200, null, null, 'name6',0,0, 'bd_defdoc', '2018-11-19 11:29:34',0, '2UC000-000556', 'bd_defdoc@@@name',0, 'N' ) ;
insert into md_column ( id, sqldatetype, createtime, creator, defaultvalue, description, displayname, dr, help, incrementseed, incrementstep, isactive, identitied, pkey, nullable, columnlength, modifier, modifytime, name, precise, columnsequence, tableid, ts, versiontype, resid, groupid, columntype, forlocale ) values (  'bd_defdoc@@@shortname2', 'varchar', null, null, null, null, '简称2',0, null,null,null, 'Y', null, 'N', 'Y',200, null, null, 'shortname2',0,0, 'bd_defdoc', '2018-11-19 11:29:34',0, '2UC000-000675', 'bd_defdoc@@@shortname',0, 'N' ) ;
insert into md_column ( id, sqldatetype, createtime, creator, defaultvalue, description, displayname, dr, help, incrementseed, incrementstep, isactive, identitied, pkey, nullable, columnlength, modifier, modifytime, name, precise, columnsequence, tableid, ts, versiontype, resid, groupid, columntype, forlocale ) values (  'bd_defdoc@@@shortname3', 'varchar', null, null, null, null, '简称3',0, null,null,null, 'Y', null, 'N', 'Y',200, null, null, 'shortname3',0,0, 'bd_defdoc', '2018-11-19 11:29:34',0, '2UC000-000675', 'bd_defdoc@@@shortname',0, 'N' ) ;
insert into md_column ( id, sqldatetype, createtime, creator, defaultvalue, description, displayname, dr, help, incrementseed, incrementstep, isactive, identitied, pkey, nullable, columnlength, modifier, modifytime, name, precise, columnsequence, tableid, ts, versiontype, resid, groupid, columntype, forlocale ) values (  'bd_defdoc@@@shortname4', 'varchar', null, null, null, null, '简称4',0, null,null,null, 'Y', null, 'N', 'Y',200, null, null, 'shortname4',0,0, 'bd_defdoc', '2018-11-19 11:29:34',0, '2UC000-000675', 'bd_defdoc@@@shortname',0, 'N' ) ;
insert into md_column ( id, sqldatetype, createtime, creator, defaultvalue, description, displayname, dr, help, incrementseed, incrementstep, isactive, identitied, pkey, nullable, columnlength, modifier, modifytime, name, precise, columnsequence, tableid, ts, versiontype, resid, groupid, columntype, forlocale ) values (  'bd_defdoc@@@shortname5', 'varchar', null, null, null, null, '简称5',0, null,null,null, 'Y', null, 'N', 'Y',200, null, null, 'shortname5',0,0, 'bd_defdoc', '2018-11-19 11:29:34',0, '2UC000-000675', 'bd_defdoc@@@shortname',0, 'N' ) ;
insert into md_column ( id, sqldatetype, createtime, creator, defaultvalue, description, displayname, dr, help, incrementseed, incrementstep, isactive, identitied, pkey, nullable, columnlength, modifier, modifytime, name, precise, columnsequence, tableid, ts, versiontype, resid, groupid, columntype, forlocale ) values (  'bd_defdoc@@@shortname6', 'varchar', null, null, null, null, '简称6',0, null,null,null, 'Y', null, 'N', 'Y',200, null, null, 'shortname6',0,0, 'bd_defdoc', '2018-11-19 11:29:34',0, '2UC000-000675', 'bd_defdoc@@@shortname',0, 'N' ) ;
insert into md_ORMap ( attributeid, classid, columnid, dr, tableid, ts ) values (  'f1d5ade0-ea3c-11e8-a9bb-d5565d1ec044', '1001AA10000000000O3K', 'bd_defdoc@@@pk_group',0, 'bd_defdoc', '2018-11-19 11:29:34' ) ;
insert into md_ORMap ( attributeid, classid, columnid, dr, tableid, ts ) values (  'f1d5adf0-ea3c-11e8-a9bb-d5565d1ec044', '1001AA10000000000O3K', 'bd_defdoc@@@def11',0, 'bd_defdoc', '2018-11-19 11:29:34' ) ;
insert into md_ORMap ( attributeid, classid, columnid, dr, tableid, ts ) values (  'f1d5ade1-ea3c-11e8-a9bb-d5565d1ec044', '1001AA10000000000O3K', 'bd_defdoc@@@pk_org',0, 'bd_defdoc', '2018-11-19 11:29:34' ) ;
insert into md_ORMap ( attributeid, classid, columnid, dr, tableid, ts ) values (  'f1d5add4-ea3c-11e8-a9bb-d5565d1ec044', '1001AA10000000000O3K', 'bd_defdoc@@PK@@',0, 'bd_defdoc', '2018-11-19 11:29:34' ) ;
insert into md_ORMap ( attributeid, classid, columnid, dr, tableid, ts ) values (  'f1d5adf3-ea3c-11e8-a9bb-d5565d1ec044', '1001AA10000000000O3K', 'bd_defdoc@@@def14',0, 'bd_defdoc', '2018-11-19 11:29:34' ) ;
insert into md_ORMap ( attributeid, classid, columnid, dr, tableid, ts ) values (  'f1d5add5-ea3c-11e8-a9bb-d5565d1ec044', '1001AA10000000000O3K', 'bd_defdoc@@@memo',0, 'bd_defdoc', '2018-11-19 11:29:34' ) ;
insert into md_ORMap ( attributeid, classid, columnid, dr, tableid, ts ) values (  'f1d5adeb-ea3c-11e8-a9bb-d5565d1ec044', '1001AA10000000000O3K', 'bd_defdoc@@@def6',0, 'bd_defdoc', '2018-11-19 11:29:34' ) ;
insert into md_ORMap ( attributeid, classid, columnid, dr, tableid, ts ) values (  'f1d5adf5-ea3c-11e8-a9bb-d5565d1ec044', '1001AA10000000000O3K', 'bd_defdoc@@@def16',0, 'bd_defdoc', '2018-11-19 11:29:34' ) ;
insert into md_ORMap ( attributeid, classid, columnid, dr, tableid, ts ) values (  'f1d5add3-ea3c-11e8-a9bb-d5565d1ec044', '1001AA10000000000O3K', 'bd_defdoc@@@innercode',0, 'bd_defdoc', '2018-11-19 11:29:34' ) ;
insert into md_ORMap ( attributeid, classid, columnid, dr, tableid, ts ) values (  'f1d5adcd-ea3c-11e8-a9bb-d5565d1ec044', '1001AA10000000000O3K', 'bd_defdoc@@@code',0, 'bd_defdoc', '2018-11-19 11:29:34' ) ;
insert into md_ORMap ( attributeid, classid, columnid, dr, tableid, ts ) values (  'f1d5adef-ea3c-11e8-a9bb-d5565d1ec044', '1001AA10000000000O3K', 'bd_defdoc@@@def10',0, 'bd_defdoc', '2018-11-19 11:29:34' ) ;
insert into md_ORMap ( attributeid, classid, columnid, dr, tableid, ts ) values (  'f1d5adec-ea3c-11e8-a9bb-d5565d1ec044', '1001AA10000000000O3K', 'bd_defdoc@@@def7',0, 'bd_defdoc', '2018-11-19 11:29:34' ) ;
insert into md_ORMap ( attributeid, classid, columnid, dr, tableid, ts ) values (  'f1d5adf7-ea3c-11e8-a9bb-d5565d1ec044', '1001AA10000000000O3K', 'bd_defdoc@@@def18',0, 'bd_defdoc', '2018-11-19 11:29:34' ) ;
insert into md_ORMap ( attributeid, classid, columnid, dr, tableid, ts ) values (  'f1d5ade2-ea3c-11e8-a9bb-d5565d1ec044', '1001AA10000000000O3K', 'bd_defdoc@@@enablestate',0, 'bd_defdoc', '2018-11-19 11:29:34' ) ;
insert into md_ORMap ( attributeid, classid, columnid, dr, tableid, ts ) values (  'f1d5adf1-ea3c-11e8-a9bb-d5565d1ec044', '1001AA10000000000O3K', 'bd_defdoc@@@def12',0, 'bd_defdoc', '2018-11-19 11:29:34' ) ;
insert into md_ORMap ( attributeid, classid, columnid, dr, tableid, ts ) values (  'f1d5aded-ea3c-11e8-a9bb-d5565d1ec044', '1001AA10000000000O3K', 'bd_defdoc@@@def8',0, 'bd_defdoc', '2018-11-19 11:29:34' ) ;
insert into md_ORMap ( attributeid, classid, columnid, dr, tableid, ts ) values (  'f1d5ade6-ea3c-11e8-a9bb-d5565d1ec044', '1001AA10000000000O3K', 'bd_defdoc@@@def1',0, 'bd_defdoc', '2018-11-19 11:29:34' ) ;
insert into md_ORMap ( attributeid, classid, columnid, dr, tableid, ts ) values (  'f1d5ade4-ea3c-11e8-a9bb-d5565d1ec044', '1001AA10000000000O3K', 'bd_defdoc@@@dataoriginflag',0, 'bd_defdoc', '2018-11-19 11:29:34' ) ;
insert into md_ORMap ( attributeid, classid, columnid, dr, tableid, ts ) values (  'f1d5adf9-ea3c-11e8-a9bb-d5565d1ec044', '1001AA10000000000O3K', 'bd_defdoc@@@def20',0, 'bd_defdoc', '2018-11-19 11:29:34' ) ;
insert into md_ORMap ( attributeid, classid, columnid, dr, tableid, ts ) values (  'f1d5addd-ea3c-11e8-a9bb-d5565d1ec044', '1001AA10000000000O3K', 'bd_defdoc@@@pid',0, 'bd_defdoc', '2018-11-19 11:29:34' ) ;
insert into md_ORMap ( attributeid, classid, columnid, dr, tableid, ts ) values (  'f1d5ade9-ea3c-11e8-a9bb-d5565d1ec044', '1001AA10000000000O3K', 'bd_defdoc@@@def4',0, 'bd_defdoc', '2018-11-19 11:29:34' ) ;
insert into md_ORMap ( attributeid, classid, columnid, dr, tableid, ts ) values (  'f1d5adf4-ea3c-11e8-a9bb-d5565d1ec044', '1001AA10000000000O3K', 'bd_defdoc@@@def15',0, 'bd_defdoc', '2018-11-19 11:29:34' ) ;
insert into md_ORMap ( attributeid, classid, columnid, dr, tableid, ts ) values (  'f1d5add6-ea3c-11e8-a9bb-d5565d1ec044', '1001AA10000000000O3K', 'bd_defdoc@@@mnecode',0, 'bd_defdoc', '2018-11-19 11:29:34' ) ;
insert into md_ORMap ( attributeid, classid, columnid, dr, tableid, ts ) values (  'f1d5add9-ea3c-11e8-a9bb-d5565d1ec044', '1001AA10000000000O3K', 'bd_defdoc@@@modifiedtime',0, 'bd_defdoc', '2018-11-19 11:29:34' ) ;
insert into md_ORMap ( attributeid, classid, columnid, dr, tableid, ts ) values (  'f1d5adee-ea3c-11e8-a9bb-d5565d1ec044', '1001AA10000000000O3K', 'bd_defdoc@@@def9',0, 'bd_defdoc', '2018-11-19 11:29:34' ) ;
insert into md_ORMap ( attributeid, classid, columnid, dr, tableid, ts ) values (  'f1d5add7-ea3c-11e8-a9bb-d5565d1ec044', '1001AA10000000000O3K', 'bd_defdoc@@@modifier',0, 'bd_defdoc', '2018-11-19 11:29:34' ) ;
insert into md_ORMap ( attributeid, classid, columnid, dr, tableid, ts ) values (  'f1d5adf6-ea3c-11e8-a9bb-d5565d1ec044', '1001AA10000000000O3K', 'bd_defdoc@@@def17',0, 'bd_defdoc', '2018-11-19 11:29:34' ) ;
insert into md_ORMap ( attributeid, classid, columnid, dr, tableid, ts ) values (  'f1d5add0-ea3c-11e8-a9bb-d5565d1ec044', '1001AA10000000000O3K', 'bd_defdoc@@@creationtime',0, 'bd_defdoc', '2018-11-19 11:29:34' ) ;
insert into md_ORMap ( attributeid, classid, columnid, dr, tableid, ts ) values (  'f1d5ade7-ea3c-11e8-a9bb-d5565d1ec044', '1001AA10000000000O3K', 'bd_defdoc@@@def2',0, 'bd_defdoc', '2018-11-19 11:29:34' ) ;
insert into md_ORMap ( attributeid, classid, columnid, dr, tableid, ts ) values (  'f1d5addf-ea3c-11e8-a9bb-d5565d1ec044', '1001AA10000000000O3K', 'bd_defdoc@@@pk_defdoclist',0, 'bd_defdoc', '2018-11-19 11:29:34' ) ;
insert into md_ORMap ( attributeid, classid, columnid, dr, tableid, ts ) values (  'f1d5add1-ea3c-11e8-a9bb-d5565d1ec044', '1001AA10000000000O3K', 'bd_defdoc@@@creator',0, 'bd_defdoc', '2018-11-19 11:29:34' ) ;
insert into md_ORMap ( attributeid, classid, columnid, dr, tableid, ts ) values (  'f1d5adf2-ea3c-11e8-a9bb-d5565d1ec044', '1001AA10000000000O3K', 'bd_defdoc@@@def13',0, 'bd_defdoc', '2018-11-19 11:29:34' ) ;
insert into md_ORMap ( attributeid, classid, columnid, dr, tableid, ts ) values (  'f1d5addb-ea3c-11e8-a9bb-d5565d1ec044', '1001AA10000000000O3K', 'bd_defdoc@@@shortname',0, 'bd_defdoc', '2018-11-19 11:29:34' ) ;
insert into md_ORMap ( attributeid, classid, columnid, dr, tableid, ts ) values (  'f1d5adea-ea3c-11e8-a9bb-d5565d1ec044', '1001AA10000000000O3K', 'bd_defdoc@@@def5',0, 'bd_defdoc', '2018-11-19 11:29:34' ) ;
insert into md_ORMap ( attributeid, classid, columnid, dr, tableid, ts ) values (  'f1d5adf8-ea3c-11e8-a9bb-d5565d1ec044', '1001AA10000000000O3K', 'bd_defdoc@@@def19',0, 'bd_defdoc', '2018-11-19 11:29:34' ) ;
insert into md_ORMap ( attributeid, classid, columnid, dr, tableid, ts ) values (  'f1d5ade5-ea3c-11e8-a9bb-d5565d1ec044', '1001AA10000000000O3K', 'bd_defdoc@@@datatype',0, 'bd_defdoc', '2018-11-19 11:29:34' ) ;
insert into md_ORMap ( attributeid, classid, columnid, dr, tableid, ts ) values (  'f1d5ade8-ea3c-11e8-a9bb-d5565d1ec044', '1001AA10000000000O3K', 'bd_defdoc@@@def3',0, 'bd_defdoc', '2018-11-19 11:29:34' ) ;
insert into md_ORMap ( attributeid, classid, columnid, dr, tableid, ts ) values (  'f1d5adda-ea3c-11e8-a9bb-d5565d1ec044', '1001AA10000000000O3K', 'bd_defdoc@@@name',0, 'bd_defdoc', '2018-11-19 11:29:34' ) ;


--Defdoc-C0J00123
delete from md_db_relation where startattrid in (select id from md_property where classid in ('1001AA10000000002IAC','@@@@' ) )  and starttableid in ('bd_defdoc','@@@@');
delete from md_ORMap where ATTRIBUTEID in(select id from md_property where classid in ('1001AA10000000002IAC','@@@@' ) )  and tableid in ('bd_defdoc','@@@@') ;
delete from md_table where id not in (select distinct tableid from md_ormap );
delete from md_column where  tableid in('bd_defdoc','@@@@') and id not in(select distinct columnid from md_ormap) and (nvl(groupid ,'~')='~' or groupid = id )  and name <> 'extend_bean_tag' ;
delete from md_column where tableid in ('bd_defdoc','@@@@')and groupid is not null and groupid not in( select distinct id from md_column where tableid in ('bd_defdoc','@@@@') ) ;
delete from md_db_relation where starttableid not in (select id from md_table);
delete from md_property where classID in (select distinct id from md_class where componentID='b2d56c93-ef9f-11e8-b4a6-4dd577e382d8'  )  ;
delete from md_association where componentID = 'b2d56c93-ef9f-11e8-b4a6-4dd577e382d8'  ;
delete from md_bizItfMap where classID in (select distinct id from md_class where componentID='b2d56c93-ef9f-11e8-b4a6-4dd577e382d8'  );
delete from md_bizItfMap where classID in ( select id from md_opInterface where componentID = 'b2d56c93-ef9f-11e8-b4a6-4dd577e382d8'  );
delete from md_accessorPara where id in (select distinct id from md_class where componentID='b2d56c93-ef9f-11e8-b4a6-4dd577e382d8'  );
delete from md_enumValue where id in (select distinct id from md_class where componentID='b2d56c93-ef9f-11e8-b4a6-4dd577e382d8'  ) ;
delete from md_class where componentID = 'b2d56c93-ef9f-11e8-b4a6-4dd577e382d8'  ;
delete from md_component where id = 'b2d56c93-ef9f-11e8-b4a6-4dd577e382d8' ;
delete from md_table where (id='bd_defdoc');
delete from md_column where (id='bd_defdoc@@PK@@');
delete from md_column where (id='bd_defdoc@@@pk_defdoclist');
delete from md_column where (id='bd_defdoc@@@pk_org');
delete from md_column where (id='bd_defdoc@@@pk_group');
delete from md_column where (id='bd_defdoc@@@code');
delete from md_column where (id='bd_defdoc@@@name');
delete from md_column where (id='bd_defdoc@@@shortname');
delete from md_column where (id='bd_defdoc@@@mnecode');
delete from md_column where (id='bd_defdoc@@@pid');
delete from md_column where (id='bd_defdoc@@@memo');
delete from md_column where (id='bd_defdoc@@@creator');
delete from md_column where (id='bd_defdoc@@@creationtime');
delete from md_column where (id='bd_defdoc@@@modifier');
delete from md_column where (id='bd_defdoc@@@modifiedtime');
delete from md_column where (id='bd_defdoc@@@innercode');
delete from md_column where (id='bd_defdoc@@@enablestate');
delete from md_column where (id='bd_defdoc@@@dataoriginflag');
delete from md_column where (id='bd_defdoc@@@datatype');
delete from md_column where (id='bd_defdoc@@@def1');
delete from md_column where (id='bd_defdoc@@@def2');
delete from md_column where (id='bd_defdoc@@@def3');
delete from md_column where (id='bd_defdoc@@@def4');
delete from md_column where (id='bd_defdoc@@@def5');
delete from md_column where (id='bd_defdoc@@@def6');
delete from md_column where (id='bd_defdoc@@@def7');
delete from md_column where (id='bd_defdoc@@@def8');
delete from md_column where (id='bd_defdoc@@@def9');
delete from md_column where (id='bd_defdoc@@@def10');
delete from md_column where (id='bd_defdoc@@@def11');
delete from md_column where (id='bd_defdoc@@@def12');
delete from md_column where (id='bd_defdoc@@@def13');
delete from md_column where (id='bd_defdoc@@@def14');
delete from md_column where (id='bd_defdoc@@@def15');
delete from md_column where (id='bd_defdoc@@@def16');
delete from md_column where (id='bd_defdoc@@@def17');
delete from md_column where (id='bd_defdoc@@@def18');
delete from md_column where (id='bd_defdoc@@@def19');
delete from md_column where (id='bd_defdoc@@@def20');
delete from md_column where (id='bd_defdoc@@@name2');
delete from md_column where (id='bd_defdoc@@@name3');
delete from md_column where (id='bd_defdoc@@@name4');
delete from md_column where (id='bd_defdoc@@@name5');
delete from md_column where (id='bd_defdoc@@@name6');
delete from md_column where (id='bd_defdoc@@@shortname2');
delete from md_column where (id='bd_defdoc@@@shortname3');
delete from md_column where (id='bd_defdoc@@@shortname4');
delete from md_column where (id='bd_defdoc@@@shortname5');
delete from md_column where (id='bd_defdoc@@@shortname6');


insert into md_component ( createtime, creator, description, displayname, dr, fromsourcebmf, help, id, industry, isbizmodel, modifier, modifytime, name, namespace, ownmodule, preload, resid, resmodule, ts, version, versiontype ) values (  '2018-11-24 12:16:21', null, null, 'TestList(自定义档案)',0, 'Y', null, 'b2d56c93-ef9f-11e8-b4a6-4dd577e382d8', '0', 'N', null, null, 'Defdoc-C0J00123', 'uap', 'uapbd', null, null, '10140uddb', '2018-11-24 15:13:22', '1',0 ) ;
insert into md_class ( id, accessorclassname, classtype, componentid, createtime, creator, description, displayname, dr, fullclassname, help, isactive, keyattribute, modifier, modifytime, name, parentclassid, precise, refmodelname, returntype, ts, versiontype, isprimary, defaulttablename, stereotype, isauthen, resid, bizitfimpclassname, modinfoclassname, iscreatesql, isextendbean, userdefclassname, industry, fixedlength ) values (  '1001AA10000000002IAC', 'nc.md.model.access.javamap.NCBeanStyle',201, 'b2d56c93-ef9f-11e8-b4a6-4dd577e382d8', '2018-11-24 12:16:21', null, null, 'TestList(自定义档案)',0, 'nc.vo.bd.defdoc.DefdocVO', 'ignorebdmode,BDMODE,URC,DEFDOC,BUSILOG,DOC', null, 'b2d56c99-ef9f-11e8-b4a6-4dd577e382d8', null, null, 'Defdoc-C0J00123', null,null, 'TestList(自定义档案)', null, '2018-11-24 15:13:22',0, 'Y', 'bd_defdoc', null, 'Y', null, null, null, 'Y', null, null, '0', null ) ;
insert into md_property ( id, accessorclassname, classid, createtime, creator, datatype, datatypestyle, defaultvalue, description, displayname, dr, help, isactive, hided, nullable, readonly, attrlength, attrmaxvalue, attrminvalue, modifier, modifytime, name, precise, refmodelname, attrsequence, ts, visibility, versiontype, fixedlength, calculation, isauthen, resid, customattr, notserialize, dynamicattr, dynamictable, accesspower, accesspowergroup, industry ) values (  'b2d56c99-ef9f-11e8-b4a6-4dd577e382d8', null, '1001AA10000000002IAC', null, null, 'BS000010000100001051',300, null, null, '自定义档案主键',0, null, 'Y', 'N', 'N', 'N',20, null, null, null, null, 'pk_defdoc',0, null,0, '2018-11-24 15:13:22',0,0, 'N', 'N', 'Y', '2UC000-000747', 'N', 'N', 'N', null, 'N', null, '0' ) ;
insert into md_property ( id, accessorclassname, classid, createtime, creator, datatype, datatypestyle, defaultvalue, description, displayname, dr, help, isactive, hided, nullable, readonly, attrlength, attrmaxvalue, attrminvalue, modifier, modifytime, name, precise, refmodelname, attrsequence, ts, visibility, versiontype, fixedlength, calculation, isauthen, resid, customattr, notserialize, dynamicattr, dynamictable, accesspower, accesspowergroup, industry ) values (  'b2d56ca4-ef9f-11e8-b4a6-4dd577e382d8', null, '1001AA10000000002IAC', null, null, '16c1dca0-e3ed-4dcc-8ed7-75fd59e2bef1',305, null, null, '自定义档案列表主键',0, null, 'Y', 'N', 'N', 'N',20, null, null, null, null, 'pk_defdoclist',0, '自定义档案列表',1, '2018-11-24 15:13:22',0,0, 'N', 'N', 'Y', '2UC000-000748', 'N', 'N', 'N', null, 'N', null, '0' ) ;
insert into md_property ( id, accessorclassname, classid, createtime, creator, datatype, datatypestyle, defaultvalue, description, displayname, dr, help, isactive, hided, nullable, readonly, attrlength, attrmaxvalue, attrminvalue, modifier, modifytime, name, precise, refmodelname, attrsequence, ts, visibility, versiontype, fixedlength, calculation, isauthen, resid, customattr, notserialize, dynamicattr, dynamictable, accesspower, accesspowergroup, industry ) values (  'b2d56ca6-ef9f-11e8-b4a6-4dd577e382d8', null, '1001AA10000000002IAC', null, null, '985be8a4-3a36-4778-8afe-2d8ed3902659',305, null, null, '所属组织',0, null, 'Y', 'N', 'N', 'N',20, null, null, null, null, 'pk_org',0, '业务单元',2, '2018-11-24 15:13:22',0,0, 'N', 'N', 'Y', '2UC000-000360', 'N', 'N', 'N', null, 'N', null, '0' ) ;
insert into md_property ( id, accessorclassname, classid, createtime, creator, datatype, datatypestyle, defaultvalue, description, displayname, dr, help, isactive, hided, nullable, readonly, attrlength, attrmaxvalue, attrminvalue, modifier, modifytime, name, precise, refmodelname, attrsequence, ts, visibility, versiontype, fixedlength, calculation, isauthen, resid, customattr, notserialize, dynamicattr, dynamictable, accesspower, accesspowergroup, industry ) values (  'b2d56ca5-ef9f-11e8-b4a6-4dd577e382d8', null, '1001AA10000000002IAC', null, null, '3b6dd171-2900-47f3-bfbe-41e4483a2a65',305, null, null, '所属集团',0, null, 'Y', 'N', 'Y', 'N',20, null, null, null, null, 'pk_group',0, '集团',3, '2018-11-24 15:13:22',0,0, 'N', 'N', 'Y', '2UC000-000367', 'N', 'N', 'N', null, 'N', null, '0' ) ;
insert into md_property ( id, accessorclassname, classid, createtime, creator, datatype, datatypestyle, defaultvalue, description, displayname, dr, help, isactive, hided, nullable, readonly, attrlength, attrmaxvalue, attrminvalue, modifier, modifytime, name, precise, refmodelname, attrsequence, ts, visibility, versiontype, fixedlength, calculation, isauthen, resid, customattr, notserialize, dynamicattr, dynamictable, accesspower, accesspowergroup, industry ) values (  'b2d56c92-ef9f-11e8-b4a6-4dd577e382d8', null, '1001AA10000000002IAC', null, null, 'BS000010000100001001',300, null, null, '档案编码',0, 'URC', 'Y', 'N', 'N', 'N',40, null, null, null, null, 'code',0, null,4, '2018-11-24 15:13:22',0,0, 'N', 'N', 'Y', '2UC000-000557', 'N', 'N', 'N', null, 'N', null, '0' ) ;
insert into md_property ( id, accessorclassname, classid, createtime, creator, datatype, datatypestyle, defaultvalue, description, displayname, dr, help, isactive, hided, nullable, readonly, attrlength, attrmaxvalue, attrminvalue, modifier, modifytime, name, precise, refmodelname, attrsequence, ts, visibility, versiontype, fixedlength, calculation, isauthen, resid, customattr, notserialize, dynamicattr, dynamictable, accesspower, accesspowergroup, industry ) values (  'b2d56c9f-ef9f-11e8-b4a6-4dd577e382d8', null, '1001AA10000000002IAC', null, null, 'BS000010000100001058',300, null, null, '档案名称',0, 'URC', 'Y', 'N', 'Y', 'N',200, null, null, null, null, 'name',0, null,5, '2018-11-24 15:13:22',0,0, 'N', 'N', 'Y', '2UC000-000556', 'N', 'N', 'N', null, 'N', null, '0' ) ;
insert into md_property ( id, accessorclassname, classid, createtime, creator, datatype, datatypestyle, defaultvalue, description, displayname, dr, help, isactive, hided, nullable, readonly, attrlength, attrmaxvalue, attrminvalue, modifier, modifytime, name, precise, refmodelname, attrsequence, ts, visibility, versiontype, fixedlength, calculation, isauthen, resid, customattr, notserialize, dynamicattr, dynamictable, accesspower, accesspowergroup, industry ) values (  'b2d56ca0-ef9f-11e8-b4a6-4dd577e382d8', null, '1001AA10000000002IAC', null, null, 'BS000010000100001058',300, null, null, '简称',0, null, 'Y', 'N', 'Y', 'N',200, null, null, null, null, 'shortname',0, null,6, '2018-11-24 15:13:22',0,0, 'N', 'N', 'Y', '2UC000-000675', 'N', 'N', 'N', null, 'N', null, '0' ) ;
insert into md_property ( id, accessorclassname, classid, createtime, creator, datatype, datatypestyle, defaultvalue, description, displayname, dr, help, isactive, hided, nullable, readonly, attrlength, attrmaxvalue, attrminvalue, modifier, modifytime, name, precise, refmodelname, attrsequence, ts, visibility, versiontype, fixedlength, calculation, isauthen, resid, customattr, notserialize, dynamicattr, dynamictable, accesspower, accesspowergroup, industry ) values (  'b2d56c9b-ef9f-11e8-b4a6-4dd577e382d8', null, '1001AA10000000002IAC', null, null, 'BS000010000100001001',300, null, null, '助记码',0, null, 'Y', 'N', 'Y', 'N',50, null, null, null, null, 'mnecode',0, null,7, '2018-11-24 15:13:22',0,0, 'N', 'N', 'Y', '2UC000-000172', 'N', 'N', 'N', null, 'N', null, '0' ) ;
insert into md_property ( id, accessorclassname, classid, createtime, creator, datatype, datatypestyle, defaultvalue, description, displayname, dr, help, isactive, hided, nullable, readonly, attrlength, attrmaxvalue, attrminvalue, modifier, modifytime, name, precise, refmodelname, attrsequence, ts, visibility, versiontype, fixedlength, calculation, isauthen, resid, customattr, notserialize, dynamicattr, dynamictable, accesspower, accesspowergroup, industry ) values (  'b2d56ca2-ef9f-11e8-b4a6-4dd577e382d8', null, '1001AA10000000002IAC', null, null, 'BS000010000100001001',300, null, null, '上级档案',0, null, 'Y', 'N', 'Y', 'N',20, null, null, null, null, 'pid',0, null,8, '2018-11-24 15:13:22',0,0, 'N', 'N', 'Y', '2UC000-000007', 'N', 'N', 'N', null, 'N', null, '0' ) ;
insert into md_property ( id, accessorclassname, classid, createtime, creator, datatype, datatypestyle, defaultvalue, description, displayname, dr, help, isactive, hided, nullable, readonly, attrlength, attrmaxvalue, attrminvalue, modifier, modifytime, name, precise, refmodelname, attrsequence, ts, visibility, versiontype, fixedlength, calculation, isauthen, resid, customattr, notserialize, dynamicattr, dynamictable, accesspower, accesspowergroup, industry ) values (  'b2d56c9a-ef9f-11e8-b4a6-4dd577e382d8', null, '1001AA10000000002IAC', null, null, 'BS000010000100001001',300, null, null, '备注',0, null, 'Y', 'N', 'Y', 'N',200, null, null, null, null, 'memo',0, null,9, '2018-11-24 15:13:22',0,0, 'N', 'N', 'Y', '2UC000-000258', 'N', 'N', 'N', null, 'N', null, '0' ) ;
insert into md_property ( id, accessorclassname, classid, createtime, creator, datatype, datatypestyle, defaultvalue, description, displayname, dr, help, isactive, hided, nullable, readonly, attrlength, attrmaxvalue, attrminvalue, modifier, modifytime, name, precise, refmodelname, attrsequence, ts, visibility, versiontype, fixedlength, calculation, isauthen, resid, customattr, notserialize, dynamicattr, dynamictable, accesspower, accesspowergroup, industry ) values (  'b2d56c96-ef9f-11e8-b4a6-4dd577e382d8', null, '1001AA10000000002IAC', null, null, 'f6f9a473-56c0-432f-8bc7-fbf8fde54fee',305, null, null, '创建人',0, null, 'Y', 'N', 'Y', 'N',20, null, null, null, null, 'creator',0, '用户',10, '2018-11-24 15:13:22',0,0, 'N', 'N', 'Y', '2UC000-000155', 'N', 'N', 'N', null, 'N', null, '0' ) ;
insert into md_property ( id, accessorclassname, classid, createtime, creator, datatype, datatypestyle, defaultvalue, description, displayname, dr, help, isactive, hided, nullable, readonly, attrlength, attrmaxvalue, attrminvalue, modifier, modifytime, name, precise, refmodelname, attrsequence, ts, visibility, versiontype, fixedlength, calculation, isauthen, resid, customattr, notserialize, dynamicattr, dynamictable, accesspower, accesspowergroup, industry ) values (  'b2d56c95-ef9f-11e8-b4a6-4dd577e382d8', null, '1001AA10000000002IAC', null, null, 'BS000010000100001034',300, null, null, '创建时间',0, null, 'Y', 'N', 'Y', 'N',19, null, null, null, null, 'creationtime',0, null,11, '2018-11-24 15:13:22',0,0, 'N', 'N', 'Y', '2UC000-000157', 'N', 'N', 'N', null, 'N', null, '0' ) ;
insert into md_property ( id, accessorclassname, classid, createtime, creator, datatype, datatypestyle, defaultvalue, description, displayname, dr, help, isactive, hided, nullable, readonly, attrlength, attrmaxvalue, attrminvalue, modifier, modifytime, name, precise, refmodelname, attrsequence, ts, visibility, versiontype, fixedlength, calculation, isauthen, resid, customattr, notserialize, dynamicattr, dynamictable, accesspower, accesspowergroup, industry ) values (  'b2d56c9c-ef9f-11e8-b4a6-4dd577e382d8', null, '1001AA10000000002IAC', null, null, 'f6f9a473-56c0-432f-8bc7-fbf8fde54fee',305, null, null, '最后修改人',0, null, 'Y', 'N', 'Y', 'N',20, null, null, null, null, 'modifier',0, '用户',12, '2018-11-24 15:13:22',0,0, 'N', 'N', 'Y', '2UC000-000490', 'N', 'N', 'N', null, 'N', null, '0' ) ;
insert into md_property ( id, accessorclassname, classid, createtime, creator, datatype, datatypestyle, defaultvalue, description, displayname, dr, help, isactive, hided, nullable, readonly, attrlength, attrmaxvalue, attrminvalue, modifier, modifytime, name, precise, refmodelname, attrsequence, ts, visibility, versiontype, fixedlength, calculation, isauthen, resid, customattr, notserialize, dynamicattr, dynamictable, accesspower, accesspowergroup, industry ) values (  'b2d56c9e-ef9f-11e8-b4a6-4dd577e382d8', null, '1001AA10000000002IAC', null, null, 'BS000010000100001034',300, null, null, '最后修改时间',0, null, 'Y', 'N', 'Y', 'N',19, null, null, null, null, 'modifiedtime',0, null,13, '2018-11-24 15:13:22',0,0, 'N', 'N', 'Y', '2UC000-000491', 'N', 'N', 'N', null, 'N', null, '0' ) ;
insert into md_property ( id, accessorclassname, classid, createtime, creator, datatype, datatypestyle, defaultvalue, description, displayname, dr, help, isactive, hided, nullable, readonly, attrlength, attrmaxvalue, attrminvalue, modifier, modifytime, name, precise, refmodelname, attrsequence, ts, visibility, versiontype, fixedlength, calculation, isauthen, resid, customattr, notserialize, dynamicattr, dynamictable, accesspower, accesspowergroup, industry ) values (  'b2d56c98-ef9f-11e8-b4a6-4dd577e382d8', null, '1001AA10000000002IAC', null, null, 'BS000010000100001001',300, null, null, '内部编码',0, null, 'Y', 'N', 'Y', 'N',200, null, null, null, null, 'innercode',0, null,14, '2018-11-24 15:13:22',0,0, 'N', 'N', 'Y', '2UC000-000136', 'N', 'N', 'N', null, 'N', null, '0' ) ;
insert into md_property ( id, accessorclassname, classid, createtime, creator, datatype, datatypestyle, defaultvalue, description, displayname, dr, help, isactive, hided, nullable, readonly, attrlength, attrmaxvalue, attrminvalue, modifier, modifytime, name, precise, refmodelname, attrsequence, ts, visibility, versiontype, fixedlength, calculation, isauthen, resid, customattr, notserialize, dynamicattr, dynamictable, accesspower, accesspowergroup, industry ) values (  'b2d56ca7-ef9f-11e8-b4a6-4dd577e382d8', null, '1001AA10000000002IAC', null, null, '6b533ffa-3e43-4147-8670-ba0f5471fd40',300, null, null, '启用状态',0, null, 'Y', 'N', 'Y', 'N',0, null, null, null, null, 'enablestate',0, null,15, '2018-11-24 15:13:22',0,0, 'N', 'N', 'Y', '2UC000-000249', 'N', 'N', 'N', null, 'N', null, '0' ) ;
insert into md_property ( id, accessorclassname, classid, createtime, creator, datatype, datatypestyle, defaultvalue, description, displayname, dr, help, isactive, hided, nullable, readonly, attrlength, attrmaxvalue, attrminvalue, modifier, modifytime, name, precise, refmodelname, attrsequence, ts, visibility, versiontype, fixedlength, calculation, isauthen, resid, customattr, notserialize, dynamicattr, dynamictable, accesspower, accesspowergroup, industry ) values (  'b2d56ca9-ef9f-11e8-b4a6-4dd577e382d8', null, '1001AA10000000002IAC', null, null, 'BS000010000100001004',300, null, null, '分布式',0, null, 'Y', 'N', 'Y', 'N',0, null, null, null, null, 'dataoriginflag',0, null,16, '2018-11-24 15:13:22',0,0, 'N', 'N', 'Y', '2UC000-000151', 'N', 'N', 'N', null, 'N', null, '0' ) ;
insert into md_property ( id, accessorclassname, classid, createtime, creator, datatype, datatypestyle, defaultvalue, description, displayname, dr, help, isactive, hided, nullable, readonly, attrlength, attrmaxvalue, attrminvalue, modifier, modifytime, name, precise, refmodelname, attrsequence, ts, visibility, versiontype, fixedlength, calculation, isauthen, resid, customattr, notserialize, dynamicattr, dynamictable, accesspower, accesspowergroup, industry ) values (  'b2d56caa-ef9f-11e8-b4a6-4dd577e382d8', null, '1001AA10000000002IAC', null, null, 'ba3f1197-8584-445d-88a0-102e505f94e5',300, '1', null, '数据类型',0, null, 'Y', 'N', 'Y', 'N',0, null, null, null, null, 'datatype',0, null,17, '2018-11-24 15:13:22',0,0, 'N', 'N', 'Y', '2UC000-000458', 'N', 'N', 'N', null, 'N', null, '0' ) ;
insert into md_property ( id, accessorclassname, classid, createtime, creator, datatype, datatypestyle, defaultvalue, description, displayname, dr, help, isactive, hided, nullable, readonly, attrlength, attrmaxvalue, attrminvalue, modifier, modifytime, name, precise, refmodelname, attrsequence, ts, visibility, versiontype, fixedlength, calculation, isauthen, resid, customattr, notserialize, dynamicattr, dynamictable, accesspower, accesspowergroup, industry ) values (  'b2d56cab-ef9f-11e8-b4a6-4dd577e382d8', null, '1001AA10000000002IAC', null, null, 'BS000010000100001056',300, null, null, '自定义项1',0, null, 'Y', 'N', 'Y', 'N',101, null, null, null, null, 'def1',0, null,18, '2018-11-24 15:13:22',0,-1, 'N', 'N', 'Y', null, 'Y', 'N', 'N', null, 'N', null, '0' ) ;
insert into md_property ( id, accessorclassname, classid, createtime, creator, datatype, datatypestyle, defaultvalue, description, displayname, dr, help, isactive, hided, nullable, readonly, attrlength, attrmaxvalue, attrminvalue, modifier, modifytime, name, precise, refmodelname, attrsequence, ts, visibility, versiontype, fixedlength, calculation, isauthen, resid, customattr, notserialize, dynamicattr, dynamictable, accesspower, accesspowergroup, industry ) values (  'b2d56cac-ef9f-11e8-b4a6-4dd577e382d8', null, '1001AA10000000002IAC', null, null, 'BS000010000100001056',300, null, null, '自定义项2',0, null, 'Y', 'N', 'Y', 'N',101, null, null, null, null, 'def2',0, null,19, '2018-11-24 15:13:22',0,-1, 'N', 'N', 'Y', null, 'Y', 'N', 'N', null, 'N', null, '0' ) ;
insert into md_property ( id, accessorclassname, classid, createtime, creator, datatype, datatypestyle, defaultvalue, description, displayname, dr, help, isactive, hided, nullable, readonly, attrlength, attrmaxvalue, attrminvalue, modifier, modifytime, name, precise, refmodelname, attrsequence, ts, visibility, versiontype, fixedlength, calculation, isauthen, resid, customattr, notserialize, dynamicattr, dynamictable, accesspower, accesspowergroup, industry ) values (  'b2d56cad-ef9f-11e8-b4a6-4dd577e382d8', null, '1001AA10000000002IAC', null, null, 'BS000010000100001056',300, null, null, '自定义项3',0, null, 'Y', 'N', 'Y', 'N',101, null, null, null, null, 'def3',0, null,20, '2018-11-24 15:13:22',0,-1, 'N', 'N', 'Y', null, 'Y', 'N', 'N', null, 'N', null, '0' ) ;
insert into md_property ( id, accessorclassname, classid, createtime, creator, datatype, datatypestyle, defaultvalue, description, displayname, dr, help, isactive, hided, nullable, readonly, attrlength, attrmaxvalue, attrminvalue, modifier, modifytime, name, precise, refmodelname, attrsequence, ts, visibility, versiontype, fixedlength, calculation, isauthen, resid, customattr, notserialize, dynamicattr, dynamictable, accesspower, accesspowergroup, industry ) values (  'b2d56cae-ef9f-11e8-b4a6-4dd577e382d8', null, '1001AA10000000002IAC', null, null, 'BS000010000100001056',300, null, null, '自定义项4',0, null, 'Y', 'N', 'Y', 'N',101, null, null, null, null, 'def4',0, null,21, '2018-11-24 15:13:22',0,-1, 'N', 'N', 'Y', null, 'Y', 'N', 'N', null, 'N', null, '0' ) ;
insert into md_property ( id, accessorclassname, classid, createtime, creator, datatype, datatypestyle, defaultvalue, description, displayname, dr, help, isactive, hided, nullable, readonly, attrlength, attrmaxvalue, attrminvalue, modifier, modifytime, name, precise, refmodelname, attrsequence, ts, visibility, versiontype, fixedlength, calculation, isauthen, resid, customattr, notserialize, dynamicattr, dynamictable, accesspower, accesspowergroup, industry ) values (  'b2d56caf-ef9f-11e8-b4a6-4dd577e382d8', null, '1001AA10000000002IAC', null, null, 'BS000010000100001056',300, null, null, '自定义项5',0, null, 'Y', 'N', 'Y', 'N',101, null, null, null, null, 'def5',0, null,22, '2018-11-24 15:13:22',0,-1, 'N', 'N', 'Y', null, 'Y', 'N', 'N', null, 'N', null, '0' ) ;
insert into md_property ( id, accessorclassname, classid, createtime, creator, datatype, datatypestyle, defaultvalue, description, displayname, dr, help, isactive, hided, nullable, readonly, attrlength, attrmaxvalue, attrminvalue, modifier, modifytime, name, precise, refmodelname, attrsequence, ts, visibility, versiontype, fixedlength, calculation, isauthen, resid, customattr, notserialize, dynamicattr, dynamictable, accesspower, accesspowergroup, industry ) values (  'b2d56cb0-ef9f-11e8-b4a6-4dd577e382d8', null, '1001AA10000000002IAC', null, null, 'BS000010000100001056',300, null, null, '自定义项6',0, null, 'Y', 'N', 'Y', 'N',101, null, null, null, null, 'def6',0, null,23, '2018-11-24 15:13:22',0,-1, 'N', 'N', 'Y', null, 'Y', 'N', 'N', null, 'N', null, '0' ) ;
insert into md_property ( id, accessorclassname, classid, createtime, creator, datatype, datatypestyle, defaultvalue, description, displayname, dr, help, isactive, hided, nullable, readonly, attrlength, attrmaxvalue, attrminvalue, modifier, modifytime, name, precise, refmodelname, attrsequence, ts, visibility, versiontype, fixedlength, calculation, isauthen, resid, customattr, notserialize, dynamicattr, dynamictable, accesspower, accesspowergroup, industry ) values (  'b2d56cb1-ef9f-11e8-b4a6-4dd577e382d8', null, '1001AA10000000002IAC', null, null, 'BS000010000100001056',300, null, null, '自定义项7',0, null, 'Y', 'N', 'Y', 'N',101, null, null, null, null, 'def7',0, null,24, '2018-11-24 15:13:22',0,-1, 'N', 'N', 'Y', null, 'Y', 'N', 'N', null, 'N', null, '0' ) ;
insert into md_property ( id, accessorclassname, classid, createtime, creator, datatype, datatypestyle, defaultvalue, description, displayname, dr, help, isactive, hided, nullable, readonly, attrlength, attrmaxvalue, attrminvalue, modifier, modifytime, name, precise, refmodelname, attrsequence, ts, visibility, versiontype, fixedlength, calculation, isauthen, resid, customattr, notserialize, dynamicattr, dynamictable, accesspower, accesspowergroup, industry ) values (  'b2d56cb2-ef9f-11e8-b4a6-4dd577e382d8', null, '1001AA10000000002IAC', null, null, 'BS000010000100001056',300, null, null, '自定义项8',0, null, 'Y', 'N', 'Y', 'N',101, null, null, null, null, 'def8',0, null,25, '2018-11-24 15:13:22',0,-1, 'N', 'N', 'Y', null, 'Y', 'N', 'N', null, 'N', null, '0' ) ;
insert into md_property ( id, accessorclassname, classid, createtime, creator, datatype, datatypestyle, defaultvalue, description, displayname, dr, help, isactive, hided, nullable, readonly, attrlength, attrmaxvalue, attrminvalue, modifier, modifytime, name, precise, refmodelname, attrsequence, ts, visibility, versiontype, fixedlength, calculation, isauthen, resid, customattr, notserialize, dynamicattr, dynamictable, accesspower, accesspowergroup, industry ) values (  'b2d56cb3-ef9f-11e8-b4a6-4dd577e382d8', null, '1001AA10000000002IAC', null, null, 'BS000010000100001056',300, null, null, '自定义项9',0, null, 'Y', 'N', 'Y', 'N',101, null, null, null, null, 'def9',0, null,26, '2018-11-24 15:13:22',0,-1, 'N', 'N', 'Y', null, 'Y', 'N', 'N', null, 'N', null, '0' ) ;
insert into md_property ( id, accessorclassname, classid, createtime, creator, datatype, datatypestyle, defaultvalue, description, displayname, dr, help, isactive, hided, nullable, readonly, attrlength, attrmaxvalue, attrminvalue, modifier, modifytime, name, precise, refmodelname, attrsequence, ts, visibility, versiontype, fixedlength, calculation, isauthen, resid, customattr, notserialize, dynamicattr, dynamictable, accesspower, accesspowergroup, industry ) values (  'b2d56cb4-ef9f-11e8-b4a6-4dd577e382d8', null, '1001AA10000000002IAC', null, null, 'BS000010000100001056',300, null, null, '自定义项10',0, null, 'Y', 'N', 'Y', 'N',101, null, null, null, null, 'def10',0, null,27, '2018-11-24 15:13:22',0,-1, 'N', 'N', 'Y', null, 'Y', 'N', 'N', null, 'N', null, '0' ) ;
insert into md_property ( id, accessorclassname, classid, createtime, creator, datatype, datatypestyle, defaultvalue, description, displayname, dr, help, isactive, hided, nullable, readonly, attrlength, attrmaxvalue, attrminvalue, modifier, modifytime, name, precise, refmodelname, attrsequence, ts, visibility, versiontype, fixedlength, calculation, isauthen, resid, customattr, notserialize, dynamicattr, dynamictable, accesspower, accesspowergroup, industry ) values (  'b2d56cb5-ef9f-11e8-b4a6-4dd577e382d8', null, '1001AA10000000002IAC', null, null, 'BS000010000100001056',300, null, null, '自定义项11',0, null, 'Y', 'N', 'Y', 'N',101, null, null, null, null, 'def11',0, null,28, '2018-11-24 15:13:22',0,-1, 'N', 'N', 'Y', null, 'Y', 'N', 'N', null, 'N', null, '0' ) ;
insert into md_property ( id, accessorclassname, classid, createtime, creator, datatype, datatypestyle, defaultvalue, description, displayname, dr, help, isactive, hided, nullable, readonly, attrlength, attrmaxvalue, attrminvalue, modifier, modifytime, name, precise, refmodelname, attrsequence, ts, visibility, versiontype, fixedlength, calculation, isauthen, resid, customattr, notserialize, dynamicattr, dynamictable, accesspower, accesspowergroup, industry ) values (  'b2d56cb6-ef9f-11e8-b4a6-4dd577e382d8', null, '1001AA10000000002IAC', null, null, 'BS000010000100001056',300, null, null, '自定义项12',0, null, 'Y', 'N', 'Y', 'N',101, null, null, null, null, 'def12',0, null,29, '2018-11-24 15:13:22',0,-1, 'N', 'N', 'Y', null, 'Y', 'N', 'N', null, 'N', null, '0' ) ;
insert into md_property ( id, accessorclassname, classid, createtime, creator, datatype, datatypestyle, defaultvalue, description, displayname, dr, help, isactive, hided, nullable, readonly, attrlength, attrmaxvalue, attrminvalue, modifier, modifytime, name, precise, refmodelname, attrsequence, ts, visibility, versiontype, fixedlength, calculation, isauthen, resid, customattr, notserialize, dynamicattr, dynamictable, accesspower, accesspowergroup, industry ) values (  'b2d56cb7-ef9f-11e8-b4a6-4dd577e382d8', null, '1001AA10000000002IAC', null, null, 'BS000010000100001056',300, null, null, '自定义项13',0, null, 'Y', 'N', 'Y', 'N',101, null, null, null, null, 'def13',0, null,30, '2018-11-24 15:13:22',0,-1, 'N', 'N', 'Y', null, 'Y', 'N', 'N', null, 'N', null, '0' ) ;
insert into md_property ( id, accessorclassname, classid, createtime, creator, datatype, datatypestyle, defaultvalue, description, displayname, dr, help, isactive, hided, nullable, readonly, attrlength, attrmaxvalue, attrminvalue, modifier, modifytime, name, precise, refmodelname, attrsequence, ts, visibility, versiontype, fixedlength, calculation, isauthen, resid, customattr, notserialize, dynamicattr, dynamictable, accesspower, accesspowergroup, industry ) values (  'b2d56cb8-ef9f-11e8-b4a6-4dd577e382d8', null, '1001AA10000000002IAC', null, null, 'BS000010000100001056',300, null, null, '自定义项14',0, null, 'Y', 'N', 'Y', 'N',101, null, null, null, null, 'def14',0, null,31, '2018-11-24 15:13:22',0,-1, 'N', 'N', 'Y', null, 'Y', 'N', 'N', null, 'N', null, '0' ) ;
insert into md_property ( id, accessorclassname, classid, createtime, creator, datatype, datatypestyle, defaultvalue, description, displayname, dr, help, isactive, hided, nullable, readonly, attrlength, attrmaxvalue, attrminvalue, modifier, modifytime, name, precise, refmodelname, attrsequence, ts, visibility, versiontype, fixedlength, calculation, isauthen, resid, customattr, notserialize, dynamicattr, dynamictable, accesspower, accesspowergroup, industry ) values (  'b2d56cb9-ef9f-11e8-b4a6-4dd577e382d8', null, '1001AA10000000002IAC', null, null, 'BS000010000100001056',300, null, null, '自定义项15',0, null, 'Y', 'N', 'Y', 'N',101, null, null, null, null, 'def15',0, null,32, '2018-11-24 15:13:22',0,-1, 'N', 'N', 'Y', null, 'Y', 'N', 'N', null, 'N', null, '0' ) ;
insert into md_property ( id, accessorclassname, classid, createtime, creator, datatype, datatypestyle, defaultvalue, description, displayname, dr, help, isactive, hided, nullable, readonly, attrlength, attrmaxvalue, attrminvalue, modifier, modifytime, name, precise, refmodelname, attrsequence, ts, visibility, versiontype, fixedlength, calculation, isauthen, resid, customattr, notserialize, dynamicattr, dynamictable, accesspower, accesspowergroup, industry ) values (  'b2d56cba-ef9f-11e8-b4a6-4dd577e382d8', null, '1001AA10000000002IAC', null, null, 'BS000010000100001056',300, null, null, '自定义项16',0, null, 'Y', 'N', 'Y', 'N',101, null, null, null, null, 'def16',0, null,33, '2018-11-24 15:13:22',0,-1, 'N', 'N', 'Y', null, 'Y', 'N', 'N', null, 'N', null, '0' ) ;
insert into md_property ( id, accessorclassname, classid, createtime, creator, datatype, datatypestyle, defaultvalue, description, displayname, dr, help, isactive, hided, nullable, readonly, attrlength, attrmaxvalue, attrminvalue, modifier, modifytime, name, precise, refmodelname, attrsequence, ts, visibility, versiontype, fixedlength, calculation, isauthen, resid, customattr, notserialize, dynamicattr, dynamictable, accesspower, accesspowergroup, industry ) values (  'b2d56cbb-ef9f-11e8-b4a6-4dd577e382d8', null, '1001AA10000000002IAC', null, null, 'BS000010000100001056',300, null, null, '自定义项17',0, null, 'Y', 'N', 'Y', 'N',101, null, null, null, null, 'def17',0, null,34, '2018-11-24 15:13:22',0,-1, 'N', 'N', 'Y', null, 'Y', 'N', 'N', null, 'N', null, '0' ) ;
insert into md_property ( id, accessorclassname, classid, createtime, creator, datatype, datatypestyle, defaultvalue, description, displayname, dr, help, isactive, hided, nullable, readonly, attrlength, attrmaxvalue, attrminvalue, modifier, modifytime, name, precise, refmodelname, attrsequence, ts, visibility, versiontype, fixedlength, calculation, isauthen, resid, customattr, notserialize, dynamicattr, dynamictable, accesspower, accesspowergroup, industry ) values (  'b2d56cbc-ef9f-11e8-b4a6-4dd577e382d8', null, '1001AA10000000002IAC', null, null, 'BS000010000100001056',300, null, null, '自定义项18',0, null, 'Y', 'N', 'Y', 'N',101, null, null, null, null, 'def18',0, null,35, '2018-11-24 15:13:22',0,-1, 'N', 'N', 'Y', null, 'Y', 'N', 'N', null, 'N', null, '0' ) ;
insert into md_property ( id, accessorclassname, classid, createtime, creator, datatype, datatypestyle, defaultvalue, description, displayname, dr, help, isactive, hided, nullable, readonly, attrlength, attrmaxvalue, attrminvalue, modifier, modifytime, name, precise, refmodelname, attrsequence, ts, visibility, versiontype, fixedlength, calculation, isauthen, resid, customattr, notserialize, dynamicattr, dynamictable, accesspower, accesspowergroup, industry ) values (  'b2d56cbd-ef9f-11e8-b4a6-4dd577e382d8', null, '1001AA10000000002IAC', null, null, 'BS000010000100001056',300, null, null, '自定义项19',0, null, 'Y', 'N', 'Y', 'N',101, null, null, null, null, 'def19',0, null,36, '2018-11-24 15:13:22',0,-1, 'N', 'N', 'Y', null, 'Y', 'N', 'N', null, 'N', null, '0' ) ;
insert into md_property ( id, accessorclassname, classid, createtime, creator, datatype, datatypestyle, defaultvalue, description, displayname, dr, help, isactive, hided, nullable, readonly, attrlength, attrmaxvalue, attrminvalue, modifier, modifytime, name, precise, refmodelname, attrsequence, ts, visibility, versiontype, fixedlength, calculation, isauthen, resid, customattr, notserialize, dynamicattr, dynamictable, accesspower, accesspowergroup, industry ) values (  'b2d56cbe-ef9f-11e8-b4a6-4dd577e382d8', null, '1001AA10000000002IAC', null, null, 'BS000010000100001056',300, null, null, '自定义项20',0, null, 'Y', 'N', 'Y', 'N',101, null, null, null, null, 'def20',0, null,37, '2018-11-24 15:13:22',0,-1, 'N', 'N', 'Y', null, 'Y', 'N', 'N', null, 'N', null, '0' ) ;
insert into md_bizItfMap ( bizinterfaceid, intattrid, classid, classattrid, bizitfimpclassname, classattrpath, dr, ts ) values (  '6c8722b9-911a-489b-8d0d-18bd3734fcf6', '5dd3c721-22ad-42b1-9c10-4351c236bc77', '1001AA10000000002IAC', 'b2d56c99-ef9f-11e8-b4a6-4dd577e382d8', null, null,0, '2018-11-24 15:13:22' ) ;
insert into md_bizItfMap ( bizinterfaceid, intattrid, classid, classattrid, bizitfimpclassname, classattrpath, dr, ts ) values (  '6c8722b9-911a-489b-8d0d-18bd3734fcf6', 'ecf1b76a-6e44-42e2-a55e-87596504775b', '1001AA10000000002IAC', 'b2d56ca6-ef9f-11e8-b4a6-4dd577e382d8', null, null,0, '2018-11-24 15:13:22' ) ;
insert into md_bizItfMap ( bizinterfaceid, intattrid, classid, classattrid, bizitfimpclassname, classattrpath, dr, ts ) values (  '6c8722b9-911a-489b-8d0d-18bd3734fcf6', 'd32cc17b-f415-415a-923f-0764443eb102', '1001AA10000000002IAC', 'b2d56c92-ef9f-11e8-b4a6-4dd577e382d8', null, null,0, '2018-11-24 15:13:22' ) ;
insert into md_bizItfMap ( bizinterfaceid, intattrid, classid, classattrid, bizitfimpclassname, classattrpath, dr, ts ) values (  '6c8722b9-911a-489b-8d0d-18bd3734fcf6', '89578a97-42fe-439b-827c-8eabd9e3604c', '1001AA10000000002IAC', 'b2d56c9f-ef9f-11e8-b4a6-4dd577e382d8', null, null,0, '2018-11-24 15:13:22' ) ;
insert into md_bizItfMap ( bizinterfaceid, intattrid, classid, classattrid, bizitfimpclassname, classattrpath, dr, ts ) values (  '6c8722b9-911a-489b-8d0d-18bd3734fcf6', 'a47e6cda-09e4-480b-923f-ec6f41e3e06c', '1001AA10000000002IAC', 'b2d56ca5-ef9f-11e8-b4a6-4dd577e382d8', null, null,0, '2018-11-24 15:13:22' ) ;
insert into md_association ( id, componentid, creator, createtime, dr, endcardinality, startbeanid, endelementid, isactive, modifier, modifytime, name, startcardinality, startelementid, ts, type, versiontype, industry ) values (  '894b96b7-0c69-4a61-bde2-59fcab7b9c4e', 'b2d56c93-ef9f-11e8-b4a6-4dd577e382d8', null, null,0, '1', '1001AA10000000002IAC', '16c1dca0-e3ed-4dcc-8ed7-75fd59e2bef1', 'Y', null, null, 'Defdoc-C0J00123_pk_defdoclist', '1', 'b2d56ca4-ef9f-11e8-b4a6-4dd577e382d8', '2018-11-24 15:13:22',3,0, '0' ) ;
insert into md_association ( id, componentid, creator, createtime, dr, endcardinality, startbeanid, endelementid, isactive, modifier, modifytime, name, startcardinality, startelementid, ts, type, versiontype, industry ) values (  '6135498c-77f4-4ce9-8e71-155e0a6333ae', 'b2d56c93-ef9f-11e8-b4a6-4dd577e382d8', null, null,0, '1', '1001AA10000000002IAC', '985be8a4-3a36-4778-8afe-2d8ed3902659', 'Y', null, null, 'Defdoc-C0J00123_pk_org', '1', 'b2d56ca6-ef9f-11e8-b4a6-4dd577e382d8', '2018-11-24 15:13:22',3,0, '0' ) ;
insert into md_association ( id, componentid, creator, createtime, dr, endcardinality, startbeanid, endelementid, isactive, modifier, modifytime, name, startcardinality, startelementid, ts, type, versiontype, industry ) values (  '614a4152-7938-4fe7-9c3d-9033b7c87503', 'b2d56c93-ef9f-11e8-b4a6-4dd577e382d8', null, null,0, '1', '1001AA10000000002IAC', '3b6dd171-2900-47f3-bfbe-41e4483a2a65', 'Y', null, null, 'Defdoc-C0J00123_pk_group', '1', 'b2d56ca5-ef9f-11e8-b4a6-4dd577e382d8', '2018-11-24 15:13:22',3,0, '0' ) ;
insert into md_association ( id, componentid, creator, createtime, dr, endcardinality, startbeanid, endelementid, isactive, modifier, modifytime, name, startcardinality, startelementid, ts, type, versiontype, industry ) values (  'f7b9dc13-cac1-4c45-b99b-df13fcc047fd', 'b2d56c93-ef9f-11e8-b4a6-4dd577e382d8', null, null,0, '1', '1001AA10000000002IAC', 'f6f9a473-56c0-432f-8bc7-fbf8fde54fee', 'Y', null, null, 'Defdoc-C0J00123_creator', '1', 'b2d56c96-ef9f-11e8-b4a6-4dd577e382d8', '2018-11-24 15:13:22',3,0, '0' ) ;
insert into md_association ( id, componentid, creator, createtime, dr, endcardinality, startbeanid, endelementid, isactive, modifier, modifytime, name, startcardinality, startelementid, ts, type, versiontype, industry ) values (  '9ada6168-2a3e-4593-9f8d-1d870bfe26c5', 'b2d56c93-ef9f-11e8-b4a6-4dd577e382d8', null, null,0, '1', '1001AA10000000002IAC', 'f6f9a473-56c0-432f-8bc7-fbf8fde54fee', 'Y', null, null, 'Defdoc-C0J00123_modifier', '1', 'b2d56c9c-ef9f-11e8-b4a6-4dd577e382d8', '2018-11-24 15:13:22',3,0, '0' ) ;
insert into md_table ( id, createtime, creator, databaseid, description, displayname, dr, help, isactive, fromsourcebmf, modifier, modifytime, name, ts, versiontype, resmodule, resid, parenttable, isextendtable, industry ) values (  'bd_defdoc', '2018-11-24 12:16:21', null, null, null, 'TestList(自定义档案)',0, 'ignorebdmode,BDMODE,URC,DEFDOC,BUSILOG,DOC', null, 'Y', null, null, 'bd_defdoc', '2018-11-24 15:13:22',0, '10140uddb', null, null, null, '0' ) ;
insert into md_column ( id, sqldatetype, createtime, creator, defaultvalue, description, displayname, dr, help, incrementseed, incrementstep, isactive, identitied, pkey, nullable, columnlength, modifier, modifytime, name, precise, columnsequence, tableid, ts, versiontype, resid, groupid, columntype, forlocale ) values (  'bd_defdoc@@PK@@', 'char', null, null, null, null, '自定义档案主键',0, null,null,null, 'Y', null, 'Y', 'N',20, null, null, 'pk_defdoc',0,0, 'bd_defdoc', '2018-11-24 15:13:22',0, '2UC000-000747', null,0, 'N' ) ;
insert into md_column ( id, sqldatetype, createtime, creator, defaultvalue, description, displayname, dr, help, incrementseed, incrementstep, isactive, identitied, pkey, nullable, columnlength, modifier, modifytime, name, precise, columnsequence, tableid, ts, versiontype, resid, groupid, columntype, forlocale ) values (  'bd_defdoc@@@pk_defdoclist', 'char', null, null, null, null, '自定义档案列表主键',0, null,null,null, 'Y', null, 'N', 'N',20, null, null, 'pk_defdoclist',0,1, 'bd_defdoc', '2018-11-24 15:13:22',0, '2UC000-000748', null,0, 'N' ) ;
insert into md_column ( id, sqldatetype, createtime, creator, defaultvalue, description, displayname, dr, help, incrementseed, incrementstep, isactive, identitied, pkey, nullable, columnlength, modifier, modifytime, name, precise, columnsequence, tableid, ts, versiontype, resid, groupid, columntype, forlocale ) values (  'bd_defdoc@@@pk_org', 'char', null, null, null, null, '所属组织',0, null,null,null, 'Y', null, 'N', 'N',20, null, null, 'pk_org',0,2, 'bd_defdoc', '2018-11-24 15:13:22',0, '2UC000-000360', null,0, 'N' ) ;
insert into md_column ( id, sqldatetype, createtime, creator, defaultvalue, description, displayname, dr, help, incrementseed, incrementstep, isactive, identitied, pkey, nullable, columnlength, modifier, modifytime, name, precise, columnsequence, tableid, ts, versiontype, resid, groupid, columntype, forlocale ) values (  'bd_defdoc@@@pk_group', 'varchar', null, null, '*~', null, '所属集团',0, null,null,null, 'Y', null, 'N', 'Y',20, null, null, 'pk_group',0,3, 'bd_defdoc', '2018-11-24 15:13:22',0, '2UC000-000367', null,0, 'N' ) ;
insert into md_column ( id, sqldatetype, createtime, creator, defaultvalue, description, displayname, dr, help, incrementseed, incrementstep, isactive, identitied, pkey, nullable, columnlength, modifier, modifytime, name, precise, columnsequence, tableid, ts, versiontype, resid, groupid, columntype, forlocale ) values (  'bd_defdoc@@@code', 'varchar', null, null, null, null, '档案编码',0, 'URC',null,null, 'Y', null, 'N', 'N',40, null, null, 'code',0,4, 'bd_defdoc', '2018-11-24 15:13:22',0, '2UC000-000557', null,0, 'N' ) ;
insert into md_column ( id, sqldatetype, createtime, creator, defaultvalue, description, displayname, dr, help, incrementseed, incrementstep, isactive, identitied, pkey, nullable, columnlength, modifier, modifytime, name, precise, columnsequence, tableid, ts, versiontype, resid, groupid, columntype, forlocale ) values (  'bd_defdoc@@@name', 'varchar', null, null, null, null, '档案名称',0, 'URC',null,null, 'Y', null, 'N', 'Y',200, null, null, 'name',0,0, 'bd_defdoc', '2018-11-24 15:13:22',0, '2UC000-000556', 'bd_defdoc@@@name',0, 'N' ) ;
insert into md_column ( id, sqldatetype, createtime, creator, defaultvalue, description, displayname, dr, help, incrementseed, incrementstep, isactive, identitied, pkey, nullable, columnlength, modifier, modifytime, name, precise, columnsequence, tableid, ts, versiontype, resid, groupid, columntype, forlocale ) values (  'bd_defdoc@@@shortname', 'varchar', null, null, null, null, '简称',0, null,null,null, 'Y', null, 'N', 'Y',200, null, null, 'shortname',0,0, 'bd_defdoc', '2018-11-24 15:13:22',0, '2UC000-000675', 'bd_defdoc@@@shortname',0, 'N' ) ;
insert into md_column ( id, sqldatetype, createtime, creator, defaultvalue, description, displayname, dr, help, incrementseed, incrementstep, isactive, identitied, pkey, nullable, columnlength, modifier, modifytime, name, precise, columnsequence, tableid, ts, versiontype, resid, groupid, columntype, forlocale ) values (  'bd_defdoc@@@mnecode', 'varchar', null, null, null, null, '助记码',0, null,null,null, 'Y', null, 'N', 'Y',50, null, null, 'mnecode',0,7, 'bd_defdoc', '2018-11-24 15:13:22',0, '2UC000-000172', null,0, 'N' ) ;
insert into md_column ( id, sqldatetype, createtime, creator, defaultvalue, description, displayname, dr, help, incrementseed, incrementstep, isactive, identitied, pkey, nullable, columnlength, modifier, modifytime, name, precise, columnsequence, tableid, ts, versiontype, resid, groupid, columntype, forlocale ) values (  'bd_defdoc@@@pid', 'varchar', null, null, '*~', null, '上级档案',0, null,null,null, 'Y', null, 'N', 'Y',20, null, null, 'pid',0,8, 'bd_defdoc', '2018-11-24 15:13:22',0, '2UC000-000007', null,0, 'N' ) ;
insert into md_column ( id, sqldatetype, createtime, creator, defaultvalue, description, displayname, dr, help, incrementseed, incrementstep, isactive, identitied, pkey, nullable, columnlength, modifier, modifytime, name, precise, columnsequence, tableid, ts, versiontype, resid, groupid, columntype, forlocale ) values (  'bd_defdoc@@@memo', 'varchar', null, null, null, null, '备注',0, null,null,null, 'Y', null, 'N', 'Y',200, null, null, 'memo',0,9, 'bd_defdoc', '2018-11-24 15:13:22',0, '2UC000-000258', null,0, 'N' ) ;
insert into md_column ( id, sqldatetype, createtime, creator, defaultvalue, description, displayname, dr, help, incrementseed, incrementstep, isactive, identitied, pkey, nullable, columnlength, modifier, modifytime, name, precise, columnsequence, tableid, ts, versiontype, resid, groupid, columntype, forlocale ) values (  'bd_defdoc@@@creator', 'varchar', null, null, '*~', null, '创建人',0, null,null,null, 'Y', null, 'N', 'Y',20, null, null, 'creator',0,10, 'bd_defdoc', '2018-11-24 15:13:22',0, '2UC000-000155', null,0, 'N' ) ;
insert into md_column ( id, sqldatetype, createtime, creator, defaultvalue, description, displayname, dr, help, incrementseed, incrementstep, isactive, identitied, pkey, nullable, columnlength, modifier, modifytime, name, precise, columnsequence, tableid, ts, versiontype, resid, groupid, columntype, forlocale ) values (  'bd_defdoc@@@creationtime', 'char', null, null, null, null, '创建时间',0, null,null,null, 'Y', null, 'N', 'Y',19, null, null, 'creationtime',0,11, 'bd_defdoc', '2018-11-24 15:13:22',0, '2UC000-000157', null,0, 'N' ) ;
insert into md_column ( id, sqldatetype, createtime, creator, defaultvalue, description, displayname, dr, help, incrementseed, incrementstep, isactive, identitied, pkey, nullable, columnlength, modifier, modifytime, name, precise, columnsequence, tableid, ts, versiontype, resid, groupid, columntype, forlocale ) values (  'bd_defdoc@@@modifier', 'varchar', null, null, '*~', null, '最后修改人',0, null,null,null, 'Y', null, 'N', 'Y',20, null, null, 'modifier',0,12, 'bd_defdoc', '2018-11-24 15:13:22',0, '2UC000-000490', null,0, 'N' ) ;
insert into md_column ( id, sqldatetype, createtime, creator, defaultvalue, description, displayname, dr, help, incrementseed, incrementstep, isactive, identitied, pkey, nullable, columnlength, modifier, modifytime, name, precise, columnsequence, tableid, ts, versiontype, resid, groupid, columntype, forlocale ) values (  'bd_defdoc@@@modifiedtime', 'char', null, null, null, null, '最后修改时间',0, null,null,null, 'Y', null, 'N', 'Y',19, null, null, 'modifiedtime',0,13, 'bd_defdoc', '2018-11-24 15:13:22',0, '2UC000-000491', null,0, 'N' ) ;
insert into md_column ( id, sqldatetype, createtime, creator, defaultvalue, description, displayname, dr, help, incrementseed, incrementstep, isactive, identitied, pkey, nullable, columnlength, modifier, modifytime, name, precise, columnsequence, tableid, ts, versiontype, resid, groupid, columntype, forlocale ) values (  'bd_defdoc@@@innercode', 'varchar', null, null, null, null, '内部编码',0, null,null,null, 'Y', null, 'N', 'Y',200, null, null, 'innercode',0,14, 'bd_defdoc', '2018-11-24 15:13:22',0, '2UC000-000136', null,0, 'N' ) ;
insert into md_column ( id, sqldatetype, createtime, creator, defaultvalue, description, displayname, dr, help, incrementseed, incrementstep, isactive, identitied, pkey, nullable, columnlength, modifier, modifytime, name, precise, columnsequence, tableid, ts, versiontype, resid, groupid, columntype, forlocale ) values (  'bd_defdoc@@@enablestate', 'int', null, null, null, null, '启用状态',0, null,null,null, 'Y', null, 'N', 'Y',0, null, null, 'enablestate',0,15, 'bd_defdoc', '2018-11-24 15:13:22',0, '2UC000-000249', null,0, 'N' ) ;
insert into md_column ( id, sqldatetype, createtime, creator, defaultvalue, description, displayname, dr, help, incrementseed, incrementstep, isactive, identitied, pkey, nullable, columnlength, modifier, modifytime, name, precise, columnsequence, tableid, ts, versiontype, resid, groupid, columntype, forlocale ) values (  'bd_defdoc@@@dataoriginflag', 'int', null, null, null, null, '分布式',0, null,null,null, 'Y', null, 'N', 'Y',0, null, null, 'dataoriginflag',0,16, 'bd_defdoc', '2018-11-24 15:13:22',0, '2UC000-000151', null,0, 'N' ) ;
insert into md_column ( id, sqldatetype, createtime, creator, defaultvalue, description, displayname, dr, help, incrementseed, incrementstep, isactive, identitied, pkey, nullable, columnlength, modifier, modifytime, name, precise, columnsequence, tableid, ts, versiontype, resid, groupid, columntype, forlocale ) values (  'bd_defdoc@@@datatype', 'int', null, null, '1', null, '数据类型',0, null,null,null, 'Y', null, 'N', 'Y',0, null, null, 'datatype',0,17, 'bd_defdoc', '2018-11-24 15:13:22',0, '2UC000-000458', null,0, 'N' ) ;
insert into md_column ( id, sqldatetype, createtime, creator, defaultvalue, description, displayname, dr, help, incrementseed, incrementstep, isactive, identitied, pkey, nullable, columnlength, modifier, modifytime, name, precise, columnsequence, tableid, ts, versiontype, resid, groupid, columntype, forlocale ) values (  'bd_defdoc@@@def1', 'varchar', null, null, null, null, '自定义项1',0, null,null,null, 'Y', null, 'N', 'Y',101, null, null, 'def1',0,18, 'bd_defdoc', '2018-11-24 15:13:22',-1, null, null,0, 'N' ) ;
insert into md_column ( id, sqldatetype, createtime, creator, defaultvalue, description, displayname, dr, help, incrementseed, incrementstep, isactive, identitied, pkey, nullable, columnlength, modifier, modifytime, name, precise, columnsequence, tableid, ts, versiontype, resid, groupid, columntype, forlocale ) values (  'bd_defdoc@@@def2', 'varchar', null, null, null, null, '自定义项2',0, null,null,null, 'Y', null, 'N', 'Y',101, null, null, 'def2',0,19, 'bd_defdoc', '2018-11-24 15:13:22',-1, null, null,0, 'N' ) ;
insert into md_column ( id, sqldatetype, createtime, creator, defaultvalue, description, displayname, dr, help, incrementseed, incrementstep, isactive, identitied, pkey, nullable, columnlength, modifier, modifytime, name, precise, columnsequence, tableid, ts, versiontype, resid, groupid, columntype, forlocale ) values (  'bd_defdoc@@@def3', 'varchar', null, null, null, null, '自定义项3',0, null,null,null, 'Y', null, 'N', 'Y',101, null, null, 'def3',0,20, 'bd_defdoc', '2018-11-24 15:13:22',-1, null, null,0, 'N' ) ;
insert into md_column ( id, sqldatetype, createtime, creator, defaultvalue, description, displayname, dr, help, incrementseed, incrementstep, isactive, identitied, pkey, nullable, columnlength, modifier, modifytime, name, precise, columnsequence, tableid, ts, versiontype, resid, groupid, columntype, forlocale ) values (  'bd_defdoc@@@def4', 'varchar', null, null, null, null, '自定义项4',0, null,null,null, 'Y', null, 'N', 'Y',101, null, null, 'def4',0,21, 'bd_defdoc', '2018-11-24 15:13:22',-1, null, null,0, 'N' ) ;
insert into md_column ( id, sqldatetype, createtime, creator, defaultvalue, description, displayname, dr, help, incrementseed, incrementstep, isactive, identitied, pkey, nullable, columnlength, modifier, modifytime, name, precise, columnsequence, tableid, ts, versiontype, resid, groupid, columntype, forlocale ) values (  'bd_defdoc@@@def5', 'varchar', null, null, null, null, '自定义项5',0, null,null,null, 'Y', null, 'N', 'Y',101, null, null, 'def5',0,22, 'bd_defdoc', '2018-11-24 15:13:22',-1, null, null,0, 'N' ) ;
insert into md_column ( id, sqldatetype, createtime, creator, defaultvalue, description, displayname, dr, help, incrementseed, incrementstep, isactive, identitied, pkey, nullable, columnlength, modifier, modifytime, name, precise, columnsequence, tableid, ts, versiontype, resid, groupid, columntype, forlocale ) values (  'bd_defdoc@@@def6', 'varchar', null, null, null, null, '自定义项6',0, null,null,null, 'Y', null, 'N', 'Y',101, null, null, 'def6',0,23, 'bd_defdoc', '2018-11-24 15:13:22',-1, null, null,0, 'N' ) ;
insert into md_column ( id, sqldatetype, createtime, creator, defaultvalue, description, displayname, dr, help, incrementseed, incrementstep, isactive, identitied, pkey, nullable, columnlength, modifier, modifytime, name, precise, columnsequence, tableid, ts, versiontype, resid, groupid, columntype, forlocale ) values (  'bd_defdoc@@@def7', 'varchar', null, null, null, null, '自定义项7',0, null,null,null, 'Y', null, 'N', 'Y',101, null, null, 'def7',0,24, 'bd_defdoc', '2018-11-24 15:13:22',-1, null, null,0, 'N' ) ;
insert into md_column ( id, sqldatetype, createtime, creator, defaultvalue, description, displayname, dr, help, incrementseed, incrementstep, isactive, identitied, pkey, nullable, columnlength, modifier, modifytime, name, precise, columnsequence, tableid, ts, versiontype, resid, groupid, columntype, forlocale ) values (  'bd_defdoc@@@def8', 'varchar', null, null, null, null, '自定义项8',0, null,null,null, 'Y', null, 'N', 'Y',101, null, null, 'def8',0,25, 'bd_defdoc', '2018-11-24 15:13:22',-1, null, null,0, 'N' ) ;
insert into md_column ( id, sqldatetype, createtime, creator, defaultvalue, description, displayname, dr, help, incrementseed, incrementstep, isactive, identitied, pkey, nullable, columnlength, modifier, modifytime, name, precise, columnsequence, tableid, ts, versiontype, resid, groupid, columntype, forlocale ) values (  'bd_defdoc@@@def9', 'varchar', null, null, null, null, '自定义项9',0, null,null,null, 'Y', null, 'N', 'Y',101, null, null, 'def9',0,26, 'bd_defdoc', '2018-11-24 15:13:22',-1, null, null,0, 'N' ) ;
insert into md_column ( id, sqldatetype, createtime, creator, defaultvalue, description, displayname, dr, help, incrementseed, incrementstep, isactive, identitied, pkey, nullable, columnlength, modifier, modifytime, name, precise, columnsequence, tableid, ts, versiontype, resid, groupid, columntype, forlocale ) values (  'bd_defdoc@@@def10', 'varchar', null, null, null, null, '自定义项10',0, null,null,null, 'Y', null, 'N', 'Y',101, null, null, 'def10',0,27, 'bd_defdoc', '2018-11-24 15:13:22',-1, null, null,0, 'N' ) ;
insert into md_column ( id, sqldatetype, createtime, creator, defaultvalue, description, displayname, dr, help, incrementseed, incrementstep, isactive, identitied, pkey, nullable, columnlength, modifier, modifytime, name, precise, columnsequence, tableid, ts, versiontype, resid, groupid, columntype, forlocale ) values (  'bd_defdoc@@@def11', 'varchar', null, null, null, null, '自定义项11',0, null,null,null, 'Y', null, 'N', 'Y',101, null, null, 'def11',0,28, 'bd_defdoc', '2018-11-24 15:13:22',-1, null, null,0, 'N' ) ;
insert into md_column ( id, sqldatetype, createtime, creator, defaultvalue, description, displayname, dr, help, incrementseed, incrementstep, isactive, identitied, pkey, nullable, columnlength, modifier, modifytime, name, precise, columnsequence, tableid, ts, versiontype, resid, groupid, columntype, forlocale ) values (  'bd_defdoc@@@def12', 'varchar', null, null, null, null, '自定义项12',0, null,null,null, 'Y', null, 'N', 'Y',101, null, null, 'def12',0,29, 'bd_defdoc', '2018-11-24 15:13:22',-1, null, null,0, 'N' ) ;
insert into md_column ( id, sqldatetype, createtime, creator, defaultvalue, description, displayname, dr, help, incrementseed, incrementstep, isactive, identitied, pkey, nullable, columnlength, modifier, modifytime, name, precise, columnsequence, tableid, ts, versiontype, resid, groupid, columntype, forlocale ) values (  'bd_defdoc@@@def13', 'varchar', null, null, null, null, '自定义项13',0, null,null,null, 'Y', null, 'N', 'Y',101, null, null, 'def13',0,30, 'bd_defdoc', '2018-11-24 15:13:22',-1, null, null,0, 'N' ) ;
insert into md_column ( id, sqldatetype, createtime, creator, defaultvalue, description, displayname, dr, help, incrementseed, incrementstep, isactive, identitied, pkey, nullable, columnlength, modifier, modifytime, name, precise, columnsequence, tableid, ts, versiontype, resid, groupid, columntype, forlocale ) values (  'bd_defdoc@@@def14', 'varchar', null, null, null, null, '自定义项14',0, null,null,null, 'Y', null, 'N', 'Y',101, null, null, 'def14',0,31, 'bd_defdoc', '2018-11-24 15:13:22',-1, null, null,0, 'N' ) ;
insert into md_column ( id, sqldatetype, createtime, creator, defaultvalue, description, displayname, dr, help, incrementseed, incrementstep, isactive, identitied, pkey, nullable, columnlength, modifier, modifytime, name, precise, columnsequence, tableid, ts, versiontype, resid, groupid, columntype, forlocale ) values (  'bd_defdoc@@@def15', 'varchar', null, null, null, null, '自定义项15',0, null,null,null, 'Y', null, 'N', 'Y',101, null, null, 'def15',0,32, 'bd_defdoc', '2018-11-24 15:13:22',-1, null, null,0, 'N' ) ;
insert into md_column ( id, sqldatetype, createtime, creator, defaultvalue, description, displayname, dr, help, incrementseed, incrementstep, isactive, identitied, pkey, nullable, columnlength, modifier, modifytime, name, precise, columnsequence, tableid, ts, versiontype, resid, groupid, columntype, forlocale ) values (  'bd_defdoc@@@def16', 'varchar', null, null, null, null, '自定义项16',0, null,null,null, 'Y', null, 'N', 'Y',101, null, null, 'def16',0,33, 'bd_defdoc', '2018-11-24 15:13:22',-1, null, null,0, 'N' ) ;
insert into md_column ( id, sqldatetype, createtime, creator, defaultvalue, description, displayname, dr, help, incrementseed, incrementstep, isactive, identitied, pkey, nullable, columnlength, modifier, modifytime, name, precise, columnsequence, tableid, ts, versiontype, resid, groupid, columntype, forlocale ) values (  'bd_defdoc@@@def17', 'varchar', null, null, null, null, '自定义项17',0, null,null,null, 'Y', null, 'N', 'Y',101, null, null, 'def17',0,34, 'bd_defdoc', '2018-11-24 15:13:22',-1, null, null,0, 'N' ) ;
insert into md_column ( id, sqldatetype, createtime, creator, defaultvalue, description, displayname, dr, help, incrementseed, incrementstep, isactive, identitied, pkey, nullable, columnlength, modifier, modifytime, name, precise, columnsequence, tableid, ts, versiontype, resid, groupid, columntype, forlocale ) values (  'bd_defdoc@@@def18', 'varchar', null, null, null, null, '自定义项18',0, null,null,null, 'Y', null, 'N', 'Y',101, null, null, 'def18',0,35, 'bd_defdoc', '2018-11-24 15:13:22',-1, null, null,0, 'N' ) ;
insert into md_column ( id, sqldatetype, createtime, creator, defaultvalue, description, displayname, dr, help, incrementseed, incrementstep, isactive, identitied, pkey, nullable, columnlength, modifier, modifytime, name, precise, columnsequence, tableid, ts, versiontype, resid, groupid, columntype, forlocale ) values (  'bd_defdoc@@@def19', 'varchar', null, null, null, null, '自定义项19',0, null,null,null, 'Y', null, 'N', 'Y',101, null, null, 'def19',0,36, 'bd_defdoc', '2018-11-24 15:13:22',-1, null, null,0, 'N' ) ;
insert into md_column ( id, sqldatetype, createtime, creator, defaultvalue, description, displayname, dr, help, incrementseed, incrementstep, isactive, identitied, pkey, nullable, columnlength, modifier, modifytime, name, precise, columnsequence, tableid, ts, versiontype, resid, groupid, columntype, forlocale ) values (  'bd_defdoc@@@def20', 'varchar', null, null, null, null, '自定义项20',0, null,null,null, 'Y', null, 'N', 'Y',101, null, null, 'def20',0,37, 'bd_defdoc', '2018-11-24 15:13:22',-1, null, null,0, 'N' ) ;
insert into md_column ( id, sqldatetype, createtime, creator, defaultvalue, description, displayname, dr, help, incrementseed, incrementstep, isactive, identitied, pkey, nullable, columnlength, modifier, modifytime, name, precise, columnsequence, tableid, ts, versiontype, resid, groupid, columntype, forlocale ) values (  'bd_defdoc@@@name2', 'varchar', null, null, null, null, '档案名称2',0, 'URC',null,null, 'Y', null, 'N', 'Y',200, null, null, 'name2',0,0, 'bd_defdoc', '2018-11-24 15:13:22',0, '2UC000-000556', 'bd_defdoc@@@name',0, 'N' ) ;
insert into md_column ( id, sqldatetype, createtime, creator, defaultvalue, description, displayname, dr, help, incrementseed, incrementstep, isactive, identitied, pkey, nullable, columnlength, modifier, modifytime, name, precise, columnsequence, tableid, ts, versiontype, resid, groupid, columntype, forlocale ) values (  'bd_defdoc@@@name3', 'varchar', null, null, null, null, '档案名称3',0, 'URC',null,null, 'Y', null, 'N', 'Y',200, null, null, 'name3',0,0, 'bd_defdoc', '2018-11-24 15:13:22',0, '2UC000-000556', 'bd_defdoc@@@name',0, 'N' ) ;
insert into md_column ( id, sqldatetype, createtime, creator, defaultvalue, description, displayname, dr, help, incrementseed, incrementstep, isactive, identitied, pkey, nullable, columnlength, modifier, modifytime, name, precise, columnsequence, tableid, ts, versiontype, resid, groupid, columntype, forlocale ) values (  'bd_defdoc@@@name4', 'varchar', null, null, null, null, '档案名称4',0, 'URC',null,null, 'Y', null, 'N', 'Y',200, null, null, 'name4',0,0, 'bd_defdoc', '2018-11-24 15:13:22',0, '2UC000-000556', 'bd_defdoc@@@name',0, 'N' ) ;
insert into md_column ( id, sqldatetype, createtime, creator, defaultvalue, description, displayname, dr, help, incrementseed, incrementstep, isactive, identitied, pkey, nullable, columnlength, modifier, modifytime, name, precise, columnsequence, tableid, ts, versiontype, resid, groupid, columntype, forlocale ) values (  'bd_defdoc@@@name5', 'varchar', null, null, null, null, '档案名称5',0, 'URC',null,null, 'Y', null, 'N', 'Y',200, null, null, 'name5',0,0, 'bd_defdoc', '2018-11-24 15:13:22',0, '2UC000-000556', 'bd_defdoc@@@name',0, 'N' ) ;
insert into md_column ( id, sqldatetype, createtime, creator, defaultvalue, description, displayname, dr, help, incrementseed, incrementstep, isactive, identitied, pkey, nullable, columnlength, modifier, modifytime, name, precise, columnsequence, tableid, ts, versiontype, resid, groupid, columntype, forlocale ) values (  'bd_defdoc@@@name6', 'varchar', null, null, null, null, '档案名称6',0, 'URC',null,null, 'Y', null, 'N', 'Y',200, null, null, 'name6',0,0, 'bd_defdoc', '2018-11-24 15:13:22',0, '2UC000-000556', 'bd_defdoc@@@name',0, 'N' ) ;
insert into md_column ( id, sqldatetype, createtime, creator, defaultvalue, description, displayname, dr, help, incrementseed, incrementstep, isactive, identitied, pkey, nullable, columnlength, modifier, modifytime, name, precise, columnsequence, tableid, ts, versiontype, resid, groupid, columntype, forlocale ) values (  'bd_defdoc@@@shortname2', 'varchar', null, null, null, null, '简称2',0, null,null,null, 'Y', null, 'N', 'Y',200, null, null, 'shortname2',0,0, 'bd_defdoc', '2018-11-24 15:13:22',0, '2UC000-000675', 'bd_defdoc@@@shortname',0, 'N' ) ;
insert into md_column ( id, sqldatetype, createtime, creator, defaultvalue, description, displayname, dr, help, incrementseed, incrementstep, isactive, identitied, pkey, nullable, columnlength, modifier, modifytime, name, precise, columnsequence, tableid, ts, versiontype, resid, groupid, columntype, forlocale ) values (  'bd_defdoc@@@shortname3', 'varchar', null, null, null, null, '简称3',0, null,null,null, 'Y', null, 'N', 'Y',200, null, null, 'shortname3',0,0, 'bd_defdoc', '2018-11-24 15:13:22',0, '2UC000-000675', 'bd_defdoc@@@shortname',0, 'N' ) ;
insert into md_column ( id, sqldatetype, createtime, creator, defaultvalue, description, displayname, dr, help, incrementseed, incrementstep, isactive, identitied, pkey, nullable, columnlength, modifier, modifytime, name, precise, columnsequence, tableid, ts, versiontype, resid, groupid, columntype, forlocale ) values (  'bd_defdoc@@@shortname4', 'varchar', null, null, null, null, '简称4',0, null,null,null, 'Y', null, 'N', 'Y',200, null, null, 'shortname4',0,0, 'bd_defdoc', '2018-11-24 15:13:22',0, '2UC000-000675', 'bd_defdoc@@@shortname',0, 'N' ) ;
insert into md_column ( id, sqldatetype, createtime, creator, defaultvalue, description, displayname, dr, help, incrementseed, incrementstep, isactive, identitied, pkey, nullable, columnlength, modifier, modifytime, name, precise, columnsequence, tableid, ts, versiontype, resid, groupid, columntype, forlocale ) values (  'bd_defdoc@@@shortname5', 'varchar', null, null, null, null, '简称5',0, null,null,null, 'Y', null, 'N', 'Y',200, null, null, 'shortname5',0,0, 'bd_defdoc', '2018-11-24 15:13:22',0, '2UC000-000675', 'bd_defdoc@@@shortname',0, 'N' ) ;
insert into md_column ( id, sqldatetype, createtime, creator, defaultvalue, description, displayname, dr, help, incrementseed, incrementstep, isactive, identitied, pkey, nullable, columnlength, modifier, modifytime, name, precise, columnsequence, tableid, ts, versiontype, resid, groupid, columntype, forlocale ) values (  'bd_defdoc@@@shortname6', 'varchar', null, null, null, null, '简称6',0, null,null,null, 'Y', null, 'N', 'Y',200, null, null, 'shortname6',0,0, 'bd_defdoc', '2018-11-24 15:13:22',0, '2UC000-000675', 'bd_defdoc@@@shortname',0, 'N' ) ;
insert into md_ORMap ( attributeid, classid, columnid, dr, tableid, ts ) values (  'b2d56c9a-ef9f-11e8-b4a6-4dd577e382d8', '1001AA10000000002IAC', 'bd_defdoc@@@memo',0, 'bd_defdoc', '2018-11-24 15:13:22' ) ;
insert into md_ORMap ( attributeid, classid, columnid, dr, tableid, ts ) values (  'b2d56ca9-ef9f-11e8-b4a6-4dd577e382d8', '1001AA10000000002IAC', 'bd_defdoc@@@dataoriginflag',0, 'bd_defdoc', '2018-11-24 15:13:22' ) ;
insert into md_ORMap ( attributeid, classid, columnid, dr, tableid, ts ) values (  'b2d56cb7-ef9f-11e8-b4a6-4dd577e382d8', '1001AA10000000002IAC', 'bd_defdoc@@@def13',0, 'bd_defdoc', '2018-11-24 15:13:22' ) ;
insert into md_ORMap ( attributeid, classid, columnid, dr, tableid, ts ) values (  'b2d56cbd-ef9f-11e8-b4a6-4dd577e382d8', '1001AA10000000002IAC', 'bd_defdoc@@@def19',0, 'bd_defdoc', '2018-11-24 15:13:22' ) ;
insert into md_ORMap ( attributeid, classid, columnid, dr, tableid, ts ) values (  'b2d56cb9-ef9f-11e8-b4a6-4dd577e382d8', '1001AA10000000002IAC', 'bd_defdoc@@@def15',0, 'bd_defdoc', '2018-11-24 15:13:22' ) ;
insert into md_ORMap ( attributeid, classid, columnid, dr, tableid, ts ) values (  'b2d56ca0-ef9f-11e8-b4a6-4dd577e382d8', '1001AA10000000002IAC', 'bd_defdoc@@@shortname',0, 'bd_defdoc', '2018-11-24 15:13:22' ) ;
insert into md_ORMap ( attributeid, classid, columnid, dr, tableid, ts ) values (  'b2d56c98-ef9f-11e8-b4a6-4dd577e382d8', '1001AA10000000002IAC', 'bd_defdoc@@@innercode',0, 'bd_defdoc', '2018-11-24 15:13:22' ) ;
insert into md_ORMap ( attributeid, classid, columnid, dr, tableid, ts ) values (  'b2d56cbc-ef9f-11e8-b4a6-4dd577e382d8', '1001AA10000000002IAC', 'bd_defdoc@@@def18',0, 'bd_defdoc', '2018-11-24 15:13:22' ) ;
insert into md_ORMap ( attributeid, classid, columnid, dr, tableid, ts ) values (  'b2d56cb1-ef9f-11e8-b4a6-4dd577e382d8', '1001AA10000000002IAC', 'bd_defdoc@@@def7',0, 'bd_defdoc', '2018-11-24 15:13:22' ) ;
insert into md_ORMap ( attributeid, classid, columnid, dr, tableid, ts ) values (  'b2d56cac-ef9f-11e8-b4a6-4dd577e382d8', '1001AA10000000002IAC', 'bd_defdoc@@@def2',0, 'bd_defdoc', '2018-11-24 15:13:22' ) ;
insert into md_ORMap ( attributeid, classid, columnid, dr, tableid, ts ) values (  'b2d56c99-ef9f-11e8-b4a6-4dd577e382d8', '1001AA10000000002IAC', 'bd_defdoc@@PK@@',0, 'bd_defdoc', '2018-11-24 15:13:22' ) ;
insert into md_ORMap ( attributeid, classid, columnid, dr, tableid, ts ) values (  'b2d56c9e-ef9f-11e8-b4a6-4dd577e382d8', '1001AA10000000002IAC', 'bd_defdoc@@@modifiedtime',0, 'bd_defdoc', '2018-11-24 15:13:22' ) ;
insert into md_ORMap ( attributeid, classid, columnid, dr, tableid, ts ) values (  'b2d56c95-ef9f-11e8-b4a6-4dd577e382d8', '1001AA10000000002IAC', 'bd_defdoc@@@creationtime',0, 'bd_defdoc', '2018-11-24 15:13:22' ) ;
insert into md_ORMap ( attributeid, classid, columnid, dr, tableid, ts ) values (  'b2d56c92-ef9f-11e8-b4a6-4dd577e382d8', '1001AA10000000002IAC', 'bd_defdoc@@@code',0, 'bd_defdoc', '2018-11-24 15:13:22' ) ;
insert into md_ORMap ( attributeid, classid, columnid, dr, tableid, ts ) values (  'b2d56cbe-ef9f-11e8-b4a6-4dd577e382d8', '1001AA10000000002IAC', 'bd_defdoc@@@def20',0, 'bd_defdoc', '2018-11-24 15:13:22' ) ;
insert into md_ORMap ( attributeid, classid, columnid, dr, tableid, ts ) values (  'b2d56c9c-ef9f-11e8-b4a6-4dd577e382d8', '1001AA10000000002IAC', 'bd_defdoc@@@modifier',0, 'bd_defdoc', '2018-11-24 15:13:22' ) ;
insert into md_ORMap ( attributeid, classid, columnid, dr, tableid, ts ) values (  'b2d56cbb-ef9f-11e8-b4a6-4dd577e382d8', '1001AA10000000002IAC', 'bd_defdoc@@@def17',0, 'bd_defdoc', '2018-11-24 15:13:22' ) ;
insert into md_ORMap ( attributeid, classid, columnid, dr, tableid, ts ) values (  'b2d56c96-ef9f-11e8-b4a6-4dd577e382d8', '1001AA10000000002IAC', 'bd_defdoc@@@creator',0, 'bd_defdoc', '2018-11-24 15:13:22' ) ;
insert into md_ORMap ( attributeid, classid, columnid, dr, tableid, ts ) values (  'b2d56cba-ef9f-11e8-b4a6-4dd577e382d8', '1001AA10000000002IAC', 'bd_defdoc@@@def16',0, 'bd_defdoc', '2018-11-24 15:13:22' ) ;
insert into md_ORMap ( attributeid, classid, columnid, dr, tableid, ts ) values (  'b2d56cad-ef9f-11e8-b4a6-4dd577e382d8', '1001AA10000000002IAC', 'bd_defdoc@@@def3',0, 'bd_defdoc', '2018-11-24 15:13:22' ) ;
insert into md_ORMap ( attributeid, classid, columnid, dr, tableid, ts ) values (  'b2d56cb6-ef9f-11e8-b4a6-4dd577e382d8', '1001AA10000000002IAC', 'bd_defdoc@@@def12',0, 'bd_defdoc', '2018-11-24 15:13:22' ) ;
insert into md_ORMap ( attributeid, classid, columnid, dr, tableid, ts ) values (  'b2d56caa-ef9f-11e8-b4a6-4dd577e382d8', '1001AA10000000002IAC', 'bd_defdoc@@@datatype',0, 'bd_defdoc', '2018-11-24 15:13:22' ) ;
insert into md_ORMap ( attributeid, classid, columnid, dr, tableid, ts ) values (  'b2d56cb3-ef9f-11e8-b4a6-4dd577e382d8', '1001AA10000000002IAC', 'bd_defdoc@@@def9',0, 'bd_defdoc', '2018-11-24 15:13:22' ) ;
insert into md_ORMap ( attributeid, classid, columnid, dr, tableid, ts ) values (  'b2d56c9b-ef9f-11e8-b4a6-4dd577e382d8', '1001AA10000000002IAC', 'bd_defdoc@@@mnecode',0, 'bd_defdoc', '2018-11-24 15:13:22' ) ;
insert into md_ORMap ( attributeid, classid, columnid, dr, tableid, ts ) values (  'b2d56cae-ef9f-11e8-b4a6-4dd577e382d8', '1001AA10000000002IAC', 'bd_defdoc@@@def4',0, 'bd_defdoc', '2018-11-24 15:13:22' ) ;
insert into md_ORMap ( attributeid, classid, columnid, dr, tableid, ts ) values (  'b2d56cb2-ef9f-11e8-b4a6-4dd577e382d8', '1001AA10000000002IAC', 'bd_defdoc@@@def8',0, 'bd_defdoc', '2018-11-24 15:13:22' ) ;
insert into md_ORMap ( attributeid, classid, columnid, dr, tableid, ts ) values (  'b2d56ca6-ef9f-11e8-b4a6-4dd577e382d8', '1001AA10000000002IAC', 'bd_defdoc@@@pk_org',0, 'bd_defdoc', '2018-11-24 15:13:22' ) ;
insert into md_ORMap ( attributeid, classid, columnid, dr, tableid, ts ) values (  'b2d56ca4-ef9f-11e8-b4a6-4dd577e382d8', '1001AA10000000002IAC', 'bd_defdoc@@@pk_defdoclist',0, 'bd_defdoc', '2018-11-24 15:13:22' ) ;
insert into md_ORMap ( attributeid, classid, columnid, dr, tableid, ts ) values (  'b2d56cb4-ef9f-11e8-b4a6-4dd577e382d8', '1001AA10000000002IAC', 'bd_defdoc@@@def10',0, 'bd_defdoc', '2018-11-24 15:13:22' ) ;
insert into md_ORMap ( attributeid, classid, columnid, dr, tableid, ts ) values (  'b2d56ca5-ef9f-11e8-b4a6-4dd577e382d8', '1001AA10000000002IAC', 'bd_defdoc@@@pk_group',0, 'bd_defdoc', '2018-11-24 15:13:22' ) ;
insert into md_ORMap ( attributeid, classid, columnid, dr, tableid, ts ) values (  'b2d56c9f-ef9f-11e8-b4a6-4dd577e382d8', '1001AA10000000002IAC', 'bd_defdoc@@@name',0, 'bd_defdoc', '2018-11-24 15:13:22' ) ;
insert into md_ORMap ( attributeid, classid, columnid, dr, tableid, ts ) values (  'b2d56cab-ef9f-11e8-b4a6-4dd577e382d8', '1001AA10000000002IAC', 'bd_defdoc@@@def1',0, 'bd_defdoc', '2018-11-24 15:13:22' ) ;
insert into md_ORMap ( attributeid, classid, columnid, dr, tableid, ts ) values (  'b2d56cb8-ef9f-11e8-b4a6-4dd577e382d8', '1001AA10000000002IAC', 'bd_defdoc@@@def14',0, 'bd_defdoc', '2018-11-24 15:13:22' ) ;
insert into md_ORMap ( attributeid, classid, columnid, dr, tableid, ts ) values (  'b2d56caf-ef9f-11e8-b4a6-4dd577e382d8', '1001AA10000000002IAC', 'bd_defdoc@@@def5',0, 'bd_defdoc', '2018-11-24 15:13:22' ) ;
insert into md_ORMap ( attributeid, classid, columnid, dr, tableid, ts ) values (  'b2d56cb0-ef9f-11e8-b4a6-4dd577e382d8', '1001AA10000000002IAC', 'bd_defdoc@@@def6',0, 'bd_defdoc', '2018-11-24 15:13:22' ) ;
insert into md_ORMap ( attributeid, classid, columnid, dr, tableid, ts ) values (  'b2d56cb5-ef9f-11e8-b4a6-4dd577e382d8', '1001AA10000000002IAC', 'bd_defdoc@@@def11',0, 'bd_defdoc', '2018-11-24 15:13:22' ) ;
insert into md_ORMap ( attributeid, classid, columnid, dr, tableid, ts ) values (  'b2d56ca2-ef9f-11e8-b4a6-4dd577e382d8', '1001AA10000000002IAC', 'bd_defdoc@@@pid',0, 'bd_defdoc', '2018-11-24 15:13:22' ) ;
insert into md_ORMap ( attributeid, classid, columnid, dr, tableid, ts ) values (  'b2d56ca7-ef9f-11e8-b4a6-4dd577e382d8', '1001AA10000000002IAC', 'bd_defdoc@@@enablestate',0, 'bd_defdoc', '2018-11-24 15:13:22' ) ;


--Defdoc-C0J00124
delete from md_db_relation where startattrid in (select id from md_property where classid in ('1001AA10000000002IBL','@@@@' ) )  and starttableid in ('bd_defdoc','@@@@');
delete from md_ORMap where ATTRIBUTEID in(select id from md_property where classid in ('1001AA10000000002IBL','@@@@' ) )  and tableid in ('bd_defdoc','@@@@') ;
delete from md_table where id not in (select distinct tableid from md_ormap );
delete from md_column where  tableid in('bd_defdoc','@@@@') and id not in(select distinct columnid from md_ormap) and (nvl(groupid ,'~')='~' or groupid = id )  and name <> 'extend_bean_tag' ;
delete from md_column where tableid in ('bd_defdoc','@@@@')and groupid is not null and groupid not in( select distinct id from md_column where tableid in ('bd_defdoc','@@@@') ) ;
delete from md_db_relation where starttableid not in (select id from md_table);
delete from md_property where classID in (select distinct id from md_class where componentID='e5bb0eb7-ef9f-11e8-b4a6-4dd577e382d8'  )  ;
delete from md_association where componentID = 'e5bb0eb7-ef9f-11e8-b4a6-4dd577e382d8'  ;
delete from md_bizItfMap where classID in (select distinct id from md_class where componentID='e5bb0eb7-ef9f-11e8-b4a6-4dd577e382d8'  );
delete from md_bizItfMap where classID in ( select id from md_opInterface where componentID = 'e5bb0eb7-ef9f-11e8-b4a6-4dd577e382d8'  );
delete from md_accessorPara where id in (select distinct id from md_class where componentID='e5bb0eb7-ef9f-11e8-b4a6-4dd577e382d8'  );
delete from md_enumValue where id in (select distinct id from md_class where componentID='e5bb0eb7-ef9f-11e8-b4a6-4dd577e382d8'  ) ;
delete from md_class where componentID = 'e5bb0eb7-ef9f-11e8-b4a6-4dd577e382d8'  ;
delete from md_component where id = 'e5bb0eb7-ef9f-11e8-b4a6-4dd577e382d8' ;
delete from md_table where (id='bd_defdoc');
delete from md_column where (id='bd_defdoc@@PK@@');
delete from md_column where (id='bd_defdoc@@@pk_defdoclist');
delete from md_column where (id='bd_defdoc@@@pk_org');
delete from md_column where (id='bd_defdoc@@@pk_group');
delete from md_column where (id='bd_defdoc@@@code');
delete from md_column where (id='bd_defdoc@@@name');
delete from md_column where (id='bd_defdoc@@@shortname');
delete from md_column where (id='bd_defdoc@@@mnecode');
delete from md_column where (id='bd_defdoc@@@pid');
delete from md_column where (id='bd_defdoc@@@memo');
delete from md_column where (id='bd_defdoc@@@creator');
delete from md_column where (id='bd_defdoc@@@creationtime');
delete from md_column where (id='bd_defdoc@@@modifier');
delete from md_column where (id='bd_defdoc@@@modifiedtime');
delete from md_column where (id='bd_defdoc@@@innercode');
delete from md_column where (id='bd_defdoc@@@enablestate');
delete from md_column where (id='bd_defdoc@@@dataoriginflag');
delete from md_column where (id='bd_defdoc@@@datatype');
delete from md_column where (id='bd_defdoc@@@def1');
delete from md_column where (id='bd_defdoc@@@def2');
delete from md_column where (id='bd_defdoc@@@def3');
delete from md_column where (id='bd_defdoc@@@def4');
delete from md_column where (id='bd_defdoc@@@def5');
delete from md_column where (id='bd_defdoc@@@def6');
delete from md_column where (id='bd_defdoc@@@def7');
delete from md_column where (id='bd_defdoc@@@def8');
delete from md_column where (id='bd_defdoc@@@def9');
delete from md_column where (id='bd_defdoc@@@def10');
delete from md_column where (id='bd_defdoc@@@def11');
delete from md_column where (id='bd_defdoc@@@def12');
delete from md_column where (id='bd_defdoc@@@def13');
delete from md_column where (id='bd_defdoc@@@def14');
delete from md_column where (id='bd_defdoc@@@def15');
delete from md_column where (id='bd_defdoc@@@def16');
delete from md_column where (id='bd_defdoc@@@def17');
delete from md_column where (id='bd_defdoc@@@def18');
delete from md_column where (id='bd_defdoc@@@def19');
delete from md_column where (id='bd_defdoc@@@def20');
delete from md_column where (id='bd_defdoc@@@name2');
delete from md_column where (id='bd_defdoc@@@name3');
delete from md_column where (id='bd_defdoc@@@name4');
delete from md_column where (id='bd_defdoc@@@name5');
delete from md_column where (id='bd_defdoc@@@name6');
delete from md_column where (id='bd_defdoc@@@shortname2');
delete from md_column where (id='bd_defdoc@@@shortname3');
delete from md_column where (id='bd_defdoc@@@shortname4');
delete from md_column where (id='bd_defdoc@@@shortname5');
delete from md_column where (id='bd_defdoc@@@shortname6');


insert into md_component ( createtime, creator, description, displayname, dr, fromsourcebmf, help, id, industry, isbizmodel, modifier, modifytime, name, namespace, ownmodule, preload, resid, resmodule, ts, version, versiontype ) values (  '2018-11-24 12:17:46', null, null, 'ReportedName(自定义档案)',0, 'Y', null, 'e5bb0eb7-ef9f-11e8-b4a6-4dd577e382d8', '0', 'N', null, null, 'Defdoc-C0J00124', 'uap', 'uapbd', null, null, '10140uddb', '2018-11-24 15:14:00', '1',0 ) ;
insert into md_class ( id, accessorclassname, classtype, componentid, createtime, creator, description, displayname, dr, fullclassname, help, isactive, keyattribute, modifier, modifytime, name, parentclassid, precise, refmodelname, returntype, ts, versiontype, isprimary, defaulttablename, stereotype, isauthen, resid, bizitfimpclassname, modinfoclassname, iscreatesql, isextendbean, userdefclassname, industry, fixedlength ) values (  '1001AA10000000002IBL', 'nc.md.model.access.javamap.NCBeanStyle',201, 'e5bb0eb7-ef9f-11e8-b4a6-4dd577e382d8', '2018-11-24 12:17:46', null, null, 'ReportedName(自定义档案)',0, 'nc.vo.bd.defdoc.DefdocVO', 'ignorebdmode,BDMODE,URC,DEFDOC,BUSILOG,DOC', null, 'e5bb0ebd-ef9f-11e8-b4a6-4dd577e382d8', null, null, 'Defdoc-C0J00124', null,null, 'ReportedName(自定义档案)', null, '2018-11-24 15:14:00',0, 'Y', 'bd_defdoc', null, 'Y', null, null, null, 'Y', null, null, '0', null ) ;
insert into md_property ( id, accessorclassname, classid, createtime, creator, datatype, datatypestyle, defaultvalue, description, displayname, dr, help, isactive, hided, nullable, readonly, attrlength, attrmaxvalue, attrminvalue, modifier, modifytime, name, precise, refmodelname, attrsequence, ts, visibility, versiontype, fixedlength, calculation, isauthen, resid, customattr, notserialize, dynamicattr, dynamictable, accesspower, accesspowergroup, industry ) values (  'e5bb0ebd-ef9f-11e8-b4a6-4dd577e382d8', null, '1001AA10000000002IBL', null, null, 'BS000010000100001051',300, null, null, '自定义档案主键',0, null, 'Y', 'N', 'N', 'N',20, null, null, null, null, 'pk_defdoc',0, null,0, '2018-11-24 15:14:00',0,0, 'N', 'N', 'Y', '2UC000-000747', 'N', 'N', 'N', null, 'N', null, '0' ) ;
insert into md_property ( id, accessorclassname, classid, createtime, creator, datatype, datatypestyle, defaultvalue, description, displayname, dr, help, isactive, hided, nullable, readonly, attrlength, attrmaxvalue, attrminvalue, modifier, modifytime, name, precise, refmodelname, attrsequence, ts, visibility, versiontype, fixedlength, calculation, isauthen, resid, customattr, notserialize, dynamicattr, dynamictable, accesspower, accesspowergroup, industry ) values (  'e5bb0ec8-ef9f-11e8-b4a6-4dd577e382d8', null, '1001AA10000000002IBL', null, null, '16c1dca0-e3ed-4dcc-8ed7-75fd59e2bef1',305, null, null, '自定义档案列表主键',0, null, 'Y', 'N', 'N', 'N',20, null, null, null, null, 'pk_defdoclist',0, '自定义档案列表',1, '2018-11-24 15:14:00',0,0, 'N', 'N', 'Y', '2UC000-000748', 'N', 'N', 'N', null, 'N', null, '0' ) ;
insert into md_property ( id, accessorclassname, classid, createtime, creator, datatype, datatypestyle, defaultvalue, description, displayname, dr, help, isactive, hided, nullable, readonly, attrlength, attrmaxvalue, attrminvalue, modifier, modifytime, name, precise, refmodelname, attrsequence, ts, visibility, versiontype, fixedlength, calculation, isauthen, resid, customattr, notserialize, dynamicattr, dynamictable, accesspower, accesspowergroup, industry ) values (  'e5bb0eca-ef9f-11e8-b4a6-4dd577e382d8', null, '1001AA10000000002IBL', null, null, '985be8a4-3a36-4778-8afe-2d8ed3902659',305, null, null, '所属组织',0, null, 'Y', 'N', 'N', 'N',20, null, null, null, null, 'pk_org',0, '业务单元',2, '2018-11-24 15:14:00',0,0, 'N', 'N', 'Y', '2UC000-000360', 'N', 'N', 'N', null, 'N', null, '0' ) ;
insert into md_property ( id, accessorclassname, classid, createtime, creator, datatype, datatypestyle, defaultvalue, description, displayname, dr, help, isactive, hided, nullable, readonly, attrlength, attrmaxvalue, attrminvalue, modifier, modifytime, name, precise, refmodelname, attrsequence, ts, visibility, versiontype, fixedlength, calculation, isauthen, resid, customattr, notserialize, dynamicattr, dynamictable, accesspower, accesspowergroup, industry ) values (  'e5bb0ec9-ef9f-11e8-b4a6-4dd577e382d8', null, '1001AA10000000002IBL', null, null, '3b6dd171-2900-47f3-bfbe-41e4483a2a65',305, null, null, '所属集团',0, null, 'Y', 'N', 'Y', 'N',20, null, null, null, null, 'pk_group',0, '集团',3, '2018-11-24 15:14:00',0,0, 'N', 'N', 'Y', '2UC000-000367', 'N', 'N', 'N', null, 'N', null, '0' ) ;
insert into md_property ( id, accessorclassname, classid, createtime, creator, datatype, datatypestyle, defaultvalue, description, displayname, dr, help, isactive, hided, nullable, readonly, attrlength, attrmaxvalue, attrminvalue, modifier, modifytime, name, precise, refmodelname, attrsequence, ts, visibility, versiontype, fixedlength, calculation, isauthen, resid, customattr, notserialize, dynamicattr, dynamictable, accesspower, accesspowergroup, industry ) values (  'e5bb0eb6-ef9f-11e8-b4a6-4dd577e382d8', null, '1001AA10000000002IBL', null, null, 'BS000010000100001001',300, null, null, '档案编码',0, 'URC', 'Y', 'N', 'N', 'N',40, null, null, null, null, 'code',0, null,4, '2018-11-24 15:14:00',0,0, 'N', 'N', 'Y', '2UC000-000557', 'N', 'N', 'N', null, 'N', null, '0' ) ;
insert into md_property ( id, accessorclassname, classid, createtime, creator, datatype, datatypestyle, defaultvalue, description, displayname, dr, help, isactive, hided, nullable, readonly, attrlength, attrmaxvalue, attrminvalue, modifier, modifytime, name, precise, refmodelname, attrsequence, ts, visibility, versiontype, fixedlength, calculation, isauthen, resid, customattr, notserialize, dynamicattr, dynamictable, accesspower, accesspowergroup, industry ) values (  'e5bb0ec3-ef9f-11e8-b4a6-4dd577e382d8', null, '1001AA10000000002IBL', null, null, 'BS000010000100001058',300, null, null, '档案名称',0, 'URC', 'Y', 'N', 'Y', 'N',200, null, null, null, null, 'name',0, null,5, '2018-11-24 15:14:00',0,0, 'N', 'N', 'Y', '2UC000-000556', 'N', 'N', 'N', null, 'N', null, '0' ) ;
insert into md_property ( id, accessorclassname, classid, createtime, creator, datatype, datatypestyle, defaultvalue, description, displayname, dr, help, isactive, hided, nullable, readonly, attrlength, attrmaxvalue, attrminvalue, modifier, modifytime, name, precise, refmodelname, attrsequence, ts, visibility, versiontype, fixedlength, calculation, isauthen, resid, customattr, notserialize, dynamicattr, dynamictable, accesspower, accesspowergroup, industry ) values (  'e5bb0ec4-ef9f-11e8-b4a6-4dd577e382d8', null, '1001AA10000000002IBL', null, null, 'BS000010000100001058',300, null, null, '简称',0, null, 'Y', 'N', 'Y', 'N',200, null, null, null, null, 'shortname',0, null,6, '2018-11-24 15:14:00',0,0, 'N', 'N', 'Y', '2UC000-000675', 'N', 'N', 'N', null, 'N', null, '0' ) ;
insert into md_property ( id, accessorclassname, classid, createtime, creator, datatype, datatypestyle, defaultvalue, description, displayname, dr, help, isactive, hided, nullable, readonly, attrlength, attrmaxvalue, attrminvalue, modifier, modifytime, name, precise, refmodelname, attrsequence, ts, visibility, versiontype, fixedlength, calculation, isauthen, resid, customattr, notserialize, dynamicattr, dynamictable, accesspower, accesspowergroup, industry ) values (  'e5bb0ebf-ef9f-11e8-b4a6-4dd577e382d8', null, '1001AA10000000002IBL', null, null, 'BS000010000100001001',300, null, null, '助记码',0, null, 'Y', 'N', 'Y', 'N',50, null, null, null, null, 'mnecode',0, null,7, '2018-11-24 15:14:00',0,0, 'N', 'N', 'Y', '2UC000-000172', 'N', 'N', 'N', null, 'N', null, '0' ) ;
insert into md_property ( id, accessorclassname, classid, createtime, creator, datatype, datatypestyle, defaultvalue, description, displayname, dr, help, isactive, hided, nullable, readonly, attrlength, attrmaxvalue, attrminvalue, modifier, modifytime, name, precise, refmodelname, attrsequence, ts, visibility, versiontype, fixedlength, calculation, isauthen, resid, customattr, notserialize, dynamicattr, dynamictable, accesspower, accesspowergroup, industry ) values (  'e5bb0ec6-ef9f-11e8-b4a6-4dd577e382d8', null, '1001AA10000000002IBL', null, null, 'BS000010000100001001',300, null, null, '上级档案',0, null, 'Y', 'N', 'Y', 'N',20, null, null, null, null, 'pid',0, null,8, '2018-11-24 15:14:00',0,0, 'N', 'N', 'Y', '2UC000-000007', 'N', 'N', 'N', null, 'N', null, '0' ) ;
insert into md_property ( id, accessorclassname, classid, createtime, creator, datatype, datatypestyle, defaultvalue, description, displayname, dr, help, isactive, hided, nullable, readonly, attrlength, attrmaxvalue, attrminvalue, modifier, modifytime, name, precise, refmodelname, attrsequence, ts, visibility, versiontype, fixedlength, calculation, isauthen, resid, customattr, notserialize, dynamicattr, dynamictable, accesspower, accesspowergroup, industry ) values (  'e5bb0ebe-ef9f-11e8-b4a6-4dd577e382d8', null, '1001AA10000000002IBL', null, null, 'BS000010000100001001',300, null, null, '备注',0, null, 'Y', 'N', 'Y', 'N',200, null, null, null, null, 'memo',0, null,9, '2018-11-24 15:14:00',0,0, 'N', 'N', 'Y', '2UC000-000258', 'N', 'N', 'N', null, 'N', null, '0' ) ;
insert into md_property ( id, accessorclassname, classid, createtime, creator, datatype, datatypestyle, defaultvalue, description, displayname, dr, help, isactive, hided, nullable, readonly, attrlength, attrmaxvalue, attrminvalue, modifier, modifytime, name, precise, refmodelname, attrsequence, ts, visibility, versiontype, fixedlength, calculation, isauthen, resid, customattr, notserialize, dynamicattr, dynamictable, accesspower, accesspowergroup, industry ) values (  'e5bb0eba-ef9f-11e8-b4a6-4dd577e382d8', null, '1001AA10000000002IBL', null, null, 'f6f9a473-56c0-432f-8bc7-fbf8fde54fee',305, null, null, '创建人',0, null, 'Y', 'N', 'Y', 'N',20, null, null, null, null, 'creator',0, '用户',10, '2018-11-24 15:14:00',0,0, 'N', 'N', 'Y', '2UC000-000155', 'N', 'N', 'N', null, 'N', null, '0' ) ;
insert into md_property ( id, accessorclassname, classid, createtime, creator, datatype, datatypestyle, defaultvalue, description, displayname, dr, help, isactive, hided, nullable, readonly, attrlength, attrmaxvalue, attrminvalue, modifier, modifytime, name, precise, refmodelname, attrsequence, ts, visibility, versiontype, fixedlength, calculation, isauthen, resid, customattr, notserialize, dynamicattr, dynamictable, accesspower, accesspowergroup, industry ) values (  'e5bb0eb9-ef9f-11e8-b4a6-4dd577e382d8', null, '1001AA10000000002IBL', null, null, 'BS000010000100001034',300, null, null, '创建时间',0, null, 'Y', 'N', 'Y', 'N',19, null, null, null, null, 'creationtime',0, null,11, '2018-11-24 15:14:00',0,0, 'N', 'N', 'Y', '2UC000-000157', 'N', 'N', 'N', null, 'N', null, '0' ) ;
insert into md_property ( id, accessorclassname, classid, createtime, creator, datatype, datatypestyle, defaultvalue, description, displayname, dr, help, isactive, hided, nullable, readonly, attrlength, attrmaxvalue, attrminvalue, modifier, modifytime, name, precise, refmodelname, attrsequence, ts, visibility, versiontype, fixedlength, calculation, isauthen, resid, customattr, notserialize, dynamicattr, dynamictable, accesspower, accesspowergroup, industry ) values (  'e5bb0ec0-ef9f-11e8-b4a6-4dd577e382d8', null, '1001AA10000000002IBL', null, null, 'f6f9a473-56c0-432f-8bc7-fbf8fde54fee',305, null, null, '最后修改人',0, null, 'Y', 'N', 'Y', 'N',20, null, null, null, null, 'modifier',0, '用户',12, '2018-11-24 15:14:00',0,0, 'N', 'N', 'Y', '2UC000-000490', 'N', 'N', 'N', null, 'N', null, '0' ) ;
insert into md_property ( id, accessorclassname, classid, createtime, creator, datatype, datatypestyle, defaultvalue, description, displayname, dr, help, isactive, hided, nullable, readonly, attrlength, attrmaxvalue, attrminvalue, modifier, modifytime, name, precise, refmodelname, attrsequence, ts, visibility, versiontype, fixedlength, calculation, isauthen, resid, customattr, notserialize, dynamicattr, dynamictable, accesspower, accesspowergroup, industry ) values (  'e5bb0ec2-ef9f-11e8-b4a6-4dd577e382d8', null, '1001AA10000000002IBL', null, null, 'BS000010000100001034',300, null, null, '最后修改时间',0, null, 'Y', 'N', 'Y', 'N',19, null, null, null, null, 'modifiedtime',0, null,13, '2018-11-24 15:14:00',0,0, 'N', 'N', 'Y', '2UC000-000491', 'N', 'N', 'N', null, 'N', null, '0' ) ;
insert into md_property ( id, accessorclassname, classid, createtime, creator, datatype, datatypestyle, defaultvalue, description, displayname, dr, help, isactive, hided, nullable, readonly, attrlength, attrmaxvalue, attrminvalue, modifier, modifytime, name, precise, refmodelname, attrsequence, ts, visibility, versiontype, fixedlength, calculation, isauthen, resid, customattr, notserialize, dynamicattr, dynamictable, accesspower, accesspowergroup, industry ) values (  'e5bb0ebc-ef9f-11e8-b4a6-4dd577e382d8', null, '1001AA10000000002IBL', null, null, 'BS000010000100001001',300, null, null, '内部编码',0, null, 'Y', 'N', 'Y', 'N',200, null, null, null, null, 'innercode',0, null,14, '2018-11-24 15:14:00',0,0, 'N', 'N', 'Y', '2UC000-000136', 'N', 'N', 'N', null, 'N', null, '0' ) ;
insert into md_property ( id, accessorclassname, classid, createtime, creator, datatype, datatypestyle, defaultvalue, description, displayname, dr, help, isactive, hided, nullable, readonly, attrlength, attrmaxvalue, attrminvalue, modifier, modifytime, name, precise, refmodelname, attrsequence, ts, visibility, versiontype, fixedlength, calculation, isauthen, resid, customattr, notserialize, dynamicattr, dynamictable, accesspower, accesspowergroup, industry ) values (  'e5bb0ecb-ef9f-11e8-b4a6-4dd577e382d8', null, '1001AA10000000002IBL', null, null, '6b533ffa-3e43-4147-8670-ba0f5471fd40',300, null, null, '启用状态',0, null, 'Y', 'N', 'Y', 'N',0, null, null, null, null, 'enablestate',0, null,15, '2018-11-24 15:14:00',0,0, 'N', 'N', 'Y', '2UC000-000249', 'N', 'N', 'N', null, 'N', null, '0' ) ;
insert into md_property ( id, accessorclassname, classid, createtime, creator, datatype, datatypestyle, defaultvalue, description, displayname, dr, help, isactive, hided, nullable, readonly, attrlength, attrmaxvalue, attrminvalue, modifier, modifytime, name, precise, refmodelname, attrsequence, ts, visibility, versiontype, fixedlength, calculation, isauthen, resid, customattr, notserialize, dynamicattr, dynamictable, accesspower, accesspowergroup, industry ) values (  'e5bb0ecd-ef9f-11e8-b4a6-4dd577e382d8', null, '1001AA10000000002IBL', null, null, 'BS000010000100001004',300, null, null, '分布式',0, null, 'Y', 'N', 'Y', 'N',0, null, null, null, null, 'dataoriginflag',0, null,16, '2018-11-24 15:14:00',0,0, 'N', 'N', 'Y', '2UC000-000151', 'N', 'N', 'N', null, 'N', null, '0' ) ;
insert into md_property ( id, accessorclassname, classid, createtime, creator, datatype, datatypestyle, defaultvalue, description, displayname, dr, help, isactive, hided, nullable, readonly, attrlength, attrmaxvalue, attrminvalue, modifier, modifytime, name, precise, refmodelname, attrsequence, ts, visibility, versiontype, fixedlength, calculation, isauthen, resid, customattr, notserialize, dynamicattr, dynamictable, accesspower, accesspowergroup, industry ) values (  'e5bb0ece-ef9f-11e8-b4a6-4dd577e382d8', null, '1001AA10000000002IBL', null, null, 'ba3f1197-8584-445d-88a0-102e505f94e5',300, '1', null, '数据类型',0, null, 'Y', 'N', 'Y', 'N',0, null, null, null, null, 'datatype',0, null,17, '2018-11-24 15:14:00',0,0, 'N', 'N', 'Y', '2UC000-000458', 'N', 'N', 'N', null, 'N', null, '0' ) ;
insert into md_property ( id, accessorclassname, classid, createtime, creator, datatype, datatypestyle, defaultvalue, description, displayname, dr, help, isactive, hided, nullable, readonly, attrlength, attrmaxvalue, attrminvalue, modifier, modifytime, name, precise, refmodelname, attrsequence, ts, visibility, versiontype, fixedlength, calculation, isauthen, resid, customattr, notserialize, dynamicattr, dynamictable, accesspower, accesspowergroup, industry ) values (  'e5bb0ecf-ef9f-11e8-b4a6-4dd577e382d8', null, '1001AA10000000002IBL', null, null, 'BS000010000100001056',300, null, null, '自定义项1',0, null, 'Y', 'N', 'Y', 'N',101, null, null, null, null, 'def1',0, null,18, '2018-11-24 15:14:00',0,-1, 'N', 'N', 'Y', null, 'Y', 'N', 'N', null, 'N', null, '0' ) ;
insert into md_property ( id, accessorclassname, classid, createtime, creator, datatype, datatypestyle, defaultvalue, description, displayname, dr, help, isactive, hided, nullable, readonly, attrlength, attrmaxvalue, attrminvalue, modifier, modifytime, name, precise, refmodelname, attrsequence, ts, visibility, versiontype, fixedlength, calculation, isauthen, resid, customattr, notserialize, dynamicattr, dynamictable, accesspower, accesspowergroup, industry ) values (  'e5bb0ed0-ef9f-11e8-b4a6-4dd577e382d8', null, '1001AA10000000002IBL', null, null, 'BS000010000100001056',300, null, null, '自定义项2',0, null, 'Y', 'N', 'Y', 'N',101, null, null, null, null, 'def2',0, null,19, '2018-11-24 15:14:00',0,-1, 'N', 'N', 'Y', null, 'Y', 'N', 'N', null, 'N', null, '0' ) ;
insert into md_property ( id, accessorclassname, classid, createtime, creator, datatype, datatypestyle, defaultvalue, description, displayname, dr, help, isactive, hided, nullable, readonly, attrlength, attrmaxvalue, attrminvalue, modifier, modifytime, name, precise, refmodelname, attrsequence, ts, visibility, versiontype, fixedlength, calculation, isauthen, resid, customattr, notserialize, dynamicattr, dynamictable, accesspower, accesspowergroup, industry ) values (  'e5bb0ed1-ef9f-11e8-b4a6-4dd577e382d8', null, '1001AA10000000002IBL', null, null, 'BS000010000100001056',300, null, null, '自定义项3',0, null, 'Y', 'N', 'Y', 'N',101, null, null, null, null, 'def3',0, null,20, '2018-11-24 15:14:00',0,-1, 'N', 'N', 'Y', null, 'Y', 'N', 'N', null, 'N', null, '0' ) ;
insert into md_property ( id, accessorclassname, classid, createtime, creator, datatype, datatypestyle, defaultvalue, description, displayname, dr, help, isactive, hided, nullable, readonly, attrlength, attrmaxvalue, attrminvalue, modifier, modifytime, name, precise, refmodelname, attrsequence, ts, visibility, versiontype, fixedlength, calculation, isauthen, resid, customattr, notserialize, dynamicattr, dynamictable, accesspower, accesspowergroup, industry ) values (  'e5bb0ed2-ef9f-11e8-b4a6-4dd577e382d8', null, '1001AA10000000002IBL', null, null, 'BS000010000100001056',300, null, null, '自定义项4',0, null, 'Y', 'N', 'Y', 'N',101, null, null, null, null, 'def4',0, null,21, '2018-11-24 15:14:00',0,-1, 'N', 'N', 'Y', null, 'Y', 'N', 'N', null, 'N', null, '0' ) ;
insert into md_property ( id, accessorclassname, classid, createtime, creator, datatype, datatypestyle, defaultvalue, description, displayname, dr, help, isactive, hided, nullable, readonly, attrlength, attrmaxvalue, attrminvalue, modifier, modifytime, name, precise, refmodelname, attrsequence, ts, visibility, versiontype, fixedlength, calculation, isauthen, resid, customattr, notserialize, dynamicattr, dynamictable, accesspower, accesspowergroup, industry ) values (  'e5bb0ed3-ef9f-11e8-b4a6-4dd577e382d8', null, '1001AA10000000002IBL', null, null, 'BS000010000100001056',300, null, null, '自定义项5',0, null, 'Y', 'N', 'Y', 'N',101, null, null, null, null, 'def5',0, null,22, '2018-11-24 15:14:00',0,-1, 'N', 'N', 'Y', null, 'Y', 'N', 'N', null, 'N', null, '0' ) ;
insert into md_property ( id, accessorclassname, classid, createtime, creator, datatype, datatypestyle, defaultvalue, description, displayname, dr, help, isactive, hided, nullable, readonly, attrlength, attrmaxvalue, attrminvalue, modifier, modifytime, name, precise, refmodelname, attrsequence, ts, visibility, versiontype, fixedlength, calculation, isauthen, resid, customattr, notserialize, dynamicattr, dynamictable, accesspower, accesspowergroup, industry ) values (  'e5bb0ed4-ef9f-11e8-b4a6-4dd577e382d8', null, '1001AA10000000002IBL', null, null, 'BS000010000100001056',300, null, null, '自定义项6',0, null, 'Y', 'N', 'Y', 'N',101, null, null, null, null, 'def6',0, null,23, '2018-11-24 15:14:00',0,-1, 'N', 'N', 'Y', null, 'Y', 'N', 'N', null, 'N', null, '0' ) ;
insert into md_property ( id, accessorclassname, classid, createtime, creator, datatype, datatypestyle, defaultvalue, description, displayname, dr, help, isactive, hided, nullable, readonly, attrlength, attrmaxvalue, attrminvalue, modifier, modifytime, name, precise, refmodelname, attrsequence, ts, visibility, versiontype, fixedlength, calculation, isauthen, resid, customattr, notserialize, dynamicattr, dynamictable, accesspower, accesspowergroup, industry ) values (  'e5bb0ed5-ef9f-11e8-b4a6-4dd577e382d8', null, '1001AA10000000002IBL', null, null, 'BS000010000100001056',300, null, null, '自定义项7',0, null, 'Y', 'N', 'Y', 'N',101, null, null, null, null, 'def7',0, null,24, '2018-11-24 15:14:00',0,-1, 'N', 'N', 'Y', null, 'Y', 'N', 'N', null, 'N', null, '0' ) ;
insert into md_property ( id, accessorclassname, classid, createtime, creator, datatype, datatypestyle, defaultvalue, description, displayname, dr, help, isactive, hided, nullable, readonly, attrlength, attrmaxvalue, attrminvalue, modifier, modifytime, name, precise, refmodelname, attrsequence, ts, visibility, versiontype, fixedlength, calculation, isauthen, resid, customattr, notserialize, dynamicattr, dynamictable, accesspower, accesspowergroup, industry ) values (  'e5bb0ed6-ef9f-11e8-b4a6-4dd577e382d8', null, '1001AA10000000002IBL', null, null, 'BS000010000100001056',300, null, null, '自定义项8',0, null, 'Y', 'N', 'Y', 'N',101, null, null, null, null, 'def8',0, null,25, '2018-11-24 15:14:00',0,-1, 'N', 'N', 'Y', null, 'Y', 'N', 'N', null, 'N', null, '0' ) ;
insert into md_property ( id, accessorclassname, classid, createtime, creator, datatype, datatypestyle, defaultvalue, description, displayname, dr, help, isactive, hided, nullable, readonly, attrlength, attrmaxvalue, attrminvalue, modifier, modifytime, name, precise, refmodelname, attrsequence, ts, visibility, versiontype, fixedlength, calculation, isauthen, resid, customattr, notserialize, dynamicattr, dynamictable, accesspower, accesspowergroup, industry ) values (  'e5bb0ed7-ef9f-11e8-b4a6-4dd577e382d8', null, '1001AA10000000002IBL', null, null, 'BS000010000100001056',300, null, null, '自定义项9',0, null, 'Y', 'N', 'Y', 'N',101, null, null, null, null, 'def9',0, null,26, '2018-11-24 15:14:00',0,-1, 'N', 'N', 'Y', null, 'Y', 'N', 'N', null, 'N', null, '0' ) ;
insert into md_property ( id, accessorclassname, classid, createtime, creator, datatype, datatypestyle, defaultvalue, description, displayname, dr, help, isactive, hided, nullable, readonly, attrlength, attrmaxvalue, attrminvalue, modifier, modifytime, name, precise, refmodelname, attrsequence, ts, visibility, versiontype, fixedlength, calculation, isauthen, resid, customattr, notserialize, dynamicattr, dynamictable, accesspower, accesspowergroup, industry ) values (  'e5bb0ed8-ef9f-11e8-b4a6-4dd577e382d8', null, '1001AA10000000002IBL', null, null, 'BS000010000100001056',300, null, null, '自定义项10',0, null, 'Y', 'N', 'Y', 'N',101, null, null, null, null, 'def10',0, null,27, '2018-11-24 15:14:00',0,-1, 'N', 'N', 'Y', null, 'Y', 'N', 'N', null, 'N', null, '0' ) ;
insert into md_property ( id, accessorclassname, classid, createtime, creator, datatype, datatypestyle, defaultvalue, description, displayname, dr, help, isactive, hided, nullable, readonly, attrlength, attrmaxvalue, attrminvalue, modifier, modifytime, name, precise, refmodelname, attrsequence, ts, visibility, versiontype, fixedlength, calculation, isauthen, resid, customattr, notserialize, dynamicattr, dynamictable, accesspower, accesspowergroup, industry ) values (  'e5bb0ed9-ef9f-11e8-b4a6-4dd577e382d8', null, '1001AA10000000002IBL', null, null, 'BS000010000100001056',300, null, null, '自定义项11',0, null, 'Y', 'N', 'Y', 'N',101, null, null, null, null, 'def11',0, null,28, '2018-11-24 15:14:00',0,-1, 'N', 'N', 'Y', null, 'Y', 'N', 'N', null, 'N', null, '0' ) ;
insert into md_property ( id, accessorclassname, classid, createtime, creator, datatype, datatypestyle, defaultvalue, description, displayname, dr, help, isactive, hided, nullable, readonly, attrlength, attrmaxvalue, attrminvalue, modifier, modifytime, name, precise, refmodelname, attrsequence, ts, visibility, versiontype, fixedlength, calculation, isauthen, resid, customattr, notserialize, dynamicattr, dynamictable, accesspower, accesspowergroup, industry ) values (  'e5bb0eda-ef9f-11e8-b4a6-4dd577e382d8', null, '1001AA10000000002IBL', null, null, 'BS000010000100001056',300, null, null, '自定义项12',0, null, 'Y', 'N', 'Y', 'N',101, null, null, null, null, 'def12',0, null,29, '2018-11-24 15:14:00',0,-1, 'N', 'N', 'Y', null, 'Y', 'N', 'N', null, 'N', null, '0' ) ;
insert into md_property ( id, accessorclassname, classid, createtime, creator, datatype, datatypestyle, defaultvalue, description, displayname, dr, help, isactive, hided, nullable, readonly, attrlength, attrmaxvalue, attrminvalue, modifier, modifytime, name, precise, refmodelname, attrsequence, ts, visibility, versiontype, fixedlength, calculation, isauthen, resid, customattr, notserialize, dynamicattr, dynamictable, accesspower, accesspowergroup, industry ) values (  'e5bb0edb-ef9f-11e8-b4a6-4dd577e382d8', null, '1001AA10000000002IBL', null, null, 'BS000010000100001056',300, null, null, '自定义项13',0, null, 'Y', 'N', 'Y', 'N',101, null, null, null, null, 'def13',0, null,30, '2018-11-24 15:14:00',0,-1, 'N', 'N', 'Y', null, 'Y', 'N', 'N', null, 'N', null, '0' ) ;
insert into md_property ( id, accessorclassname, classid, createtime, creator, datatype, datatypestyle, defaultvalue, description, displayname, dr, help, isactive, hided, nullable, readonly, attrlength, attrmaxvalue, attrminvalue, modifier, modifytime, name, precise, refmodelname, attrsequence, ts, visibility, versiontype, fixedlength, calculation, isauthen, resid, customattr, notserialize, dynamicattr, dynamictable, accesspower, accesspowergroup, industry ) values (  'e5bb0edc-ef9f-11e8-b4a6-4dd577e382d8', null, '1001AA10000000002IBL', null, null, 'BS000010000100001056',300, null, null, '自定义项14',0, null, 'Y', 'N', 'Y', 'N',101, null, null, null, null, 'def14',0, null,31, '2018-11-24 15:14:00',0,-1, 'N', 'N', 'Y', null, 'Y', 'N', 'N', null, 'N', null, '0' ) ;
insert into md_property ( id, accessorclassname, classid, createtime, creator, datatype, datatypestyle, defaultvalue, description, displayname, dr, help, isactive, hided, nullable, readonly, attrlength, attrmaxvalue, attrminvalue, modifier, modifytime, name, precise, refmodelname, attrsequence, ts, visibility, versiontype, fixedlength, calculation, isauthen, resid, customattr, notserialize, dynamicattr, dynamictable, accesspower, accesspowergroup, industry ) values (  'e5bb0edd-ef9f-11e8-b4a6-4dd577e382d8', null, '1001AA10000000002IBL', null, null, 'BS000010000100001056',300, null, null, '自定义项15',0, null, 'Y', 'N', 'Y', 'N',101, null, null, null, null, 'def15',0, null,32, '2018-11-24 15:14:00',0,-1, 'N', 'N', 'Y', null, 'Y', 'N', 'N', null, 'N', null, '0' ) ;
insert into md_property ( id, accessorclassname, classid, createtime, creator, datatype, datatypestyle, defaultvalue, description, displayname, dr, help, isactive, hided, nullable, readonly, attrlength, attrmaxvalue, attrminvalue, modifier, modifytime, name, precise, refmodelname, attrsequence, ts, visibility, versiontype, fixedlength, calculation, isauthen, resid, customattr, notserialize, dynamicattr, dynamictable, accesspower, accesspowergroup, industry ) values (  'e5bb0ede-ef9f-11e8-b4a6-4dd577e382d8', null, '1001AA10000000002IBL', null, null, 'BS000010000100001056',300, null, null, '自定义项16',0, null, 'Y', 'N', 'Y', 'N',101, null, null, null, null, 'def16',0, null,33, '2018-11-24 15:14:00',0,-1, 'N', 'N', 'Y', null, 'Y', 'N', 'N', null, 'N', null, '0' ) ;
insert into md_property ( id, accessorclassname, classid, createtime, creator, datatype, datatypestyle, defaultvalue, description, displayname, dr, help, isactive, hided, nullable, readonly, attrlength, attrmaxvalue, attrminvalue, modifier, modifytime, name, precise, refmodelname, attrsequence, ts, visibility, versiontype, fixedlength, calculation, isauthen, resid, customattr, notserialize, dynamicattr, dynamictable, accesspower, accesspowergroup, industry ) values (  'e5bb0edf-ef9f-11e8-b4a6-4dd577e382d8', null, '1001AA10000000002IBL', null, null, 'BS000010000100001056',300, null, null, '自定义项17',0, null, 'Y', 'N', 'Y', 'N',101, null, null, null, null, 'def17',0, null,34, '2018-11-24 15:14:00',0,-1, 'N', 'N', 'Y', null, 'Y', 'N', 'N', null, 'N', null, '0' ) ;
insert into md_property ( id, accessorclassname, classid, createtime, creator, datatype, datatypestyle, defaultvalue, description, displayname, dr, help, isactive, hided, nullable, readonly, attrlength, attrmaxvalue, attrminvalue, modifier, modifytime, name, precise, refmodelname, attrsequence, ts, visibility, versiontype, fixedlength, calculation, isauthen, resid, customattr, notserialize, dynamicattr, dynamictable, accesspower, accesspowergroup, industry ) values (  'e5bb0ee0-ef9f-11e8-b4a6-4dd577e382d8', null, '1001AA10000000002IBL', null, null, 'BS000010000100001056',300, null, null, '自定义项18',0, null, 'Y', 'N', 'Y', 'N',101, null, null, null, null, 'def18',0, null,35, '2018-11-24 15:14:00',0,-1, 'N', 'N', 'Y', null, 'Y', 'N', 'N', null, 'N', null, '0' ) ;
insert into md_property ( id, accessorclassname, classid, createtime, creator, datatype, datatypestyle, defaultvalue, description, displayname, dr, help, isactive, hided, nullable, readonly, attrlength, attrmaxvalue, attrminvalue, modifier, modifytime, name, precise, refmodelname, attrsequence, ts, visibility, versiontype, fixedlength, calculation, isauthen, resid, customattr, notserialize, dynamicattr, dynamictable, accesspower, accesspowergroup, industry ) values (  'e5bb0ee1-ef9f-11e8-b4a6-4dd577e382d8', null, '1001AA10000000002IBL', null, null, 'BS000010000100001056',300, null, null, '自定义项19',0, null, 'Y', 'N', 'Y', 'N',101, null, null, null, null, 'def19',0, null,36, '2018-11-24 15:14:00',0,-1, 'N', 'N', 'Y', null, 'Y', 'N', 'N', null, 'N', null, '0' ) ;
insert into md_property ( id, accessorclassname, classid, createtime, creator, datatype, datatypestyle, defaultvalue, description, displayname, dr, help, isactive, hided, nullable, readonly, attrlength, attrmaxvalue, attrminvalue, modifier, modifytime, name, precise, refmodelname, attrsequence, ts, visibility, versiontype, fixedlength, calculation, isauthen, resid, customattr, notserialize, dynamicattr, dynamictable, accesspower, accesspowergroup, industry ) values (  'e5bb0ee2-ef9f-11e8-b4a6-4dd577e382d8', null, '1001AA10000000002IBL', null, null, 'BS000010000100001056',300, null, null, '自定义项20',0, null, 'Y', 'N', 'Y', 'N',101, null, null, null, null, 'def20',0, null,37, '2018-11-24 15:14:00',0,-1, 'N', 'N', 'Y', null, 'Y', 'N', 'N', null, 'N', null, '0' ) ;
insert into md_bizItfMap ( bizinterfaceid, intattrid, classid, classattrid, bizitfimpclassname, classattrpath, dr, ts ) values (  '6c8722b9-911a-489b-8d0d-18bd3734fcf6', '5dd3c721-22ad-42b1-9c10-4351c236bc77', '1001AA10000000002IBL', 'e5bb0ebd-ef9f-11e8-b4a6-4dd577e382d8', null, null,0, '2018-11-24 15:14:00' ) ;
insert into md_bizItfMap ( bizinterfaceid, intattrid, classid, classattrid, bizitfimpclassname, classattrpath, dr, ts ) values (  '6c8722b9-911a-489b-8d0d-18bd3734fcf6', 'ecf1b76a-6e44-42e2-a55e-87596504775b', '1001AA10000000002IBL', 'e5bb0eca-ef9f-11e8-b4a6-4dd577e382d8', null, null,0, '2018-11-24 15:14:00' ) ;
insert into md_bizItfMap ( bizinterfaceid, intattrid, classid, classattrid, bizitfimpclassname, classattrpath, dr, ts ) values (  '6c8722b9-911a-489b-8d0d-18bd3734fcf6', 'd32cc17b-f415-415a-923f-0764443eb102', '1001AA10000000002IBL', 'e5bb0eb6-ef9f-11e8-b4a6-4dd577e382d8', null, null,0, '2018-11-24 15:14:00' ) ;
insert into md_bizItfMap ( bizinterfaceid, intattrid, classid, classattrid, bizitfimpclassname, classattrpath, dr, ts ) values (  '6c8722b9-911a-489b-8d0d-18bd3734fcf6', '89578a97-42fe-439b-827c-8eabd9e3604c', '1001AA10000000002IBL', 'e5bb0ec3-ef9f-11e8-b4a6-4dd577e382d8', null, null,0, '2018-11-24 15:14:00' ) ;
insert into md_bizItfMap ( bizinterfaceid, intattrid, classid, classattrid, bizitfimpclassname, classattrpath, dr, ts ) values (  '6c8722b9-911a-489b-8d0d-18bd3734fcf6', 'a47e6cda-09e4-480b-923f-ec6f41e3e06c', '1001AA10000000002IBL', 'e5bb0ec9-ef9f-11e8-b4a6-4dd577e382d8', null, null,0, '2018-11-24 15:14:00' ) ;
insert into md_association ( id, componentid, creator, createtime, dr, endcardinality, startbeanid, endelementid, isactive, modifier, modifytime, name, startcardinality, startelementid, ts, type, versiontype, industry ) values (  '78df49f0-11d6-4ab6-83d8-755a48d96b65', 'e5bb0eb7-ef9f-11e8-b4a6-4dd577e382d8', null, null,0, '1', '1001AA10000000002IBL', '16c1dca0-e3ed-4dcc-8ed7-75fd59e2bef1', 'Y', null, null, 'Defdoc-C0J00124_pk_defdoclist', '1', 'e5bb0ec8-ef9f-11e8-b4a6-4dd577e382d8', '2018-11-24 15:14:00',3,0, '0' ) ;
insert into md_association ( id, componentid, creator, createtime, dr, endcardinality, startbeanid, endelementid, isactive, modifier, modifytime, name, startcardinality, startelementid, ts, type, versiontype, industry ) values (  '4ffa1307-4401-44d2-a8a3-979020d1c5a2', 'e5bb0eb7-ef9f-11e8-b4a6-4dd577e382d8', null, null,0, '1', '1001AA10000000002IBL', '985be8a4-3a36-4778-8afe-2d8ed3902659', 'Y', null, null, 'Defdoc-C0J00124_pk_org', '1', 'e5bb0eca-ef9f-11e8-b4a6-4dd577e382d8', '2018-11-24 15:14:00',3,0, '0' ) ;
insert into md_association ( id, componentid, creator, createtime, dr, endcardinality, startbeanid, endelementid, isactive, modifier, modifytime, name, startcardinality, startelementid, ts, type, versiontype, industry ) values (  'c4de073e-3be8-42a4-9c5e-e825e75678cd', 'e5bb0eb7-ef9f-11e8-b4a6-4dd577e382d8', null, null,0, '1', '1001AA10000000002IBL', '3b6dd171-2900-47f3-bfbe-41e4483a2a65', 'Y', null, null, 'Defdoc-C0J00124_pk_group', '1', 'e5bb0ec9-ef9f-11e8-b4a6-4dd577e382d8', '2018-11-24 15:14:00',3,0, '0' ) ;
insert into md_association ( id, componentid, creator, createtime, dr, endcardinality, startbeanid, endelementid, isactive, modifier, modifytime, name, startcardinality, startelementid, ts, type, versiontype, industry ) values (  '88fbc3e4-33ba-4540-8732-1234c4828752', 'e5bb0eb7-ef9f-11e8-b4a6-4dd577e382d8', null, null,0, '1', '1001AA10000000002IBL', 'f6f9a473-56c0-432f-8bc7-fbf8fde54fee', 'Y', null, null, 'Defdoc-C0J00124_creator', '1', 'e5bb0eba-ef9f-11e8-b4a6-4dd577e382d8', '2018-11-24 15:14:00',3,0, '0' ) ;
insert into md_association ( id, componentid, creator, createtime, dr, endcardinality, startbeanid, endelementid, isactive, modifier, modifytime, name, startcardinality, startelementid, ts, type, versiontype, industry ) values (  '172bcf4a-3eab-4570-87a7-6096746f5364', 'e5bb0eb7-ef9f-11e8-b4a6-4dd577e382d8', null, null,0, '1', '1001AA10000000002IBL', 'f6f9a473-56c0-432f-8bc7-fbf8fde54fee', 'Y', null, null, 'Defdoc-C0J00124_modifier', '1', 'e5bb0ec0-ef9f-11e8-b4a6-4dd577e382d8', '2018-11-24 15:14:00',3,0, '0' ) ;
insert into md_table ( id, createtime, creator, databaseid, description, displayname, dr, help, isactive, fromsourcebmf, modifier, modifytime, name, ts, versiontype, resmodule, resid, parenttable, isextendtable, industry ) values (  'bd_defdoc', '2018-11-24 12:17:46', null, null, null, 'ReportedName(自定义档案)',0, 'ignorebdmode,BDMODE,URC,DEFDOC,BUSILOG,DOC', null, 'Y', null, null, 'bd_defdoc', '2018-11-24 15:14:00',0, '10140uddb', null, null, null, '0' ) ;
insert into md_column ( id, sqldatetype, createtime, creator, defaultvalue, description, displayname, dr, help, incrementseed, incrementstep, isactive, identitied, pkey, nullable, columnlength, modifier, modifytime, name, precise, columnsequence, tableid, ts, versiontype, resid, groupid, columntype, forlocale ) values (  'bd_defdoc@@PK@@', 'char', null, null, null, null, '自定义档案主键',0, null,null,null, 'Y', null, 'Y', 'N',20, null, null, 'pk_defdoc',0,0, 'bd_defdoc', '2018-11-24 15:14:00',0, '2UC000-000747', null,0, 'N' ) ;
insert into md_column ( id, sqldatetype, createtime, creator, defaultvalue, description, displayname, dr, help, incrementseed, incrementstep, isactive, identitied, pkey, nullable, columnlength, modifier, modifytime, name, precise, columnsequence, tableid, ts, versiontype, resid, groupid, columntype, forlocale ) values (  'bd_defdoc@@@pk_defdoclist', 'char', null, null, null, null, '自定义档案列表主键',0, null,null,null, 'Y', null, 'N', 'N',20, null, null, 'pk_defdoclist',0,1, 'bd_defdoc', '2018-11-24 15:14:00',0, '2UC000-000748', null,0, 'N' ) ;
insert into md_column ( id, sqldatetype, createtime, creator, defaultvalue, description, displayname, dr, help, incrementseed, incrementstep, isactive, identitied, pkey, nullable, columnlength, modifier, modifytime, name, precise, columnsequence, tableid, ts, versiontype, resid, groupid, columntype, forlocale ) values (  'bd_defdoc@@@pk_org', 'char', null, null, null, null, '所属组织',0, null,null,null, 'Y', null, 'N', 'N',20, null, null, 'pk_org',0,2, 'bd_defdoc', '2018-11-24 15:14:00',0, '2UC000-000360', null,0, 'N' ) ;
insert into md_column ( id, sqldatetype, createtime, creator, defaultvalue, description, displayname, dr, help, incrementseed, incrementstep, isactive, identitied, pkey, nullable, columnlength, modifier, modifytime, name, precise, columnsequence, tableid, ts, versiontype, resid, groupid, columntype, forlocale ) values (  'bd_defdoc@@@pk_group', 'varchar', null, null, '*~', null, '所属集团',0, null,null,null, 'Y', null, 'N', 'Y',20, null, null, 'pk_group',0,3, 'bd_defdoc', '2018-11-24 15:14:00',0, '2UC000-000367', null,0, 'N' ) ;
insert into md_column ( id, sqldatetype, createtime, creator, defaultvalue, description, displayname, dr, help, incrementseed, incrementstep, isactive, identitied, pkey, nullable, columnlength, modifier, modifytime, name, precise, columnsequence, tableid, ts, versiontype, resid, groupid, columntype, forlocale ) values (  'bd_defdoc@@@code', 'varchar', null, null, null, null, '档案编码',0, 'URC',null,null, 'Y', null, 'N', 'N',40, null, null, 'code',0,4, 'bd_defdoc', '2018-11-24 15:14:00',0, '2UC000-000557', null,0, 'N' ) ;
insert into md_column ( id, sqldatetype, createtime, creator, defaultvalue, description, displayname, dr, help, incrementseed, incrementstep, isactive, identitied, pkey, nullable, columnlength, modifier, modifytime, name, precise, columnsequence, tableid, ts, versiontype, resid, groupid, columntype, forlocale ) values (  'bd_defdoc@@@name', 'varchar', null, null, null, null, '档案名称',0, 'URC',null,null, 'Y', null, 'N', 'Y',200, null, null, 'name',0,0, 'bd_defdoc', '2018-11-24 15:14:00',0, '2UC000-000556', 'bd_defdoc@@@name',0, 'N' ) ;
insert into md_column ( id, sqldatetype, createtime, creator, defaultvalue, description, displayname, dr, help, incrementseed, incrementstep, isactive, identitied, pkey, nullable, columnlength, modifier, modifytime, name, precise, columnsequence, tableid, ts, versiontype, resid, groupid, columntype, forlocale ) values (  'bd_defdoc@@@shortname', 'varchar', null, null, null, null, '简称',0, null,null,null, 'Y', null, 'N', 'Y',200, null, null, 'shortname',0,0, 'bd_defdoc', '2018-11-24 15:14:00',0, '2UC000-000675', 'bd_defdoc@@@shortname',0, 'N' ) ;
insert into md_column ( id, sqldatetype, createtime, creator, defaultvalue, description, displayname, dr, help, incrementseed, incrementstep, isactive, identitied, pkey, nullable, columnlength, modifier, modifytime, name, precise, columnsequence, tableid, ts, versiontype, resid, groupid, columntype, forlocale ) values (  'bd_defdoc@@@mnecode', 'varchar', null, null, null, null, '助记码',0, null,null,null, 'Y', null, 'N', 'Y',50, null, null, 'mnecode',0,7, 'bd_defdoc', '2018-11-24 15:14:00',0, '2UC000-000172', null,0, 'N' ) ;
insert into md_column ( id, sqldatetype, createtime, creator, defaultvalue, description, displayname, dr, help, incrementseed, incrementstep, isactive, identitied, pkey, nullable, columnlength, modifier, modifytime, name, precise, columnsequence, tableid, ts, versiontype, resid, groupid, columntype, forlocale ) values (  'bd_defdoc@@@pid', 'varchar', null, null, '*~', null, '上级档案',0, null,null,null, 'Y', null, 'N', 'Y',20, null, null, 'pid',0,8, 'bd_defdoc', '2018-11-24 15:14:00',0, '2UC000-000007', null,0, 'N' ) ;
insert into md_column ( id, sqldatetype, createtime, creator, defaultvalue, description, displayname, dr, help, incrementseed, incrementstep, isactive, identitied, pkey, nullable, columnlength, modifier, modifytime, name, precise, columnsequence, tableid, ts, versiontype, resid, groupid, columntype, forlocale ) values (  'bd_defdoc@@@memo', 'varchar', null, null, null, null, '备注',0, null,null,null, 'Y', null, 'N', 'Y',200, null, null, 'memo',0,9, 'bd_defdoc', '2018-11-24 15:14:00',0, '2UC000-000258', null,0, 'N' ) ;
insert into md_column ( id, sqldatetype, createtime, creator, defaultvalue, description, displayname, dr, help, incrementseed, incrementstep, isactive, identitied, pkey, nullable, columnlength, modifier, modifytime, name, precise, columnsequence, tableid, ts, versiontype, resid, groupid, columntype, forlocale ) values (  'bd_defdoc@@@creator', 'varchar', null, null, '*~', null, '创建人',0, null,null,null, 'Y', null, 'N', 'Y',20, null, null, 'creator',0,10, 'bd_defdoc', '2018-11-24 15:14:00',0, '2UC000-000155', null,0, 'N' ) ;
insert into md_column ( id, sqldatetype, createtime, creator, defaultvalue, description, displayname, dr, help, incrementseed, incrementstep, isactive, identitied, pkey, nullable, columnlength, modifier, modifytime, name, precise, columnsequence, tableid, ts, versiontype, resid, groupid, columntype, forlocale ) values (  'bd_defdoc@@@creationtime', 'char', null, null, null, null, '创建时间',0, null,null,null, 'Y', null, 'N', 'Y',19, null, null, 'creationtime',0,11, 'bd_defdoc', '2018-11-24 15:14:00',0, '2UC000-000157', null,0, 'N' ) ;
insert into md_column ( id, sqldatetype, createtime, creator, defaultvalue, description, displayname, dr, help, incrementseed, incrementstep, isactive, identitied, pkey, nullable, columnlength, modifier, modifytime, name, precise, columnsequence, tableid, ts, versiontype, resid, groupid, columntype, forlocale ) values (  'bd_defdoc@@@modifier', 'varchar', null, null, '*~', null, '最后修改人',0, null,null,null, 'Y', null, 'N', 'Y',20, null, null, 'modifier',0,12, 'bd_defdoc', '2018-11-24 15:14:00',0, '2UC000-000490', null,0, 'N' ) ;
insert into md_column ( id, sqldatetype, createtime, creator, defaultvalue, description, displayname, dr, help, incrementseed, incrementstep, isactive, identitied, pkey, nullable, columnlength, modifier, modifytime, name, precise, columnsequence, tableid, ts, versiontype, resid, groupid, columntype, forlocale ) values (  'bd_defdoc@@@modifiedtime', 'char', null, null, null, null, '最后修改时间',0, null,null,null, 'Y', null, 'N', 'Y',19, null, null, 'modifiedtime',0,13, 'bd_defdoc', '2018-11-24 15:14:00',0, '2UC000-000491', null,0, 'N' ) ;
insert into md_column ( id, sqldatetype, createtime, creator, defaultvalue, description, displayname, dr, help, incrementseed, incrementstep, isactive, identitied, pkey, nullable, columnlength, modifier, modifytime, name, precise, columnsequence, tableid, ts, versiontype, resid, groupid, columntype, forlocale ) values (  'bd_defdoc@@@innercode', 'varchar', null, null, null, null, '内部编码',0, null,null,null, 'Y', null, 'N', 'Y',200, null, null, 'innercode',0,14, 'bd_defdoc', '2018-11-24 15:14:00',0, '2UC000-000136', null,0, 'N' ) ;
insert into md_column ( id, sqldatetype, createtime, creator, defaultvalue, description, displayname, dr, help, incrementseed, incrementstep, isactive, identitied, pkey, nullable, columnlength, modifier, modifytime, name, precise, columnsequence, tableid, ts, versiontype, resid, groupid, columntype, forlocale ) values (  'bd_defdoc@@@enablestate', 'int', null, null, null, null, '启用状态',0, null,null,null, 'Y', null, 'N', 'Y',0, null, null, 'enablestate',0,15, 'bd_defdoc', '2018-11-24 15:14:00',0, '2UC000-000249', null,0, 'N' ) ;
insert into md_column ( id, sqldatetype, createtime, creator, defaultvalue, description, displayname, dr, help, incrementseed, incrementstep, isactive, identitied, pkey, nullable, columnlength, modifier, modifytime, name, precise, columnsequence, tableid, ts, versiontype, resid, groupid, columntype, forlocale ) values (  'bd_defdoc@@@dataoriginflag', 'int', null, null, null, null, '分布式',0, null,null,null, 'Y', null, 'N', 'Y',0, null, null, 'dataoriginflag',0,16, 'bd_defdoc', '2018-11-24 15:14:00',0, '2UC000-000151', null,0, 'N' ) ;
insert into md_column ( id, sqldatetype, createtime, creator, defaultvalue, description, displayname, dr, help, incrementseed, incrementstep, isactive, identitied, pkey, nullable, columnlength, modifier, modifytime, name, precise, columnsequence, tableid, ts, versiontype, resid, groupid, columntype, forlocale ) values (  'bd_defdoc@@@datatype', 'int', null, null, '1', null, '数据类型',0, null,null,null, 'Y', null, 'N', 'Y',0, null, null, 'datatype',0,17, 'bd_defdoc', '2018-11-24 15:14:00',0, '2UC000-000458', null,0, 'N' ) ;
insert into md_column ( id, sqldatetype, createtime, creator, defaultvalue, description, displayname, dr, help, incrementseed, incrementstep, isactive, identitied, pkey, nullable, columnlength, modifier, modifytime, name, precise, columnsequence, tableid, ts, versiontype, resid, groupid, columntype, forlocale ) values (  'bd_defdoc@@@def1', 'varchar', null, null, null, null, '自定义项1',0, null,null,null, 'Y', null, 'N', 'Y',101, null, null, 'def1',0,18, 'bd_defdoc', '2018-11-24 15:14:00',-1, null, null,0, 'N' ) ;
insert into md_column ( id, sqldatetype, createtime, creator, defaultvalue, description, displayname, dr, help, incrementseed, incrementstep, isactive, identitied, pkey, nullable, columnlength, modifier, modifytime, name, precise, columnsequence, tableid, ts, versiontype, resid, groupid, columntype, forlocale ) values (  'bd_defdoc@@@def2', 'varchar', null, null, null, null, '自定义项2',0, null,null,null, 'Y', null, 'N', 'Y',101, null, null, 'def2',0,19, 'bd_defdoc', '2018-11-24 15:14:00',-1, null, null,0, 'N' ) ;
insert into md_column ( id, sqldatetype, createtime, creator, defaultvalue, description, displayname, dr, help, incrementseed, incrementstep, isactive, identitied, pkey, nullable, columnlength, modifier, modifytime, name, precise, columnsequence, tableid, ts, versiontype, resid, groupid, columntype, forlocale ) values (  'bd_defdoc@@@def3', 'varchar', null, null, null, null, '自定义项3',0, null,null,null, 'Y', null, 'N', 'Y',101, null, null, 'def3',0,20, 'bd_defdoc', '2018-11-24 15:14:00',-1, null, null,0, 'N' ) ;
insert into md_column ( id, sqldatetype, createtime, creator, defaultvalue, description, displayname, dr, help, incrementseed, incrementstep, isactive, identitied, pkey, nullable, columnlength, modifier, modifytime, name, precise, columnsequence, tableid, ts, versiontype, resid, groupid, columntype, forlocale ) values (  'bd_defdoc@@@def4', 'varchar', null, null, null, null, '自定义项4',0, null,null,null, 'Y', null, 'N', 'Y',101, null, null, 'def4',0,21, 'bd_defdoc', '2018-11-24 15:14:00',-1, null, null,0, 'N' ) ;
insert into md_column ( id, sqldatetype, createtime, creator, defaultvalue, description, displayname, dr, help, incrementseed, incrementstep, isactive, identitied, pkey, nullable, columnlength, modifier, modifytime, name, precise, columnsequence, tableid, ts, versiontype, resid, groupid, columntype, forlocale ) values (  'bd_defdoc@@@def5', 'varchar', null, null, null, null, '自定义项5',0, null,null,null, 'Y', null, 'N', 'Y',101, null, null, 'def5',0,22, 'bd_defdoc', '2018-11-24 15:14:00',-1, null, null,0, 'N' ) ;
insert into md_column ( id, sqldatetype, createtime, creator, defaultvalue, description, displayname, dr, help, incrementseed, incrementstep, isactive, identitied, pkey, nullable, columnlength, modifier, modifytime, name, precise, columnsequence, tableid, ts, versiontype, resid, groupid, columntype, forlocale ) values (  'bd_defdoc@@@def6', 'varchar', null, null, null, null, '自定义项6',0, null,null,null, 'Y', null, 'N', 'Y',101, null, null, 'def6',0,23, 'bd_defdoc', '2018-11-24 15:14:00',-1, null, null,0, 'N' ) ;
insert into md_column ( id, sqldatetype, createtime, creator, defaultvalue, description, displayname, dr, help, incrementseed, incrementstep, isactive, identitied, pkey, nullable, columnlength, modifier, modifytime, name, precise, columnsequence, tableid, ts, versiontype, resid, groupid, columntype, forlocale ) values (  'bd_defdoc@@@def7', 'varchar', null, null, null, null, '自定义项7',0, null,null,null, 'Y', null, 'N', 'Y',101, null, null, 'def7',0,24, 'bd_defdoc', '2018-11-24 15:14:00',-1, null, null,0, 'N' ) ;
insert into md_column ( id, sqldatetype, createtime, creator, defaultvalue, description, displayname, dr, help, incrementseed, incrementstep, isactive, identitied, pkey, nullable, columnlength, modifier, modifytime, name, precise, columnsequence, tableid, ts, versiontype, resid, groupid, columntype, forlocale ) values (  'bd_defdoc@@@def8', 'varchar', null, null, null, null, '自定义项8',0, null,null,null, 'Y', null, 'N', 'Y',101, null, null, 'def8',0,25, 'bd_defdoc', '2018-11-24 15:14:00',-1, null, null,0, 'N' ) ;
insert into md_column ( id, sqldatetype, createtime, creator, defaultvalue, description, displayname, dr, help, incrementseed, incrementstep, isactive, identitied, pkey, nullable, columnlength, modifier, modifytime, name, precise, columnsequence, tableid, ts, versiontype, resid, groupid, columntype, forlocale ) values (  'bd_defdoc@@@def9', 'varchar', null, null, null, null, '自定义项9',0, null,null,null, 'Y', null, 'N', 'Y',101, null, null, 'def9',0,26, 'bd_defdoc', '2018-11-24 15:14:00',-1, null, null,0, 'N' ) ;
insert into md_column ( id, sqldatetype, createtime, creator, defaultvalue, description, displayname, dr, help, incrementseed, incrementstep, isactive, identitied, pkey, nullable, columnlength, modifier, modifytime, name, precise, columnsequence, tableid, ts, versiontype, resid, groupid, columntype, forlocale ) values (  'bd_defdoc@@@def10', 'varchar', null, null, null, null, '自定义项10',0, null,null,null, 'Y', null, 'N', 'Y',101, null, null, 'def10',0,27, 'bd_defdoc', '2018-11-24 15:14:00',-1, null, null,0, 'N' ) ;
insert into md_column ( id, sqldatetype, createtime, creator, defaultvalue, description, displayname, dr, help, incrementseed, incrementstep, isactive, identitied, pkey, nullable, columnlength, modifier, modifytime, name, precise, columnsequence, tableid, ts, versiontype, resid, groupid, columntype, forlocale ) values (  'bd_defdoc@@@def11', 'varchar', null, null, null, null, '自定义项11',0, null,null,null, 'Y', null, 'N', 'Y',101, null, null, 'def11',0,28, 'bd_defdoc', '2018-11-24 15:14:00',-1, null, null,0, 'N' ) ;
insert into md_column ( id, sqldatetype, createtime, creator, defaultvalue, description, displayname, dr, help, incrementseed, incrementstep, isactive, identitied, pkey, nullable, columnlength, modifier, modifytime, name, precise, columnsequence, tableid, ts, versiontype, resid, groupid, columntype, forlocale ) values (  'bd_defdoc@@@def12', 'varchar', null, null, null, null, '自定义项12',0, null,null,null, 'Y', null, 'N', 'Y',101, null, null, 'def12',0,29, 'bd_defdoc', '2018-11-24 15:14:00',-1, null, null,0, 'N' ) ;
insert into md_column ( id, sqldatetype, createtime, creator, defaultvalue, description, displayname, dr, help, incrementseed, incrementstep, isactive, identitied, pkey, nullable, columnlength, modifier, modifytime, name, precise, columnsequence, tableid, ts, versiontype, resid, groupid, columntype, forlocale ) values (  'bd_defdoc@@@def13', 'varchar', null, null, null, null, '自定义项13',0, null,null,null, 'Y', null, 'N', 'Y',101, null, null, 'def13',0,30, 'bd_defdoc', '2018-11-24 15:14:00',-1, null, null,0, 'N' ) ;
insert into md_column ( id, sqldatetype, createtime, creator, defaultvalue, description, displayname, dr, help, incrementseed, incrementstep, isactive, identitied, pkey, nullable, columnlength, modifier, modifytime, name, precise, columnsequence, tableid, ts, versiontype, resid, groupid, columntype, forlocale ) values (  'bd_defdoc@@@def14', 'varchar', null, null, null, null, '自定义项14',0, null,null,null, 'Y', null, 'N', 'Y',101, null, null, 'def14',0,31, 'bd_defdoc', '2018-11-24 15:14:00',-1, null, null,0, 'N' ) ;
insert into md_column ( id, sqldatetype, createtime, creator, defaultvalue, description, displayname, dr, help, incrementseed, incrementstep, isactive, identitied, pkey, nullable, columnlength, modifier, modifytime, name, precise, columnsequence, tableid, ts, versiontype, resid, groupid, columntype, forlocale ) values (  'bd_defdoc@@@def15', 'varchar', null, null, null, null, '自定义项15',0, null,null,null, 'Y', null, 'N', 'Y',101, null, null, 'def15',0,32, 'bd_defdoc', '2018-11-24 15:14:00',-1, null, null,0, 'N' ) ;
insert into md_column ( id, sqldatetype, createtime, creator, defaultvalue, description, displayname, dr, help, incrementseed, incrementstep, isactive, identitied, pkey, nullable, columnlength, modifier, modifytime, name, precise, columnsequence, tableid, ts, versiontype, resid, groupid, columntype, forlocale ) values (  'bd_defdoc@@@def16', 'varchar', null, null, null, null, '自定义项16',0, null,null,null, 'Y', null, 'N', 'Y',101, null, null, 'def16',0,33, 'bd_defdoc', '2018-11-24 15:14:00',-1, null, null,0, 'N' ) ;
insert into md_column ( id, sqldatetype, createtime, creator, defaultvalue, description, displayname, dr, help, incrementseed, incrementstep, isactive, identitied, pkey, nullable, columnlength, modifier, modifytime, name, precise, columnsequence, tableid, ts, versiontype, resid, groupid, columntype, forlocale ) values (  'bd_defdoc@@@def17', 'varchar', null, null, null, null, '自定义项17',0, null,null,null, 'Y', null, 'N', 'Y',101, null, null, 'def17',0,34, 'bd_defdoc', '2018-11-24 15:14:00',-1, null, null,0, 'N' ) ;
insert into md_column ( id, sqldatetype, createtime, creator, defaultvalue, description, displayname, dr, help, incrementseed, incrementstep, isactive, identitied, pkey, nullable, columnlength, modifier, modifytime, name, precise, columnsequence, tableid, ts, versiontype, resid, groupid, columntype, forlocale ) values (  'bd_defdoc@@@def18', 'varchar', null, null, null, null, '自定义项18',0, null,null,null, 'Y', null, 'N', 'Y',101, null, null, 'def18',0,35, 'bd_defdoc', '2018-11-24 15:14:00',-1, null, null,0, 'N' ) ;
insert into md_column ( id, sqldatetype, createtime, creator, defaultvalue, description, displayname, dr, help, incrementseed, incrementstep, isactive, identitied, pkey, nullable, columnlength, modifier, modifytime, name, precise, columnsequence, tableid, ts, versiontype, resid, groupid, columntype, forlocale ) values (  'bd_defdoc@@@def19', 'varchar', null, null, null, null, '自定义项19',0, null,null,null, 'Y', null, 'N', 'Y',101, null, null, 'def19',0,36, 'bd_defdoc', '2018-11-24 15:14:00',-1, null, null,0, 'N' ) ;
insert into md_column ( id, sqldatetype, createtime, creator, defaultvalue, description, displayname, dr, help, incrementseed, incrementstep, isactive, identitied, pkey, nullable, columnlength, modifier, modifytime, name, precise, columnsequence, tableid, ts, versiontype, resid, groupid, columntype, forlocale ) values (  'bd_defdoc@@@def20', 'varchar', null, null, null, null, '自定义项20',0, null,null,null, 'Y', null, 'N', 'Y',101, null, null, 'def20',0,37, 'bd_defdoc', '2018-11-24 15:14:00',-1, null, null,0, 'N' ) ;
insert into md_column ( id, sqldatetype, createtime, creator, defaultvalue, description, displayname, dr, help, incrementseed, incrementstep, isactive, identitied, pkey, nullable, columnlength, modifier, modifytime, name, precise, columnsequence, tableid, ts, versiontype, resid, groupid, columntype, forlocale ) values (  'bd_defdoc@@@name2', 'varchar', null, null, null, null, '档案名称2',0, 'URC',null,null, 'Y', null, 'N', 'Y',200, null, null, 'name2',0,0, 'bd_defdoc', '2018-11-24 15:14:00',0, '2UC000-000556', 'bd_defdoc@@@name',0, 'N' ) ;
insert into md_column ( id, sqldatetype, createtime, creator, defaultvalue, description, displayname, dr, help, incrementseed, incrementstep, isactive, identitied, pkey, nullable, columnlength, modifier, modifytime, name, precise, columnsequence, tableid, ts, versiontype, resid, groupid, columntype, forlocale ) values (  'bd_defdoc@@@name3', 'varchar', null, null, null, null, '档案名称3',0, 'URC',null,null, 'Y', null, 'N', 'Y',200, null, null, 'name3',0,0, 'bd_defdoc', '2018-11-24 15:14:00',0, '2UC000-000556', 'bd_defdoc@@@name',0, 'N' ) ;
insert into md_column ( id, sqldatetype, createtime, creator, defaultvalue, description, displayname, dr, help, incrementseed, incrementstep, isactive, identitied, pkey, nullable, columnlength, modifier, modifytime, name, precise, columnsequence, tableid, ts, versiontype, resid, groupid, columntype, forlocale ) values (  'bd_defdoc@@@name4', 'varchar', null, null, null, null, '档案名称4',0, 'URC',null,null, 'Y', null, 'N', 'Y',200, null, null, 'name4',0,0, 'bd_defdoc', '2018-11-24 15:14:00',0, '2UC000-000556', 'bd_defdoc@@@name',0, 'N' ) ;
insert into md_column ( id, sqldatetype, createtime, creator, defaultvalue, description, displayname, dr, help, incrementseed, incrementstep, isactive, identitied, pkey, nullable, columnlength, modifier, modifytime, name, precise, columnsequence, tableid, ts, versiontype, resid, groupid, columntype, forlocale ) values (  'bd_defdoc@@@name5', 'varchar', null, null, null, null, '档案名称5',0, 'URC',null,null, 'Y', null, 'N', 'Y',200, null, null, 'name5',0,0, 'bd_defdoc', '2018-11-24 15:14:00',0, '2UC000-000556', 'bd_defdoc@@@name',0, 'N' ) ;
insert into md_column ( id, sqldatetype, createtime, creator, defaultvalue, description, displayname, dr, help, incrementseed, incrementstep, isactive, identitied, pkey, nullable, columnlength, modifier, modifytime, name, precise, columnsequence, tableid, ts, versiontype, resid, groupid, columntype, forlocale ) values (  'bd_defdoc@@@name6', 'varchar', null, null, null, null, '档案名称6',0, 'URC',null,null, 'Y', null, 'N', 'Y',200, null, null, 'name6',0,0, 'bd_defdoc', '2018-11-24 15:14:00',0, '2UC000-000556', 'bd_defdoc@@@name',0, 'N' ) ;
insert into md_column ( id, sqldatetype, createtime, creator, defaultvalue, description, displayname, dr, help, incrementseed, incrementstep, isactive, identitied, pkey, nullable, columnlength, modifier, modifytime, name, precise, columnsequence, tableid, ts, versiontype, resid, groupid, columntype, forlocale ) values (  'bd_defdoc@@@shortname2', 'varchar', null, null, null, null, '简称2',0, null,null,null, 'Y', null, 'N', 'Y',200, null, null, 'shortname2',0,0, 'bd_defdoc', '2018-11-24 15:14:00',0, '2UC000-000675', 'bd_defdoc@@@shortname',0, 'N' ) ;
insert into md_column ( id, sqldatetype, createtime, creator, defaultvalue, description, displayname, dr, help, incrementseed, incrementstep, isactive, identitied, pkey, nullable, columnlength, modifier, modifytime, name, precise, columnsequence, tableid, ts, versiontype, resid, groupid, columntype, forlocale ) values (  'bd_defdoc@@@shortname3', 'varchar', null, null, null, null, '简称3',0, null,null,null, 'Y', null, 'N', 'Y',200, null, null, 'shortname3',0,0, 'bd_defdoc', '2018-11-24 15:14:00',0, '2UC000-000675', 'bd_defdoc@@@shortname',0, 'N' ) ;
insert into md_column ( id, sqldatetype, createtime, creator, defaultvalue, description, displayname, dr, help, incrementseed, incrementstep, isactive, identitied, pkey, nullable, columnlength, modifier, modifytime, name, precise, columnsequence, tableid, ts, versiontype, resid, groupid, columntype, forlocale ) values (  'bd_defdoc@@@shortname4', 'varchar', null, null, null, null, '简称4',0, null,null,null, 'Y', null, 'N', 'Y',200, null, null, 'shortname4',0,0, 'bd_defdoc', '2018-11-24 15:14:00',0, '2UC000-000675', 'bd_defdoc@@@shortname',0, 'N' ) ;
insert into md_column ( id, sqldatetype, createtime, creator, defaultvalue, description, displayname, dr, help, incrementseed, incrementstep, isactive, identitied, pkey, nullable, columnlength, modifier, modifytime, name, precise, columnsequence, tableid, ts, versiontype, resid, groupid, columntype, forlocale ) values (  'bd_defdoc@@@shortname5', 'varchar', null, null, null, null, '简称5',0, null,null,null, 'Y', null, 'N', 'Y',200, null, null, 'shortname5',0,0, 'bd_defdoc', '2018-11-24 15:14:00',0, '2UC000-000675', 'bd_defdoc@@@shortname',0, 'N' ) ;
insert into md_column ( id, sqldatetype, createtime, creator, defaultvalue, description, displayname, dr, help, incrementseed, incrementstep, isactive, identitied, pkey, nullable, columnlength, modifier, modifytime, name, precise, columnsequence, tableid, ts, versiontype, resid, groupid, columntype, forlocale ) values (  'bd_defdoc@@@shortname6', 'varchar', null, null, null, null, '简称6',0, null,null,null, 'Y', null, 'N', 'Y',200, null, null, 'shortname6',0,0, 'bd_defdoc', '2018-11-24 15:14:00',0, '2UC000-000675', 'bd_defdoc@@@shortname',0, 'N' ) ;
insert into md_ORMap ( attributeid, classid, columnid, dr, tableid, ts ) values (  'e5bb0eb6-ef9f-11e8-b4a6-4dd577e382d8', '1001AA10000000002IBL', 'bd_defdoc@@@code',0, 'bd_defdoc', '2018-11-24 15:14:00' ) ;
insert into md_ORMap ( attributeid, classid, columnid, dr, tableid, ts ) values (  'e5bb0ed6-ef9f-11e8-b4a6-4dd577e382d8', '1001AA10000000002IBL', 'bd_defdoc@@@def8',0, 'bd_defdoc', '2018-11-24 15:14:00' ) ;
insert into md_ORMap ( attributeid, classid, columnid, dr, tableid, ts ) values (  'e5bb0ed2-ef9f-11e8-b4a6-4dd577e382d8', '1001AA10000000002IBL', 'bd_defdoc@@@def4',0, 'bd_defdoc', '2018-11-24 15:14:00' ) ;
insert into md_ORMap ( attributeid, classid, columnid, dr, tableid, ts ) values (  'e5bb0ec4-ef9f-11e8-b4a6-4dd577e382d8', '1001AA10000000002IBL', 'bd_defdoc@@@shortname',0, 'bd_defdoc', '2018-11-24 15:14:00' ) ;
insert into md_ORMap ( attributeid, classid, columnid, dr, tableid, ts ) values (  'e5bb0ed3-ef9f-11e8-b4a6-4dd577e382d8', '1001AA10000000002IBL', 'bd_defdoc@@@def5',0, 'bd_defdoc', '2018-11-24 15:14:00' ) ;
insert into md_ORMap ( attributeid, classid, columnid, dr, tableid, ts ) values (  'e5bb0ebf-ef9f-11e8-b4a6-4dd577e382d8', '1001AA10000000002IBL', 'bd_defdoc@@@mnecode',0, 'bd_defdoc', '2018-11-24 15:14:00' ) ;
insert into md_ORMap ( attributeid, classid, columnid, dr, tableid, ts ) values (  'e5bb0ee1-ef9f-11e8-b4a6-4dd577e382d8', '1001AA10000000002IBL', 'bd_defdoc@@@def19',0, 'bd_defdoc', '2018-11-24 15:14:00' ) ;
insert into md_ORMap ( attributeid, classid, columnid, dr, tableid, ts ) values (  'e5bb0ecf-ef9f-11e8-b4a6-4dd577e382d8', '1001AA10000000002IBL', 'bd_defdoc@@@def1',0, 'bd_defdoc', '2018-11-24 15:14:00' ) ;
insert into md_ORMap ( attributeid, classid, columnid, dr, tableid, ts ) values (  'e5bb0ede-ef9f-11e8-b4a6-4dd577e382d8', '1001AA10000000002IBL', 'bd_defdoc@@@def16',0, 'bd_defdoc', '2018-11-24 15:14:00' ) ;
insert into md_ORMap ( attributeid, classid, columnid, dr, tableid, ts ) values (  'e5bb0eda-ef9f-11e8-b4a6-4dd577e382d8', '1001AA10000000002IBL', 'bd_defdoc@@@def12',0, 'bd_defdoc', '2018-11-24 15:14:00' ) ;
insert into md_ORMap ( attributeid, classid, columnid, dr, tableid, ts ) values (  'e5bb0edf-ef9f-11e8-b4a6-4dd577e382d8', '1001AA10000000002IBL', 'bd_defdoc@@@def17',0, 'bd_defdoc', '2018-11-24 15:14:00' ) ;
insert into md_ORMap ( attributeid, classid, columnid, dr, tableid, ts ) values (  'e5bb0ebe-ef9f-11e8-b4a6-4dd577e382d8', '1001AA10000000002IBL', 'bd_defdoc@@@memo',0, 'bd_defdoc', '2018-11-24 15:14:00' ) ;
insert into md_ORMap ( attributeid, classid, columnid, dr, tableid, ts ) values (  'e5bb0eba-ef9f-11e8-b4a6-4dd577e382d8', '1001AA10000000002IBL', 'bd_defdoc@@@creator',0, 'bd_defdoc', '2018-11-24 15:14:00' ) ;
insert into md_ORMap ( attributeid, classid, columnid, dr, tableid, ts ) values (  'e5bb0ec3-ef9f-11e8-b4a6-4dd577e382d8', '1001AA10000000002IBL', 'bd_defdoc@@@name',0, 'bd_defdoc', '2018-11-24 15:14:00' ) ;
insert into md_ORMap ( attributeid, classid, columnid, dr, tableid, ts ) values (  'e5bb0ec2-ef9f-11e8-b4a6-4dd577e382d8', '1001AA10000000002IBL', 'bd_defdoc@@@modifiedtime',0, 'bd_defdoc', '2018-11-24 15:14:00' ) ;
insert into md_ORMap ( attributeid, classid, columnid, dr, tableid, ts ) values (  'e5bb0ec8-ef9f-11e8-b4a6-4dd577e382d8', '1001AA10000000002IBL', 'bd_defdoc@@@pk_defdoclist',0, 'bd_defdoc', '2018-11-24 15:14:00' ) ;
insert into md_ORMap ( attributeid, classid, columnid, dr, tableid, ts ) values (  'e5bb0ece-ef9f-11e8-b4a6-4dd577e382d8', '1001AA10000000002IBL', 'bd_defdoc@@@datatype',0, 'bd_defdoc', '2018-11-24 15:14:00' ) ;
insert into md_ORMap ( attributeid, classid, columnid, dr, tableid, ts ) values (  'e5bb0ed8-ef9f-11e8-b4a6-4dd577e382d8', '1001AA10000000002IBL', 'bd_defdoc@@@def10',0, 'bd_defdoc', '2018-11-24 15:14:00' ) ;
insert into md_ORMap ( attributeid, classid, columnid, dr, tableid, ts ) values (  'e5bb0edc-ef9f-11e8-b4a6-4dd577e382d8', '1001AA10000000002IBL', 'bd_defdoc@@@def14',0, 'bd_defdoc', '2018-11-24 15:14:00' ) ;
insert into md_ORMap ( attributeid, classid, columnid, dr, tableid, ts ) values (  'e5bb0ee0-ef9f-11e8-b4a6-4dd577e382d8', '1001AA10000000002IBL', 'bd_defdoc@@@def18',0, 'bd_defdoc', '2018-11-24 15:14:00' ) ;
insert into md_ORMap ( attributeid, classid, columnid, dr, tableid, ts ) values (  'e5bb0ed7-ef9f-11e8-b4a6-4dd577e382d8', '1001AA10000000002IBL', 'bd_defdoc@@@def9',0, 'bd_defdoc', '2018-11-24 15:14:00' ) ;
insert into md_ORMap ( attributeid, classid, columnid, dr, tableid, ts ) values (  'e5bb0eb9-ef9f-11e8-b4a6-4dd577e382d8', '1001AA10000000002IBL', 'bd_defdoc@@@creationtime',0, 'bd_defdoc', '2018-11-24 15:14:00' ) ;
insert into md_ORMap ( attributeid, classid, columnid, dr, tableid, ts ) values (  'e5bb0ec9-ef9f-11e8-b4a6-4dd577e382d8', '1001AA10000000002IBL', 'bd_defdoc@@@pk_group',0, 'bd_defdoc', '2018-11-24 15:14:00' ) ;
insert into md_ORMap ( attributeid, classid, columnid, dr, tableid, ts ) values (  'e5bb0edd-ef9f-11e8-b4a6-4dd577e382d8', '1001AA10000000002IBL', 'bd_defdoc@@@def15',0, 'bd_defdoc', '2018-11-24 15:14:00' ) ;
insert into md_ORMap ( attributeid, classid, columnid, dr, tableid, ts ) values (  'e5bb0ec0-ef9f-11e8-b4a6-4dd577e382d8', '1001AA10000000002IBL', 'bd_defdoc@@@modifier',0, 'bd_defdoc', '2018-11-24 15:14:00' ) ;
insert into md_ORMap ( attributeid, classid, columnid, dr, tableid, ts ) values (  'e5bb0ed4-ef9f-11e8-b4a6-4dd577e382d8', '1001AA10000000002IBL', 'bd_defdoc@@@def6',0, 'bd_defdoc', '2018-11-24 15:14:00' ) ;
insert into md_ORMap ( attributeid, classid, columnid, dr, tableid, ts ) values (  'e5bb0ecd-ef9f-11e8-b4a6-4dd577e382d8', '1001AA10000000002IBL', 'bd_defdoc@@@dataoriginflag',0, 'bd_defdoc', '2018-11-24 15:14:00' ) ;
insert into md_ORMap ( attributeid, classid, columnid, dr, tableid, ts ) values (  'e5bb0ecb-ef9f-11e8-b4a6-4dd577e382d8', '1001AA10000000002IBL', 'bd_defdoc@@@enablestate',0, 'bd_defdoc', '2018-11-24 15:14:00' ) ;
insert into md_ORMap ( attributeid, classid, columnid, dr, tableid, ts ) values (  'e5bb0ee2-ef9f-11e8-b4a6-4dd577e382d8', '1001AA10000000002IBL', 'bd_defdoc@@@def20',0, 'bd_defdoc', '2018-11-24 15:14:00' ) ;
insert into md_ORMap ( attributeid, classid, columnid, dr, tableid, ts ) values (  'e5bb0ec6-ef9f-11e8-b4a6-4dd577e382d8', '1001AA10000000002IBL', 'bd_defdoc@@@pid',0, 'bd_defdoc', '2018-11-24 15:14:00' ) ;
insert into md_ORMap ( attributeid, classid, columnid, dr, tableid, ts ) values (  'e5bb0ed9-ef9f-11e8-b4a6-4dd577e382d8', '1001AA10000000002IBL', 'bd_defdoc@@@def11',0, 'bd_defdoc', '2018-11-24 15:14:00' ) ;
insert into md_ORMap ( attributeid, classid, columnid, dr, tableid, ts ) values (  'e5bb0eca-ef9f-11e8-b4a6-4dd577e382d8', '1001AA10000000002IBL', 'bd_defdoc@@@pk_org',0, 'bd_defdoc', '2018-11-24 15:14:00' ) ;
insert into md_ORMap ( attributeid, classid, columnid, dr, tableid, ts ) values (  'e5bb0ebc-ef9f-11e8-b4a6-4dd577e382d8', '1001AA10000000002IBL', 'bd_defdoc@@@innercode',0, 'bd_defdoc', '2018-11-24 15:14:00' ) ;
insert into md_ORMap ( attributeid, classid, columnid, dr, tableid, ts ) values (  'e5bb0ebd-ef9f-11e8-b4a6-4dd577e382d8', '1001AA10000000002IBL', 'bd_defdoc@@PK@@',0, 'bd_defdoc', '2018-11-24 15:14:00' ) ;
insert into md_ORMap ( attributeid, classid, columnid, dr, tableid, ts ) values (  'e5bb0ed5-ef9f-11e8-b4a6-4dd577e382d8', '1001AA10000000002IBL', 'bd_defdoc@@@def7',0, 'bd_defdoc', '2018-11-24 15:14:00' ) ;
insert into md_ORMap ( attributeid, classid, columnid, dr, tableid, ts ) values (  'e5bb0ed1-ef9f-11e8-b4a6-4dd577e382d8', '1001AA10000000002IBL', 'bd_defdoc@@@def3',0, 'bd_defdoc', '2018-11-24 15:14:00' ) ;
insert into md_ORMap ( attributeid, classid, columnid, dr, tableid, ts ) values (  'e5bb0ed0-ef9f-11e8-b4a6-4dd577e382d8', '1001AA10000000002IBL', 'bd_defdoc@@@def2',0, 'bd_defdoc', '2018-11-24 15:14:00' ) ;
insert into md_ORMap ( attributeid, classid, columnid, dr, tableid, ts ) values (  'e5bb0edb-ef9f-11e8-b4a6-4dd577e382d8', '1001AA10000000002IBL', 'bd_defdoc@@@def13',0, 'bd_defdoc', '2018-11-24 15:14:00' ) ;


--Defdoc-C0J00125
delete from md_db_relation where startattrid in (select id from md_property where classid in ('1001AA10000000002ICU','@@@@' ) )  and starttableid in ('bd_defdoc','@@@@');
delete from md_ORMap where ATTRIBUTEID in(select id from md_property where classid in ('1001AA10000000002ICU','@@@@' ) )  and tableid in ('bd_defdoc','@@@@') ;
delete from md_table where id not in (select distinct tableid from md_ormap );
delete from md_column where  tableid in('bd_defdoc','@@@@') and id not in(select distinct columnid from md_ormap) and (nvl(groupid ,'~')='~' or groupid = id )  and name <> 'extend_bean_tag' ;
delete from md_column where tableid in ('bd_defdoc','@@@@')and groupid is not null and groupid not in( select distinct id from md_column where tableid in ('bd_defdoc','@@@@') ) ;
delete from md_db_relation where starttableid not in (select id from md_table);
delete from md_property where classID in (select distinct id from md_class where componentID='01b75d6b-efa0-11e8-b4a6-4dd577e382d8'  )  ;
delete from md_association where componentID = '01b75d6b-efa0-11e8-b4a6-4dd577e382d8'  ;
delete from md_bizItfMap where classID in (select distinct id from md_class where componentID='01b75d6b-efa0-11e8-b4a6-4dd577e382d8'  );
delete from md_bizItfMap where classID in ( select id from md_opInterface where componentID = '01b75d6b-efa0-11e8-b4a6-4dd577e382d8'  );
delete from md_accessorPara where id in (select distinct id from md_class where componentID='01b75d6b-efa0-11e8-b4a6-4dd577e382d8'  );
delete from md_enumValue where id in (select distinct id from md_class where componentID='01b75d6b-efa0-11e8-b4a6-4dd577e382d8'  ) ;
delete from md_class where componentID = '01b75d6b-efa0-11e8-b4a6-4dd577e382d8'  ;
delete from md_component where id = '01b75d6b-efa0-11e8-b4a6-4dd577e382d8' ;
delete from md_table where (id='bd_defdoc');
delete from md_column where (id='bd_defdoc@@PK@@');
delete from md_column where (id='bd_defdoc@@@pk_defdoclist');
delete from md_column where (id='bd_defdoc@@@pk_org');
delete from md_column where (id='bd_defdoc@@@pk_group');
delete from md_column where (id='bd_defdoc@@@code');
delete from md_column where (id='bd_defdoc@@@name');
delete from md_column where (id='bd_defdoc@@@shortname');
delete from md_column where (id='bd_defdoc@@@mnecode');
delete from md_column where (id='bd_defdoc@@@pid');
delete from md_column where (id='bd_defdoc@@@memo');
delete from md_column where (id='bd_defdoc@@@creator');
delete from md_column where (id='bd_defdoc@@@creationtime');
delete from md_column where (id='bd_defdoc@@@modifier');
delete from md_column where (id='bd_defdoc@@@modifiedtime');
delete from md_column where (id='bd_defdoc@@@innercode');
delete from md_column where (id='bd_defdoc@@@enablestate');
delete from md_column where (id='bd_defdoc@@@dataoriginflag');
delete from md_column where (id='bd_defdoc@@@datatype');
delete from md_column where (id='bd_defdoc@@@def1');
delete from md_column where (id='bd_defdoc@@@def2');
delete from md_column where (id='bd_defdoc@@@def3');
delete from md_column where (id='bd_defdoc@@@def4');
delete from md_column where (id='bd_defdoc@@@def5');
delete from md_column where (id='bd_defdoc@@@def6');
delete from md_column where (id='bd_defdoc@@@def7');
delete from md_column where (id='bd_defdoc@@@def8');
delete from md_column where (id='bd_defdoc@@@def9');
delete from md_column where (id='bd_defdoc@@@def10');
delete from md_column where (id='bd_defdoc@@@def11');
delete from md_column where (id='bd_defdoc@@@def12');
delete from md_column where (id='bd_defdoc@@@def13');
delete from md_column where (id='bd_defdoc@@@def14');
delete from md_column where (id='bd_defdoc@@@def15');
delete from md_column where (id='bd_defdoc@@@def16');
delete from md_column where (id='bd_defdoc@@@def17');
delete from md_column where (id='bd_defdoc@@@def18');
delete from md_column where (id='bd_defdoc@@@def19');
delete from md_column where (id='bd_defdoc@@@def20');
delete from md_column where (id='bd_defdoc@@@name2');
delete from md_column where (id='bd_defdoc@@@name3');
delete from md_column where (id='bd_defdoc@@@name4');
delete from md_column where (id='bd_defdoc@@@name5');
delete from md_column where (id='bd_defdoc@@@name6');
delete from md_column where (id='bd_defdoc@@@shortname2');
delete from md_column where (id='bd_defdoc@@@shortname3');
delete from md_column where (id='bd_defdoc@@@shortname4');
delete from md_column where (id='bd_defdoc@@@shortname5');
delete from md_column where (id='bd_defdoc@@@shortname6');


insert into md_component ( createtime, creator, description, displayname, dr, fromsourcebmf, help, id, industry, isbizmodel, modifier, modifytime, name, namespace, ownmodule, preload, resid, resmodule, ts, version, versiontype ) values (  '2018-11-24 12:18:33', null, null, 'TAnalysisMethod(自定义档案)',0, 'Y', null, '01b75d6b-efa0-11e8-b4a6-4dd577e382d8', '0', 'N', null, null, 'Defdoc-C0J00125', 'uap', 'uapbd', null, null, '10140uddb', '2018-11-24 15:14:39', '1',0 ) ;
insert into md_class ( id, accessorclassname, classtype, componentid, createtime, creator, description, displayname, dr, fullclassname, help, isactive, keyattribute, modifier, modifytime, name, parentclassid, precise, refmodelname, returntype, ts, versiontype, isprimary, defaulttablename, stereotype, isauthen, resid, bizitfimpclassname, modinfoclassname, iscreatesql, isextendbean, userdefclassname, industry, fixedlength ) values (  '1001AA10000000002ICU', 'nc.md.model.access.javamap.NCBeanStyle',201, '01b75d6b-efa0-11e8-b4a6-4dd577e382d8', '2018-11-24 12:18:33', null, null, 'TAnalysisMethod(自定义档案)',0, 'nc.vo.bd.defdoc.DefdocVO', 'ignorebdmode,BDMODE,URC,DEFDOC,BUSILOG,DOC', null, '01b75d71-efa0-11e8-b4a6-4dd577e382d8', null, null, 'Defdoc-C0J00125', null,null, 'TAnalysisMethod(自定义档案)', null, '2018-11-24 15:14:39',0, 'Y', 'bd_defdoc', null, 'Y', null, null, null, 'Y', null, null, '0', null ) ;
insert into md_property ( id, accessorclassname, classid, createtime, creator, datatype, datatypestyle, defaultvalue, description, displayname, dr, help, isactive, hided, nullable, readonly, attrlength, attrmaxvalue, attrminvalue, modifier, modifytime, name, precise, refmodelname, attrsequence, ts, visibility, versiontype, fixedlength, calculation, isauthen, resid, customattr, notserialize, dynamicattr, dynamictable, accesspower, accesspowergroup, industry ) values (  '01b75d71-efa0-11e8-b4a6-4dd577e382d8', null, '1001AA10000000002ICU', null, null, 'BS000010000100001051',300, null, null, '自定义档案主键',0, null, 'Y', 'N', 'N', 'N',20, null, null, null, null, 'pk_defdoc',0, null,0, '2018-11-24 15:14:39',0,0, 'N', 'N', 'Y', '2UC000-000747', 'N', 'N', 'N', null, 'N', null, '0' ) ;
insert into md_property ( id, accessorclassname, classid, createtime, creator, datatype, datatypestyle, defaultvalue, description, displayname, dr, help, isactive, hided, nullable, readonly, attrlength, attrmaxvalue, attrminvalue, modifier, modifytime, name, precise, refmodelname, attrsequence, ts, visibility, versiontype, fixedlength, calculation, isauthen, resid, customattr, notserialize, dynamicattr, dynamictable, accesspower, accesspowergroup, industry ) values (  '01b75d7c-efa0-11e8-b4a6-4dd577e382d8', null, '1001AA10000000002ICU', null, null, '16c1dca0-e3ed-4dcc-8ed7-75fd59e2bef1',305, null, null, '自定义档案列表主键',0, null, 'Y', 'N', 'N', 'N',20, null, null, null, null, 'pk_defdoclist',0, '自定义档案列表',1, '2018-11-24 15:14:39',0,0, 'N', 'N', 'Y', '2UC000-000748', 'N', 'N', 'N', null, 'N', null, '0' ) ;
insert into md_property ( id, accessorclassname, classid, createtime, creator, datatype, datatypestyle, defaultvalue, description, displayname, dr, help, isactive, hided, nullable, readonly, attrlength, attrmaxvalue, attrminvalue, modifier, modifytime, name, precise, refmodelname, attrsequence, ts, visibility, versiontype, fixedlength, calculation, isauthen, resid, customattr, notserialize, dynamicattr, dynamictable, accesspower, accesspowergroup, industry ) values (  '01b75d7e-efa0-11e8-b4a6-4dd577e382d8', null, '1001AA10000000002ICU', null, null, '985be8a4-3a36-4778-8afe-2d8ed3902659',305, null, null, '所属组织',0, null, 'Y', 'N', 'N', 'N',20, null, null, null, null, 'pk_org',0, '业务单元',2, '2018-11-24 15:14:39',0,0, 'N', 'N', 'Y', '2UC000-000360', 'N', 'N', 'N', null, 'N', null, '0' ) ;
insert into md_property ( id, accessorclassname, classid, createtime, creator, datatype, datatypestyle, defaultvalue, description, displayname, dr, help, isactive, hided, nullable, readonly, attrlength, attrmaxvalue, attrminvalue, modifier, modifytime, name, precise, refmodelname, attrsequence, ts, visibility, versiontype, fixedlength, calculation, isauthen, resid, customattr, notserialize, dynamicattr, dynamictable, accesspower, accesspowergroup, industry ) values (  '01b75d7d-efa0-11e8-b4a6-4dd577e382d8', null, '1001AA10000000002ICU', null, null, '3b6dd171-2900-47f3-bfbe-41e4483a2a65',305, null, null, '所属集团',0, null, 'Y', 'N', 'Y', 'N',20, null, null, null, null, 'pk_group',0, '集团',3, '2018-11-24 15:14:39',0,0, 'N', 'N', 'Y', '2UC000-000367', 'N', 'N', 'N', null, 'N', null, '0' ) ;
insert into md_property ( id, accessorclassname, classid, createtime, creator, datatype, datatypestyle, defaultvalue, description, displayname, dr, help, isactive, hided, nullable, readonly, attrlength, attrmaxvalue, attrminvalue, modifier, modifytime, name, precise, refmodelname, attrsequence, ts, visibility, versiontype, fixedlength, calculation, isauthen, resid, customattr, notserialize, dynamicattr, dynamictable, accesspower, accesspowergroup, industry ) values (  '01b75d6a-efa0-11e8-b4a6-4dd577e382d8', null, '1001AA10000000002ICU', null, null, 'BS000010000100001001',300, null, null, '档案编码',0, 'URC', 'Y', 'N', 'N', 'N',40, null, null, null, null, 'code',0, null,4, '2018-11-24 15:14:39',0,0, 'N', 'N', 'Y', '2UC000-000557', 'N', 'N', 'N', null, 'N', null, '0' ) ;
insert into md_property ( id, accessorclassname, classid, createtime, creator, datatype, datatypestyle, defaultvalue, description, displayname, dr, help, isactive, hided, nullable, readonly, attrlength, attrmaxvalue, attrminvalue, modifier, modifytime, name, precise, refmodelname, attrsequence, ts, visibility, versiontype, fixedlength, calculation, isauthen, resid, customattr, notserialize, dynamicattr, dynamictable, accesspower, accesspowergroup, industry ) values (  '01b75d77-efa0-11e8-b4a6-4dd577e382d8', null, '1001AA10000000002ICU', null, null, 'BS000010000100001058',300, null, null, '档案名称',0, 'URC', 'Y', 'N', 'Y', 'N',200, null, null, null, null, 'name',0, null,5, '2018-11-24 15:14:39',0,0, 'N', 'N', 'Y', '2UC000-000556', 'N', 'N', 'N', null, 'N', null, '0' ) ;
insert into md_property ( id, accessorclassname, classid, createtime, creator, datatype, datatypestyle, defaultvalue, description, displayname, dr, help, isactive, hided, nullable, readonly, attrlength, attrmaxvalue, attrminvalue, modifier, modifytime, name, precise, refmodelname, attrsequence, ts, visibility, versiontype, fixedlength, calculation, isauthen, resid, customattr, notserialize, dynamicattr, dynamictable, accesspower, accesspowergroup, industry ) values (  '01b75d78-efa0-11e8-b4a6-4dd577e382d8', null, '1001AA10000000002ICU', null, null, 'BS000010000100001058',300, null, null, '简称',0, null, 'Y', 'N', 'Y', 'N',200, null, null, null, null, 'shortname',0, null,6, '2018-11-24 15:14:39',0,0, 'N', 'N', 'Y', '2UC000-000675', 'N', 'N', 'N', null, 'N', null, '0' ) ;
insert into md_property ( id, accessorclassname, classid, createtime, creator, datatype, datatypestyle, defaultvalue, description, displayname, dr, help, isactive, hided, nullable, readonly, attrlength, attrmaxvalue, attrminvalue, modifier, modifytime, name, precise, refmodelname, attrsequence, ts, visibility, versiontype, fixedlength, calculation, isauthen, resid, customattr, notserialize, dynamicattr, dynamictable, accesspower, accesspowergroup, industry ) values (  '01b75d73-efa0-11e8-b4a6-4dd577e382d8', null, '1001AA10000000002ICU', null, null, 'BS000010000100001001',300, null, null, '助记码',0, null, 'Y', 'N', 'Y', 'N',50, null, null, null, null, 'mnecode',0, null,7, '2018-11-24 15:14:39',0,0, 'N', 'N', 'Y', '2UC000-000172', 'N', 'N', 'N', null, 'N', null, '0' ) ;
insert into md_property ( id, accessorclassname, classid, createtime, creator, datatype, datatypestyle, defaultvalue, description, displayname, dr, help, isactive, hided, nullable, readonly, attrlength, attrmaxvalue, attrminvalue, modifier, modifytime, name, precise, refmodelname, attrsequence, ts, visibility, versiontype, fixedlength, calculation, isauthen, resid, customattr, notserialize, dynamicattr, dynamictable, accesspower, accesspowergroup, industry ) values (  '01b75d7a-efa0-11e8-b4a6-4dd577e382d8', null, '1001AA10000000002ICU', null, null, 'BS000010000100001001',300, null, null, '上级档案',0, null, 'Y', 'N', 'Y', 'N',20, null, null, null, null, 'pid',0, null,8, '2018-11-24 15:14:39',0,0, 'N', 'N', 'Y', '2UC000-000007', 'N', 'N', 'N', null, 'N', null, '0' ) ;
insert into md_property ( id, accessorclassname, classid, createtime, creator, datatype, datatypestyle, defaultvalue, description, displayname, dr, help, isactive, hided, nullable, readonly, attrlength, attrmaxvalue, attrminvalue, modifier, modifytime, name, precise, refmodelname, attrsequence, ts, visibility, versiontype, fixedlength, calculation, isauthen, resid, customattr, notserialize, dynamicattr, dynamictable, accesspower, accesspowergroup, industry ) values (  '01b75d72-efa0-11e8-b4a6-4dd577e382d8', null, '1001AA10000000002ICU', null, null, 'BS000010000100001001',300, null, null, '备注',0, null, 'Y', 'N', 'Y', 'N',200, null, null, null, null, 'memo',0, null,9, '2018-11-24 15:14:39',0,0, 'N', 'N', 'Y', '2UC000-000258', 'N', 'N', 'N', null, 'N', null, '0' ) ;
insert into md_property ( id, accessorclassname, classid, createtime, creator, datatype, datatypestyle, defaultvalue, description, displayname, dr, help, isactive, hided, nullable, readonly, attrlength, attrmaxvalue, attrminvalue, modifier, modifytime, name, precise, refmodelname, attrsequence, ts, visibility, versiontype, fixedlength, calculation, isauthen, resid, customattr, notserialize, dynamicattr, dynamictable, accesspower, accesspowergroup, industry ) values (  '01b75d6e-efa0-11e8-b4a6-4dd577e382d8', null, '1001AA10000000002ICU', null, null, 'f6f9a473-56c0-432f-8bc7-fbf8fde54fee',305, null, null, '创建人',0, null, 'Y', 'N', 'Y', 'N',20, null, null, null, null, 'creator',0, '用户',10, '2018-11-24 15:14:39',0,0, 'N', 'N', 'Y', '2UC000-000155', 'N', 'N', 'N', null, 'N', null, '0' ) ;
insert into md_property ( id, accessorclassname, classid, createtime, creator, datatype, datatypestyle, defaultvalue, description, displayname, dr, help, isactive, hided, nullable, readonly, attrlength, attrmaxvalue, attrminvalue, modifier, modifytime, name, precise, refmodelname, attrsequence, ts, visibility, versiontype, fixedlength, calculation, isauthen, resid, customattr, notserialize, dynamicattr, dynamictable, accesspower, accesspowergroup, industry ) values (  '01b75d6d-efa0-11e8-b4a6-4dd577e382d8', null, '1001AA10000000002ICU', null, null, 'BS000010000100001034',300, null, null, '创建时间',0, null, 'Y', 'N', 'Y', 'N',19, null, null, null, null, 'creationtime',0, null,11, '2018-11-24 15:14:39',0,0, 'N', 'N', 'Y', '2UC000-000157', 'N', 'N', 'N', null, 'N', null, '0' ) ;
insert into md_property ( id, accessorclassname, classid, createtime, creator, datatype, datatypestyle, defaultvalue, description, displayname, dr, help, isactive, hided, nullable, readonly, attrlength, attrmaxvalue, attrminvalue, modifier, modifytime, name, precise, refmodelname, attrsequence, ts, visibility, versiontype, fixedlength, calculation, isauthen, resid, customattr, notserialize, dynamicattr, dynamictable, accesspower, accesspowergroup, industry ) values (  '01b75d74-efa0-11e8-b4a6-4dd577e382d8', null, '1001AA10000000002ICU', null, null, 'f6f9a473-56c0-432f-8bc7-fbf8fde54fee',305, null, null, '最后修改人',0, null, 'Y', 'N', 'Y', 'N',20, null, null, null, null, 'modifier',0, '用户',12, '2018-11-24 15:14:39',0,0, 'N', 'N', 'Y', '2UC000-000490', 'N', 'N', 'N', null, 'N', null, '0' ) ;
insert into md_property ( id, accessorclassname, classid, createtime, creator, datatype, datatypestyle, defaultvalue, description, displayname, dr, help, isactive, hided, nullable, readonly, attrlength, attrmaxvalue, attrminvalue, modifier, modifytime, name, precise, refmodelname, attrsequence, ts, visibility, versiontype, fixedlength, calculation, isauthen, resid, customattr, notserialize, dynamicattr, dynamictable, accesspower, accesspowergroup, industry ) values (  '01b75d76-efa0-11e8-b4a6-4dd577e382d8', null, '1001AA10000000002ICU', null, null, 'BS000010000100001034',300, null, null, '最后修改时间',0, null, 'Y', 'N', 'Y', 'N',19, null, null, null, null, 'modifiedtime',0, null,13, '2018-11-24 15:14:39',0,0, 'N', 'N', 'Y', '2UC000-000491', 'N', 'N', 'N', null, 'N', null, '0' ) ;
insert into md_property ( id, accessorclassname, classid, createtime, creator, datatype, datatypestyle, defaultvalue, description, displayname, dr, help, isactive, hided, nullable, readonly, attrlength, attrmaxvalue, attrminvalue, modifier, modifytime, name, precise, refmodelname, attrsequence, ts, visibility, versiontype, fixedlength, calculation, isauthen, resid, customattr, notserialize, dynamicattr, dynamictable, accesspower, accesspowergroup, industry ) values (  '01b75d70-efa0-11e8-b4a6-4dd577e382d8', null, '1001AA10000000002ICU', null, null, 'BS000010000100001001',300, null, null, '内部编码',0, null, 'Y', 'N', 'Y', 'N',200, null, null, null, null, 'innercode',0, null,14, '2018-11-24 15:14:39',0,0, 'N', 'N', 'Y', '2UC000-000136', 'N', 'N', 'N', null, 'N', null, '0' ) ;
insert into md_property ( id, accessorclassname, classid, createtime, creator, datatype, datatypestyle, defaultvalue, description, displayname, dr, help, isactive, hided, nullable, readonly, attrlength, attrmaxvalue, attrminvalue, modifier, modifytime, name, precise, refmodelname, attrsequence, ts, visibility, versiontype, fixedlength, calculation, isauthen, resid, customattr, notserialize, dynamicattr, dynamictable, accesspower, accesspowergroup, industry ) values (  '01b75d7f-efa0-11e8-b4a6-4dd577e382d8', null, '1001AA10000000002ICU', null, null, '6b533ffa-3e43-4147-8670-ba0f5471fd40',300, null, null, '启用状态',0, null, 'Y', 'N', 'Y', 'N',0, null, null, null, null, 'enablestate',0, null,15, '2018-11-24 15:14:39',0,0, 'N', 'N', 'Y', '2UC000-000249', 'N', 'N', 'N', null, 'N', null, '0' ) ;
insert into md_property ( id, accessorclassname, classid, createtime, creator, datatype, datatypestyle, defaultvalue, description, displayname, dr, help, isactive, hided, nullable, readonly, attrlength, attrmaxvalue, attrminvalue, modifier, modifytime, name, precise, refmodelname, attrsequence, ts, visibility, versiontype, fixedlength, calculation, isauthen, resid, customattr, notserialize, dynamicattr, dynamictable, accesspower, accesspowergroup, industry ) values (  '01b75d81-efa0-11e8-b4a6-4dd577e382d8', null, '1001AA10000000002ICU', null, null, 'BS000010000100001004',300, null, null, '分布式',0, null, 'Y', 'N', 'Y', 'N',0, null, null, null, null, 'dataoriginflag',0, null,16, '2018-11-24 15:14:39',0,0, 'N', 'N', 'Y', '2UC000-000151', 'N', 'N', 'N', null, 'N', null, '0' ) ;
insert into md_property ( id, accessorclassname, classid, createtime, creator, datatype, datatypestyle, defaultvalue, description, displayname, dr, help, isactive, hided, nullable, readonly, attrlength, attrmaxvalue, attrminvalue, modifier, modifytime, name, precise, refmodelname, attrsequence, ts, visibility, versiontype, fixedlength, calculation, isauthen, resid, customattr, notserialize, dynamicattr, dynamictable, accesspower, accesspowergroup, industry ) values (  '01b75d82-efa0-11e8-b4a6-4dd577e382d8', null, '1001AA10000000002ICU', null, null, 'ba3f1197-8584-445d-88a0-102e505f94e5',300, '1', null, '数据类型',0, null, 'Y', 'N', 'Y', 'N',0, null, null, null, null, 'datatype',0, null,17, '2018-11-24 15:14:39',0,0, 'N', 'N', 'Y', '2UC000-000458', 'N', 'N', 'N', null, 'N', null, '0' ) ;
insert into md_property ( id, accessorclassname, classid, createtime, creator, datatype, datatypestyle, defaultvalue, description, displayname, dr, help, isactive, hided, nullable, readonly, attrlength, attrmaxvalue, attrminvalue, modifier, modifytime, name, precise, refmodelname, attrsequence, ts, visibility, versiontype, fixedlength, calculation, isauthen, resid, customattr, notserialize, dynamicattr, dynamictable, accesspower, accesspowergroup, industry ) values (  '01b75d83-efa0-11e8-b4a6-4dd577e382d8', null, '1001AA10000000002ICU', null, null, 'BS000010000100001056',300, null, null, '自定义项1',0, null, 'Y', 'N', 'Y', 'N',101, null, null, null, null, 'def1',0, null,18, '2018-11-24 15:14:39',0,-1, 'N', 'N', 'Y', null, 'Y', 'N', 'N', null, 'N', null, '0' ) ;
insert into md_property ( id, accessorclassname, classid, createtime, creator, datatype, datatypestyle, defaultvalue, description, displayname, dr, help, isactive, hided, nullable, readonly, attrlength, attrmaxvalue, attrminvalue, modifier, modifytime, name, precise, refmodelname, attrsequence, ts, visibility, versiontype, fixedlength, calculation, isauthen, resid, customattr, notserialize, dynamicattr, dynamictable, accesspower, accesspowergroup, industry ) values (  '01b75d84-efa0-11e8-b4a6-4dd577e382d8', null, '1001AA10000000002ICU', null, null, 'BS000010000100001056',300, null, null, '自定义项2',0, null, 'Y', 'N', 'Y', 'N',101, null, null, null, null, 'def2',0, null,19, '2018-11-24 15:14:39',0,-1, 'N', 'N', 'Y', null, 'Y', 'N', 'N', null, 'N', null, '0' ) ;
insert into md_property ( id, accessorclassname, classid, createtime, creator, datatype, datatypestyle, defaultvalue, description, displayname, dr, help, isactive, hided, nullable, readonly, attrlength, attrmaxvalue, attrminvalue, modifier, modifytime, name, precise, refmodelname, attrsequence, ts, visibility, versiontype, fixedlength, calculation, isauthen, resid, customattr, notserialize, dynamicattr, dynamictable, accesspower, accesspowergroup, industry ) values (  '01b75d85-efa0-11e8-b4a6-4dd577e382d8', null, '1001AA10000000002ICU', null, null, 'BS000010000100001056',300, null, null, '自定义项3',0, null, 'Y', 'N', 'Y', 'N',101, null, null, null, null, 'def3',0, null,20, '2018-11-24 15:14:39',0,-1, 'N', 'N', 'Y', null, 'Y', 'N', 'N', null, 'N', null, '0' ) ;
insert into md_property ( id, accessorclassname, classid, createtime, creator, datatype, datatypestyle, defaultvalue, description, displayname, dr, help, isactive, hided, nullable, readonly, attrlength, attrmaxvalue, attrminvalue, modifier, modifytime, name, precise, refmodelname, attrsequence, ts, visibility, versiontype, fixedlength, calculation, isauthen, resid, customattr, notserialize, dynamicattr, dynamictable, accesspower, accesspowergroup, industry ) values (  '01b75d86-efa0-11e8-b4a6-4dd577e382d8', null, '1001AA10000000002ICU', null, null, 'BS000010000100001056',300, null, null, '自定义项4',0, null, 'Y', 'N', 'Y', 'N',101, null, null, null, null, 'def4',0, null,21, '2018-11-24 15:14:39',0,-1, 'N', 'N', 'Y', null, 'Y', 'N', 'N', null, 'N', null, '0' ) ;
insert into md_property ( id, accessorclassname, classid, createtime, creator, datatype, datatypestyle, defaultvalue, description, displayname, dr, help, isactive, hided, nullable, readonly, attrlength, attrmaxvalue, attrminvalue, modifier, modifytime, name, precise, refmodelname, attrsequence, ts, visibility, versiontype, fixedlength, calculation, isauthen, resid, customattr, notserialize, dynamicattr, dynamictable, accesspower, accesspowergroup, industry ) values (  '01b75d87-efa0-11e8-b4a6-4dd577e382d8', null, '1001AA10000000002ICU', null, null, 'BS000010000100001056',300, null, null, '自定义项5',0, null, 'Y', 'N', 'Y', 'N',101, null, null, null, null, 'def5',0, null,22, '2018-11-24 15:14:39',0,-1, 'N', 'N', 'Y', null, 'Y', 'N', 'N', null, 'N', null, '0' ) ;
insert into md_property ( id, accessorclassname, classid, createtime, creator, datatype, datatypestyle, defaultvalue, description, displayname, dr, help, isactive, hided, nullable, readonly, attrlength, attrmaxvalue, attrminvalue, modifier, modifytime, name, precise, refmodelname, attrsequence, ts, visibility, versiontype, fixedlength, calculation, isauthen, resid, customattr, notserialize, dynamicattr, dynamictable, accesspower, accesspowergroup, industry ) values (  '01b75d88-efa0-11e8-b4a6-4dd577e382d8', null, '1001AA10000000002ICU', null, null, 'BS000010000100001056',300, null, null, '自定义项6',0, null, 'Y', 'N', 'Y', 'N',101, null, null, null, null, 'def6',0, null,23, '2018-11-24 15:14:39',0,-1, 'N', 'N', 'Y', null, 'Y', 'N', 'N', null, 'N', null, '0' ) ;
insert into md_property ( id, accessorclassname, classid, createtime, creator, datatype, datatypestyle, defaultvalue, description, displayname, dr, help, isactive, hided, nullable, readonly, attrlength, attrmaxvalue, attrminvalue, modifier, modifytime, name, precise, refmodelname, attrsequence, ts, visibility, versiontype, fixedlength, calculation, isauthen, resid, customattr, notserialize, dynamicattr, dynamictable, accesspower, accesspowergroup, industry ) values (  '01b75d89-efa0-11e8-b4a6-4dd577e382d8', null, '1001AA10000000002ICU', null, null, 'BS000010000100001056',300, null, null, '自定义项7',0, null, 'Y', 'N', 'Y', 'N',101, null, null, null, null, 'def7',0, null,24, '2018-11-24 15:14:39',0,-1, 'N', 'N', 'Y', null, 'Y', 'N', 'N', null, 'N', null, '0' ) ;
insert into md_property ( id, accessorclassname, classid, createtime, creator, datatype, datatypestyle, defaultvalue, description, displayname, dr, help, isactive, hided, nullable, readonly, attrlength, attrmaxvalue, attrminvalue, modifier, modifytime, name, precise, refmodelname, attrsequence, ts, visibility, versiontype, fixedlength, calculation, isauthen, resid, customattr, notserialize, dynamicattr, dynamictable, accesspower, accesspowergroup, industry ) values (  '01b75d8a-efa0-11e8-b4a6-4dd577e382d8', null, '1001AA10000000002ICU', null, null, 'BS000010000100001056',300, null, null, '自定义项8',0, null, 'Y', 'N', 'Y', 'N',101, null, null, null, null, 'def8',0, null,25, '2018-11-24 15:14:39',0,-1, 'N', 'N', 'Y', null, 'Y', 'N', 'N', null, 'N', null, '0' ) ;
insert into md_property ( id, accessorclassname, classid, createtime, creator, datatype, datatypestyle, defaultvalue, description, displayname, dr, help, isactive, hided, nullable, readonly, attrlength, attrmaxvalue, attrminvalue, modifier, modifytime, name, precise, refmodelname, attrsequence, ts, visibility, versiontype, fixedlength, calculation, isauthen, resid, customattr, notserialize, dynamicattr, dynamictable, accesspower, accesspowergroup, industry ) values (  '01b75d8b-efa0-11e8-b4a6-4dd577e382d8', null, '1001AA10000000002ICU', null, null, 'BS000010000100001056',300, null, null, '自定义项9',0, null, 'Y', 'N', 'Y', 'N',101, null, null, null, null, 'def9',0, null,26, '2018-11-24 15:14:39',0,-1, 'N', 'N', 'Y', null, 'Y', 'N', 'N', null, 'N', null, '0' ) ;
insert into md_property ( id, accessorclassname, classid, createtime, creator, datatype, datatypestyle, defaultvalue, description, displayname, dr, help, isactive, hided, nullable, readonly, attrlength, attrmaxvalue, attrminvalue, modifier, modifytime, name, precise, refmodelname, attrsequence, ts, visibility, versiontype, fixedlength, calculation, isauthen, resid, customattr, notserialize, dynamicattr, dynamictable, accesspower, accesspowergroup, industry ) values (  '01b75d8c-efa0-11e8-b4a6-4dd577e382d8', null, '1001AA10000000002ICU', null, null, 'BS000010000100001056',300, null, null, '自定义项10',0, null, 'Y', 'N', 'Y', 'N',101, null, null, null, null, 'def10',0, null,27, '2018-11-24 15:14:39',0,-1, 'N', 'N', 'Y', null, 'Y', 'N', 'N', null, 'N', null, '0' ) ;
insert into md_property ( id, accessorclassname, classid, createtime, creator, datatype, datatypestyle, defaultvalue, description, displayname, dr, help, isactive, hided, nullable, readonly, attrlength, attrmaxvalue, attrminvalue, modifier, modifytime, name, precise, refmodelname, attrsequence, ts, visibility, versiontype, fixedlength, calculation, isauthen, resid, customattr, notserialize, dynamicattr, dynamictable, accesspower, accesspowergroup, industry ) values (  '01b75d8d-efa0-11e8-b4a6-4dd577e382d8', null, '1001AA10000000002ICU', null, null, 'BS000010000100001056',300, null, null, '自定义项11',0, null, 'Y', 'N', 'Y', 'N',101, null, null, null, null, 'def11',0, null,28, '2018-11-24 15:14:39',0,-1, 'N', 'N', 'Y', null, 'Y', 'N', 'N', null, 'N', null, '0' ) ;
insert into md_property ( id, accessorclassname, classid, createtime, creator, datatype, datatypestyle, defaultvalue, description, displayname, dr, help, isactive, hided, nullable, readonly, attrlength, attrmaxvalue, attrminvalue, modifier, modifytime, name, precise, refmodelname, attrsequence, ts, visibility, versiontype, fixedlength, calculation, isauthen, resid, customattr, notserialize, dynamicattr, dynamictable, accesspower, accesspowergroup, industry ) values (  '01b75d8e-efa0-11e8-b4a6-4dd577e382d8', null, '1001AA10000000002ICU', null, null, 'BS000010000100001056',300, null, null, '自定义项12',0, null, 'Y', 'N', 'Y', 'N',101, null, null, null, null, 'def12',0, null,29, '2018-11-24 15:14:39',0,-1, 'N', 'N', 'Y', null, 'Y', 'N', 'N', null, 'N', null, '0' ) ;
insert into md_property ( id, accessorclassname, classid, createtime, creator, datatype, datatypestyle, defaultvalue, description, displayname, dr, help, isactive, hided, nullable, readonly, attrlength, attrmaxvalue, attrminvalue, modifier, modifytime, name, precise, refmodelname, attrsequence, ts, visibility, versiontype, fixedlength, calculation, isauthen, resid, customattr, notserialize, dynamicattr, dynamictable, accesspower, accesspowergroup, industry ) values (  '01b75d8f-efa0-11e8-b4a6-4dd577e382d8', null, '1001AA10000000002ICU', null, null, 'BS000010000100001056',300, null, null, '自定义项13',0, null, 'Y', 'N', 'Y', 'N',101, null, null, null, null, 'def13',0, null,30, '2018-11-24 15:14:39',0,-1, 'N', 'N', 'Y', null, 'Y', 'N', 'N', null, 'N', null, '0' ) ;
insert into md_property ( id, accessorclassname, classid, createtime, creator, datatype, datatypestyle, defaultvalue, description, displayname, dr, help, isactive, hided, nullable, readonly, attrlength, attrmaxvalue, attrminvalue, modifier, modifytime, name, precise, refmodelname, attrsequence, ts, visibility, versiontype, fixedlength, calculation, isauthen, resid, customattr, notserialize, dynamicattr, dynamictable, accesspower, accesspowergroup, industry ) values (  '01b75d90-efa0-11e8-b4a6-4dd577e382d8', null, '1001AA10000000002ICU', null, null, 'BS000010000100001056',300, null, null, '自定义项14',0, null, 'Y', 'N', 'Y', 'N',101, null, null, null, null, 'def14',0, null,31, '2018-11-24 15:14:39',0,-1, 'N', 'N', 'Y', null, 'Y', 'N', 'N', null, 'N', null, '0' ) ;
insert into md_property ( id, accessorclassname, classid, createtime, creator, datatype, datatypestyle, defaultvalue, description, displayname, dr, help, isactive, hided, nullable, readonly, attrlength, attrmaxvalue, attrminvalue, modifier, modifytime, name, precise, refmodelname, attrsequence, ts, visibility, versiontype, fixedlength, calculation, isauthen, resid, customattr, notserialize, dynamicattr, dynamictable, accesspower, accesspowergroup, industry ) values (  '01b75d91-efa0-11e8-b4a6-4dd577e382d8', null, '1001AA10000000002ICU', null, null, 'BS000010000100001056',300, null, null, '自定义项15',0, null, 'Y', 'N', 'Y', 'N',101, null, null, null, null, 'def15',0, null,32, '2018-11-24 15:14:39',0,-1, 'N', 'N', 'Y', null, 'Y', 'N', 'N', null, 'N', null, '0' ) ;
insert into md_property ( id, accessorclassname, classid, createtime, creator, datatype, datatypestyle, defaultvalue, description, displayname, dr, help, isactive, hided, nullable, readonly, attrlength, attrmaxvalue, attrminvalue, modifier, modifytime, name, precise, refmodelname, attrsequence, ts, visibility, versiontype, fixedlength, calculation, isauthen, resid, customattr, notserialize, dynamicattr, dynamictable, accesspower, accesspowergroup, industry ) values (  '01b75d92-efa0-11e8-b4a6-4dd577e382d8', null, '1001AA10000000002ICU', null, null, 'BS000010000100001056',300, null, null, '自定义项16',0, null, 'Y', 'N', 'Y', 'N',101, null, null, null, null, 'def16',0, null,33, '2018-11-24 15:14:39',0,-1, 'N', 'N', 'Y', null, 'Y', 'N', 'N', null, 'N', null, '0' ) ;
insert into md_property ( id, accessorclassname, classid, createtime, creator, datatype, datatypestyle, defaultvalue, description, displayname, dr, help, isactive, hided, nullable, readonly, attrlength, attrmaxvalue, attrminvalue, modifier, modifytime, name, precise, refmodelname, attrsequence, ts, visibility, versiontype, fixedlength, calculation, isauthen, resid, customattr, notserialize, dynamicattr, dynamictable, accesspower, accesspowergroup, industry ) values (  '01b75d93-efa0-11e8-b4a6-4dd577e382d8', null, '1001AA10000000002ICU', null, null, 'BS000010000100001056',300, null, null, '自定义项17',0, null, 'Y', 'N', 'Y', 'N',101, null, null, null, null, 'def17',0, null,34, '2018-11-24 15:14:39',0,-1, 'N', 'N', 'Y', null, 'Y', 'N', 'N', null, 'N', null, '0' ) ;
insert into md_property ( id, accessorclassname, classid, createtime, creator, datatype, datatypestyle, defaultvalue, description, displayname, dr, help, isactive, hided, nullable, readonly, attrlength, attrmaxvalue, attrminvalue, modifier, modifytime, name, precise, refmodelname, attrsequence, ts, visibility, versiontype, fixedlength, calculation, isauthen, resid, customattr, notserialize, dynamicattr, dynamictable, accesspower, accesspowergroup, industry ) values (  '01b75d94-efa0-11e8-b4a6-4dd577e382d8', null, '1001AA10000000002ICU', null, null, 'BS000010000100001056',300, null, null, '自定义项18',0, null, 'Y', 'N', 'Y', 'N',101, null, null, null, null, 'def18',0, null,35, '2018-11-24 15:14:39',0,-1, 'N', 'N', 'Y', null, 'Y', 'N', 'N', null, 'N', null, '0' ) ;
insert into md_property ( id, accessorclassname, classid, createtime, creator, datatype, datatypestyle, defaultvalue, description, displayname, dr, help, isactive, hided, nullable, readonly, attrlength, attrmaxvalue, attrminvalue, modifier, modifytime, name, precise, refmodelname, attrsequence, ts, visibility, versiontype, fixedlength, calculation, isauthen, resid, customattr, notserialize, dynamicattr, dynamictable, accesspower, accesspowergroup, industry ) values (  '01b75d95-efa0-11e8-b4a6-4dd577e382d8', null, '1001AA10000000002ICU', null, null, 'BS000010000100001056',300, null, null, '自定义项19',0, null, 'Y', 'N', 'Y', 'N',101, null, null, null, null, 'def19',0, null,36, '2018-11-24 15:14:39',0,-1, 'N', 'N', 'Y', null, 'Y', 'N', 'N', null, 'N', null, '0' ) ;
insert into md_property ( id, accessorclassname, classid, createtime, creator, datatype, datatypestyle, defaultvalue, description, displayname, dr, help, isactive, hided, nullable, readonly, attrlength, attrmaxvalue, attrminvalue, modifier, modifytime, name, precise, refmodelname, attrsequence, ts, visibility, versiontype, fixedlength, calculation, isauthen, resid, customattr, notserialize, dynamicattr, dynamictable, accesspower, accesspowergroup, industry ) values (  '01b75d96-efa0-11e8-b4a6-4dd577e382d8', null, '1001AA10000000002ICU', null, null, 'BS000010000100001056',300, null, null, '自定义项20',0, null, 'Y', 'N', 'Y', 'N',101, null, null, null, null, 'def20',0, null,37, '2018-11-24 15:14:39',0,-1, 'N', 'N', 'Y', null, 'Y', 'N', 'N', null, 'N', null, '0' ) ;
insert into md_bizItfMap ( bizinterfaceid, intattrid, classid, classattrid, bizitfimpclassname, classattrpath, dr, ts ) values (  '6c8722b9-911a-489b-8d0d-18bd3734fcf6', '5dd3c721-22ad-42b1-9c10-4351c236bc77', '1001AA10000000002ICU', '01b75d71-efa0-11e8-b4a6-4dd577e382d8', null, null,0, '2018-11-24 15:14:39' ) ;
insert into md_bizItfMap ( bizinterfaceid, intattrid, classid, classattrid, bizitfimpclassname, classattrpath, dr, ts ) values (  '6c8722b9-911a-489b-8d0d-18bd3734fcf6', 'ecf1b76a-6e44-42e2-a55e-87596504775b', '1001AA10000000002ICU', '01b75d7e-efa0-11e8-b4a6-4dd577e382d8', null, null,0, '2018-11-24 15:14:39' ) ;
insert into md_bizItfMap ( bizinterfaceid, intattrid, classid, classattrid, bizitfimpclassname, classattrpath, dr, ts ) values (  '6c8722b9-911a-489b-8d0d-18bd3734fcf6', 'd32cc17b-f415-415a-923f-0764443eb102', '1001AA10000000002ICU', '01b75d6a-efa0-11e8-b4a6-4dd577e382d8', null, null,0, '2018-11-24 15:14:39' ) ;
insert into md_bizItfMap ( bizinterfaceid, intattrid, classid, classattrid, bizitfimpclassname, classattrpath, dr, ts ) values (  '6c8722b9-911a-489b-8d0d-18bd3734fcf6', '89578a97-42fe-439b-827c-8eabd9e3604c', '1001AA10000000002ICU', '01b75d77-efa0-11e8-b4a6-4dd577e382d8', null, null,0, '2018-11-24 15:14:39' ) ;
insert into md_bizItfMap ( bizinterfaceid, intattrid, classid, classattrid, bizitfimpclassname, classattrpath, dr, ts ) values (  '6c8722b9-911a-489b-8d0d-18bd3734fcf6', 'a47e6cda-09e4-480b-923f-ec6f41e3e06c', '1001AA10000000002ICU', '01b75d7d-efa0-11e8-b4a6-4dd577e382d8', null, null,0, '2018-11-24 15:14:39' ) ;
insert into md_association ( id, componentid, creator, createtime, dr, endcardinality, startbeanid, endelementid, isactive, modifier, modifytime, name, startcardinality, startelementid, ts, type, versiontype, industry ) values (  '41abf9a1-41c4-4fdb-bc51-f9430b32a47c', '01b75d6b-efa0-11e8-b4a6-4dd577e382d8', null, null,0, '1', '1001AA10000000002ICU', '16c1dca0-e3ed-4dcc-8ed7-75fd59e2bef1', 'Y', null, null, 'Defdoc-C0J00125_pk_defdoclist', '1', '01b75d7c-efa0-11e8-b4a6-4dd577e382d8', '2018-11-24 15:14:39',3,0, '0' ) ;
insert into md_association ( id, componentid, creator, createtime, dr, endcardinality, startbeanid, endelementid, isactive, modifier, modifytime, name, startcardinality, startelementid, ts, type, versiontype, industry ) values (  '1f088578-b973-4c84-90fb-b51009ce1b1f', '01b75d6b-efa0-11e8-b4a6-4dd577e382d8', null, null,0, '1', '1001AA10000000002ICU', '985be8a4-3a36-4778-8afe-2d8ed3902659', 'Y', null, null, 'Defdoc-C0J00125_pk_org', '1', '01b75d7e-efa0-11e8-b4a6-4dd577e382d8', '2018-11-24 15:14:39',3,0, '0' ) ;
insert into md_association ( id, componentid, creator, createtime, dr, endcardinality, startbeanid, endelementid, isactive, modifier, modifytime, name, startcardinality, startelementid, ts, type, versiontype, industry ) values (  '6095fbde-289b-4b20-be49-7cdd4bd953cd', '01b75d6b-efa0-11e8-b4a6-4dd577e382d8', null, null,0, '1', '1001AA10000000002ICU', '3b6dd171-2900-47f3-bfbe-41e4483a2a65', 'Y', null, null, 'Defdoc-C0J00125_pk_group', '1', '01b75d7d-efa0-11e8-b4a6-4dd577e382d8', '2018-11-24 15:14:39',3,0, '0' ) ;
insert into md_association ( id, componentid, creator, createtime, dr, endcardinality, startbeanid, endelementid, isactive, modifier, modifytime, name, startcardinality, startelementid, ts, type, versiontype, industry ) values (  '0a7d9be0-0949-44ee-ad22-68514b72feb7', '01b75d6b-efa0-11e8-b4a6-4dd577e382d8', null, null,0, '1', '1001AA10000000002ICU', 'f6f9a473-56c0-432f-8bc7-fbf8fde54fee', 'Y', null, null, 'Defdoc-C0J00125_creator', '1', '01b75d6e-efa0-11e8-b4a6-4dd577e382d8', '2018-11-24 15:14:39',3,0, '0' ) ;
insert into md_association ( id, componentid, creator, createtime, dr, endcardinality, startbeanid, endelementid, isactive, modifier, modifytime, name, startcardinality, startelementid, ts, type, versiontype, industry ) values (  '827cd6de-9be9-4bd5-8634-47d149b97f05', '01b75d6b-efa0-11e8-b4a6-4dd577e382d8', null, null,0, '1', '1001AA10000000002ICU', 'f6f9a473-56c0-432f-8bc7-fbf8fde54fee', 'Y', null, null, 'Defdoc-C0J00125_modifier', '1', '01b75d74-efa0-11e8-b4a6-4dd577e382d8', '2018-11-24 15:14:39',3,0, '0' ) ;
insert into md_table ( id, createtime, creator, databaseid, description, displayname, dr, help, isactive, fromsourcebmf, modifier, modifytime, name, ts, versiontype, resmodule, resid, parenttable, isextendtable, industry ) values (  'bd_defdoc', '2018-11-24 12:18:33', null, null, null, 'TAnalysisMethod(自定义档案)',0, 'ignorebdmode,BDMODE,URC,DEFDOC,BUSILOG,DOC', null, 'Y', null, null, 'bd_defdoc', '2018-11-24 15:14:39',0, '10140uddb', null, null, null, '0' ) ;
insert into md_column ( id, sqldatetype, createtime, creator, defaultvalue, description, displayname, dr, help, incrementseed, incrementstep, isactive, identitied, pkey, nullable, columnlength, modifier, modifytime, name, precise, columnsequence, tableid, ts, versiontype, resid, groupid, columntype, forlocale ) values (  'bd_defdoc@@PK@@', 'char', null, null, null, null, '自定义档案主键',0, null,null,null, 'Y', null, 'Y', 'N',20, null, null, 'pk_defdoc',0,0, 'bd_defdoc', '2018-11-24 15:14:39',0, '2UC000-000747', null,0, 'N' ) ;
insert into md_column ( id, sqldatetype, createtime, creator, defaultvalue, description, displayname, dr, help, incrementseed, incrementstep, isactive, identitied, pkey, nullable, columnlength, modifier, modifytime, name, precise, columnsequence, tableid, ts, versiontype, resid, groupid, columntype, forlocale ) values (  'bd_defdoc@@@pk_defdoclist', 'char', null, null, null, null, '自定义档案列表主键',0, null,null,null, 'Y', null, 'N', 'N',20, null, null, 'pk_defdoclist',0,1, 'bd_defdoc', '2018-11-24 15:14:39',0, '2UC000-000748', null,0, 'N' ) ;
insert into md_column ( id, sqldatetype, createtime, creator, defaultvalue, description, displayname, dr, help, incrementseed, incrementstep, isactive, identitied, pkey, nullable, columnlength, modifier, modifytime, name, precise, columnsequence, tableid, ts, versiontype, resid, groupid, columntype, forlocale ) values (  'bd_defdoc@@@pk_org', 'char', null, null, null, null, '所属组织',0, null,null,null, 'Y', null, 'N', 'N',20, null, null, 'pk_org',0,2, 'bd_defdoc', '2018-11-24 15:14:39',0, '2UC000-000360', null,0, 'N' ) ;
insert into md_column ( id, sqldatetype, createtime, creator, defaultvalue, description, displayname, dr, help, incrementseed, incrementstep, isactive, identitied, pkey, nullable, columnlength, modifier, modifytime, name, precise, columnsequence, tableid, ts, versiontype, resid, groupid, columntype, forlocale ) values (  'bd_defdoc@@@pk_group', 'varchar', null, null, '*~', null, '所属集团',0, null,null,null, 'Y', null, 'N', 'Y',20, null, null, 'pk_group',0,3, 'bd_defdoc', '2018-11-24 15:14:39',0, '2UC000-000367', null,0, 'N' ) ;
insert into md_column ( id, sqldatetype, createtime, creator, defaultvalue, description, displayname, dr, help, incrementseed, incrementstep, isactive, identitied, pkey, nullable, columnlength, modifier, modifytime, name, precise, columnsequence, tableid, ts, versiontype, resid, groupid, columntype, forlocale ) values (  'bd_defdoc@@@code', 'varchar', null, null, null, null, '档案编码',0, 'URC',null,null, 'Y', null, 'N', 'N',40, null, null, 'code',0,4, 'bd_defdoc', '2018-11-24 15:14:39',0, '2UC000-000557', null,0, 'N' ) ;
insert into md_column ( id, sqldatetype, createtime, creator, defaultvalue, description, displayname, dr, help, incrementseed, incrementstep, isactive, identitied, pkey, nullable, columnlength, modifier, modifytime, name, precise, columnsequence, tableid, ts, versiontype, resid, groupid, columntype, forlocale ) values (  'bd_defdoc@@@name', 'varchar', null, null, null, null, '档案名称',0, 'URC',null,null, 'Y', null, 'N', 'Y',200, null, null, 'name',0,0, 'bd_defdoc', '2018-11-24 15:14:39',0, '2UC000-000556', 'bd_defdoc@@@name',0, 'N' ) ;
insert into md_column ( id, sqldatetype, createtime, creator, defaultvalue, description, displayname, dr, help, incrementseed, incrementstep, isactive, identitied, pkey, nullable, columnlength, modifier, modifytime, name, precise, columnsequence, tableid, ts, versiontype, resid, groupid, columntype, forlocale ) values (  'bd_defdoc@@@shortname', 'varchar', null, null, null, null, '简称',0, null,null,null, 'Y', null, 'N', 'Y',200, null, null, 'shortname',0,0, 'bd_defdoc', '2018-11-24 15:14:39',0, '2UC000-000675', 'bd_defdoc@@@shortname',0, 'N' ) ;
insert into md_column ( id, sqldatetype, createtime, creator, defaultvalue, description, displayname, dr, help, incrementseed, incrementstep, isactive, identitied, pkey, nullable, columnlength, modifier, modifytime, name, precise, columnsequence, tableid, ts, versiontype, resid, groupid, columntype, forlocale ) values (  'bd_defdoc@@@mnecode', 'varchar', null, null, null, null, '助记码',0, null,null,null, 'Y', null, 'N', 'Y',50, null, null, 'mnecode',0,7, 'bd_defdoc', '2018-11-24 15:14:39',0, '2UC000-000172', null,0, 'N' ) ;
insert into md_column ( id, sqldatetype, createtime, creator, defaultvalue, description, displayname, dr, help, incrementseed, incrementstep, isactive, identitied, pkey, nullable, columnlength, modifier, modifytime, name, precise, columnsequence, tableid, ts, versiontype, resid, groupid, columntype, forlocale ) values (  'bd_defdoc@@@pid', 'varchar', null, null, '*~', null, '上级档案',0, null,null,null, 'Y', null, 'N', 'Y',20, null, null, 'pid',0,8, 'bd_defdoc', '2018-11-24 15:14:39',0, '2UC000-000007', null,0, 'N' ) ;
insert into md_column ( id, sqldatetype, createtime, creator, defaultvalue, description, displayname, dr, help, incrementseed, incrementstep, isactive, identitied, pkey, nullable, columnlength, modifier, modifytime, name, precise, columnsequence, tableid, ts, versiontype, resid, groupid, columntype, forlocale ) values (  'bd_defdoc@@@memo', 'varchar', null, null, null, null, '备注',0, null,null,null, 'Y', null, 'N', 'Y',200, null, null, 'memo',0,9, 'bd_defdoc', '2018-11-24 15:14:39',0, '2UC000-000258', null,0, 'N' ) ;
insert into md_column ( id, sqldatetype, createtime, creator, defaultvalue, description, displayname, dr, help, incrementseed, incrementstep, isactive, identitied, pkey, nullable, columnlength, modifier, modifytime, name, precise, columnsequence, tableid, ts, versiontype, resid, groupid, columntype, forlocale ) values (  'bd_defdoc@@@creator', 'varchar', null, null, '*~', null, '创建人',0, null,null,null, 'Y', null, 'N', 'Y',20, null, null, 'creator',0,10, 'bd_defdoc', '2018-11-24 15:14:39',0, '2UC000-000155', null,0, 'N' ) ;
insert into md_column ( id, sqldatetype, createtime, creator, defaultvalue, description, displayname, dr, help, incrementseed, incrementstep, isactive, identitied, pkey, nullable, columnlength, modifier, modifytime, name, precise, columnsequence, tableid, ts, versiontype, resid, groupid, columntype, forlocale ) values (  'bd_defdoc@@@creationtime', 'char', null, null, null, null, '创建时间',0, null,null,null, 'Y', null, 'N', 'Y',19, null, null, 'creationtime',0,11, 'bd_defdoc', '2018-11-24 15:14:39',0, '2UC000-000157', null,0, 'N' ) ;
insert into md_column ( id, sqldatetype, createtime, creator, defaultvalue, description, displayname, dr, help, incrementseed, incrementstep, isactive, identitied, pkey, nullable, columnlength, modifier, modifytime, name, precise, columnsequence, tableid, ts, versiontype, resid, groupid, columntype, forlocale ) values (  'bd_defdoc@@@modifier', 'varchar', null, null, '*~', null, '最后修改人',0, null,null,null, 'Y', null, 'N', 'Y',20, null, null, 'modifier',0,12, 'bd_defdoc', '2018-11-24 15:14:39',0, '2UC000-000490', null,0, 'N' ) ;
insert into md_column ( id, sqldatetype, createtime, creator, defaultvalue, description, displayname, dr, help, incrementseed, incrementstep, isactive, identitied, pkey, nullable, columnlength, modifier, modifytime, name, precise, columnsequence, tableid, ts, versiontype, resid, groupid, columntype, forlocale ) values (  'bd_defdoc@@@modifiedtime', 'char', null, null, null, null, '最后修改时间',0, null,null,null, 'Y', null, 'N', 'Y',19, null, null, 'modifiedtime',0,13, 'bd_defdoc', '2018-11-24 15:14:39',0, '2UC000-000491', null,0, 'N' ) ;
insert into md_column ( id, sqldatetype, createtime, creator, defaultvalue, description, displayname, dr, help, incrementseed, incrementstep, isactive, identitied, pkey, nullable, columnlength, modifier, modifytime, name, precise, columnsequence, tableid, ts, versiontype, resid, groupid, columntype, forlocale ) values (  'bd_defdoc@@@innercode', 'varchar', null, null, null, null, '内部编码',0, null,null,null, 'Y', null, 'N', 'Y',200, null, null, 'innercode',0,14, 'bd_defdoc', '2018-11-24 15:14:39',0, '2UC000-000136', null,0, 'N' ) ;
insert into md_column ( id, sqldatetype, createtime, creator, defaultvalue, description, displayname, dr, help, incrementseed, incrementstep, isactive, identitied, pkey, nullable, columnlength, modifier, modifytime, name, precise, columnsequence, tableid, ts, versiontype, resid, groupid, columntype, forlocale ) values (  'bd_defdoc@@@enablestate', 'int', null, null, null, null, '启用状态',0, null,null,null, 'Y', null, 'N', 'Y',0, null, null, 'enablestate',0,15, 'bd_defdoc', '2018-11-24 15:14:39',0, '2UC000-000249', null,0, 'N' ) ;
insert into md_column ( id, sqldatetype, createtime, creator, defaultvalue, description, displayname, dr, help, incrementseed, incrementstep, isactive, identitied, pkey, nullable, columnlength, modifier, modifytime, name, precise, columnsequence, tableid, ts, versiontype, resid, groupid, columntype, forlocale ) values (  'bd_defdoc@@@dataoriginflag', 'int', null, null, null, null, '分布式',0, null,null,null, 'Y', null, 'N', 'Y',0, null, null, 'dataoriginflag',0,16, 'bd_defdoc', '2018-11-24 15:14:39',0, '2UC000-000151', null,0, 'N' ) ;
insert into md_column ( id, sqldatetype, createtime, creator, defaultvalue, description, displayname, dr, help, incrementseed, incrementstep, isactive, identitied, pkey, nullable, columnlength, modifier, modifytime, name, precise, columnsequence, tableid, ts, versiontype, resid, groupid, columntype, forlocale ) values (  'bd_defdoc@@@datatype', 'int', null, null, '1', null, '数据类型',0, null,null,null, 'Y', null, 'N', 'Y',0, null, null, 'datatype',0,17, 'bd_defdoc', '2018-11-24 15:14:39',0, '2UC000-000458', null,0, 'N' ) ;
insert into md_column ( id, sqldatetype, createtime, creator, defaultvalue, description, displayname, dr, help, incrementseed, incrementstep, isactive, identitied, pkey, nullable, columnlength, modifier, modifytime, name, precise, columnsequence, tableid, ts, versiontype, resid, groupid, columntype, forlocale ) values (  'bd_defdoc@@@def1', 'varchar', null, null, null, null, '自定义项1',0, null,null,null, 'Y', null, 'N', 'Y',101, null, null, 'def1',0,18, 'bd_defdoc', '2018-11-24 15:14:39',-1, null, null,0, 'N' ) ;
insert into md_column ( id, sqldatetype, createtime, creator, defaultvalue, description, displayname, dr, help, incrementseed, incrementstep, isactive, identitied, pkey, nullable, columnlength, modifier, modifytime, name, precise, columnsequence, tableid, ts, versiontype, resid, groupid, columntype, forlocale ) values (  'bd_defdoc@@@def2', 'varchar', null, null, null, null, '自定义项2',0, null,null,null, 'Y', null, 'N', 'Y',101, null, null, 'def2',0,19, 'bd_defdoc', '2018-11-24 15:14:39',-1, null, null,0, 'N' ) ;
insert into md_column ( id, sqldatetype, createtime, creator, defaultvalue, description, displayname, dr, help, incrementseed, incrementstep, isactive, identitied, pkey, nullable, columnlength, modifier, modifytime, name, precise, columnsequence, tableid, ts, versiontype, resid, groupid, columntype, forlocale ) values (  'bd_defdoc@@@def3', 'varchar', null, null, null, null, '自定义项3',0, null,null,null, 'Y', null, 'N', 'Y',101, null, null, 'def3',0,20, 'bd_defdoc', '2018-11-24 15:14:39',-1, null, null,0, 'N' ) ;
insert into md_column ( id, sqldatetype, createtime, creator, defaultvalue, description, displayname, dr, help, incrementseed, incrementstep, isactive, identitied, pkey, nullable, columnlength, modifier, modifytime, name, precise, columnsequence, tableid, ts, versiontype, resid, groupid, columntype, forlocale ) values (  'bd_defdoc@@@def4', 'varchar', null, null, null, null, '自定义项4',0, null,null,null, 'Y', null, 'N', 'Y',101, null, null, 'def4',0,21, 'bd_defdoc', '2018-11-24 15:14:39',-1, null, null,0, 'N' ) ;
insert into md_column ( id, sqldatetype, createtime, creator, defaultvalue, description, displayname, dr, help, incrementseed, incrementstep, isactive, identitied, pkey, nullable, columnlength, modifier, modifytime, name, precise, columnsequence, tableid, ts, versiontype, resid, groupid, columntype, forlocale ) values (  'bd_defdoc@@@def5', 'varchar', null, null, null, null, '自定义项5',0, null,null,null, 'Y', null, 'N', 'Y',101, null, null, 'def5',0,22, 'bd_defdoc', '2018-11-24 15:14:39',-1, null, null,0, 'N' ) ;
insert into md_column ( id, sqldatetype, createtime, creator, defaultvalue, description, displayname, dr, help, incrementseed, incrementstep, isactive, identitied, pkey, nullable, columnlength, modifier, modifytime, name, precise, columnsequence, tableid, ts, versiontype, resid, groupid, columntype, forlocale ) values (  'bd_defdoc@@@def6', 'varchar', null, null, null, null, '自定义项6',0, null,null,null, 'Y', null, 'N', 'Y',101, null, null, 'def6',0,23, 'bd_defdoc', '2018-11-24 15:14:39',-1, null, null,0, 'N' ) ;
insert into md_column ( id, sqldatetype, createtime, creator, defaultvalue, description, displayname, dr, help, incrementseed, incrementstep, isactive, identitied, pkey, nullable, columnlength, modifier, modifytime, name, precise, columnsequence, tableid, ts, versiontype, resid, groupid, columntype, forlocale ) values (  'bd_defdoc@@@def7', 'varchar', null, null, null, null, '自定义项7',0, null,null,null, 'Y', null, 'N', 'Y',101, null, null, 'def7',0,24, 'bd_defdoc', '2018-11-24 15:14:39',-1, null, null,0, 'N' ) ;
insert into md_column ( id, sqldatetype, createtime, creator, defaultvalue, description, displayname, dr, help, incrementseed, incrementstep, isactive, identitied, pkey, nullable, columnlength, modifier, modifytime, name, precise, columnsequence, tableid, ts, versiontype, resid, groupid, columntype, forlocale ) values (  'bd_defdoc@@@def8', 'varchar', null, null, null, null, '自定义项8',0, null,null,null, 'Y', null, 'N', 'Y',101, null, null, 'def8',0,25, 'bd_defdoc', '2018-11-24 15:14:39',-1, null, null,0, 'N' ) ;
insert into md_column ( id, sqldatetype, createtime, creator, defaultvalue, description, displayname, dr, help, incrementseed, incrementstep, isactive, identitied, pkey, nullable, columnlength, modifier, modifytime, name, precise, columnsequence, tableid, ts, versiontype, resid, groupid, columntype, forlocale ) values (  'bd_defdoc@@@def9', 'varchar', null, null, null, null, '自定义项9',0, null,null,null, 'Y', null, 'N', 'Y',101, null, null, 'def9',0,26, 'bd_defdoc', '2018-11-24 15:14:39',-1, null, null,0, 'N' ) ;
insert into md_column ( id, sqldatetype, createtime, creator, defaultvalue, description, displayname, dr, help, incrementseed, incrementstep, isactive, identitied, pkey, nullable, columnlength, modifier, modifytime, name, precise, columnsequence, tableid, ts, versiontype, resid, groupid, columntype, forlocale ) values (  'bd_defdoc@@@def10', 'varchar', null, null, null, null, '自定义项10',0, null,null,null, 'Y', null, 'N', 'Y',101, null, null, 'def10',0,27, 'bd_defdoc', '2018-11-24 15:14:39',-1, null, null,0, 'N' ) ;
insert into md_column ( id, sqldatetype, createtime, creator, defaultvalue, description, displayname, dr, help, incrementseed, incrementstep, isactive, identitied, pkey, nullable, columnlength, modifier, modifytime, name, precise, columnsequence, tableid, ts, versiontype, resid, groupid, columntype, forlocale ) values (  'bd_defdoc@@@def11', 'varchar', null, null, null, null, '自定义项11',0, null,null,null, 'Y', null, 'N', 'Y',101, null, null, 'def11',0,28, 'bd_defdoc', '2018-11-24 15:14:39',-1, null, null,0, 'N' ) ;
insert into md_column ( id, sqldatetype, createtime, creator, defaultvalue, description, displayname, dr, help, incrementseed, incrementstep, isactive, identitied, pkey, nullable, columnlength, modifier, modifytime, name, precise, columnsequence, tableid, ts, versiontype, resid, groupid, columntype, forlocale ) values (  'bd_defdoc@@@def12', 'varchar', null, null, null, null, '自定义项12',0, null,null,null, 'Y', null, 'N', 'Y',101, null, null, 'def12',0,29, 'bd_defdoc', '2018-11-24 15:14:39',-1, null, null,0, 'N' ) ;
insert into md_column ( id, sqldatetype, createtime, creator, defaultvalue, description, displayname, dr, help, incrementseed, incrementstep, isactive, identitied, pkey, nullable, columnlength, modifier, modifytime, name, precise, columnsequence, tableid, ts, versiontype, resid, groupid, columntype, forlocale ) values (  'bd_defdoc@@@def13', 'varchar', null, null, null, null, '自定义项13',0, null,null,null, 'Y', null, 'N', 'Y',101, null, null, 'def13',0,30, 'bd_defdoc', '2018-11-24 15:14:39',-1, null, null,0, 'N' ) ;
insert into md_column ( id, sqldatetype, createtime, creator, defaultvalue, description, displayname, dr, help, incrementseed, incrementstep, isactive, identitied, pkey, nullable, columnlength, modifier, modifytime, name, precise, columnsequence, tableid, ts, versiontype, resid, groupid, columntype, forlocale ) values (  'bd_defdoc@@@def14', 'varchar', null, null, null, null, '自定义项14',0, null,null,null, 'Y', null, 'N', 'Y',101, null, null, 'def14',0,31, 'bd_defdoc', '2018-11-24 15:14:39',-1, null, null,0, 'N' ) ;
insert into md_column ( id, sqldatetype, createtime, creator, defaultvalue, description, displayname, dr, help, incrementseed, incrementstep, isactive, identitied, pkey, nullable, columnlength, modifier, modifytime, name, precise, columnsequence, tableid, ts, versiontype, resid, groupid, columntype, forlocale ) values (  'bd_defdoc@@@def15', 'varchar', null, null, null, null, '自定义项15',0, null,null,null, 'Y', null, 'N', 'Y',101, null, null, 'def15',0,32, 'bd_defdoc', '2018-11-24 15:14:39',-1, null, null,0, 'N' ) ;
insert into md_column ( id, sqldatetype, createtime, creator, defaultvalue, description, displayname, dr, help, incrementseed, incrementstep, isactive, identitied, pkey, nullable, columnlength, modifier, modifytime, name, precise, columnsequence, tableid, ts, versiontype, resid, groupid, columntype, forlocale ) values (  'bd_defdoc@@@def16', 'varchar', null, null, null, null, '自定义项16',0, null,null,null, 'Y', null, 'N', 'Y',101, null, null, 'def16',0,33, 'bd_defdoc', '2018-11-24 15:14:39',-1, null, null,0, 'N' ) ;
insert into md_column ( id, sqldatetype, createtime, creator, defaultvalue, description, displayname, dr, help, incrementseed, incrementstep, isactive, identitied, pkey, nullable, columnlength, modifier, modifytime, name, precise, columnsequence, tableid, ts, versiontype, resid, groupid, columntype, forlocale ) values (  'bd_defdoc@@@def17', 'varchar', null, null, null, null, '自定义项17',0, null,null,null, 'Y', null, 'N', 'Y',101, null, null, 'def17',0,34, 'bd_defdoc', '2018-11-24 15:14:39',-1, null, null,0, 'N' ) ;
insert into md_column ( id, sqldatetype, createtime, creator, defaultvalue, description, displayname, dr, help, incrementseed, incrementstep, isactive, identitied, pkey, nullable, columnlength, modifier, modifytime, name, precise, columnsequence, tableid, ts, versiontype, resid, groupid, columntype, forlocale ) values (  'bd_defdoc@@@def18', 'varchar', null, null, null, null, '自定义项18',0, null,null,null, 'Y', null, 'N', 'Y',101, null, null, 'def18',0,35, 'bd_defdoc', '2018-11-24 15:14:39',-1, null, null,0, 'N' ) ;
insert into md_column ( id, sqldatetype, createtime, creator, defaultvalue, description, displayname, dr, help, incrementseed, incrementstep, isactive, identitied, pkey, nullable, columnlength, modifier, modifytime, name, precise, columnsequence, tableid, ts, versiontype, resid, groupid, columntype, forlocale ) values (  'bd_defdoc@@@def19', 'varchar', null, null, null, null, '自定义项19',0, null,null,null, 'Y', null, 'N', 'Y',101, null, null, 'def19',0,36, 'bd_defdoc', '2018-11-24 15:14:39',-1, null, null,0, 'N' ) ;
insert into md_column ( id, sqldatetype, createtime, creator, defaultvalue, description, displayname, dr, help, incrementseed, incrementstep, isactive, identitied, pkey, nullable, columnlength, modifier, modifytime, name, precise, columnsequence, tableid, ts, versiontype, resid, groupid, columntype, forlocale ) values (  'bd_defdoc@@@def20', 'varchar', null, null, null, null, '自定义项20',0, null,null,null, 'Y', null, 'N', 'Y',101, null, null, 'def20',0,37, 'bd_defdoc', '2018-11-24 15:14:39',-1, null, null,0, 'N' ) ;
insert into md_column ( id, sqldatetype, createtime, creator, defaultvalue, description, displayname, dr, help, incrementseed, incrementstep, isactive, identitied, pkey, nullable, columnlength, modifier, modifytime, name, precise, columnsequence, tableid, ts, versiontype, resid, groupid, columntype, forlocale ) values (  'bd_defdoc@@@name2', 'varchar', null, null, null, null, '档案名称2',0, 'URC',null,null, 'Y', null, 'N', 'Y',200, null, null, 'name2',0,0, 'bd_defdoc', '2018-11-24 15:14:39',0, '2UC000-000556', 'bd_defdoc@@@name',0, 'N' ) ;
insert into md_column ( id, sqldatetype, createtime, creator, defaultvalue, description, displayname, dr, help, incrementseed, incrementstep, isactive, identitied, pkey, nullable, columnlength, modifier, modifytime, name, precise, columnsequence, tableid, ts, versiontype, resid, groupid, columntype, forlocale ) values (  'bd_defdoc@@@name3', 'varchar', null, null, null, null, '档案名称3',0, 'URC',null,null, 'Y', null, 'N', 'Y',200, null, null, 'name3',0,0, 'bd_defdoc', '2018-11-24 15:14:39',0, '2UC000-000556', 'bd_defdoc@@@name',0, 'N' ) ;
insert into md_column ( id, sqldatetype, createtime, creator, defaultvalue, description, displayname, dr, help, incrementseed, incrementstep, isactive, identitied, pkey, nullable, columnlength, modifier, modifytime, name, precise, columnsequence, tableid, ts, versiontype, resid, groupid, columntype, forlocale ) values (  'bd_defdoc@@@name4', 'varchar', null, null, null, null, '档案名称4',0, 'URC',null,null, 'Y', null, 'N', 'Y',200, null, null, 'name4',0,0, 'bd_defdoc', '2018-11-24 15:14:39',0, '2UC000-000556', 'bd_defdoc@@@name',0, 'N' ) ;
insert into md_column ( id, sqldatetype, createtime, creator, defaultvalue, description, displayname, dr, help, incrementseed, incrementstep, isactive, identitied, pkey, nullable, columnlength, modifier, modifytime, name, precise, columnsequence, tableid, ts, versiontype, resid, groupid, columntype, forlocale ) values (  'bd_defdoc@@@name5', 'varchar', null, null, null, null, '档案名称5',0, 'URC',null,null, 'Y', null, 'N', 'Y',200, null, null, 'name5',0,0, 'bd_defdoc', '2018-11-24 15:14:39',0, '2UC000-000556', 'bd_defdoc@@@name',0, 'N' ) ;
insert into md_column ( id, sqldatetype, createtime, creator, defaultvalue, description, displayname, dr, help, incrementseed, incrementstep, isactive, identitied, pkey, nullable, columnlength, modifier, modifytime, name, precise, columnsequence, tableid, ts, versiontype, resid, groupid, columntype, forlocale ) values (  'bd_defdoc@@@name6', 'varchar', null, null, null, null, '档案名称6',0, 'URC',null,null, 'Y', null, 'N', 'Y',200, null, null, 'name6',0,0, 'bd_defdoc', '2018-11-24 15:14:39',0, '2UC000-000556', 'bd_defdoc@@@name',0, 'N' ) ;
insert into md_column ( id, sqldatetype, createtime, creator, defaultvalue, description, displayname, dr, help, incrementseed, incrementstep, isactive, identitied, pkey, nullable, columnlength, modifier, modifytime, name, precise, columnsequence, tableid, ts, versiontype, resid, groupid, columntype, forlocale ) values (  'bd_defdoc@@@shortname2', 'varchar', null, null, null, null, '简称2',0, null,null,null, 'Y', null, 'N', 'Y',200, null, null, 'shortname2',0,0, 'bd_defdoc', '2018-11-24 15:14:39',0, '2UC000-000675', 'bd_defdoc@@@shortname',0, 'N' ) ;
insert into md_column ( id, sqldatetype, createtime, creator, defaultvalue, description, displayname, dr, help, incrementseed, incrementstep, isactive, identitied, pkey, nullable, columnlength, modifier, modifytime, name, precise, columnsequence, tableid, ts, versiontype, resid, groupid, columntype, forlocale ) values (  'bd_defdoc@@@shortname3', 'varchar', null, null, null, null, '简称3',0, null,null,null, 'Y', null, 'N', 'Y',200, null, null, 'shortname3',0,0, 'bd_defdoc', '2018-11-24 15:14:39',0, '2UC000-000675', 'bd_defdoc@@@shortname',0, 'N' ) ;
insert into md_column ( id, sqldatetype, createtime, creator, defaultvalue, description, displayname, dr, help, incrementseed, incrementstep, isactive, identitied, pkey, nullable, columnlength, modifier, modifytime, name, precise, columnsequence, tableid, ts, versiontype, resid, groupid, columntype, forlocale ) values (  'bd_defdoc@@@shortname4', 'varchar', null, null, null, null, '简称4',0, null,null,null, 'Y', null, 'N', 'Y',200, null, null, 'shortname4',0,0, 'bd_defdoc', '2018-11-24 15:14:39',0, '2UC000-000675', 'bd_defdoc@@@shortname',0, 'N' ) ;
insert into md_column ( id, sqldatetype, createtime, creator, defaultvalue, description, displayname, dr, help, incrementseed, incrementstep, isactive, identitied, pkey, nullable, columnlength, modifier, modifytime, name, precise, columnsequence, tableid, ts, versiontype, resid, groupid, columntype, forlocale ) values (  'bd_defdoc@@@shortname5', 'varchar', null, null, null, null, '简称5',0, null,null,null, 'Y', null, 'N', 'Y',200, null, null, 'shortname5',0,0, 'bd_defdoc', '2018-11-24 15:14:39',0, '2UC000-000675', 'bd_defdoc@@@shortname',0, 'N' ) ;
insert into md_column ( id, sqldatetype, createtime, creator, defaultvalue, description, displayname, dr, help, incrementseed, incrementstep, isactive, identitied, pkey, nullable, columnlength, modifier, modifytime, name, precise, columnsequence, tableid, ts, versiontype, resid, groupid, columntype, forlocale ) values (  'bd_defdoc@@@shortname6', 'varchar', null, null, null, null, '简称6',0, null,null,null, 'Y', null, 'N', 'Y',200, null, null, 'shortname6',0,0, 'bd_defdoc', '2018-11-24 15:14:39',0, '2UC000-000675', 'bd_defdoc@@@shortname',0, 'N' ) ;
insert into md_ORMap ( attributeid, classid, columnid, dr, tableid, ts ) values (  '01b75d83-efa0-11e8-b4a6-4dd577e382d8', '1001AA10000000002ICU', 'bd_defdoc@@@def1',0, 'bd_defdoc', '2018-11-24 15:14:39' ) ;
insert into md_ORMap ( attributeid, classid, columnid, dr, tableid, ts ) values (  '01b75d86-efa0-11e8-b4a6-4dd577e382d8', '1001AA10000000002ICU', 'bd_defdoc@@@def4',0, 'bd_defdoc', '2018-11-24 15:14:39' ) ;
insert into md_ORMap ( attributeid, classid, columnid, dr, tableid, ts ) values (  '01b75d74-efa0-11e8-b4a6-4dd577e382d8', '1001AA10000000002ICU', 'bd_defdoc@@@modifier',0, 'bd_defdoc', '2018-11-24 15:14:39' ) ;
insert into md_ORMap ( attributeid, classid, columnid, dr, tableid, ts ) values (  '01b75d7f-efa0-11e8-b4a6-4dd577e382d8', '1001AA10000000002ICU', 'bd_defdoc@@@enablestate',0, 'bd_defdoc', '2018-11-24 15:14:39' ) ;
insert into md_ORMap ( attributeid, classid, columnid, dr, tableid, ts ) values (  '01b75d96-efa0-11e8-b4a6-4dd577e382d8', '1001AA10000000002ICU', 'bd_defdoc@@@def20',0, 'bd_defdoc', '2018-11-24 15:14:39' ) ;
insert into md_ORMap ( attributeid, classid, columnid, dr, tableid, ts ) values (  '01b75d7e-efa0-11e8-b4a6-4dd577e382d8', '1001AA10000000002ICU', 'bd_defdoc@@@pk_org',0, 'bd_defdoc', '2018-11-24 15:14:39' ) ;
insert into md_ORMap ( attributeid, classid, columnid, dr, tableid, ts ) values (  '01b75d71-efa0-11e8-b4a6-4dd577e382d8', '1001AA10000000002ICU', 'bd_defdoc@@PK@@',0, 'bd_defdoc', '2018-11-24 15:14:39' ) ;
insert into md_ORMap ( attributeid, classid, columnid, dr, tableid, ts ) values (  '01b75d6a-efa0-11e8-b4a6-4dd577e382d8', '1001AA10000000002ICU', 'bd_defdoc@@@code',0, 'bd_defdoc', '2018-11-24 15:14:39' ) ;
insert into md_ORMap ( attributeid, classid, columnid, dr, tableid, ts ) values (  '01b75d8a-efa0-11e8-b4a6-4dd577e382d8', '1001AA10000000002ICU', 'bd_defdoc@@@def8',0, 'bd_defdoc', '2018-11-24 15:14:39' ) ;
insert into md_ORMap ( attributeid, classid, columnid, dr, tableid, ts ) values (  '01b75d73-efa0-11e8-b4a6-4dd577e382d8', '1001AA10000000002ICU', 'bd_defdoc@@@mnecode',0, 'bd_defdoc', '2018-11-24 15:14:39' ) ;
insert into md_ORMap ( attributeid, classid, columnid, dr, tableid, ts ) values (  '01b75d7d-efa0-11e8-b4a6-4dd577e382d8', '1001AA10000000002ICU', 'bd_defdoc@@@pk_group',0, 'bd_defdoc', '2018-11-24 15:14:39' ) ;
insert into md_ORMap ( attributeid, classid, columnid, dr, tableid, ts ) values (  '01b75d8e-efa0-11e8-b4a6-4dd577e382d8', '1001AA10000000002ICU', 'bd_defdoc@@@def12',0, 'bd_defdoc', '2018-11-24 15:14:39' ) ;
insert into md_ORMap ( attributeid, classid, columnid, dr, tableid, ts ) values (  '01b75d6e-efa0-11e8-b4a6-4dd577e382d8', '1001AA10000000002ICU', 'bd_defdoc@@@creator',0, 'bd_defdoc', '2018-11-24 15:14:39' ) ;
insert into md_ORMap ( attributeid, classid, columnid, dr, tableid, ts ) values (  '01b75d72-efa0-11e8-b4a6-4dd577e382d8', '1001AA10000000002ICU', 'bd_defdoc@@@memo',0, 'bd_defdoc', '2018-11-24 15:14:39' ) ;
insert into md_ORMap ( attributeid, classid, columnid, dr, tableid, ts ) values (  '01b75d7a-efa0-11e8-b4a6-4dd577e382d8', '1001AA10000000002ICU', 'bd_defdoc@@@pid',0, 'bd_defdoc', '2018-11-24 15:14:39' ) ;
insert into md_ORMap ( attributeid, classid, columnid, dr, tableid, ts ) values (  '01b75d8b-efa0-11e8-b4a6-4dd577e382d8', '1001AA10000000002ICU', 'bd_defdoc@@@def9',0, 'bd_defdoc', '2018-11-24 15:14:39' ) ;
insert into md_ORMap ( attributeid, classid, columnid, dr, tableid, ts ) values (  '01b75d85-efa0-11e8-b4a6-4dd577e382d8', '1001AA10000000002ICU', 'bd_defdoc@@@def3',0, 'bd_defdoc', '2018-11-24 15:14:39' ) ;
insert into md_ORMap ( attributeid, classid, columnid, dr, tableid, ts ) values (  '01b75d93-efa0-11e8-b4a6-4dd577e382d8', '1001AA10000000002ICU', 'bd_defdoc@@@def17',0, 'bd_defdoc', '2018-11-24 15:14:39' ) ;
insert into md_ORMap ( attributeid, classid, columnid, dr, tableid, ts ) values (  '01b75d8f-efa0-11e8-b4a6-4dd577e382d8', '1001AA10000000002ICU', 'bd_defdoc@@@def13',0, 'bd_defdoc', '2018-11-24 15:14:39' ) ;
insert into md_ORMap ( attributeid, classid, columnid, dr, tableid, ts ) values (  '01b75d84-efa0-11e8-b4a6-4dd577e382d8', '1001AA10000000002ICU', 'bd_defdoc@@@def2',0, 'bd_defdoc', '2018-11-24 15:14:39' ) ;
insert into md_ORMap ( attributeid, classid, columnid, dr, tableid, ts ) values (  '01b75d70-efa0-11e8-b4a6-4dd577e382d8', '1001AA10000000002ICU', 'bd_defdoc@@@innercode',0, 'bd_defdoc', '2018-11-24 15:14:39' ) ;
insert into md_ORMap ( attributeid, classid, columnid, dr, tableid, ts ) values (  '01b75d88-efa0-11e8-b4a6-4dd577e382d8', '1001AA10000000002ICU', 'bd_defdoc@@@def6',0, 'bd_defdoc', '2018-11-24 15:14:39' ) ;
insert into md_ORMap ( attributeid, classid, columnid, dr, tableid, ts ) values (  '01b75d8d-efa0-11e8-b4a6-4dd577e382d8', '1001AA10000000002ICU', 'bd_defdoc@@@def11',0, 'bd_defdoc', '2018-11-24 15:14:39' ) ;
insert into md_ORMap ( attributeid, classid, columnid, dr, tableid, ts ) values (  '01b75d8c-efa0-11e8-b4a6-4dd577e382d8', '1001AA10000000002ICU', 'bd_defdoc@@@def10',0, 'bd_defdoc', '2018-11-24 15:14:39' ) ;
insert into md_ORMap ( attributeid, classid, columnid, dr, tableid, ts ) values (  '01b75d89-efa0-11e8-b4a6-4dd577e382d8', '1001AA10000000002ICU', 'bd_defdoc@@@def7',0, 'bd_defdoc', '2018-11-24 15:14:39' ) ;
insert into md_ORMap ( attributeid, classid, columnid, dr, tableid, ts ) values (  '01b75d77-efa0-11e8-b4a6-4dd577e382d8', '1001AA10000000002ICU', 'bd_defdoc@@@name',0, 'bd_defdoc', '2018-11-24 15:14:39' ) ;
insert into md_ORMap ( attributeid, classid, columnid, dr, tableid, ts ) values (  '01b75d90-efa0-11e8-b4a6-4dd577e382d8', '1001AA10000000002ICU', 'bd_defdoc@@@def14',0, 'bd_defdoc', '2018-11-24 15:14:39' ) ;
insert into md_ORMap ( attributeid, classid, columnid, dr, tableid, ts ) values (  '01b75d6d-efa0-11e8-b4a6-4dd577e382d8', '1001AA10000000002ICU', 'bd_defdoc@@@creationtime',0, 'bd_defdoc', '2018-11-24 15:14:39' ) ;
insert into md_ORMap ( attributeid, classid, columnid, dr, tableid, ts ) values (  '01b75d87-efa0-11e8-b4a6-4dd577e382d8', '1001AA10000000002ICU', 'bd_defdoc@@@def5',0, 'bd_defdoc', '2018-11-24 15:14:39' ) ;
insert into md_ORMap ( attributeid, classid, columnid, dr, tableid, ts ) values (  '01b75d7c-efa0-11e8-b4a6-4dd577e382d8', '1001AA10000000002ICU', 'bd_defdoc@@@pk_defdoclist',0, 'bd_defdoc', '2018-11-24 15:14:39' ) ;
insert into md_ORMap ( attributeid, classid, columnid, dr, tableid, ts ) values (  '01b75d94-efa0-11e8-b4a6-4dd577e382d8', '1001AA10000000002ICU', 'bd_defdoc@@@def18',0, 'bd_defdoc', '2018-11-24 15:14:39' ) ;
insert into md_ORMap ( attributeid, classid, columnid, dr, tableid, ts ) values (  '01b75d81-efa0-11e8-b4a6-4dd577e382d8', '1001AA10000000002ICU', 'bd_defdoc@@@dataoriginflag',0, 'bd_defdoc', '2018-11-24 15:14:39' ) ;
insert into md_ORMap ( attributeid, classid, columnid, dr, tableid, ts ) values (  '01b75d95-efa0-11e8-b4a6-4dd577e382d8', '1001AA10000000002ICU', 'bd_defdoc@@@def19',0, 'bd_defdoc', '2018-11-24 15:14:39' ) ;
insert into md_ORMap ( attributeid, classid, columnid, dr, tableid, ts ) values (  '01b75d78-efa0-11e8-b4a6-4dd577e382d8', '1001AA10000000002ICU', 'bd_defdoc@@@shortname',0, 'bd_defdoc', '2018-11-24 15:14:39' ) ;
insert into md_ORMap ( attributeid, classid, columnid, dr, tableid, ts ) values (  '01b75d92-efa0-11e8-b4a6-4dd577e382d8', '1001AA10000000002ICU', 'bd_defdoc@@@def16',0, 'bd_defdoc', '2018-11-24 15:14:39' ) ;
insert into md_ORMap ( attributeid, classid, columnid, dr, tableid, ts ) values (  '01b75d76-efa0-11e8-b4a6-4dd577e382d8', '1001AA10000000002ICU', 'bd_defdoc@@@modifiedtime',0, 'bd_defdoc', '2018-11-24 15:14:39' ) ;
insert into md_ORMap ( attributeid, classid, columnid, dr, tableid, ts ) values (  '01b75d91-efa0-11e8-b4a6-4dd577e382d8', '1001AA10000000002ICU', 'bd_defdoc@@@def15',0, 'bd_defdoc', '2018-11-24 15:14:39' ) ;
insert into md_ORMap ( attributeid, classid, columnid, dr, tableid, ts ) values (  '01b75d82-efa0-11e8-b4a6-4dd577e382d8', '1001AA10000000002ICU', 'bd_defdoc@@@datatype',0, 'bd_defdoc', '2018-11-24 15:14:39' ) ;
--Defdoc-C0J00122
delete from md_db_relation where startattrid in (select id from md_property where classid in ('1001AA1000000000290S','@@@@' ) )  and starttableid in ('bd_defdoc','@@@@')
;delete from md_ORMap where ATTRIBUTEID in(select id from md_property where classid in ('1001AA1000000000290S','@@@@' ) )  and tableid in ('bd_defdoc','@@@@') 
;delete from md_table where id not in (select distinct tableid from md_ormap )
;delete from md_column where  tableid in('bd_defdoc','@@@@') and id not in(select distinct columnid from md_ormap) and (nvl(groupid ,'~')='~' or groupid = id )  and name <> 'extend_bean_tag' 
;delete from md_column where tableid in ('bd_defdoc','@@@@')and groupid is not null and groupid not in( select distinct id from md_column where tableid in ('bd_defdoc','@@@@') ) 
;delete from md_db_relation where starttableid not in (select id from md_table)
;delete from md_property where classID in (select distinct id from md_class where componentID='1bae03a3-eca8-11e8-a6ae-2bd0251db2ad'  )  
;delete from md_association where componentID = '1bae03a3-eca8-11e8-a6ae-2bd0251db2ad'  
;delete from md_bizItfMap where classID in (select distinct id from md_class where componentID='1bae03a3-eca8-11e8-a6ae-2bd0251db2ad'  )
;delete from md_bizItfMap where classID in ( select id from md_opInterface where componentID = '1bae03a3-eca8-11e8-a6ae-2bd0251db2ad'  )
;delete from md_accessorPara where id in (select distinct id from md_class where componentID='1bae03a3-eca8-11e8-a6ae-2bd0251db2ad'  )
;delete from md_enumValue where id in (select distinct id from md_class where componentID='1bae03a3-eca8-11e8-a6ae-2bd0251db2ad'  ) 
;delete from md_class where componentID = '1bae03a3-eca8-11e8-a6ae-2bd0251db2ad'  
;delete from md_component where id = '1bae03a3-eca8-11e8-a6ae-2bd0251db2ad' 
;delete from md_table where (id='bd_defdoc')
;delete from md_column where (id='bd_defdoc@@PK@@')
;delete from md_column where (id='bd_defdoc@@@pk_defdoclist')
;delete from md_column where (id='bd_defdoc@@@pk_org')
;delete from md_column where (id='bd_defdoc@@@pk_group')
;delete from md_column where (id='bd_defdoc@@@code')
;delete from md_column where (id='bd_defdoc@@@name')
;delete from md_column where (id='bd_defdoc@@@shortname')
;delete from md_column where (id='bd_defdoc@@@mnecode')
;delete from md_column where (id='bd_defdoc@@@pid')
;delete from md_column where (id='bd_defdoc@@@memo')
;delete from md_column where (id='bd_defdoc@@@creator')
;delete from md_column where (id='bd_defdoc@@@creationtime')
;delete from md_column where (id='bd_defdoc@@@modifier')
;delete from md_column where (id='bd_defdoc@@@modifiedtime')
;delete from md_column where (id='bd_defdoc@@@innercode')
;delete from md_column where (id='bd_defdoc@@@enablestate')
;delete from md_column where (id='bd_defdoc@@@dataoriginflag')
;delete from md_column where (id='bd_defdoc@@@datatype')
;delete from md_column where (id='bd_defdoc@@@def1')
;delete from md_column where (id='bd_defdoc@@@def2')
;delete from md_column where (id='bd_defdoc@@@def3')
;delete from md_column where (id='bd_defdoc@@@def4')
;delete from md_column where (id='bd_defdoc@@@def5')
;delete from md_column where (id='bd_defdoc@@@def6')
;delete from md_column where (id='bd_defdoc@@@def7')
;delete from md_column where (id='bd_defdoc@@@def8')
;delete from md_column where (id='bd_defdoc@@@def9')
;delete from md_column where (id='bd_defdoc@@@def10')
;delete from md_column where (id='bd_defdoc@@@def11')
;delete from md_column where (id='bd_defdoc@@@def12')
;delete from md_column where (id='bd_defdoc@@@def13')
;delete from md_column where (id='bd_defdoc@@@def14')
;delete from md_column where (id='bd_defdoc@@@def15')
;delete from md_column where (id='bd_defdoc@@@def16')
;delete from md_column where (id='bd_defdoc@@@def17')
;delete from md_column where (id='bd_defdoc@@@def18')
;delete from md_column where (id='bd_defdoc@@@def19')
;delete from md_column where (id='bd_defdoc@@@def20')
;delete from md_column where (id='bd_defdoc@@@name2')
;delete from md_column where (id='bd_defdoc@@@name3')
;delete from md_column where (id='bd_defdoc@@@name4')
;delete from md_column where (id='bd_defdoc@@@name5')
;delete from md_column where (id='bd_defdoc@@@name6')
;delete from md_column where (id='bd_defdoc@@@shortname2')
;delete from md_column where (id='bd_defdoc@@@shortname3')
;delete from md_column where (id='bd_defdoc@@@shortname4')
;delete from md_column where (id='bd_defdoc@@@shortname5')
;delete from md_column where (id='bd_defdoc@@@shortname6')



;insert into md_component ( createtime, creator, description, displayname, dr, fromsourcebmf, help, id, industry, isbizmodel, modifier, modifytime, name, namespace, ownmodule, preload, resid, resmodule, ts, version, versiontype ) values (  '2018-11-20 17:38:59', null, null, '验后样品处理(自定义档案)',0, 'Y', null, '1bae03a3-eca8-11e8-a6ae-2bd0251db2ad', '0', 'N', null, '2018-11-20 17:39:27', 'Defdoc-C0J00122', 'uap', 'uapbd', null, null, '10140uddb', '2018-11-26 14:40:33', '2',0 ) 
;insert into md_class ( id, accessorclassname, classtype, componentid, createtime, creator, description, displayname, dr, fullclassname, help, isactive, keyattribute, modifier, modifytime, name, parentclassid, precise, refmodelname, returntype, ts, versiontype, isprimary, defaulttablename, stereotype, isauthen, resid, bizitfimpclassname, modinfoclassname, iscreatesql, isextendbean, userdefclassname, industry, fixedlength ) values (  '1001AA1000000000290S', 'nc.md.model.access.javamap.NCBeanStyle',201, '1bae03a3-eca8-11e8-a6ae-2bd0251db2ad', '2018-11-20 17:38:59', null, null, '验后样品处理(自定义档案)',0, 'nc.vo.bd.defdoc.DefdocVO', 'ignorebdmode,BDMODE,URC,DEFDOC,BUSILOG,DOC', null, '1bae03a9-eca8-11e8-a6ae-2bd0251db2ad', null, '2018-11-20 17:39:27', 'Defdoc-C0J00122', null,null, '验后样品处理(自定义档案)', null, '2018-11-26 14:40:33',0, 'Y', 'bd_defdoc', null, 'Y', null, null, null, 'Y', null, null, '0', null ) 
;insert into md_property ( id, accessorclassname, classid, createtime, creator, datatype, datatypestyle, defaultvalue, description, displayname, dr, help, isactive, hided, nullable, readonly, attrlength, attrmaxvalue, attrminvalue, modifier, modifytime, name, precise, refmodelname, attrsequence, ts, visibility, versiontype, fixedlength, calculation, isauthen, resid, customattr, notserialize, dynamicattr, dynamictable, accesspower, accesspowergroup, industry ) values (  '1bae03a9-eca8-11e8-a6ae-2bd0251db2ad', null, '1001AA1000000000290S', null, null, 'BS000010000100001051',300, null, null, '自定义档案主键',0, null, 'Y', 'N', 'N', 'N',20, null, null, null, null, 'pk_defdoc',0, null,0, '2018-11-26 14:40:33',0,0, 'N', 'N', 'Y', '2UC000-000747', 'N', 'N', 'N', null, 'N', null, '0' ) 
;insert into md_property ( id, accessorclassname, classid, createtime, creator, datatype, datatypestyle, defaultvalue, description, displayname, dr, help, isactive, hided, nullable, readonly, attrlength, attrmaxvalue, attrminvalue, modifier, modifytime, name, precise, refmodelname, attrsequence, ts, visibility, versiontype, fixedlength, calculation, isauthen, resid, customattr, notserialize, dynamicattr, dynamictable, accesspower, accesspowergroup, industry ) values (  '1bae03b4-eca8-11e8-a6ae-2bd0251db2ad', null, '1001AA1000000000290S', null, null, '16c1dca0-e3ed-4dcc-8ed7-75fd59e2bef1',305, null, null, '自定义档案列表主键',0, null, 'Y', 'N', 'N', 'N',20, null, null, null, null, 'pk_defdoclist',0, '自定义档案列表',1, '2018-11-26 14:40:33',0,0, 'N', 'N', 'Y', '2UC000-000748', 'N', 'N', 'N', null, 'N', null, '0' ) 
;insert into md_property ( id, accessorclassname, classid, createtime, creator, datatype, datatypestyle, defaultvalue, description, displayname, dr, help, isactive, hided, nullable, readonly, attrlength, attrmaxvalue, attrminvalue, modifier, modifytime, name, precise, refmodelname, attrsequence, ts, visibility, versiontype, fixedlength, calculation, isauthen, resid, customattr, notserialize, dynamicattr, dynamictable, accesspower, accesspowergroup, industry ) values (  '1bae03b6-eca8-11e8-a6ae-2bd0251db2ad', null, '1001AA1000000000290S', null, null, '985be8a4-3a36-4778-8afe-2d8ed3902659',305, null, null, '所属组织',0, null, 'Y', 'N', 'N', 'N',20, null, null, null, null, 'pk_org',0, '业务单元',2, '2018-11-26 14:40:33',0,0, 'N', 'N', 'Y', '2UC000-000360', 'N', 'N', 'N', null, 'N', null, '0' ) 
;insert into md_property ( id, accessorclassname, classid, createtime, creator, datatype, datatypestyle, defaultvalue, description, displayname, dr, help, isactive, hided, nullable, readonly, attrlength, attrmaxvalue, attrminvalue, modifier, modifytime, name, precise, refmodelname, attrsequence, ts, visibility, versiontype, fixedlength, calculation, isauthen, resid, customattr, notserialize, dynamicattr, dynamictable, accesspower, accesspowergroup, industry ) values (  '1bae03b5-eca8-11e8-a6ae-2bd0251db2ad', null, '1001AA1000000000290S', null, null, '3b6dd171-2900-47f3-bfbe-41e4483a2a65',305, null, null, '所属集团',0, null, 'Y', 'N', 'Y', 'N',20, null, null, null, null, 'pk_group',0, '集团',3, '2018-11-26 14:40:33',0,0, 'N', 'N', 'Y', '2UC000-000367', 'N', 'N', 'N', null, 'N', null, '0' ) 
;insert into md_property ( id, accessorclassname, classid, createtime, creator, datatype, datatypestyle, defaultvalue, description, displayname, dr, help, isactive, hided, nullable, readonly, attrlength, attrmaxvalue, attrminvalue, modifier, modifytime, name, precise, refmodelname, attrsequence, ts, visibility, versiontype, fixedlength, calculation, isauthen, resid, customattr, notserialize, dynamicattr, dynamictable, accesspower, accesspowergroup, industry ) values (  '1bae03a2-eca8-11e8-a6ae-2bd0251db2ad', null, '1001AA1000000000290S', null, null, 'BS000010000100001001',300, null, null, '档案编码',0, 'URC', 'Y', 'N', 'N', 'N',40, null, null, null, null, 'code',0, null,4, '2018-11-26 14:40:33',0,0, 'N', 'N', 'Y', '2UC000-000557', 'N', 'N', 'N', null, 'N', null, '0' ) 
;insert into md_property ( id, accessorclassname, classid, createtime, creator, datatype, datatypestyle, defaultvalue, description, displayname, dr, help, isactive, hided, nullable, readonly, attrlength, attrmaxvalue, attrminvalue, modifier, modifytime, name, precise, refmodelname, attrsequence, ts, visibility, versiontype, fixedlength, calculation, isauthen, resid, customattr, notserialize, dynamicattr, dynamictable, accesspower, accesspowergroup, industry ) values (  '1bae03af-eca8-11e8-a6ae-2bd0251db2ad', null, '1001AA1000000000290S', null, null, 'BS000010000100001058',300, null, null, '档案名称',0, 'URC', 'Y', 'N', 'Y', 'N',200, null, null, null, null, 'name',0, null,5, '2018-11-26 14:40:33',0,0, 'N', 'N', 'Y', '2UC000-000556', 'N', 'N', 'N', null, 'N', null, '0' ) 
;insert into md_property ( id, accessorclassname, classid, createtime, creator, datatype, datatypestyle, defaultvalue, description, displayname, dr, help, isactive, hided, nullable, readonly, attrlength, attrmaxvalue, attrminvalue, modifier, modifytime, name, precise, refmodelname, attrsequence, ts, visibility, versiontype, fixedlength, calculation, isauthen, resid, customattr, notserialize, dynamicattr, dynamictable, accesspower, accesspowergroup, industry ) values (  '1bae03b0-eca8-11e8-a6ae-2bd0251db2ad', null, '1001AA1000000000290S', null, null, 'BS000010000100001058',300, null, null, '简称',0, null, 'Y', 'N', 'Y', 'N',200, null, null, null, null, 'shortname',0, null,6, '2018-11-26 14:40:33',0,0, 'N', 'N', 'Y', '2UC000-000675', 'N', 'N', 'N', null, 'N', null, '0' ) 
;insert into md_property ( id, accessorclassname, classid, createtime, creator, datatype, datatypestyle, defaultvalue, description, displayname, dr, help, isactive, hided, nullable, readonly, attrlength, attrmaxvalue, attrminvalue, modifier, modifytime, name, precise, refmodelname, attrsequence, ts, visibility, versiontype, fixedlength, calculation, isauthen, resid, customattr, notserialize, dynamicattr, dynamictable, accesspower, accesspowergroup, industry ) values (  '1bae03ab-eca8-11e8-a6ae-2bd0251db2ad', null, '1001AA1000000000290S', null, null, 'BS000010000100001001',300, null, null, '助记码',0, null, 'Y', 'N', 'Y', 'N',50, null, null, null, null, 'mnecode',0, null,7, '2018-11-26 14:40:33',0,0, 'N', 'N', 'Y', '2UC000-000172', 'N', 'N', 'N', null, 'N', null, '0' ) 
;insert into md_property ( id, accessorclassname, classid, createtime, creator, datatype, datatypestyle, defaultvalue, description, displayname, dr, help, isactive, hided, nullable, readonly, attrlength, attrmaxvalue, attrminvalue, modifier, modifytime, name, precise, refmodelname, attrsequence, ts, visibility, versiontype, fixedlength, calculation, isauthen, resid, customattr, notserialize, dynamicattr, dynamictable, accesspower, accesspowergroup, industry ) values (  '1bae03b2-eca8-11e8-a6ae-2bd0251db2ad', null, '1001AA1000000000290S', null, null, 'BS000010000100001001',300, null, null, '上级档案',0, null, 'Y', 'N', 'Y', 'N',20, null, null, null, null, 'pid',0, null,8, '2018-11-26 14:40:33',0,0, 'N', 'N', 'Y', '2UC000-000007', 'N', 'N', 'N', null, 'N', null, '0' ) 
;insert into md_property ( id, accessorclassname, classid, createtime, creator, datatype, datatypestyle, defaultvalue, description, displayname, dr, help, isactive, hided, nullable, readonly, attrlength, attrmaxvalue, attrminvalue, modifier, modifytime, name, precise, refmodelname, attrsequence, ts, visibility, versiontype, fixedlength, calculation, isauthen, resid, customattr, notserialize, dynamicattr, dynamictable, accesspower, accesspowergroup, industry ) values (  '1bae03aa-eca8-11e8-a6ae-2bd0251db2ad', null, '1001AA1000000000290S', null, null, 'BS000010000100001001',300, null, null, '备注',0, null, 'Y', 'N', 'Y', 'N',200, null, null, null, null, 'memo',0, null,9, '2018-11-26 14:40:33',0,0, 'N', 'N', 'Y', '2UC000-000258', 'N', 'N', 'N', null, 'N', null, '0' ) 
;insert into md_property ( id, accessorclassname, classid, createtime, creator, datatype, datatypestyle, defaultvalue, description, displayname, dr, help, isactive, hided, nullable, readonly, attrlength, attrmaxvalue, attrminvalue, modifier, modifytime, name, precise, refmodelname, attrsequence, ts, visibility, versiontype, fixedlength, calculation, isauthen, resid, customattr, notserialize, dynamicattr, dynamictable, accesspower, accesspowergroup, industry ) values (  '1bae03a6-eca8-11e8-a6ae-2bd0251db2ad', null, '1001AA1000000000290S', null, null, 'f6f9a473-56c0-432f-8bc7-fbf8fde54fee',305, null, null, '创建人',0, null, 'Y', 'N', 'Y', 'N',20, null, null, null, null, 'creator',0, '用户',10, '2018-11-26 14:40:33',0,0, 'N', 'N', 'Y', '2UC000-000155', 'N', 'N', 'N', null, 'N', null, '0' ) 
;insert into md_property ( id, accessorclassname, classid, createtime, creator, datatype, datatypestyle, defaultvalue, description, displayname, dr, help, isactive, hided, nullable, readonly, attrlength, attrmaxvalue, attrminvalue, modifier, modifytime, name, precise, refmodelname, attrsequence, ts, visibility, versiontype, fixedlength, calculation, isauthen, resid, customattr, notserialize, dynamicattr, dynamictable, accesspower, accesspowergroup, industry ) values (  '1bae03a5-eca8-11e8-a6ae-2bd0251db2ad', null, '1001AA1000000000290S', null, null, 'BS000010000100001034',300, null, null, '创建时间',0, null, 'Y', 'N', 'Y', 'N',19, null, null, null, null, 'creationtime',0, null,11, '2018-11-26 14:40:33',0,0, 'N', 'N', 'Y', '2UC000-000157', 'N', 'N', 'N', null, 'N', null, '0' ) 
;insert into md_property ( id, accessorclassname, classid, createtime, creator, datatype, datatypestyle, defaultvalue, description, displayname, dr, help, isactive, hided, nullable, readonly, attrlength, attrmaxvalue, attrminvalue, modifier, modifytime, name, precise, refmodelname, attrsequence, ts, visibility, versiontype, fixedlength, calculation, isauthen, resid, customattr, notserialize, dynamicattr, dynamictable, accesspower, accesspowergroup, industry ) values (  '1bae03ac-eca8-11e8-a6ae-2bd0251db2ad', null, '1001AA1000000000290S', null, null, 'f6f9a473-56c0-432f-8bc7-fbf8fde54fee',305, null, null, '最后修改人',0, null, 'Y', 'N', 'Y', 'N',20, null, null, null, null, 'modifier',0, '用户',12, '2018-11-26 14:40:33',0,0, 'N', 'N', 'Y', '2UC000-000490', 'N', 'N', 'N', null, 'N', null, '0' ) 
;insert into md_property ( id, accessorclassname, classid, createtime, creator, datatype, datatypestyle, defaultvalue, description, displayname, dr, help, isactive, hided, nullable, readonly, attrlength, attrmaxvalue, attrminvalue, modifier, modifytime, name, precise, refmodelname, attrsequence, ts, visibility, versiontype, fixedlength, calculation, isauthen, resid, customattr, notserialize, dynamicattr, dynamictable, accesspower, accesspowergroup, industry ) values (  '1bae03ae-eca8-11e8-a6ae-2bd0251db2ad', null, '1001AA1000000000290S', null, null, 'BS000010000100001034',300, null, null, '最后修改时间',0, null, 'Y', 'N', 'Y', 'N',19, null, null, null, null, 'modifiedtime',0, null,13, '2018-11-26 14:40:33',0,0, 'N', 'N', 'Y', '2UC000-000491', 'N', 'N', 'N', null, 'N', null, '0' ) 
;insert into md_property ( id, accessorclassname, classid, createtime, creator, datatype, datatypestyle, defaultvalue, description, displayname, dr, help, isactive, hided, nullable, readonly, attrlength, attrmaxvalue, attrminvalue, modifier, modifytime, name, precise, refmodelname, attrsequence, ts, visibility, versiontype, fixedlength, calculation, isauthen, resid, customattr, notserialize, dynamicattr, dynamictable, accesspower, accesspowergroup, industry ) values (  '1bae03a8-eca8-11e8-a6ae-2bd0251db2ad', null, '1001AA1000000000290S', null, null, 'BS000010000100001001',300, null, null, '内部编码',0, null, 'Y', 'N', 'Y', 'N',200, null, null, null, null, 'innercode',0, null,14, '2018-11-26 14:40:33',0,0, 'N', 'N', 'Y', '2UC000-000136', 'N', 'N', 'N', null, 'N', null, '0' ) 
;insert into md_property ( id, accessorclassname, classid, createtime, creator, datatype, datatypestyle, defaultvalue, description, displayname, dr, help, isactive, hided, nullable, readonly, attrlength, attrmaxvalue, attrminvalue, modifier, modifytime, name, precise, refmodelname, attrsequence, ts, visibility, versiontype, fixedlength, calculation, isauthen, resid, customattr, notserialize, dynamicattr, dynamictable, accesspower, accesspowergroup, industry ) values (  '1bae03b7-eca8-11e8-a6ae-2bd0251db2ad', null, '1001AA1000000000290S', null, null, '6b533ffa-3e43-4147-8670-ba0f5471fd40',300, null, null, '启用状态',0, null, 'Y', 'N', 'Y', 'N',0, null, null, null, null, 'enablestate',0, null,15, '2018-11-26 14:40:33',0,0, 'N', 'N', 'Y', '2UC000-000249', 'N', 'N', 'N', null, 'N', null, '0' ) 
;insert into md_property ( id, accessorclassname, classid, createtime, creator, datatype, datatypestyle, defaultvalue, description, displayname, dr, help, isactive, hided, nullable, readonly, attrlength, attrmaxvalue, attrminvalue, modifier, modifytime, name, precise, refmodelname, attrsequence, ts, visibility, versiontype, fixedlength, calculation, isauthen, resid, customattr, notserialize, dynamicattr, dynamictable, accesspower, accesspowergroup, industry ) values (  '1bae03b9-eca8-11e8-a6ae-2bd0251db2ad', null, '1001AA1000000000290S', null, null, 'BS000010000100001004',300, null, null, '分布式',0, null, 'Y', 'N', 'Y', 'N',0, null, null, null, null, 'dataoriginflag',0, null,16, '2018-11-26 14:40:33',0,0, 'N', 'N', 'Y', '2UC000-000151', 'N', 'N', 'N', null, 'N', null, '0' ) 
;insert into md_property ( id, accessorclassname, classid, createtime, creator, datatype, datatypestyle, defaultvalue, description, displayname, dr, help, isactive, hided, nullable, readonly, attrlength, attrmaxvalue, attrminvalue, modifier, modifytime, name, precise, refmodelname, attrsequence, ts, visibility, versiontype, fixedlength, calculation, isauthen, resid, customattr, notserialize, dynamicattr, dynamictable, accesspower, accesspowergroup, industry ) values (  '1bae03ba-eca8-11e8-a6ae-2bd0251db2ad', null, '1001AA1000000000290S', null, null, 'ba3f1197-8584-445d-88a0-102e505f94e5',300, '1', null, '数据类型',0, null, 'Y', 'N', 'Y', 'N',0, null, null, null, null, 'datatype',0, null,17, '2018-11-26 14:40:33',0,0, 'N', 'N', 'Y', '2UC000-000458', 'N', 'N', 'N', null, 'N', null, '0' ) 
;insert into md_property ( id, accessorclassname, classid, createtime, creator, datatype, datatypestyle, defaultvalue, description, displayname, dr, help, isactive, hided, nullable, readonly, attrlength, attrmaxvalue, attrminvalue, modifier, modifytime, name, precise, refmodelname, attrsequence, ts, visibility, versiontype, fixedlength, calculation, isauthen, resid, customattr, notserialize, dynamicattr, dynamictable, accesspower, accesspowergroup, industry ) values (  '1bae03bb-eca8-11e8-a6ae-2bd0251db2ad', null, '1001AA1000000000290S', null, null, 'BS000010000100001056',300, null, null, '自定义项1',0, null, 'Y', 'N', 'Y', 'N',101, null, null, null, null, 'def1',0, null,18, '2018-11-26 14:40:33',0,-1, 'N', 'N', 'Y', null, 'Y', 'N', 'N', null, 'N', null, '0' ) 
;insert into md_property ( id, accessorclassname, classid, createtime, creator, datatype, datatypestyle, defaultvalue, description, displayname, dr, help, isactive, hided, nullable, readonly, attrlength, attrmaxvalue, attrminvalue, modifier, modifytime, name, precise, refmodelname, attrsequence, ts, visibility, versiontype, fixedlength, calculation, isauthen, resid, customattr, notserialize, dynamicattr, dynamictable, accesspower, accesspowergroup, industry ) values (  '1bae03bc-eca8-11e8-a6ae-2bd0251db2ad', null, '1001AA1000000000290S', null, null, 'BS000010000100001056',300, null, null, '自定义项2',0, null, 'Y', 'N', 'Y', 'N',101, null, null, null, null, 'def2',0, null,19, '2018-11-26 14:40:33',0,-1, 'N', 'N', 'Y', null, 'Y', 'N', 'N', null, 'N', null, '0' ) 
;insert into md_property ( id, accessorclassname, classid, createtime, creator, datatype, datatypestyle, defaultvalue, description, displayname, dr, help, isactive, hided, nullable, readonly, attrlength, attrmaxvalue, attrminvalue, modifier, modifytime, name, precise, refmodelname, attrsequence, ts, visibility, versiontype, fixedlength, calculation, isauthen, resid, customattr, notserialize, dynamicattr, dynamictable, accesspower, accesspowergroup, industry ) values (  '1bae03bd-eca8-11e8-a6ae-2bd0251db2ad', null, '1001AA1000000000290S', null, null, 'BS000010000100001056',300, null, null, '自定义项3',0, null, 'Y', 'N', 'Y', 'N',101, null, null, null, null, 'def3',0, null,20, '2018-11-26 14:40:33',0,-1, 'N', 'N', 'Y', null, 'Y', 'N', 'N', null, 'N', null, '0' ) 
;insert into md_property ( id, accessorclassname, classid, createtime, creator, datatype, datatypestyle, defaultvalue, description, displayname, dr, help, isactive, hided, nullable, readonly, attrlength, attrmaxvalue, attrminvalue, modifier, modifytime, name, precise, refmodelname, attrsequence, ts, visibility, versiontype, fixedlength, calculation, isauthen, resid, customattr, notserialize, dynamicattr, dynamictable, accesspower, accesspowergroup, industry ) values (  '1bae03be-eca8-11e8-a6ae-2bd0251db2ad', null, '1001AA1000000000290S', null, null, 'BS000010000100001056',300, null, null, '自定义项4',0, null, 'Y', 'N', 'Y', 'N',101, null, null, null, null, 'def4',0, null,21, '2018-11-26 14:40:33',0,-1, 'N', 'N', 'Y', null, 'Y', 'N', 'N', null, 'N', null, '0' ) 
;insert into md_property ( id, accessorclassname, classid, createtime, creator, datatype, datatypestyle, defaultvalue, description, displayname, dr, help, isactive, hided, nullable, readonly, attrlength, attrmaxvalue, attrminvalue, modifier, modifytime, name, precise, refmodelname, attrsequence, ts, visibility, versiontype, fixedlength, calculation, isauthen, resid, customattr, notserialize, dynamicattr, dynamictable, accesspower, accesspowergroup, industry ) values (  '1bae03bf-eca8-11e8-a6ae-2bd0251db2ad', null, '1001AA1000000000290S', null, null, 'BS000010000100001056',300, null, null, '自定义项5',0, null, 'Y', 'N', 'Y', 'N',101, null, null, null, null, 'def5',0, null,22, '2018-11-26 14:40:33',0,-1, 'N', 'N', 'Y', null, 'Y', 'N', 'N', null, 'N', null, '0' ) 
;insert into md_property ( id, accessorclassname, classid, createtime, creator, datatype, datatypestyle, defaultvalue, description, displayname, dr, help, isactive, hided, nullable, readonly, attrlength, attrmaxvalue, attrminvalue, modifier, modifytime, name, precise, refmodelname, attrsequence, ts, visibility, versiontype, fixedlength, calculation, isauthen, resid, customattr, notserialize, dynamicattr, dynamictable, accesspower, accesspowergroup, industry ) values (  '1bae03c0-eca8-11e8-a6ae-2bd0251db2ad', null, '1001AA1000000000290S', null, null, 'BS000010000100001056',300, null, null, '自定义项6',0, null, 'Y', 'N', 'Y', 'N',101, null, null, null, null, 'def6',0, null,23, '2018-11-26 14:40:33',0,-1, 'N', 'N', 'Y', null, 'Y', 'N', 'N', null, 'N', null, '0' ) 
;insert into md_property ( id, accessorclassname, classid, createtime, creator, datatype, datatypestyle, defaultvalue, description, displayname, dr, help, isactive, hided, nullable, readonly, attrlength, attrmaxvalue, attrminvalue, modifier, modifytime, name, precise, refmodelname, attrsequence, ts, visibility, versiontype, fixedlength, calculation, isauthen, resid, customattr, notserialize, dynamicattr, dynamictable, accesspower, accesspowergroup, industry ) values (  '1bae03c1-eca8-11e8-a6ae-2bd0251db2ad', null, '1001AA1000000000290S', null, null, 'BS000010000100001056',300, null, null, '自定义项7',0, null, 'Y', 'N', 'Y', 'N',101, null, null, null, null, 'def7',0, null,24, '2018-11-26 14:40:33',0,-1, 'N', 'N', 'Y', null, 'Y', 'N', 'N', null, 'N', null, '0' ) 
;insert into md_property ( id, accessorclassname, classid, createtime, creator, datatype, datatypestyle, defaultvalue, description, displayname, dr, help, isactive, hided, nullable, readonly, attrlength, attrmaxvalue, attrminvalue, modifier, modifytime, name, precise, refmodelname, attrsequence, ts, visibility, versiontype, fixedlength, calculation, isauthen, resid, customattr, notserialize, dynamicattr, dynamictable, accesspower, accesspowergroup, industry ) values (  '1bae03c2-eca8-11e8-a6ae-2bd0251db2ad', null, '1001AA1000000000290S', null, null, 'BS000010000100001056',300, null, null, '自定义项8',0, null, 'Y', 'N', 'Y', 'N',101, null, null, null, null, 'def8',0, null,25, '2018-11-26 14:40:33',0,-1, 'N', 'N', 'Y', null, 'Y', 'N', 'N', null, 'N', null, '0' ) 
;insert into md_property ( id, accessorclassname, classid, createtime, creator, datatype, datatypestyle, defaultvalue, description, displayname, dr, help, isactive, hided, nullable, readonly, attrlength, attrmaxvalue, attrminvalue, modifier, modifytime, name, precise, refmodelname, attrsequence, ts, visibility, versiontype, fixedlength, calculation, isauthen, resid, customattr, notserialize, dynamicattr, dynamictable, accesspower, accesspowergroup, industry ) values (  '1bae03c3-eca8-11e8-a6ae-2bd0251db2ad', null, '1001AA1000000000290S', null, null, 'BS000010000100001056',300, null, null, '自定义项9',0, null, 'Y', 'N', 'Y', 'N',101, null, null, null, null, 'def9',0, null,26, '2018-11-26 14:40:33',0,-1, 'N', 'N', 'Y', null, 'Y', 'N', 'N', null, 'N', null, '0' ) 
;insert into md_property ( id, accessorclassname, classid, createtime, creator, datatype, datatypestyle, defaultvalue, description, displayname, dr, help, isactive, hided, nullable, readonly, attrlength, attrmaxvalue, attrminvalue, modifier, modifytime, name, precise, refmodelname, attrsequence, ts, visibility, versiontype, fixedlength, calculation, isauthen, resid, customattr, notserialize, dynamicattr, dynamictable, accesspower, accesspowergroup, industry ) values (  '1bae03c4-eca8-11e8-a6ae-2bd0251db2ad', null, '1001AA1000000000290S', null, null, 'BS000010000100001056',300, null, null, '自定义项10',0, null, 'Y', 'N', 'Y', 'N',101, null, null, null, null, 'def10',0, null,27, '2018-11-26 14:40:33',0,-1, 'N', 'N', 'Y', null, 'Y', 'N', 'N', null, 'N', null, '0' ) 
;insert into md_property ( id, accessorclassname, classid, createtime, creator, datatype, datatypestyle, defaultvalue, description, displayname, dr, help, isactive, hided, nullable, readonly, attrlength, attrmaxvalue, attrminvalue, modifier, modifytime, name, precise, refmodelname, attrsequence, ts, visibility, versiontype, fixedlength, calculation, isauthen, resid, customattr, notserialize, dynamicattr, dynamictable, accesspower, accesspowergroup, industry ) values (  '1bae03c5-eca8-11e8-a6ae-2bd0251db2ad', null, '1001AA1000000000290S', null, null, 'BS000010000100001056',300, null, null, '自定义项11',0, null, 'Y', 'N', 'Y', 'N',101, null, null, null, null, 'def11',0, null,28, '2018-11-26 14:40:33',0,-1, 'N', 'N', 'Y', null, 'Y', 'N', 'N', null, 'N', null, '0' ) 
;insert into md_property ( id, accessorclassname, classid, createtime, creator, datatype, datatypestyle, defaultvalue, description, displayname, dr, help, isactive, hided, nullable, readonly, attrlength, attrmaxvalue, attrminvalue, modifier, modifytime, name, precise, refmodelname, attrsequence, ts, visibility, versiontype, fixedlength, calculation, isauthen, resid, customattr, notserialize, dynamicattr, dynamictable, accesspower, accesspowergroup, industry ) values (  '1bae03c6-eca8-11e8-a6ae-2bd0251db2ad', null, '1001AA1000000000290S', null, null, 'BS000010000100001056',300, null, null, '自定义项12',0, null, 'Y', 'N', 'Y', 'N',101, null, null, null, null, 'def12',0, null,29, '2018-11-26 14:40:33',0,-1, 'N', 'N', 'Y', null, 'Y', 'N', 'N', null, 'N', null, '0' ) 
;insert into md_property ( id, accessorclassname, classid, createtime, creator, datatype, datatypestyle, defaultvalue, description, displayname, dr, help, isactive, hided, nullable, readonly, attrlength, attrmaxvalue, attrminvalue, modifier, modifytime, name, precise, refmodelname, attrsequence, ts, visibility, versiontype, fixedlength, calculation, isauthen, resid, customattr, notserialize, dynamicattr, dynamictable, accesspower, accesspowergroup, industry ) values (  '1bae03c7-eca8-11e8-a6ae-2bd0251db2ad', null, '1001AA1000000000290S', null, null, 'BS000010000100001056',300, null, null, '自定义项13',0, null, 'Y', 'N', 'Y', 'N',101, null, null, null, null, 'def13',0, null,30, '2018-11-26 14:40:33',0,-1, 'N', 'N', 'Y', null, 'Y', 'N', 'N', null, 'N', null, '0' ) 
;insert into md_property ( id, accessorclassname, classid, createtime, creator, datatype, datatypestyle, defaultvalue, description, displayname, dr, help, isactive, hided, nullable, readonly, attrlength, attrmaxvalue, attrminvalue, modifier, modifytime, name, precise, refmodelname, attrsequence, ts, visibility, versiontype, fixedlength, calculation, isauthen, resid, customattr, notserialize, dynamicattr, dynamictable, accesspower, accesspowergroup, industry ) values (  '1bae03c8-eca8-11e8-a6ae-2bd0251db2ad', null, '1001AA1000000000290S', null, null, 'BS000010000100001056',300, null, null, '自定义项14',0, null, 'Y', 'N', 'Y', 'N',101, null, null, null, null, 'def14',0, null,31, '2018-11-26 14:40:33',0,-1, 'N', 'N', 'Y', null, 'Y', 'N', 'N', null, 'N', null, '0' ) 
;insert into md_property ( id, accessorclassname, classid, createtime, creator, datatype, datatypestyle, defaultvalue, description, displayname, dr, help, isactive, hided, nullable, readonly, attrlength, attrmaxvalue, attrminvalue, modifier, modifytime, name, precise, refmodelname, attrsequence, ts, visibility, versiontype, fixedlength, calculation, isauthen, resid, customattr, notserialize, dynamicattr, dynamictable, accesspower, accesspowergroup, industry ) values (  '1bae03c9-eca8-11e8-a6ae-2bd0251db2ad', null, '1001AA1000000000290S', null, null, 'BS000010000100001056',300, null, null, '自定义项15',0, null, 'Y', 'N', 'Y', 'N',101, null, null, null, null, 'def15',0, null,32, '2018-11-26 14:40:33',0,-1, 'N', 'N', 'Y', null, 'Y', 'N', 'N', null, 'N', null, '0' ) 
;insert into md_property ( id, accessorclassname, classid, createtime, creator, datatype, datatypestyle, defaultvalue, description, displayname, dr, help, isactive, hided, nullable, readonly, attrlength, attrmaxvalue, attrminvalue, modifier, modifytime, name, precise, refmodelname, attrsequence, ts, visibility, versiontype, fixedlength, calculation, isauthen, resid, customattr, notserialize, dynamicattr, dynamictable, accesspower, accesspowergroup, industry ) values (  '1bae03ca-eca8-11e8-a6ae-2bd0251db2ad', null, '1001AA1000000000290S', null, null, 'BS000010000100001056',300, null, null, '自定义项16',0, null, 'Y', 'N', 'Y', 'N',101, null, null, null, null, 'def16',0, null,33, '2018-11-26 14:40:33',0,-1, 'N', 'N', 'Y', null, 'Y', 'N', 'N', null, 'N', null, '0' ) 
;insert into md_property ( id, accessorclassname, classid, createtime, creator, datatype, datatypestyle, defaultvalue, description, displayname, dr, help, isactive, hided, nullable, readonly, attrlength, attrmaxvalue, attrminvalue, modifier, modifytime, name, precise, refmodelname, attrsequence, ts, visibility, versiontype, fixedlength, calculation, isauthen, resid, customattr, notserialize, dynamicattr, dynamictable, accesspower, accesspowergroup, industry ) values (  '1bae03cb-eca8-11e8-a6ae-2bd0251db2ad', null, '1001AA1000000000290S', null, null, 'BS000010000100001056',300, null, null, '自定义项17',0, null, 'Y', 'N', 'Y', 'N',101, null, null, null, null, 'def17',0, null,34, '2018-11-26 14:40:33',0,-1, 'N', 'N', 'Y', null, 'Y', 'N', 'N', null, 'N', null, '0' ) 
;insert into md_property ( id, accessorclassname, classid, createtime, creator, datatype, datatypestyle, defaultvalue, description, displayname, dr, help, isactive, hided, nullable, readonly, attrlength, attrmaxvalue, attrminvalue, modifier, modifytime, name, precise, refmodelname, attrsequence, ts, visibility, versiontype, fixedlength, calculation, isauthen, resid, customattr, notserialize, dynamicattr, dynamictable, accesspower, accesspowergroup, industry ) values (  '1bae03cc-eca8-11e8-a6ae-2bd0251db2ad', null, '1001AA1000000000290S', null, null, 'BS000010000100001056',300, null, null, '自定义项18',0, null, 'Y', 'N', 'Y', 'N',101, null, null, null, null, 'def18',0, null,35, '2018-11-26 14:40:33',0,-1, 'N', 'N', 'Y', null, 'Y', 'N', 'N', null, 'N', null, '0' ) 
;insert into md_property ( id, accessorclassname, classid, createtime, creator, datatype, datatypestyle, defaultvalue, description, displayname, dr, help, isactive, hided, nullable, readonly, attrlength, attrmaxvalue, attrminvalue, modifier, modifytime, name, precise, refmodelname, attrsequence, ts, visibility, versiontype, fixedlength, calculation, isauthen, resid, customattr, notserialize, dynamicattr, dynamictable, accesspower, accesspowergroup, industry ) values (  '1bae03cd-eca8-11e8-a6ae-2bd0251db2ad', null, '1001AA1000000000290S', null, null, 'BS000010000100001056',300, null, null, '自定义项19',0, null, 'Y', 'N', 'Y', 'N',101, null, null, null, null, 'def19',0, null,36, '2018-11-26 14:40:33',0,-1, 'N', 'N', 'Y', null, 'Y', 'N', 'N', null, 'N', null, '0' ) 
;insert into md_property ( id, accessorclassname, classid, createtime, creator, datatype, datatypestyle, defaultvalue, description, displayname, dr, help, isactive, hided, nullable, readonly, attrlength, attrmaxvalue, attrminvalue, modifier, modifytime, name, precise, refmodelname, attrsequence, ts, visibility, versiontype, fixedlength, calculation, isauthen, resid, customattr, notserialize, dynamicattr, dynamictable, accesspower, accesspowergroup, industry ) values (  '1bae03ce-eca8-11e8-a6ae-2bd0251db2ad', null, '1001AA1000000000290S', null, null, 'BS000010000100001056',300, null, null, '自定义项20',0, null, 'Y', 'N', 'Y', 'N',101, null, null, null, null, 'def20',0, null,37, '2018-11-26 14:40:33',0,-1, 'N', 'N', 'Y', null, 'Y', 'N', 'N', null, 'N', null, '0' ) 
;insert into md_bizItfMap ( bizinterfaceid, intattrid, classid, classattrid, bizitfimpclassname, classattrpath, dr, ts ) values (  '6c8722b9-911a-489b-8d0d-18bd3734fcf6', '5dd3c721-22ad-42b1-9c10-4351c236bc77', '1001AA1000000000290S', '1bae03a9-eca8-11e8-a6ae-2bd0251db2ad', null, null,0, '2018-11-26 14:40:33' ) 
;insert into md_bizItfMap ( bizinterfaceid, intattrid, classid, classattrid, bizitfimpclassname, classattrpath, dr, ts ) values (  '6c8722b9-911a-489b-8d0d-18bd3734fcf6', 'ecf1b76a-6e44-42e2-a55e-87596504775b', '1001AA1000000000290S', '1bae03b6-eca8-11e8-a6ae-2bd0251db2ad', null, null,0, '2018-11-26 14:40:33' ) 
;insert into md_bizItfMap ( bizinterfaceid, intattrid, classid, classattrid, bizitfimpclassname, classattrpath, dr, ts ) values (  '6c8722b9-911a-489b-8d0d-18bd3734fcf6', 'd32cc17b-f415-415a-923f-0764443eb102', '1001AA1000000000290S', '1bae03a2-eca8-11e8-a6ae-2bd0251db2ad', null, null,0, '2018-11-26 14:40:33' ) 
;insert into md_bizItfMap ( bizinterfaceid, intattrid, classid, classattrid, bizitfimpclassname, classattrpath, dr, ts ) values (  '6c8722b9-911a-489b-8d0d-18bd3734fcf6', '89578a97-42fe-439b-827c-8eabd9e3604c', '1001AA1000000000290S', '1bae03af-eca8-11e8-a6ae-2bd0251db2ad', null, null,0, '2018-11-26 14:40:33' ) 
;insert into md_bizItfMap ( bizinterfaceid, intattrid, classid, classattrid, bizitfimpclassname, classattrpath, dr, ts ) values (  '6c8722b9-911a-489b-8d0d-18bd3734fcf6', 'a47e6cda-09e4-480b-923f-ec6f41e3e06c', '1001AA1000000000290S', '1bae03b5-eca8-11e8-a6ae-2bd0251db2ad', null, null,0, '2018-11-26 14:40:33' ) 
;insert into md_association ( id, componentid, creator, createtime, dr, endcardinality, startbeanid, endelementid, isactive, modifier, modifytime, name, startcardinality, startelementid, ts, type, versiontype, industry ) values (  'f4c115ce-0c6d-4920-90a0-305b93a759b5', '1bae03a3-eca8-11e8-a6ae-2bd0251db2ad', null, null,0, '1', '1001AA1000000000290S', '16c1dca0-e3ed-4dcc-8ed7-75fd59e2bef1', 'Y', null, null, 'Defdoc-C0J00122_pk_defdoclist', '1', '1bae03b4-eca8-11e8-a6ae-2bd0251db2ad', '2018-11-26 14:40:33',3,0, '0' ) 
;insert into md_association ( id, componentid, creator, createtime, dr, endcardinality, startbeanid, endelementid, isactive, modifier, modifytime, name, startcardinality, startelementid, ts, type, versiontype, industry ) values (  'd343c0b3-26a4-49e8-b631-aeaf94be2491', '1bae03a3-eca8-11e8-a6ae-2bd0251db2ad', null, null,0, '1', '1001AA1000000000290S', '985be8a4-3a36-4778-8afe-2d8ed3902659', 'Y', null, null, 'Defdoc-C0J00122_pk_org', '1', '1bae03b6-eca8-11e8-a6ae-2bd0251db2ad', '2018-11-26 14:40:33',3,0, '0' ) 
;insert into md_association ( id, componentid, creator, createtime, dr, endcardinality, startbeanid, endelementid, isactive, modifier, modifytime, name, startcardinality, startelementid, ts, type, versiontype, industry ) values (  '41035b7d-20d6-46dc-ad5c-2268e00ef30b', '1bae03a3-eca8-11e8-a6ae-2bd0251db2ad', null, null,0, '1', '1001AA1000000000290S', '3b6dd171-2900-47f3-bfbe-41e4483a2a65', 'Y', null, null, 'Defdoc-C0J00122_pk_group', '1', '1bae03b5-eca8-11e8-a6ae-2bd0251db2ad', '2018-11-26 14:40:33',3,0, '0' ) 
;insert into md_association ( id, componentid, creator, createtime, dr, endcardinality, startbeanid, endelementid, isactive, modifier, modifytime, name, startcardinality, startelementid, ts, type, versiontype, industry ) values (  'e166b97a-c94d-4130-8c61-7bf770d197e4', '1bae03a3-eca8-11e8-a6ae-2bd0251db2ad', null, null,0, '1', '1001AA1000000000290S', 'f6f9a473-56c0-432f-8bc7-fbf8fde54fee', 'Y', null, null, 'Defdoc-C0J00122_creator', '1', '1bae03a6-eca8-11e8-a6ae-2bd0251db2ad', '2018-11-26 14:40:33',3,0, '0' ) 
;insert into md_association ( id, componentid, creator, createtime, dr, endcardinality, startbeanid, endelementid, isactive, modifier, modifytime, name, startcardinality, startelementid, ts, type, versiontype, industry ) values (  'c97aab41-70e0-41ca-924e-706e2366cebf', '1bae03a3-eca8-11e8-a6ae-2bd0251db2ad', null, null,0, '1', '1001AA1000000000290S', 'f6f9a473-56c0-432f-8bc7-fbf8fde54fee', 'Y', null, null, 'Defdoc-C0J00122_modifier', '1', '1bae03ac-eca8-11e8-a6ae-2bd0251db2ad', '2018-11-26 14:40:33',3,0, '0' ) 
;insert into md_table ( id, createtime, creator, databaseid, description, displayname, dr, help, isactive, fromsourcebmf, modifier, modifytime, name, ts, versiontype, resmodule, resid, parenttable, isextendtable, industry ) values (  'bd_defdoc', '2018-11-20 17:38:59', null, null, null, '验后样品处理(自定义档案)',0, 'ignorebdmode,BDMODE,URC,DEFDOC,BUSILOG,DOC', null, 'Y', null, '2018-11-20 17:39:27', 'bd_defdoc', '2018-11-26 14:40:33',0, '10140uddb', null, null, null, '0' ) 
;insert into md_column ( id, sqldatetype, createtime, creator, defaultvalue, description, displayname, dr, help, incrementseed, incrementstep, isactive, identitied, pkey, nullable, columnlength, modifier, modifytime, name, precise, columnsequence, tableid, ts, versiontype, resid, groupid, columntype, forlocale ) values (  'bd_defdoc@@PK@@', 'char', null, null, null, null, '自定义档案主键',0, null,null,null, 'Y', null, 'Y', 'N',20, null, null, 'pk_defdoc',0,0, 'bd_defdoc', '2018-11-26 14:40:33',0, '2UC000-000747', null,0, 'N' ) 
;insert into md_column ( id, sqldatetype, createtime, creator, defaultvalue, description, displayname, dr, help, incrementseed, incrementstep, isactive, identitied, pkey, nullable, columnlength, modifier, modifytime, name, precise, columnsequence, tableid, ts, versiontype, resid, groupid, columntype, forlocale ) values (  'bd_defdoc@@@pk_defdoclist', 'char', null, null, null, null, '自定义档案列表主键',0, null,null,null, 'Y', null, 'N', 'N',20, null, null, 'pk_defdoclist',0,1, 'bd_defdoc', '2018-11-26 14:40:33',0, '2UC000-000748', null,0, 'N' ) 
;insert into md_column ( id, sqldatetype, createtime, creator, defaultvalue, description, displayname, dr, help, incrementseed, incrementstep, isactive, identitied, pkey, nullable, columnlength, modifier, modifytime, name, precise, columnsequence, tableid, ts, versiontype, resid, groupid, columntype, forlocale ) values (  'bd_defdoc@@@pk_org', 'char', null, null, null, null, '所属组织',0, null,null,null, 'Y', null, 'N', 'N',20, null, null, 'pk_org',0,2, 'bd_defdoc', '2018-11-26 14:40:33',0, '2UC000-000360', null,0, 'N' ) 
;insert into md_column ( id, sqldatetype, createtime, creator, defaultvalue, description, displayname, dr, help, incrementseed, incrementstep, isactive, identitied, pkey, nullable, columnlength, modifier, modifytime, name, precise, columnsequence, tableid, ts, versiontype, resid, groupid, columntype, forlocale ) values (  'bd_defdoc@@@pk_group', 'varchar', null, null, '*~', null, '所属集团',0, null,null,null, 'Y', null, 'N', 'Y',20, null, null, 'pk_group',0,3, 'bd_defdoc', '2018-11-26 14:40:33',0, '2UC000-000367', null,0, 'N' ) 
;insert into md_column ( id, sqldatetype, createtime, creator, defaultvalue, description, displayname, dr, help, incrementseed, incrementstep, isactive, identitied, pkey, nullable, columnlength, modifier, modifytime, name, precise, columnsequence, tableid, ts, versiontype, resid, groupid, columntype, forlocale ) values (  'bd_defdoc@@@code', 'varchar', null, null, null, null, '档案编码',0, 'URC',null,null, 'Y', null, 'N', 'N',40, null, null, 'code',0,4, 'bd_defdoc', '2018-11-26 14:40:33',0, '2UC000-000557', null,0, 'N' ) 
;insert into md_column ( id, sqldatetype, createtime, creator, defaultvalue, description, displayname, dr, help, incrementseed, incrementstep, isactive, identitied, pkey, nullable, columnlength, modifier, modifytime, name, precise, columnsequence, tableid, ts, versiontype, resid, groupid, columntype, forlocale ) values (  'bd_defdoc@@@name', 'varchar', null, null, null, null, '档案名称',0, 'URC',null,null, 'Y', null, 'N', 'Y',200, null, null, 'name',0,0, 'bd_defdoc', '2018-11-26 14:40:33',0, '2UC000-000556', 'bd_defdoc@@@name',0, 'N' ) 
;insert into md_column ( id, sqldatetype, createtime, creator, defaultvalue, description, displayname, dr, help, incrementseed, incrementstep, isactive, identitied, pkey, nullable, columnlength, modifier, modifytime, name, precise, columnsequence, tableid, ts, versiontype, resid, groupid, columntype, forlocale ) values (  'bd_defdoc@@@shortname', 'varchar', null, null, null, null, '简称',0, null,null,null, 'Y', null, 'N', 'Y',200, null, null, 'shortname',0,0, 'bd_defdoc', '2018-11-26 14:40:33',0, '2UC000-000675', 'bd_defdoc@@@shortname',0, 'N' ) 
;insert into md_column ( id, sqldatetype, createtime, creator, defaultvalue, description, displayname, dr, help, incrementseed, incrementstep, isactive, identitied, pkey, nullable, columnlength, modifier, modifytime, name, precise, columnsequence, tableid, ts, versiontype, resid, groupid, columntype, forlocale ) values (  'bd_defdoc@@@mnecode', 'varchar', null, null, null, null, '助记码',0, null,null,null, 'Y', null, 'N', 'Y',50, null, null, 'mnecode',0,7, 'bd_defdoc', '2018-11-26 14:40:33',0, '2UC000-000172', null,0, 'N' ) 
;insert into md_column ( id, sqldatetype, createtime, creator, defaultvalue, description, displayname, dr, help, incrementseed, incrementstep, isactive, identitied, pkey, nullable, columnlength, modifier, modifytime, name, precise, columnsequence, tableid, ts, versiontype, resid, groupid, columntype, forlocale ) values (  'bd_defdoc@@@pid', 'varchar', null, null, '*~', null, '上级档案',0, null,null,null, 'Y', null, 'N', 'Y',20, null, null, 'pid',0,8, 'bd_defdoc', '2018-11-26 14:40:33',0, '2UC000-000007', null,0, 'N' ) 
;insert into md_column ( id, sqldatetype, createtime, creator, defaultvalue, description, displayname, dr, help, incrementseed, incrementstep, isactive, identitied, pkey, nullable, columnlength, modifier, modifytime, name, precise, columnsequence, tableid, ts, versiontype, resid, groupid, columntype, forlocale ) values (  'bd_defdoc@@@memo', 'varchar', null, null, null, null, '备注',0, null,null,null, 'Y', null, 'N', 'Y',200, null, null, 'memo',0,9, 'bd_defdoc', '2018-11-26 14:40:33',0, '2UC000-000258', null,0, 'N' ) 
;insert into md_column ( id, sqldatetype, createtime, creator, defaultvalue, description, displayname, dr, help, incrementseed, incrementstep, isactive, identitied, pkey, nullable, columnlength, modifier, modifytime, name, precise, columnsequence, tableid, ts, versiontype, resid, groupid, columntype, forlocale ) values (  'bd_defdoc@@@creator', 'varchar', null, null, '*~', null, '创建人',0, null,null,null, 'Y', null, 'N', 'Y',20, null, null, 'creator',0,10, 'bd_defdoc', '2018-11-26 14:40:33',0, '2UC000-000155', null,0, 'N' ) 
;insert into md_column ( id, sqldatetype, createtime, creator, defaultvalue, description, displayname, dr, help, incrementseed, incrementstep, isactive, identitied, pkey, nullable, columnlength, modifier, modifytime, name, precise, columnsequence, tableid, ts, versiontype, resid, groupid, columntype, forlocale ) values (  'bd_defdoc@@@creationtime', 'char', null, null, null, null, '创建时间',0, null,null,null, 'Y', null, 'N', 'Y',19, null, null, 'creationtime',0,11, 'bd_defdoc', '2018-11-26 14:40:33',0, '2UC000-000157', null,0, 'N' ) 
;insert into md_column ( id, sqldatetype, createtime, creator, defaultvalue, description, displayname, dr, help, incrementseed, incrementstep, isactive, identitied, pkey, nullable, columnlength, modifier, modifytime, name, precise, columnsequence, tableid, ts, versiontype, resid, groupid, columntype, forlocale ) values (  'bd_defdoc@@@modifier', 'varchar', null, null, '*~', null, '最后修改人',0, null,null,null, 'Y', null, 'N', 'Y',20, null, null, 'modifier',0,12, 'bd_defdoc', '2018-11-26 14:40:33',0, '2UC000-000490', null,0, 'N' ) 
;insert into md_column ( id, sqldatetype, createtime, creator, defaultvalue, description, displayname, dr, help, incrementseed, incrementstep, isactive, identitied, pkey, nullable, columnlength, modifier, modifytime, name, precise, columnsequence, tableid, ts, versiontype, resid, groupid, columntype, forlocale ) values (  'bd_defdoc@@@modifiedtime', 'char', null, null, null, null, '最后修改时间',0, null,null,null, 'Y', null, 'N', 'Y',19, null, null, 'modifiedtime',0,13, 'bd_defdoc', '2018-11-26 14:40:33',0, '2UC000-000491', null,0, 'N' ) 
;insert into md_column ( id, sqldatetype, createtime, creator, defaultvalue, description, displayname, dr, help, incrementseed, incrementstep, isactive, identitied, pkey, nullable, columnlength, modifier, modifytime, name, precise, columnsequence, tableid, ts, versiontype, resid, groupid, columntype, forlocale ) values (  'bd_defdoc@@@innercode', 'varchar', null, null, null, null, '内部编码',0, null,null,null, 'Y', null, 'N', 'Y',200, null, null, 'innercode',0,14, 'bd_defdoc', '2018-11-26 14:40:33',0, '2UC000-000136', null,0, 'N' ) 
;insert into md_column ( id, sqldatetype, createtime, creator, defaultvalue, description, displayname, dr, help, incrementseed, incrementstep, isactive, identitied, pkey, nullable, columnlength, modifier, modifytime, name, precise, columnsequence, tableid, ts, versiontype, resid, groupid, columntype, forlocale ) values (  'bd_defdoc@@@enablestate', 'int', null, null, null, null, '启用状态',0, null,null,null, 'Y', null, 'N', 'Y',0, null, null, 'enablestate',0,15, 'bd_defdoc', '2018-11-26 14:40:33',0, '2UC000-000249', null,0, 'N' ) 
;insert into md_column ( id, sqldatetype, createtime, creator, defaultvalue, description, displayname, dr, help, incrementseed, incrementstep, isactive, identitied, pkey, nullable, columnlength, modifier, modifytime, name, precise, columnsequence, tableid, ts, versiontype, resid, groupid, columntype, forlocale ) values (  'bd_defdoc@@@dataoriginflag', 'int', null, null, null, null, '分布式',0, null,null,null, 'Y', null, 'N', 'Y',0, null, null, 'dataoriginflag',0,16, 'bd_defdoc', '2018-11-26 14:40:33',0, '2UC000-000151', null,0, 'N' ) 
;insert into md_column ( id, sqldatetype, createtime, creator, defaultvalue, description, displayname, dr, help, incrementseed, incrementstep, isactive, identitied, pkey, nullable, columnlength, modifier, modifytime, name, precise, columnsequence, tableid, ts, versiontype, resid, groupid, columntype, forlocale ) values (  'bd_defdoc@@@datatype', 'int', null, null, '1', null, '数据类型',0, null,null,null, 'Y', null, 'N', 'Y',0, null, null, 'datatype',0,17, 'bd_defdoc', '2018-11-26 14:40:33',0, '2UC000-000458', null,0, 'N' ) 
;insert into md_column ( id, sqldatetype, createtime, creator, defaultvalue, description, displayname, dr, help, incrementseed, incrementstep, isactive, identitied, pkey, nullable, columnlength, modifier, modifytime, name, precise, columnsequence, tableid, ts, versiontype, resid, groupid, columntype, forlocale ) values (  'bd_defdoc@@@def1', 'varchar', null, null, null, null, '自定义项1',0, null,null,null, 'Y', null, 'N', 'Y',101, null, null, 'def1',0,18, 'bd_defdoc', '2018-11-26 14:40:33',-1, null, null,0, 'N' ) 
;insert into md_column ( id, sqldatetype, createtime, creator, defaultvalue, description, displayname, dr, help, incrementseed, incrementstep, isactive, identitied, pkey, nullable, columnlength, modifier, modifytime, name, precise, columnsequence, tableid, ts, versiontype, resid, groupid, columntype, forlocale ) values (  'bd_defdoc@@@def2', 'varchar', null, null, null, null, '自定义项2',0, null,null,null, 'Y', null, 'N', 'Y',101, null, null, 'def2',0,19, 'bd_defdoc', '2018-11-26 14:40:33',-1, null, null,0, 'N' ) 
;insert into md_column ( id, sqldatetype, createtime, creator, defaultvalue, description, displayname, dr, help, incrementseed, incrementstep, isactive, identitied, pkey, nullable, columnlength, modifier, modifytime, name, precise, columnsequence, tableid, ts, versiontype, resid, groupid, columntype, forlocale ) values (  'bd_defdoc@@@def3', 'varchar', null, null, null, null, '自定义项3',0, null,null,null, 'Y', null, 'N', 'Y',101, null, null, 'def3',0,20, 'bd_defdoc', '2018-11-26 14:40:33',-1, null, null,0, 'N' ) 
;insert into md_column ( id, sqldatetype, createtime, creator, defaultvalue, description, displayname, dr, help, incrementseed, incrementstep, isactive, identitied, pkey, nullable, columnlength, modifier, modifytime, name, precise, columnsequence, tableid, ts, versiontype, resid, groupid, columntype, forlocale ) values (  'bd_defdoc@@@def4', 'varchar', null, null, null, null, '自定义项4',0, null,null,null, 'Y', null, 'N', 'Y',101, null, null, 'def4',0,21, 'bd_defdoc', '2018-11-26 14:40:33',-1, null, null,0, 'N' ) 
;insert into md_column ( id, sqldatetype, createtime, creator, defaultvalue, description, displayname, dr, help, incrementseed, incrementstep, isactive, identitied, pkey, nullable, columnlength, modifier, modifytime, name, precise, columnsequence, tableid, ts, versiontype, resid, groupid, columntype, forlocale ) values (  'bd_defdoc@@@def5', 'varchar', null, null, null, null, '自定义项5',0, null,null,null, 'Y', null, 'N', 'Y',101, null, null, 'def5',0,22, 'bd_defdoc', '2018-11-26 14:40:33',-1, null, null,0, 'N' ) 
;insert into md_column ( id, sqldatetype, createtime, creator, defaultvalue, description, displayname, dr, help, incrementseed, incrementstep, isactive, identitied, pkey, nullable, columnlength, modifier, modifytime, name, precise, columnsequence, tableid, ts, versiontype, resid, groupid, columntype, forlocale ) values (  'bd_defdoc@@@def6', 'varchar', null, null, null, null, '自定义项6',0, null,null,null, 'Y', null, 'N', 'Y',101, null, null, 'def6',0,23, 'bd_defdoc', '2018-11-26 14:40:33',-1, null, null,0, 'N' ) 
;insert into md_column ( id, sqldatetype, createtime, creator, defaultvalue, description, displayname, dr, help, incrementseed, incrementstep, isactive, identitied, pkey, nullable, columnlength, modifier, modifytime, name, precise, columnsequence, tableid, ts, versiontype, resid, groupid, columntype, forlocale ) values (  'bd_defdoc@@@def7', 'varchar', null, null, null, null, '自定义项7',0, null,null,null, 'Y', null, 'N', 'Y',101, null, null, 'def7',0,24, 'bd_defdoc', '2018-11-26 14:40:33',-1, null, null,0, 'N' ) 
;insert into md_column ( id, sqldatetype, createtime, creator, defaultvalue, description, displayname, dr, help, incrementseed, incrementstep, isactive, identitied, pkey, nullable, columnlength, modifier, modifytime, name, precise, columnsequence, tableid, ts, versiontype, resid, groupid, columntype, forlocale ) values (  'bd_defdoc@@@def8', 'varchar', null, null, null, null, '自定义项8',0, null,null,null, 'Y', null, 'N', 'Y',101, null, null, 'def8',0,25, 'bd_defdoc', '2018-11-26 14:40:33',-1, null, null,0, 'N' ) 
;insert into md_column ( id, sqldatetype, createtime, creator, defaultvalue, description, displayname, dr, help, incrementseed, incrementstep, isactive, identitied, pkey, nullable, columnlength, modifier, modifytime, name, precise, columnsequence, tableid, ts, versiontype, resid, groupid, columntype, forlocale ) values (  'bd_defdoc@@@def9', 'varchar', null, null, null, null, '自定义项9',0, null,null,null, 'Y', null, 'N', 'Y',101, null, null, 'def9',0,26, 'bd_defdoc', '2018-11-26 14:40:33',-1, null, null,0, 'N' ) 
;insert into md_column ( id, sqldatetype, createtime, creator, defaultvalue, description, displayname, dr, help, incrementseed, incrementstep, isactive, identitied, pkey, nullable, columnlength, modifier, modifytime, name, precise, columnsequence, tableid, ts, versiontype, resid, groupid, columntype, forlocale ) values (  'bd_defdoc@@@def10', 'varchar', null, null, null, null, '自定义项10',0, null,null,null, 'Y', null, 'N', 'Y',101, null, null, 'def10',0,27, 'bd_defdoc', '2018-11-26 14:40:33',-1, null, null,0, 'N' ) 
;insert into md_column ( id, sqldatetype, createtime, creator, defaultvalue, description, displayname, dr, help, incrementseed, incrementstep, isactive, identitied, pkey, nullable, columnlength, modifier, modifytime, name, precise, columnsequence, tableid, ts, versiontype, resid, groupid, columntype, forlocale ) values (  'bd_defdoc@@@def11', 'varchar', null, null, null, null, '自定义项11',0, null,null,null, 'Y', null, 'N', 'Y',101, null, null, 'def11',0,28, 'bd_defdoc', '2018-11-26 14:40:33',-1, null, null,0, 'N' ) 
;insert into md_column ( id, sqldatetype, createtime, creator, defaultvalue, description, displayname, dr, help, incrementseed, incrementstep, isactive, identitied, pkey, nullable, columnlength, modifier, modifytime, name, precise, columnsequence, tableid, ts, versiontype, resid, groupid, columntype, forlocale ) values (  'bd_defdoc@@@def12', 'varchar', null, null, null, null, '自定义项12',0, null,null,null, 'Y', null, 'N', 'Y',101, null, null, 'def12',0,29, 'bd_defdoc', '2018-11-26 14:40:33',-1, null, null,0, 'N' ) 
;insert into md_column ( id, sqldatetype, createtime, creator, defaultvalue, description, displayname, dr, help, incrementseed, incrementstep, isactive, identitied, pkey, nullable, columnlength, modifier, modifytime, name, precise, columnsequence, tableid, ts, versiontype, resid, groupid, columntype, forlocale ) values (  'bd_defdoc@@@def13', 'varchar', null, null, null, null, '自定义项13',0, null,null,null, 'Y', null, 'N', 'Y',101, null, null, 'def13',0,30, 'bd_defdoc', '2018-11-26 14:40:33',-1, null, null,0, 'N' ) 
;insert into md_column ( id, sqldatetype, createtime, creator, defaultvalue, description, displayname, dr, help, incrementseed, incrementstep, isactive, identitied, pkey, nullable, columnlength, modifier, modifytime, name, precise, columnsequence, tableid, ts, versiontype, resid, groupid, columntype, forlocale ) values (  'bd_defdoc@@@def14', 'varchar', null, null, null, null, '自定义项14',0, null,null,null, 'Y', null, 'N', 'Y',101, null, null, 'def14',0,31, 'bd_defdoc', '2018-11-26 14:40:33',-1, null, null,0, 'N' ) 
;insert into md_column ( id, sqldatetype, createtime, creator, defaultvalue, description, displayname, dr, help, incrementseed, incrementstep, isactive, identitied, pkey, nullable, columnlength, modifier, modifytime, name, precise, columnsequence, tableid, ts, versiontype, resid, groupid, columntype, forlocale ) values (  'bd_defdoc@@@def15', 'varchar', null, null, null, null, '自定义项15',0, null,null,null, 'Y', null, 'N', 'Y',101, null, null, 'def15',0,32, 'bd_defdoc', '2018-11-26 14:40:33',-1, null, null,0, 'N' ) 
;insert into md_column ( id, sqldatetype, createtime, creator, defaultvalue, description, displayname, dr, help, incrementseed, incrementstep, isactive, identitied, pkey, nullable, columnlength, modifier, modifytime, name, precise, columnsequence, tableid, ts, versiontype, resid, groupid, columntype, forlocale ) values (  'bd_defdoc@@@def16', 'varchar', null, null, null, null, '自定义项16',0, null,null,null, 'Y', null, 'N', 'Y',101, null, null, 'def16',0,33, 'bd_defdoc', '2018-11-26 14:40:33',-1, null, null,0, 'N' ) 
;insert into md_column ( id, sqldatetype, createtime, creator, defaultvalue, description, displayname, dr, help, incrementseed, incrementstep, isactive, identitied, pkey, nullable, columnlength, modifier, modifytime, name, precise, columnsequence, tableid, ts, versiontype, resid, groupid, columntype, forlocale ) values (  'bd_defdoc@@@def17', 'varchar', null, null, null, null, '自定义项17',0, null,null,null, 'Y', null, 'N', 'Y',101, null, null, 'def17',0,34, 'bd_defdoc', '2018-11-26 14:40:33',-1, null, null,0, 'N' ) 
;insert into md_column ( id, sqldatetype, createtime, creator, defaultvalue, description, displayname, dr, help, incrementseed, incrementstep, isactive, identitied, pkey, nullable, columnlength, modifier, modifytime, name, precise, columnsequence, tableid, ts, versiontype, resid, groupid, columntype, forlocale ) values (  'bd_defdoc@@@def18', 'varchar', null, null, null, null, '自定义项18',0, null,null,null, 'Y', null, 'N', 'Y',101, null, null, 'def18',0,35, 'bd_defdoc', '2018-11-26 14:40:33',-1, null, null,0, 'N' ) 
;insert into md_column ( id, sqldatetype, createtime, creator, defaultvalue, description, displayname, dr, help, incrementseed, incrementstep, isactive, identitied, pkey, nullable, columnlength, modifier, modifytime, name, precise, columnsequence, tableid, ts, versiontype, resid, groupid, columntype, forlocale ) values (  'bd_defdoc@@@def19', 'varchar', null, null, null, null, '自定义项19',0, null,null,null, 'Y', null, 'N', 'Y',101, null, null, 'def19',0,36, 'bd_defdoc', '2018-11-26 14:40:33',-1, null, null,0, 'N' ) 
;insert into md_column ( id, sqldatetype, createtime, creator, defaultvalue, description, displayname, dr, help, incrementseed, incrementstep, isactive, identitied, pkey, nullable, columnlength, modifier, modifytime, name, precise, columnsequence, tableid, ts, versiontype, resid, groupid, columntype, forlocale ) values (  'bd_defdoc@@@def20', 'varchar', null, null, null, null, '自定义项20',0, null,null,null, 'Y', null, 'N', 'Y',101, null, null, 'def20',0,37, 'bd_defdoc', '2018-11-26 14:40:33',-1, null, null,0, 'N' ) 
;insert into md_column ( id, sqldatetype, createtime, creator, defaultvalue, description, displayname, dr, help, incrementseed, incrementstep, isactive, identitied, pkey, nullable, columnlength, modifier, modifytime, name, precise, columnsequence, tableid, ts, versiontype, resid, groupid, columntype, forlocale ) values (  'bd_defdoc@@@name2', 'varchar', null, null, null, null, '档案名称2',0, 'URC',null,null, 'Y', null, 'N', 'Y',200, null, null, 'name2',0,0, 'bd_defdoc', '2018-11-26 14:40:33',0, '2UC000-000556', 'bd_defdoc@@@name',0, 'N' ) 
;insert into md_column ( id, sqldatetype, createtime, creator, defaultvalue, description, displayname, dr, help, incrementseed, incrementstep, isactive, identitied, pkey, nullable, columnlength, modifier, modifytime, name, precise, columnsequence, tableid, ts, versiontype, resid, groupid, columntype, forlocale ) values (  'bd_defdoc@@@name3', 'varchar', null, null, null, null, '档案名称3',0, 'URC',null,null, 'Y', null, 'N', 'Y',200, null, null, 'name3',0,0, 'bd_defdoc', '2018-11-26 14:40:33',0, '2UC000-000556', 'bd_defdoc@@@name',0, 'N' ) 
;insert into md_column ( id, sqldatetype, createtime, creator, defaultvalue, description, displayname, dr, help, incrementseed, incrementstep, isactive, identitied, pkey, nullable, columnlength, modifier, modifytime, name, precise, columnsequence, tableid, ts, versiontype, resid, groupid, columntype, forlocale ) values (  'bd_defdoc@@@name4', 'varchar', null, null, null, null, '档案名称4',0, 'URC',null,null, 'Y', null, 'N', 'Y',200, null, null, 'name4',0,0, 'bd_defdoc', '2018-11-26 14:40:33',0, '2UC000-000556', 'bd_defdoc@@@name',0, 'N' ) 
;insert into md_column ( id, sqldatetype, createtime, creator, defaultvalue, description, displayname, dr, help, incrementseed, incrementstep, isactive, identitied, pkey, nullable, columnlength, modifier, modifytime, name, precise, columnsequence, tableid, ts, versiontype, resid, groupid, columntype, forlocale ) values (  'bd_defdoc@@@name5', 'varchar', null, null, null, null, '档案名称5',0, 'URC',null,null, 'Y', null, 'N', 'Y',200, null, null, 'name5',0,0, 'bd_defdoc', '2018-11-26 14:40:33',0, '2UC000-000556', 'bd_defdoc@@@name',0, 'N' ) 
;insert into md_column ( id, sqldatetype, createtime, creator, defaultvalue, description, displayname, dr, help, incrementseed, incrementstep, isactive, identitied, pkey, nullable, columnlength, modifier, modifytime, name, precise, columnsequence, tableid, ts, versiontype, resid, groupid, columntype, forlocale ) values (  'bd_defdoc@@@name6', 'varchar', null, null, null, null, '档案名称6',0, 'URC',null,null, 'Y', null, 'N', 'Y',200, null, null, 'name6',0,0, 'bd_defdoc', '2018-11-26 14:40:33',0, '2UC000-000556', 'bd_defdoc@@@name',0, 'N' ) 
;insert into md_column ( id, sqldatetype, createtime, creator, defaultvalue, description, displayname, dr, help, incrementseed, incrementstep, isactive, identitied, pkey, nullable, columnlength, modifier, modifytime, name, precise, columnsequence, tableid, ts, versiontype, resid, groupid, columntype, forlocale ) values (  'bd_defdoc@@@shortname2', 'varchar', null, null, null, null, '简称2',0, null,null,null, 'Y', null, 'N', 'Y',200, null, null, 'shortname2',0,0, 'bd_defdoc', '2018-11-26 14:40:33',0, '2UC000-000675', 'bd_defdoc@@@shortname',0, 'N' ) 
;insert into md_column ( id, sqldatetype, createtime, creator, defaultvalue, description, displayname, dr, help, incrementseed, incrementstep, isactive, identitied, pkey, nullable, columnlength, modifier, modifytime, name, precise, columnsequence, tableid, ts, versiontype, resid, groupid, columntype, forlocale ) values (  'bd_defdoc@@@shortname3', 'varchar', null, null, null, null, '简称3',0, null,null,null, 'Y', null, 'N', 'Y',200, null, null, 'shortname3',0,0, 'bd_defdoc', '2018-11-26 14:40:33',0, '2UC000-000675', 'bd_defdoc@@@shortname',0, 'N' ) 
;insert into md_column ( id, sqldatetype, createtime, creator, defaultvalue, description, displayname, dr, help, incrementseed, incrementstep, isactive, identitied, pkey, nullable, columnlength, modifier, modifytime, name, precise, columnsequence, tableid, ts, versiontype, resid, groupid, columntype, forlocale ) values (  'bd_defdoc@@@shortname4', 'varchar', null, null, null, null, '简称4',0, null,null,null, 'Y', null, 'N', 'Y',200, null, null, 'shortname4',0,0, 'bd_defdoc', '2018-11-26 14:40:33',0, '2UC000-000675', 'bd_defdoc@@@shortname',0, 'N' ) 
;insert into md_column ( id, sqldatetype, createtime, creator, defaultvalue, description, displayname, dr, help, incrementseed, incrementstep, isactive, identitied, pkey, nullable, columnlength, modifier, modifytime, name, precise, columnsequence, tableid, ts, versiontype, resid, groupid, columntype, forlocale ) values (  'bd_defdoc@@@shortname5', 'varchar', null, null, null, null, '简称5',0, null,null,null, 'Y', null, 'N', 'Y',200, null, null, 'shortname5',0,0, 'bd_defdoc', '2018-11-26 14:40:33',0, '2UC000-000675', 'bd_defdoc@@@shortname',0, 'N' ) 
;insert into md_column ( id, sqldatetype, createtime, creator, defaultvalue, description, displayname, dr, help, incrementseed, incrementstep, isactive, identitied, pkey, nullable, columnlength, modifier, modifytime, name, precise, columnsequence, tableid, ts, versiontype, resid, groupid, columntype, forlocale ) values (  'bd_defdoc@@@shortname6', 'varchar', null, null, null, null, '简称6',0, null,null,null, 'Y', null, 'N', 'Y',200, null, null, 'shortname6',0,0, 'bd_defdoc', '2018-11-26 14:40:33',0, '2UC000-000675', 'bd_defdoc@@@shortname',0, 'N' ) 
;insert into md_ORMap ( attributeid, classid, columnid, dr, tableid, ts ) values (  '1bae03c5-eca8-11e8-a6ae-2bd0251db2ad', '1001AA1000000000290S', 'bd_defdoc@@@def11',0, 'bd_defdoc', '2018-11-26 14:40:33' ) 
;insert into md_ORMap ( attributeid, classid, columnid, dr, tableid, ts ) values (  '1bae03a6-eca8-11e8-a6ae-2bd0251db2ad', '1001AA1000000000290S', 'bd_defdoc@@@creator',0, 'bd_defdoc', '2018-11-26 14:40:33' ) 
;insert into md_ORMap ( attributeid, classid, columnid, dr, tableid, ts ) values (  '1bae03ca-eca8-11e8-a6ae-2bd0251db2ad', '1001AA1000000000290S', 'bd_defdoc@@@def16',0, 'bd_defdoc', '2018-11-26 14:40:33' ) 
;insert into md_ORMap ( attributeid, classid, columnid, dr, tableid, ts ) values (  '1bae03b9-eca8-11e8-a6ae-2bd0251db2ad', '1001AA1000000000290S', 'bd_defdoc@@@dataoriginflag',0, 'bd_defdoc', '2018-11-26 14:40:33' ) 
;insert into md_ORMap ( attributeid, classid, columnid, dr, tableid, ts ) values (  '1bae03ce-eca8-11e8-a6ae-2bd0251db2ad', '1001AA1000000000290S', 'bd_defdoc@@@def20',0, 'bd_defdoc', '2018-11-26 14:40:33' ) 
;insert into md_ORMap ( attributeid, classid, columnid, dr, tableid, ts ) values (  '1bae03bb-eca8-11e8-a6ae-2bd0251db2ad', '1001AA1000000000290S', 'bd_defdoc@@@def1',0, 'bd_defdoc', '2018-11-26 14:40:33' ) 
;insert into md_ORMap ( attributeid, classid, columnid, dr, tableid, ts ) values (  '1bae03ae-eca8-11e8-a6ae-2bd0251db2ad', '1001AA1000000000290S', 'bd_defdoc@@@modifiedtime',0, 'bd_defdoc', '2018-11-26 14:40:33' ) 
;insert into md_ORMap ( attributeid, classid, columnid, dr, tableid, ts ) values (  '1bae03c4-eca8-11e8-a6ae-2bd0251db2ad', '1001AA1000000000290S', 'bd_defdoc@@@def10',0, 'bd_defdoc', '2018-11-26 14:40:33' ) 
;insert into md_ORMap ( attributeid, classid, columnid, dr, tableid, ts ) values (  '1bae03cc-eca8-11e8-a6ae-2bd0251db2ad', '1001AA1000000000290S', 'bd_defdoc@@@def18',0, 'bd_defdoc', '2018-11-26 14:40:33' ) 
;insert into md_ORMap ( attributeid, classid, columnid, dr, tableid, ts ) values (  '1bae03a5-eca8-11e8-a6ae-2bd0251db2ad', '1001AA1000000000290S', 'bd_defdoc@@@creationtime',0, 'bd_defdoc', '2018-11-26 14:40:33' ) 
;insert into md_ORMap ( attributeid, classid, columnid, dr, tableid, ts ) values (  '1bae03c2-eca8-11e8-a6ae-2bd0251db2ad', '1001AA1000000000290S', 'bd_defdoc@@@def8',0, 'bd_defdoc', '2018-11-26 14:40:33' ) 
;insert into md_ORMap ( attributeid, classid, columnid, dr, tableid, ts ) values (  '1bae03aa-eca8-11e8-a6ae-2bd0251db2ad', '1001AA1000000000290S', 'bd_defdoc@@@memo',0, 'bd_defdoc', '2018-11-26 14:40:33' ) 
;insert into md_ORMap ( attributeid, classid, columnid, dr, tableid, ts ) values (  '1bae03c3-eca8-11e8-a6ae-2bd0251db2ad', '1001AA1000000000290S', 'bd_defdoc@@@def9',0, 'bd_defdoc', '2018-11-26 14:40:33' ) 
;insert into md_ORMap ( attributeid, classid, columnid, dr, tableid, ts ) values (  '1bae03a9-eca8-11e8-a6ae-2bd0251db2ad', '1001AA1000000000290S', 'bd_defdoc@@PK@@',0, 'bd_defdoc', '2018-11-26 14:40:33' ) 
;insert into md_ORMap ( attributeid, classid, columnid, dr, tableid, ts ) values (  '1bae03b7-eca8-11e8-a6ae-2bd0251db2ad', '1001AA1000000000290S', 'bd_defdoc@@@enablestate',0, 'bd_defdoc', '2018-11-26 14:40:33' ) 
;insert into md_ORMap ( attributeid, classid, columnid, dr, tableid, ts ) values (  '1bae03c8-eca8-11e8-a6ae-2bd0251db2ad', '1001AA1000000000290S', 'bd_defdoc@@@def14',0, 'bd_defdoc', '2018-11-26 14:40:33' ) 
;insert into md_ORMap ( attributeid, classid, columnid, dr, tableid, ts ) values (  '1bae03b2-eca8-11e8-a6ae-2bd0251db2ad', '1001AA1000000000290S', 'bd_defdoc@@@pid',0, 'bd_defdoc', '2018-11-26 14:40:33' ) 
;insert into md_ORMap ( attributeid, classid, columnid, dr, tableid, ts ) values (  '1bae03a2-eca8-11e8-a6ae-2bd0251db2ad', '1001AA1000000000290S', 'bd_defdoc@@@code',0, 'bd_defdoc', '2018-11-26 14:40:33' ) 
;insert into md_ORMap ( attributeid, classid, columnid, dr, tableid, ts ) values (  '1bae03c0-eca8-11e8-a6ae-2bd0251db2ad', '1001AA1000000000290S', 'bd_defdoc@@@def6',0, 'bd_defdoc', '2018-11-26 14:40:33' ) 
;insert into md_ORMap ( attributeid, classid, columnid, dr, tableid, ts ) values (  '1bae03cb-eca8-11e8-a6ae-2bd0251db2ad', '1001AA1000000000290S', 'bd_defdoc@@@def17',0, 'bd_defdoc', '2018-11-26 14:40:33' ) 
;insert into md_ORMap ( attributeid, classid, columnid, dr, tableid, ts ) values (  '1bae03c6-eca8-11e8-a6ae-2bd0251db2ad', '1001AA1000000000290S', 'bd_defdoc@@@def12',0, 'bd_defdoc', '2018-11-26 14:40:33' ) 
;insert into md_ORMap ( attributeid, classid, columnid, dr, tableid, ts ) values (  '1bae03b0-eca8-11e8-a6ae-2bd0251db2ad', '1001AA1000000000290S', 'bd_defdoc@@@shortname',0, 'bd_defdoc', '2018-11-26 14:40:33' ) 
;insert into md_ORMap ( attributeid, classid, columnid, dr, tableid, ts ) values (  '1bae03b6-eca8-11e8-a6ae-2bd0251db2ad', '1001AA1000000000290S', 'bd_defdoc@@@pk_org',0, 'bd_defdoc', '2018-11-26 14:40:33' ) 
;insert into md_ORMap ( attributeid, classid, columnid, dr, tableid, ts ) values (  '1bae03ba-eca8-11e8-a6ae-2bd0251db2ad', '1001AA1000000000290S', 'bd_defdoc@@@datatype',0, 'bd_defdoc', '2018-11-26 14:40:33' ) 
;insert into md_ORMap ( attributeid, classid, columnid, dr, tableid, ts ) values (  '1bae03cd-eca8-11e8-a6ae-2bd0251db2ad', '1001AA1000000000290S', 'bd_defdoc@@@def19',0, 'bd_defdoc', '2018-11-26 14:40:33' ) 
;insert into md_ORMap ( attributeid, classid, columnid, dr, tableid, ts ) values (  '1bae03c9-eca8-11e8-a6ae-2bd0251db2ad', '1001AA1000000000290S', 'bd_defdoc@@@def15',0, 'bd_defdoc', '2018-11-26 14:40:33' ) 
;insert into md_ORMap ( attributeid, classid, columnid, dr, tableid, ts ) values (  '1bae03be-eca8-11e8-a6ae-2bd0251db2ad', '1001AA1000000000290S', 'bd_defdoc@@@def4',0, 'bd_defdoc', '2018-11-26 14:40:33' ) 
;insert into md_ORMap ( attributeid, classid, columnid, dr, tableid, ts ) values (  '1bae03ab-eca8-11e8-a6ae-2bd0251db2ad', '1001AA1000000000290S', 'bd_defdoc@@@mnecode',0, 'bd_defdoc', '2018-11-26 14:40:33' ) 
;insert into md_ORMap ( attributeid, classid, columnid, dr, tableid, ts ) values (  '1bae03c7-eca8-11e8-a6ae-2bd0251db2ad', '1001AA1000000000290S', 'bd_defdoc@@@def13',0, 'bd_defdoc', '2018-11-26 14:40:33' ) 
;insert into md_ORMap ( attributeid, classid, columnid, dr, tableid, ts ) values (  '1bae03a8-eca8-11e8-a6ae-2bd0251db2ad', '1001AA1000000000290S', 'bd_defdoc@@@innercode',0, 'bd_defdoc', '2018-11-26 14:40:33' ) 
;insert into md_ORMap ( attributeid, classid, columnid, dr, tableid, ts ) values (  '1bae03b4-eca8-11e8-a6ae-2bd0251db2ad', '1001AA1000000000290S', 'bd_defdoc@@@pk_defdoclist',0, 'bd_defdoc', '2018-11-26 14:40:33' ) 
;insert into md_ORMap ( attributeid, classid, columnid, dr, tableid, ts ) values (  '1bae03af-eca8-11e8-a6ae-2bd0251db2ad', '1001AA1000000000290S', 'bd_defdoc@@@name',0, 'bd_defdoc', '2018-11-26 14:40:33' ) 
;insert into md_ORMap ( attributeid, classid, columnid, dr, tableid, ts ) values (  '1bae03bc-eca8-11e8-a6ae-2bd0251db2ad', '1001AA1000000000290S', 'bd_defdoc@@@def2',0, 'bd_defdoc', '2018-11-26 14:40:33' ) 
;insert into md_ORMap ( attributeid, classid, columnid, dr, tableid, ts ) values (  '1bae03bd-eca8-11e8-a6ae-2bd0251db2ad', '1001AA1000000000290S', 'bd_defdoc@@@def3',0, 'bd_defdoc', '2018-11-26 14:40:33' ) 
;insert into md_ORMap ( attributeid, classid, columnid, dr, tableid, ts ) values (  '1bae03bf-eca8-11e8-a6ae-2bd0251db2ad', '1001AA1000000000290S', 'bd_defdoc@@@def5',0, 'bd_defdoc', '2018-11-26 14:40:33' ) 
;insert into md_ORMap ( attributeid, classid, columnid, dr, tableid, ts ) values (  '1bae03b5-eca8-11e8-a6ae-2bd0251db2ad', '1001AA1000000000290S', 'bd_defdoc@@@pk_group',0, 'bd_defdoc', '2018-11-26 14:40:33' ) 
;insert into md_ORMap ( attributeid, classid, columnid, dr, tableid, ts ) values (  '1bae03ac-eca8-11e8-a6ae-2bd0251db2ad', '1001AA1000000000290S', 'bd_defdoc@@@modifier',0, 'bd_defdoc', '2018-11-26 14:40:33' ) 
;insert into md_ORMap ( attributeid, classid, columnid, dr, tableid, ts ) values (  '1bae03c1-eca8-11e8-a6ae-2bd0251db2ad', '1001AA1000000000290S', 'bd_defdoc@@@def7',0, 'bd_defdoc', '2018-11-26 14:40:33' );



delete md_busiop where ( componentid in ('c566aed2-e660-11e8-8985-5f606a994521') and (dr=0 or dr is null) );

delete md_component where ( id='c566aed2-e660-11e8-8985-5f606a994521' and (versiontype='0') and (dr=0 or dr is null) );


insert into md_component(createtime,creator,description,displayname,dr,fromsourcebmf,help,id,industry,isbizmodel,modifier,modifytime,name,namespace,ownmodule,preload,resid,resmodule,ts,version,versiontype) values( '2018-11-12 17:53:13',null,null,'产品系列(自定义档案)业务操作',null,'Y',null,'c566aed2-e660-11e8-8985-5f606a994521','0','Y',null,'2018-11-12 17:53:13','bo_Defdoc-C0J00102','uap','uapbd',null,null,'bo_Defdoc-C0J00102','2018-11-12 17:53:13','1',0);


insert into md_busiop(authorizable,componentid,createtime,creator,description,displayname,dr,help,id,industry,isbusiactivity,logtype,modifier,modifytime,name,needlog,ownertype,parentid,resid,ts,versiontype) values( 'Y','c566aed2-e660-11e8-8985-5f606a994521','2018-11-12 17:53:13',null,null,'修改',null,null,'c566aed6-e660-11e8-8985-5f606a994521','0','N','MODIFY',null,'2018-11-12 17:53:13','edit','Y','1001AA100000000001H7',null,'2UC000-001103','2018-11-12 17:53:13',0);
insert into md_busiop(authorizable,componentid,createtime,creator,description,displayname,dr,help,id,industry,isbusiactivity,logtype,modifier,modifytime,name,needlog,ownertype,parentid,resid,ts,versiontype) values( 'Y','c566aed2-e660-11e8-8985-5f606a994521','2018-11-12 17:53:13',null,null,'删除',null,null,'c566aed4-e660-11e8-8985-5f606a994521','0','N','DELETE',null,'2018-11-12 17:53:13','delete','Y','1001AA100000000001H7',null,'2UC000-001104','2018-11-12 17:53:13',0);
insert into md_busiop(authorizable,componentid,createtime,creator,description,displayname,dr,help,id,industry,isbusiactivity,logtype,modifier,modifytime,name,needlog,ownertype,parentid,resid,ts,versiontype) values( 'Y','c566aed2-e660-11e8-8985-5f606a994521','2018-11-12 17:53:13',null,null,'启用',null,null,'c566aed7-e660-11e8-8985-5f606a994521','0','N','MODIFY',null,'2018-11-12 17:53:13','enable','Y','1001AA100000000001H7',null,'2UC000-001105','2018-11-12 17:53:13',0);
insert into md_busiop(authorizable,componentid,createtime,creator,description,displayname,dr,help,id,industry,isbusiactivity,logtype,modifier,modifytime,name,needlog,ownertype,parentid,resid,ts,versiontype) values( 'Y','c566aed2-e660-11e8-8985-5f606a994521','2018-11-12 17:53:13',null,null,'停用',null,null,'c566aed5-e660-11e8-8985-5f606a994521','0','N','MODIFY',null,'2018-11-12 17:53:13','disable','Y','1001AA100000000001H7',null,'2UC000-001106','2018-11-12 17:53:13',0);
insert into md_busiop(authorizable,componentid,createtime,creator,description,displayname,dr,help,id,industry,isbusiactivity,logtype,modifier,modifytime,name,needlog,ownertype,parentid,resid,ts,versiontype) values( 'Y','c566aed2-e660-11e8-8985-5f606a994521','2018-11-12 17:53:13',null,null,'新增',null,null,'c566aed3-e660-11e8-8985-5f606a994521','0','N','ADD',null,'2018-11-12 17:53:13','add','Y','1001AA100000000001H7',null,'2UC000-001114','2018-11-12 17:53:13',0);

delete md_busiop where ( componentid in ('f9c4e736-e660-11e8-8985-5f606a994521') and (dr=0 or dr is null) );

delete md_component where ( id='f9c4e736-e660-11e8-8985-5f606a994521' and (versiontype='0') and (dr=0 or dr is null) );


insert into md_component(createtime,creator,description,displayname,dr,fromsourcebmf,help,id,industry,isbizmodel,modifier,modifytime,name,namespace,ownmodule,preload,resid,resmodule,ts,version,versiontype) values( '2018-11-12 17:54:41',null,null,'样品组别(自定义档案)业务操作',null,'Y',null,'f9c4e736-e660-11e8-8985-5f606a994521','0','Y',null,'2018-11-12 17:54:41','bo_Defdoc-C0J00105','uap','uapbd',null,null,'bo_Defdoc-C0J00105','2018-11-12 17:54:41','1',0);


insert into md_busiop(authorizable,componentid,createtime,creator,description,displayname,dr,help,id,industry,isbusiactivity,logtype,modifier,modifytime,name,needlog,ownertype,parentid,resid,ts,versiontype) values( 'Y','f9c4e736-e660-11e8-8985-5f606a994521','2018-11-12 17:54:41',null,null,'修改',null,null,'f9c4e73a-e660-11e8-8985-5f606a994521','0','N','MODIFY',null,'2018-11-12 17:54:41','edit','Y','1001AA100000000001IG',null,'2UC000-001103','2018-11-12 17:54:41',0);
insert into md_busiop(authorizable,componentid,createtime,creator,description,displayname,dr,help,id,industry,isbusiactivity,logtype,modifier,modifytime,name,needlog,ownertype,parentid,resid,ts,versiontype) values( 'Y','f9c4e736-e660-11e8-8985-5f606a994521','2018-11-12 17:54:41',null,null,'删除',null,null,'f9c4e738-e660-11e8-8985-5f606a994521','0','N','DELETE',null,'2018-11-12 17:54:41','delete','Y','1001AA100000000001IG',null,'2UC000-001104','2018-11-12 17:54:41',0);
insert into md_busiop(authorizable,componentid,createtime,creator,description,displayname,dr,help,id,industry,isbusiactivity,logtype,modifier,modifytime,name,needlog,ownertype,parentid,resid,ts,versiontype) values( 'Y','f9c4e736-e660-11e8-8985-5f606a994521','2018-11-12 17:54:41',null,null,'启用',null,null,'f9c4e73b-e660-11e8-8985-5f606a994521','0','N','MODIFY',null,'2018-11-12 17:54:41','enable','Y','1001AA100000000001IG',null,'2UC000-001105','2018-11-12 17:54:41',0);
insert into md_busiop(authorizable,componentid,createtime,creator,description,displayname,dr,help,id,industry,isbusiactivity,logtype,modifier,modifytime,name,needlog,ownertype,parentid,resid,ts,versiontype) values( 'Y','f9c4e736-e660-11e8-8985-5f606a994521','2018-11-12 17:54:41',null,null,'停用',null,null,'f9c4e739-e660-11e8-8985-5f606a994521','0','N','MODIFY',null,'2018-11-12 17:54:41','disable','Y','1001AA100000000001IG',null,'2UC000-001106','2018-11-12 17:54:41',0);
insert into md_busiop(authorizable,componentid,createtime,creator,description,displayname,dr,help,id,industry,isbusiactivity,logtype,modifier,modifytime,name,needlog,ownertype,parentid,resid,ts,versiontype) values( 'Y','f9c4e736-e660-11e8-8985-5f606a994521','2018-11-12 17:54:41',null,null,'新增',null,null,'f9c4e737-e660-11e8-8985-5f606a994521','0','N','ADD',null,'2018-11-12 17:54:41','add','Y','1001AA100000000001IG',null,'2UC000-001114','2018-11-12 17:54:41',0);

delete md_busiop where ( componentid in ('0cfca48a-e661-11e8-8985-5f606a994521') and (dr=0 or dr is null) );

delete md_component where ( id='0cfca48a-e661-11e8-8985-5f606a994521' and (versiontype='0') and (dr=0 or dr is null) );


insert into md_component(createtime,creator,description,displayname,dr,fromsourcebmf,help,id,industry,isbizmodel,modifier,modifytime,name,namespace,ownmodule,preload,resid,resmodule,ts,version,versiontype) values( '2018-11-12 17:55:13',null,null,'测试温度(自定义档案)业务操作',null,'Y',null,'0cfca48a-e661-11e8-8985-5f606a994521','0','Y',null,'2018-11-12 17:55:13','bo_Defdoc-C0J00107','uap','uapbd',null,null,'bo_Defdoc-C0J00107','2018-11-12 17:55:14','1',0);


insert into md_busiop(authorizable,componentid,createtime,creator,description,displayname,dr,help,id,industry,isbusiactivity,logtype,modifier,modifytime,name,needlog,ownertype,parentid,resid,ts,versiontype) values( 'Y','0cfca48a-e661-11e8-8985-5f606a994521','2018-11-12 17:55:13',null,null,'修改',null,null,'0cfca48e-e661-11e8-8985-5f606a994521','0','N','MODIFY',null,'2018-11-12 17:55:13','edit','Y','1001AA100000000001JP',null,'2UC000-001103','2018-11-12 17:55:14',0);
insert into md_busiop(authorizable,componentid,createtime,creator,description,displayname,dr,help,id,industry,isbusiactivity,logtype,modifier,modifytime,name,needlog,ownertype,parentid,resid,ts,versiontype) values( 'Y','0cfca48a-e661-11e8-8985-5f606a994521','2018-11-12 17:55:13',null,null,'删除',null,null,'0cfca48c-e661-11e8-8985-5f606a994521','0','N','DELETE',null,'2018-11-12 17:55:13','delete','Y','1001AA100000000001JP',null,'2UC000-001104','2018-11-12 17:55:14',0);
insert into md_busiop(authorizable,componentid,createtime,creator,description,displayname,dr,help,id,industry,isbusiactivity,logtype,modifier,modifytime,name,needlog,ownertype,parentid,resid,ts,versiontype) values( 'Y','0cfca48a-e661-11e8-8985-5f606a994521','2018-11-12 17:55:13',null,null,'启用',null,null,'0cfca48f-e661-11e8-8985-5f606a994521','0','N','MODIFY',null,'2018-11-12 17:55:13','enable','Y','1001AA100000000001JP',null,'2UC000-001105','2018-11-12 17:55:14',0);
insert into md_busiop(authorizable,componentid,createtime,creator,description,displayname,dr,help,id,industry,isbusiactivity,logtype,modifier,modifytime,name,needlog,ownertype,parentid,resid,ts,versiontype) values( 'Y','0cfca48a-e661-11e8-8985-5f606a994521','2018-11-12 17:55:13',null,null,'停用',null,null,'0cfca48d-e661-11e8-8985-5f606a994521','0','N','MODIFY',null,'2018-11-12 17:55:13','disable','Y','1001AA100000000001JP',null,'2UC000-001106','2018-11-12 17:55:14',0);
insert into md_busiop(authorizable,componentid,createtime,creator,description,displayname,dr,help,id,industry,isbusiactivity,logtype,modifier,modifytime,name,needlog,ownertype,parentid,resid,ts,versiontype) values( 'Y','0cfca48a-e661-11e8-8985-5f606a994521','2018-11-12 17:55:13',null,null,'新增',null,null,'0cfca48b-e661-11e8-8985-5f606a994521','0','N','ADD',null,'2018-11-12 17:55:13','add','Y','1001AA100000000001JP',null,'2UC000-001114','2018-11-12 17:55:14',0);

delete md_busiop where ( componentid in ('1a3afe6e-e661-11e8-8985-5f606a994521') and (dr=0 or dr is null) );

delete md_component where ( id='1a3afe6e-e661-11e8-8985-5f606a994521' and (versiontype='0') and (dr=0 or dr is null) );


insert into md_component(createtime,creator,description,displayname,dr,fromsourcebmf,help,id,industry,isbizmodel,modifier,modifytime,name,namespace,ownmodule,preload,resid,resmodule,ts,version,versiontype) values( '2018-11-12 17:55:36',null,null,'制造商(自定义档案)业务操作',null,'Y',null,'1a3afe6e-e661-11e8-8985-5f606a994521','0','Y',null,'2018-11-12 17:55:36','bo_Defdoc-C0J00109','uap','uapbd',null,null,'bo_Defdoc-C0J00109','2018-11-12 17:55:36','1',0);


insert into md_busiop(authorizable,componentid,createtime,creator,description,displayname,dr,help,id,industry,isbusiactivity,logtype,modifier,modifytime,name,needlog,ownertype,parentid,resid,ts,versiontype) values( 'Y','1a3afe6e-e661-11e8-8985-5f606a994521','2018-11-12 17:55:36',null,null,'修改',null,null,'1a3afe72-e661-11e8-8985-5f606a994521','0','N','MODIFY',null,'2018-11-12 17:55:36','edit','Y','1001AA100000000001KY',null,'2UC000-001103','2018-11-12 17:55:36',0);
insert into md_busiop(authorizable,componentid,createtime,creator,description,displayname,dr,help,id,industry,isbusiactivity,logtype,modifier,modifytime,name,needlog,ownertype,parentid,resid,ts,versiontype) values( 'Y','1a3afe6e-e661-11e8-8985-5f606a994521','2018-11-12 17:55:36',null,null,'删除',null,null,'1a3afe70-e661-11e8-8985-5f606a994521','0','N','DELETE',null,'2018-11-12 17:55:36','delete','Y','1001AA100000000001KY',null,'2UC000-001104','2018-11-12 17:55:36',0);
insert into md_busiop(authorizable,componentid,createtime,creator,description,displayname,dr,help,id,industry,isbusiactivity,logtype,modifier,modifytime,name,needlog,ownertype,parentid,resid,ts,versiontype) values( 'Y','1a3afe6e-e661-11e8-8985-5f606a994521','2018-11-12 17:55:36',null,null,'启用',null,null,'1a3afe73-e661-11e8-8985-5f606a994521','0','N','MODIFY',null,'2018-11-12 17:55:36','enable','Y','1001AA100000000001KY',null,'2UC000-001105','2018-11-12 17:55:36',0);
insert into md_busiop(authorizable,componentid,createtime,creator,description,displayname,dr,help,id,industry,isbusiactivity,logtype,modifier,modifytime,name,needlog,ownertype,parentid,resid,ts,versiontype) values( 'Y','1a3afe6e-e661-11e8-8985-5f606a994521','2018-11-12 17:55:36',null,null,'停用',null,null,'1a3afe71-e661-11e8-8985-5f606a994521','0','N','MODIFY',null,'2018-11-12 17:55:36','disable','Y','1001AA100000000001KY',null,'2UC000-001106','2018-11-12 17:55:36',0);
insert into md_busiop(authorizable,componentid,createtime,creator,description,displayname,dr,help,id,industry,isbusiactivity,logtype,modifier,modifytime,name,needlog,ownertype,parentid,resid,ts,versiontype) values( 'Y','1a3afe6e-e661-11e8-8985-5f606a994521','2018-11-12 17:55:36',null,null,'新增',null,null,'1a3afe6f-e661-11e8-8985-5f606a994521','0','N','ADD',null,'2018-11-12 17:55:36','add','Y','1001AA100000000001KY',null,'2UC000-001114','2018-11-12 17:55:36',0);

delete md_busiop where ( componentid in ('27967d42-e661-11e8-8985-5f606a994521') and (dr=0 or dr is null) );

delete md_component where ( id='27967d42-e661-11e8-8985-5f606a994521' and (versiontype='0') and (dr=0 or dr is null) );


insert into md_component(createtime,creator,description,displayname,dr,fromsourcebmf,help,id,industry,isbizmodel,modifier,modifytime,name,namespace,ownmodule,preload,resid,resmodule,ts,version,versiontype) values( '2018-11-12 17:55:58',null,null,'触点牌号(自定义档案)业务操作',null,'Y',null,'27967d42-e661-11e8-8985-5f606a994521','0','Y',null,'2018-11-12 17:55:58','bo_Defdoc-C0J00110','uap','uapbd',null,null,'bo_Defdoc-C0J00110','2018-11-12 17:55:58','1',0);


insert into md_busiop(authorizable,componentid,createtime,creator,description,displayname,dr,help,id,industry,isbusiactivity,logtype,modifier,modifytime,name,needlog,ownertype,parentid,resid,ts,versiontype) values( 'Y','27967d42-e661-11e8-8985-5f606a994521','2018-11-12 17:55:58',null,null,'修改',null,null,'27967d46-e661-11e8-8985-5f606a994521','0','N','MODIFY',null,'2018-11-12 17:55:58','edit','Y','1001AA100000000001M7',null,'2UC000-001103','2018-11-12 17:55:58',0);
insert into md_busiop(authorizable,componentid,createtime,creator,description,displayname,dr,help,id,industry,isbusiactivity,logtype,modifier,modifytime,name,needlog,ownertype,parentid,resid,ts,versiontype) values( 'Y','27967d42-e661-11e8-8985-5f606a994521','2018-11-12 17:55:58',null,null,'删除',null,null,'27967d44-e661-11e8-8985-5f606a994521','0','N','DELETE',null,'2018-11-12 17:55:58','delete','Y','1001AA100000000001M7',null,'2UC000-001104','2018-11-12 17:55:58',0);
insert into md_busiop(authorizable,componentid,createtime,creator,description,displayname,dr,help,id,industry,isbusiactivity,logtype,modifier,modifytime,name,needlog,ownertype,parentid,resid,ts,versiontype) values( 'Y','27967d42-e661-11e8-8985-5f606a994521','2018-11-12 17:55:58',null,null,'启用',null,null,'27967d47-e661-11e8-8985-5f606a994521','0','N','MODIFY',null,'2018-11-12 17:55:58','enable','Y','1001AA100000000001M7',null,'2UC000-001105','2018-11-12 17:55:58',0);
insert into md_busiop(authorizable,componentid,createtime,creator,description,displayname,dr,help,id,industry,isbusiactivity,logtype,modifier,modifytime,name,needlog,ownertype,parentid,resid,ts,versiontype) values( 'Y','27967d42-e661-11e8-8985-5f606a994521','2018-11-12 17:55:58',null,null,'停用',null,null,'27967d45-e661-11e8-8985-5f606a994521','0','N','MODIFY',null,'2018-11-12 17:55:58','disable','Y','1001AA100000000001M7',null,'2UC000-001106','2018-11-12 17:55:58',0);
insert into md_busiop(authorizable,componentid,createtime,creator,description,displayname,dr,help,id,industry,isbusiactivity,logtype,modifier,modifytime,name,needlog,ownertype,parentid,resid,ts,versiontype) values( 'Y','27967d42-e661-11e8-8985-5f606a994521','2018-11-12 17:55:58',null,null,'新增',null,null,'27967d43-e661-11e8-8985-5f606a994521','0','N','ADD',null,'2018-11-12 17:55:58','add','Y','1001AA100000000001M7',null,'2UC000-001114','2018-11-12 17:55:58',0);

delete md_busiop where ( componentid in ('b4bad3a6-ea3c-11e8-a9bb-d5565d1ec044') and (dr=0 or dr is null) );

delete md_component where ( id='b4bad3a6-ea3c-11e8-a9bb-d5565d1ec044' and (versiontype='0') and (dr=0 or dr is null) );


insert into md_component(createtime,creator,description,displayname,dr,fromsourcebmf,help,id,industry,isbizmodel,modifier,modifytime,name,namespace,ownmodule,preload,resid,resmodule,ts,version,versiontype) values( '2018-11-17 15:45:08',null,null,'客户类型(自定义档案)业务操作',null,'Y',null,'b4bad3a6-ea3c-11e8-a9bb-d5565d1ec044','0','Y',null,'2018-11-17 15:45:08','bo_Defdoc-C0J00113','uap','uapbd',null,null,'bo_Defdoc-C0J00113','2018-11-17 15:45:08','1',0);


insert into md_busiop(authorizable,componentid,createtime,creator,description,displayname,dr,help,id,industry,isbusiactivity,logtype,modifier,modifytime,name,needlog,ownertype,parentid,resid,ts,versiontype) values( 'Y','b4bad3a6-ea3c-11e8-a9bb-d5565d1ec044','2018-11-17 15:45:08',null,null,'修改',null,null,'b4bad3aa-ea3c-11e8-a9bb-d5565d1ec044','0','N','MODIFY',null,'2018-11-17 15:45:08','edit','Y','1001AA10000000000NXB',null,'2UC000-001103','2018-11-17 15:45:08',0);
insert into md_busiop(authorizable,componentid,createtime,creator,description,displayname,dr,help,id,industry,isbusiactivity,logtype,modifier,modifytime,name,needlog,ownertype,parentid,resid,ts,versiontype) values( 'Y','b4bad3a6-ea3c-11e8-a9bb-d5565d1ec044','2018-11-17 15:45:08',null,null,'删除',null,null,'b4bad3a8-ea3c-11e8-a9bb-d5565d1ec044','0','N','DELETE',null,'2018-11-17 15:45:08','delete','Y','1001AA10000000000NXB',null,'2UC000-001104','2018-11-17 15:45:08',0);
insert into md_busiop(authorizable,componentid,createtime,creator,description,displayname,dr,help,id,industry,isbusiactivity,logtype,modifier,modifytime,name,needlog,ownertype,parentid,resid,ts,versiontype) values( 'Y','b4bad3a6-ea3c-11e8-a9bb-d5565d1ec044','2018-11-17 15:45:08',null,null,'启用',null,null,'b4bafabb-ea3c-11e8-a9bb-d5565d1ec044','0','N','MODIFY',null,'2018-11-17 15:45:08','enable','Y','1001AA10000000000NXB',null,'2UC000-001105','2018-11-17 15:45:08',0);
insert into md_busiop(authorizable,componentid,createtime,creator,description,displayname,dr,help,id,industry,isbusiactivity,logtype,modifier,modifytime,name,needlog,ownertype,parentid,resid,ts,versiontype) values( 'Y','b4bad3a6-ea3c-11e8-a9bb-d5565d1ec044','2018-11-17 15:45:08',null,null,'停用',null,null,'b4bad3a9-ea3c-11e8-a9bb-d5565d1ec044','0','N','MODIFY',null,'2018-11-17 15:45:08','disable','Y','1001AA10000000000NXB',null,'2UC000-001106','2018-11-17 15:45:08',0);
insert into md_busiop(authorizable,componentid,createtime,creator,description,displayname,dr,help,id,industry,isbusiactivity,logtype,modifier,modifytime,name,needlog,ownertype,parentid,resid,ts,versiontype) values( 'Y','b4bad3a6-ea3c-11e8-a9bb-d5565d1ec044','2018-11-17 15:45:08',null,null,'新增',null,null,'b4bad3a7-ea3c-11e8-a9bb-d5565d1ec044','0','N','ADD',null,'2018-11-17 15:45:08','add','Y','1001AA10000000000NXB',null,'2UC000-001114','2018-11-17 15:45:08',0);

delete md_busiop where ( componentid in ('c25a866a-ea3c-11e8-a9bb-d5565d1ec044') and (dr=0 or dr is null) );

delete md_component where ( id='c25a866a-ea3c-11e8-a9bb-d5565d1ec044' and (versiontype='0') and (dr=0 or dr is null) );


insert into md_component(createtime,creator,description,displayname,dr,fromsourcebmf,help,id,industry,isbizmodel,modifier,modifytime,name,namespace,ownmodule,preload,resid,resmodule,ts,version,versiontype) values( '2018-11-17 15:45:31',null,null,'认证类型(自定义档案)业务操作',null,'Y',null,'c25a866a-ea3c-11e8-a9bb-d5565d1ec044','0','Y',null,'2018-11-17 15:45:31','bo_Defdoc-C0J00114','uap','uapbd',null,null,'bo_Defdoc-C0J00114','2018-11-17 15:45:31','1',0);


insert into md_busiop(authorizable,componentid,createtime,creator,description,displayname,dr,help,id,industry,isbusiactivity,logtype,modifier,modifytime,name,needlog,ownertype,parentid,resid,ts,versiontype) values( 'Y','c25a866a-ea3c-11e8-a9bb-d5565d1ec044','2018-11-17 15:45:31',null,null,'修改',null,null,'c25a866e-ea3c-11e8-a9bb-d5565d1ec044','0','N','MODIFY',null,'2018-11-17 15:45:31','edit','Y','1001AA10000000000NYK',null,'2UC000-001103','2018-11-17 15:45:31',0);
insert into md_busiop(authorizable,componentid,createtime,creator,description,displayname,dr,help,id,industry,isbusiactivity,logtype,modifier,modifytime,name,needlog,ownertype,parentid,resid,ts,versiontype) values( 'Y','c25a866a-ea3c-11e8-a9bb-d5565d1ec044','2018-11-17 15:45:31',null,null,'删除',null,null,'c25a866c-ea3c-11e8-a9bb-d5565d1ec044','0','N','DELETE',null,'2018-11-17 15:45:31','delete','Y','1001AA10000000000NYK',null,'2UC000-001104','2018-11-17 15:45:31',0);
insert into md_busiop(authorizable,componentid,createtime,creator,description,displayname,dr,help,id,industry,isbusiactivity,logtype,modifier,modifytime,name,needlog,ownertype,parentid,resid,ts,versiontype) values( 'Y','c25a866a-ea3c-11e8-a9bb-d5565d1ec044','2018-11-17 15:45:31',null,null,'启用',null,null,'c25a866f-ea3c-11e8-a9bb-d5565d1ec044','0','N','MODIFY',null,'2018-11-17 15:45:31','enable','Y','1001AA10000000000NYK',null,'2UC000-001105','2018-11-17 15:45:31',0);
insert into md_busiop(authorizable,componentid,createtime,creator,description,displayname,dr,help,id,industry,isbusiactivity,logtype,modifier,modifytime,name,needlog,ownertype,parentid,resid,ts,versiontype) values( 'Y','c25a866a-ea3c-11e8-a9bb-d5565d1ec044','2018-11-17 15:45:31',null,null,'停用',null,null,'c25a866d-ea3c-11e8-a9bb-d5565d1ec044','0','N','MODIFY',null,'2018-11-17 15:45:31','disable','Y','1001AA10000000000NYK',null,'2UC000-001106','2018-11-17 15:45:31',0);
insert into md_busiop(authorizable,componentid,createtime,creator,description,displayname,dr,help,id,industry,isbusiactivity,logtype,modifier,modifytime,name,needlog,ownertype,parentid,resid,ts,versiontype) values( 'Y','c25a866a-ea3c-11e8-a9bb-d5565d1ec044','2018-11-17 15:45:31',null,null,'新增',null,null,'c25a866b-ea3c-11e8-a9bb-d5565d1ec044','0','N','ADD',null,'2018-11-17 15:45:31','add','Y','1001AA10000000000NYK',null,'2UC000-001114','2018-11-17 15:45:31',0);

delete md_busiop where ( componentid in ('cfed68ee-ea3c-11e8-a9bb-d5565d1ec044') and (dr=0 or dr is null) );

delete md_component where ( id='cfed68ee-ea3c-11e8-a9bb-d5565d1ec044' and (versiontype='0') and (dr=0 or dr is null) );


insert into md_component(createtime,creator,description,displayname,dr,fromsourcebmf,help,id,industry,isbizmodel,modifier,modifytime,name,namespace,ownmodule,preload,resid,resmodule,ts,version,versiontype) values( '2018-11-17 15:45:54',null,null,'检测性质(自定义档案)业务操作',null,'Y',null,'cfed68ee-ea3c-11e8-a9bb-d5565d1ec044','0','Y',null,'2018-11-17 15:45:54','bo_Defdoc-C0J00115','uap','uapbd',null,null,'bo_Defdoc-C0J00115','2018-11-17 15:45:54','1',0);


insert into md_busiop(authorizable,componentid,createtime,creator,description,displayname,dr,help,id,industry,isbusiactivity,logtype,modifier,modifytime,name,needlog,ownertype,parentid,resid,ts,versiontype) values( 'Y','cfed68ee-ea3c-11e8-a9bb-d5565d1ec044','2018-11-17 15:45:54',null,null,'修改',null,null,'cfed68f2-ea3c-11e8-a9bb-d5565d1ec044','0','N','MODIFY',null,'2018-11-17 15:45:54','edit','Y','1001AA10000000000NZT',null,'2UC000-001103','2018-11-17 15:45:54',0);
insert into md_busiop(authorizable,componentid,createtime,creator,description,displayname,dr,help,id,industry,isbusiactivity,logtype,modifier,modifytime,name,needlog,ownertype,parentid,resid,ts,versiontype) values( 'Y','cfed68ee-ea3c-11e8-a9bb-d5565d1ec044','2018-11-17 15:45:54',null,null,'删除',null,null,'cfed68f0-ea3c-11e8-a9bb-d5565d1ec044','0','N','DELETE',null,'2018-11-17 15:45:54','delete','Y','1001AA10000000000NZT',null,'2UC000-001104','2018-11-17 15:45:54',0);
insert into md_busiop(authorizable,componentid,createtime,creator,description,displayname,dr,help,id,industry,isbusiactivity,logtype,modifier,modifytime,name,needlog,ownertype,parentid,resid,ts,versiontype) values( 'Y','cfed68ee-ea3c-11e8-a9bb-d5565d1ec044','2018-11-17 15:45:54',null,null,'启用',null,null,'cfed68f3-ea3c-11e8-a9bb-d5565d1ec044','0','N','MODIFY',null,'2018-11-17 15:45:54','enable','Y','1001AA10000000000NZT',null,'2UC000-001105','2018-11-17 15:45:54',0);
insert into md_busiop(authorizable,componentid,createtime,creator,description,displayname,dr,help,id,industry,isbusiactivity,logtype,modifier,modifytime,name,needlog,ownertype,parentid,resid,ts,versiontype) values( 'Y','cfed68ee-ea3c-11e8-a9bb-d5565d1ec044','2018-11-17 15:45:54',null,null,'停用',null,null,'cfed68f1-ea3c-11e8-a9bb-d5565d1ec044','0','N','MODIFY',null,'2018-11-17 15:45:54','disable','Y','1001AA10000000000NZT',null,'2UC000-001106','2018-11-17 15:45:54',0);
insert into md_busiop(authorizable,componentid,createtime,creator,description,displayname,dr,help,id,industry,isbusiactivity,logtype,modifier,modifytime,name,needlog,ownertype,parentid,resid,ts,versiontype) values( 'Y','cfed68ee-ea3c-11e8-a9bb-d5565d1ec044','2018-11-17 15:45:54',null,null,'新增',null,null,'cfed68ef-ea3c-11e8-a9bb-d5565d1ec044','0','N','ADD',null,'2018-11-17 15:45:54','add','Y','1001AA10000000000NZT',null,'2UC000-001114','2018-11-17 15:45:54',0);

delete md_busiop where ( componentid in ('dba98fa2-ea3c-11e8-a9bb-d5565d1ec044') and (dr=0 or dr is null) );

delete md_component where ( id='dba98fa2-ea3c-11e8-a9bb-d5565d1ec044' and (versiontype='0') and (dr=0 or dr is null) );


insert into md_component(createtime,creator,description,displayname,dr,fromsourcebmf,help,id,industry,isbizmodel,modifier,modifytime,name,namespace,ownmodule,preload,resid,resmodule,ts,version,versiontype) values( '2018-11-17 15:46:13',null,null,'分析类型(自定义档案)业务操作',null,'Y',null,'dba98fa2-ea3c-11e8-a9bb-d5565d1ec044','0','Y',null,'2018-11-17 15:46:13','bo_Defdoc-C0J00116','uap','uapbd',null,null,'bo_Defdoc-C0J00116','2018-11-17 15:46:14','1',0);


insert into md_busiop(authorizable,componentid,createtime,creator,description,displayname,dr,help,id,industry,isbusiactivity,logtype,modifier,modifytime,name,needlog,ownertype,parentid,resid,ts,versiontype) values( 'Y','dba98fa2-ea3c-11e8-a9bb-d5565d1ec044','2018-11-17 15:46:13',null,null,'修改',null,null,'dba98fa6-ea3c-11e8-a9bb-d5565d1ec044','0','N','MODIFY',null,'2018-11-17 15:46:13','edit','Y','1001AA10000000000O12',null,'2UC000-001103','2018-11-17 15:46:14',0);
insert into md_busiop(authorizable,componentid,createtime,creator,description,displayname,dr,help,id,industry,isbusiactivity,logtype,modifier,modifytime,name,needlog,ownertype,parentid,resid,ts,versiontype) values( 'Y','dba98fa2-ea3c-11e8-a9bb-d5565d1ec044','2018-11-17 15:46:13',null,null,'删除',null,null,'dba98fa4-ea3c-11e8-a9bb-d5565d1ec044','0','N','DELETE',null,'2018-11-17 15:46:13','delete','Y','1001AA10000000000O12',null,'2UC000-001104','2018-11-17 15:46:14',0);
insert into md_busiop(authorizable,componentid,createtime,creator,description,displayname,dr,help,id,industry,isbusiactivity,logtype,modifier,modifytime,name,needlog,ownertype,parentid,resid,ts,versiontype) values( 'Y','dba98fa2-ea3c-11e8-a9bb-d5565d1ec044','2018-11-17 15:46:13',null,null,'启用',null,null,'dba98fa7-ea3c-11e8-a9bb-d5565d1ec044','0','N','MODIFY',null,'2018-11-17 15:46:13','enable','Y','1001AA10000000000O12',null,'2UC000-001105','2018-11-17 15:46:14',0);
insert into md_busiop(authorizable,componentid,createtime,creator,description,displayname,dr,help,id,industry,isbusiactivity,logtype,modifier,modifytime,name,needlog,ownertype,parentid,resid,ts,versiontype) values( 'Y','dba98fa2-ea3c-11e8-a9bb-d5565d1ec044','2018-11-17 15:46:13',null,null,'停用',null,null,'dba98fa5-ea3c-11e8-a9bb-d5565d1ec044','0','N','MODIFY',null,'2018-11-17 15:46:13','disable','Y','1001AA10000000000O12',null,'2UC000-001106','2018-11-17 15:46:14',0);
insert into md_busiop(authorizable,componentid,createtime,creator,description,displayname,dr,help,id,industry,isbusiactivity,logtype,modifier,modifytime,name,needlog,ownertype,parentid,resid,ts,versiontype) values( 'Y','dba98fa2-ea3c-11e8-a9bb-d5565d1ec044','2018-11-17 15:46:13',null,null,'新增',null,null,'dba98fa3-ea3c-11e8-a9bb-d5565d1ec044','0','N','ADD',null,'2018-11-17 15:46:13','add','Y','1001AA10000000000O12',null,'2UC000-001114','2018-11-17 15:46:14',0);

delete md_busiop where ( componentid in ('e5da8276-ea3c-11e8-a9bb-d5565d1ec044') and (dr=0 or dr is null) );

delete md_component where ( id='e5da8276-ea3c-11e8-a9bb-d5565d1ec044' and (versiontype='0') and (dr=0 or dr is null) );


insert into md_component(createtime,creator,description,displayname,dr,fromsourcebmf,help,id,industry,isbizmodel,modifier,modifytime,name,namespace,ownmodule,preload,resid,resmodule,ts,version,versiontype) values( '2018-11-17 15:46:31',null,null,'报告格式(自定义档案)业务操作',null,'Y',null,'e5da8276-ea3c-11e8-a9bb-d5565d1ec044','0','Y',null,'2018-11-17 15:46:31','bo_Defdoc-C0J00117','uap','uapbd',null,null,'bo_Defdoc-C0J00117','2018-11-17 15:46:31','1',0);


insert into md_busiop(authorizable,componentid,createtime,creator,description,displayname,dr,help,id,industry,isbusiactivity,logtype,modifier,modifytime,name,needlog,ownertype,parentid,resid,ts,versiontype) values( 'Y','e5da8276-ea3c-11e8-a9bb-d5565d1ec044','2018-11-17 15:46:31',null,null,'修改',null,null,'e5da827a-ea3c-11e8-a9bb-d5565d1ec044','0','N','MODIFY',null,'2018-11-17 15:46:31','edit','Y','1001AA10000000000O2B',null,'2UC000-001103','2018-11-17 15:46:31',0);
insert into md_busiop(authorizable,componentid,createtime,creator,description,displayname,dr,help,id,industry,isbusiactivity,logtype,modifier,modifytime,name,needlog,ownertype,parentid,resid,ts,versiontype) values( 'Y','e5da8276-ea3c-11e8-a9bb-d5565d1ec044','2018-11-17 15:46:31',null,null,'删除',null,null,'e5da8278-ea3c-11e8-a9bb-d5565d1ec044','0','N','DELETE',null,'2018-11-17 15:46:31','delete','Y','1001AA10000000000O2B',null,'2UC000-001104','2018-11-17 15:46:31',0);
insert into md_busiop(authorizable,componentid,createtime,creator,description,displayname,dr,help,id,industry,isbusiactivity,logtype,modifier,modifytime,name,needlog,ownertype,parentid,resid,ts,versiontype) values( 'Y','e5da8276-ea3c-11e8-a9bb-d5565d1ec044','2018-11-17 15:46:31',null,null,'启用',null,null,'e5da827b-ea3c-11e8-a9bb-d5565d1ec044','0','N','MODIFY',null,'2018-11-17 15:46:31','enable','Y','1001AA10000000000O2B',null,'2UC000-001105','2018-11-17 15:46:31',0);
insert into md_busiop(authorizable,componentid,createtime,creator,description,displayname,dr,help,id,industry,isbusiactivity,logtype,modifier,modifytime,name,needlog,ownertype,parentid,resid,ts,versiontype) values( 'Y','e5da8276-ea3c-11e8-a9bb-d5565d1ec044','2018-11-17 15:46:31',null,null,'停用',null,null,'e5da8279-ea3c-11e8-a9bb-d5565d1ec044','0','N','MODIFY',null,'2018-11-17 15:46:31','disable','Y','1001AA10000000000O2B',null,'2UC000-001106','2018-11-17 15:46:31',0);
insert into md_busiop(authorizable,componentid,createtime,creator,description,displayname,dr,help,id,industry,isbusiactivity,logtype,modifier,modifytime,name,needlog,ownertype,parentid,resid,ts,versiontype) values( 'Y','e5da8276-ea3c-11e8-a9bb-d5565d1ec044','2018-11-17 15:46:31',null,null,'新增',null,null,'e5da8277-ea3c-11e8-a9bb-d5565d1ec044','0','N','ADD',null,'2018-11-17 15:46:31','add','Y','1001AA10000000000O2B',null,'2UC000-001114','2018-11-17 15:46:31',0);

delete md_busiop where ( componentid in ('f2143d9a-ea3c-11e8-a9bb-d5565d1ec044') and (dr=0 or dr is null) );

delete md_component where ( id='f2143d9a-ea3c-11e8-a9bb-d5565d1ec044' and (versiontype='0') and (dr=0 or dr is null) );


insert into md_component(createtime,creator,description,displayname,dr,fromsourcebmf,help,id,industry,isbizmodel,modifier,modifytime,name,namespace,ownmodule,preload,resid,resmodule,ts,version,versiontype) values( '2018-11-17 15:46:51',null,null,'报告语言(自定义档案)业务操作',null,'Y',null,'f2143d9a-ea3c-11e8-a9bb-d5565d1ec044','0','Y',null,'2018-11-17 15:46:51','bo_Defdoc-C0J00118','uap','uapbd',null,null,'bo_Defdoc-C0J00118','2018-11-17 15:46:51','1',0);


insert into md_busiop(authorizable,componentid,createtime,creator,description,displayname,dr,help,id,industry,isbusiactivity,logtype,modifier,modifytime,name,needlog,ownertype,parentid,resid,ts,versiontype) values( 'Y','f2143d9a-ea3c-11e8-a9bb-d5565d1ec044','2018-11-17 15:46:51',null,null,'修改',null,null,'f2143d9e-ea3c-11e8-a9bb-d5565d1ec044','0','N','MODIFY',null,'2018-11-17 15:46:51','edit','Y','1001AA10000000000O3K',null,'2UC000-001103','2018-11-17 15:46:51',0);
insert into md_busiop(authorizable,componentid,createtime,creator,description,displayname,dr,help,id,industry,isbusiactivity,logtype,modifier,modifytime,name,needlog,ownertype,parentid,resid,ts,versiontype) values( 'Y','f2143d9a-ea3c-11e8-a9bb-d5565d1ec044','2018-11-17 15:46:51',null,null,'删除',null,null,'f2143d9c-ea3c-11e8-a9bb-d5565d1ec044','0','N','DELETE',null,'2018-11-17 15:46:51','delete','Y','1001AA10000000000O3K',null,'2UC000-001104','2018-11-17 15:46:51',0);
insert into md_busiop(authorizable,componentid,createtime,creator,description,displayname,dr,help,id,industry,isbusiactivity,logtype,modifier,modifytime,name,needlog,ownertype,parentid,resid,ts,versiontype) values( 'Y','f2143d9a-ea3c-11e8-a9bb-d5565d1ec044','2018-11-17 15:46:51',null,null,'启用',null,null,'f2143d9f-ea3c-11e8-a9bb-d5565d1ec044','0','N','MODIFY',null,'2018-11-17 15:46:51','enable','Y','1001AA10000000000O3K',null,'2UC000-001105','2018-11-17 15:46:51',0);
insert into md_busiop(authorizable,componentid,createtime,creator,description,displayname,dr,help,id,industry,isbusiactivity,logtype,modifier,modifytime,name,needlog,ownertype,parentid,resid,ts,versiontype) values( 'Y','f2143d9a-ea3c-11e8-a9bb-d5565d1ec044','2018-11-17 15:46:51',null,null,'停用',null,null,'f2143d9d-ea3c-11e8-a9bb-d5565d1ec044','0','N','MODIFY',null,'2018-11-17 15:46:51','disable','Y','1001AA10000000000O3K',null,'2UC000-001106','2018-11-17 15:46:51',0);
insert into md_busiop(authorizable,componentid,createtime,creator,description,displayname,dr,help,id,industry,isbusiactivity,logtype,modifier,modifytime,name,needlog,ownertype,parentid,resid,ts,versiontype) values( 'Y','f2143d9a-ea3c-11e8-a9bb-d5565d1ec044','2018-11-17 15:46:51',null,null,'新增',null,null,'f2143d9b-ea3c-11e8-a9bb-d5565d1ec044','0','N','ADD',null,'2018-11-17 15:46:51','add','Y','1001AA10000000000O3K',null,'2UC000-001114','2018-11-17 15:46:51',0);


delete from BD_MODE_SELECTED where PK_BDMODE in(
'1001AA10000000002IDG',
'1001AA10000000002IC7',
'1001AA10000000002IAY',
'1001AA1000000000291E',
'1001AA10000000000O46',
'1001AA10000000000O2X',
'1001AA10000000000O1O',
'1001AA10000000000O0F',
'1001AA10000000000NZ6',
'1001AA10000000000NXX',
'1001AA100000000001MT',
'1001AA100000000001LK',
'1001AA100000000001KB',
'1001AA100000000001J2'
);
INSERT INTO BD_MODE_SELECTED (COMP, DATAORIGINFLAG, DR, MANAGEMODE, MDCLASSID, PK_BDMODE, TS, UNIQUESCOPE, VISIBLESCOPE) VALUES (null, 0, 0, 1, '1001AA10000000000NXB', '1001AA10000000000NXX', '2018-11-17 15:45:10', 1, 1);
INSERT INTO BD_MODE_SELECTED (COMP, DATAORIGINFLAG, DR, MANAGEMODE, MDCLASSID, PK_BDMODE, TS, UNIQUESCOPE, VISIBLESCOPE) VALUES (null, 0, 0, 1, '1001AA10000000000NYK', '1001AA10000000000NZ6', '2018-11-17 15:45:32', 1, 1);
INSERT INTO BD_MODE_SELECTED (COMP, DATAORIGINFLAG, DR, MANAGEMODE, MDCLASSID, PK_BDMODE, TS, UNIQUESCOPE, VISIBLESCOPE) VALUES (null, 0, 0, 1, '1001AA10000000000O12', '1001AA10000000000O1O', '2018-11-17 15:46:14', 1, 1);
INSERT INTO BD_MODE_SELECTED (COMP, DATAORIGINFLAG, DR, MANAGEMODE, MDCLASSID, PK_BDMODE, TS, UNIQUESCOPE, VISIBLESCOPE) VALUES (null, 0, 0, 1, '1001AA10000000000O2B', '1001AA10000000000O2X', '2018-11-17 15:46:32', 1, 1);
INSERT INTO BD_MODE_SELECTED (COMP, DATAORIGINFLAG, DR, MANAGEMODE, MDCLASSID, PK_BDMODE, TS, UNIQUESCOPE, VISIBLESCOPE) VALUES (null, 0, 0, 1, '1001AA10000000000O3K', '1001AA10000000000O46', '2018-11-17 15:46:52', 1, 1);
INSERT INTO BD_MODE_SELECTED (COMP, DATAORIGINFLAG, DR, MANAGEMODE, MDCLASSID, PK_BDMODE, TS, UNIQUESCOPE, VISIBLESCOPE) VALUES (null, 0, 0, 1, '1001AA1000000000290S', '1001AA1000000000291E', '2018-11-20 17:39:02', 1, 1);
INSERT INTO BD_MODE_SELECTED (COMP, DATAORIGINFLAG, DR, MANAGEMODE, MDCLASSID, PK_BDMODE, TS, UNIQUESCOPE, VISIBLESCOPE) VALUES (null, 0, 0, 1, '1001AA10000000002IBL', '1001AA10000000002IC7', '2018-11-24 12:17:55', 1, 1);
INSERT INTO BD_MODE_SELECTED (COMP, DATAORIGINFLAG, DR, MANAGEMODE, MDCLASSID, PK_BDMODE, TS, UNIQUESCOPE, VISIBLESCOPE) VALUES (null, 0, 0, 1, '1001AA10000000000NZT', '1001AA10000000000O0F', '2018-11-17 15:45:55', 1, 1);
INSERT INTO BD_MODE_SELECTED (COMP, DATAORIGINFLAG, DR, MANAGEMODE, MDCLASSID, PK_BDMODE, TS, UNIQUESCOPE, VISIBLESCOPE) VALUES (null, 0, 0, 1, '1001AA100000000001H7', '1001AA100000000001HT', '2018-11-12 17:53:15', 1, 1);
INSERT INTO BD_MODE_SELECTED (COMP, DATAORIGINFLAG, DR, MANAGEMODE, MDCLASSID, PK_BDMODE, TS, UNIQUESCOPE, VISIBLESCOPE) VALUES (null, 0, 0, 1, '1001AA10000000002IAC', '1001AA10000000002IAY', '2018-11-24 12:16:42', 1, 1);
INSERT INTO BD_MODE_SELECTED (COMP, DATAORIGINFLAG, DR, MANAGEMODE, MDCLASSID, PK_BDMODE, TS, UNIQUESCOPE, VISIBLESCOPE) VALUES (null, 0, 0, 1, '1001AA10000000002ICU', '1001AA10000000002IDG', '2018-11-24 12:18:41', 1, 1);
INSERT INTO BD_MODE_SELECTED (COMP, DATAORIGINFLAG, DR, MANAGEMODE, MDCLASSID, PK_BDMODE, TS, UNIQUESCOPE, VISIBLESCOPE) VALUES (null, 0, 0, 1, '1001AA100000000001IG', '1001AA100000000001J2', '2018-11-12 17:54:42', 1, 1);
INSERT INTO BD_MODE_SELECTED (COMP, DATAORIGINFLAG, DR, MANAGEMODE, MDCLASSID, PK_BDMODE, TS, UNIQUESCOPE, VISIBLESCOPE) VALUES (null, 0, 0, 1, '1001AA100000000001JP', '1001AA100000000001KB', '2018-11-12 17:55:14', 1, 1);
INSERT INTO BD_MODE_SELECTED (COMP, DATAORIGINFLAG, DR, MANAGEMODE, MDCLASSID, PK_BDMODE, TS, UNIQUESCOPE, VISIBLESCOPE) VALUES (null, 0, 0, 1, '1001AA100000000001KY', '1001AA100000000001LK', '2018-11-12 17:55:36', 1, 1);
INSERT INTO BD_MODE_SELECTED (COMP, DATAORIGINFLAG, DR, MANAGEMODE, MDCLASSID, PK_BDMODE, TS, UNIQUESCOPE, VISIBLESCOPE) VALUES (null, 0, 0, 1, '1001AA100000000001M7', '1001AA100000000001MT', '2018-11-12 17:55:59', 1, 1);









delete from BD_DEFDOCLIST where PK_DEFDOCLIST in(
'1001AA100000000001H7',
'1001AA100000000001IG',
'1001AA100000000001JP',
'1001AA100000000001KY',
'1001AA100000000001M7',
'1001AA10000000000NXB',
'1001AA10000000000NYK',
'1001AA10000000000NZT',
'1001AA10000000000O12',
'1001AA10000000000O2B',
'1001AA10000000000O3K',
'1001AA1000000000290S',
'1001AA10000000002IAC',
'1001AA10000000002IBL',
'1001AA10000000002ICU'
);

INSERT INTO BD_DEFDOCLIST (ASSOCIATENAME, BPFCOMPONENTID, CODE, CODECTLGRADE, CODERULE, COMP, COMPONENTID, CREATIONTIME, CREATOR, DATAORIGINFLAG, DOCCLASS, DOCLEVEL, DOCTYPE, DR, FUNCODE, ISGRADE, ISRELEASE, MNGCTLMODE, MODIFIEDTIME, MODIFIER, NAME, NAME2, NAME3, NAME4, NAME5, NAME6, PK_DEFDOCLIST, PK_GROUP, PK_ORG, TS) VALUES ('bd_defdoc', '1c608aef-eca8-11e8-a6ae-2bd0251db2ad', 'C0J00122', null, null, null, '1bae03a3-eca8-11e8-a6ae-2bd0251db2ad', '2018-11-20 17:38:59', '1001AA100000000000RV', 0, null, 0, null, 0, 'C0J00173', 'N', 'Y', 0, '2018-11-20 17:39:27', '1001AA100000000000RV', '验后样品处理', null, null, null, null, null, '1001AA1000000000290S', '~', 'GLOBLE00000000000000', '2018-11-20 17:40:02');
INSERT INTO BD_DEFDOCLIST (ASSOCIATENAME, BPFCOMPONENTID, CODE, CODECTLGRADE, CODERULE, COMP, COMPONENTID, CREATIONTIME, CREATOR, DATAORIGINFLAG, DOCCLASS, DOCLEVEL, DOCTYPE, DR, FUNCODE, ISGRADE, ISRELEASE, MNGCTLMODE, MODIFIEDTIME, MODIFIER, NAME, NAME2, NAME3, NAME4, NAME5, NAME6, PK_DEFDOCLIST, PK_GROUP, PK_ORG, TS) VALUES ('bd_defdoc', 'e689d093-ef9f-11e8-b4a6-4dd577e382d8', 'C0J00124', null, null, null, 'e5bb0eb7-ef9f-11e8-b4a6-4dd577e382d8', '2018-11-24 12:17:46', '1001AA100000000000RV', 0, null, 0, null, 0, 'C0J00176', 'N', 'Y', 0, null, '~', 'ReportedName', null, null, null, null, null, '1001AA10000000002IBL', '~', 'GLOBLE00000000000000', '2018-11-24 12:21:01');
INSERT INTO BD_DEFDOCLIST (ASSOCIATENAME, BPFCOMPONENTID, CODE, CODECTLGRADE, CODERULE, COMP, COMPONENTID, CREATIONTIME, CREATOR, DATAORIGINFLAG, DOCCLASS, DOCLEVEL, DOCTYPE, DR, FUNCODE, ISGRADE, ISRELEASE, MNGCTLMODE, MODIFIEDTIME, MODIFIER, NAME, NAME2, NAME3, NAME4, NAME5, NAME6, PK_DEFDOCLIST, PK_GROUP, PK_ORG, TS) VALUES ('bd_defdoc', 'b4bad3a6-ea3c-11e8-a9bb-d5565d1ec044', 'C0J00113', null, null, null, 'b3e6e1aa-ea3c-11e8-a9bb-d5565d1ec044', '2018-11-17 15:45:06', '1001AA100000000000RV', 0, null, 0, null, 0, 'C0J00143', 'N', 'Y', 0, null, '~', '客户类型', null, null, null, null, null, '1001AA10000000000NXB', '~', 'GLOBLE00000000000000', '2018-11-17 15:48:25');
INSERT INTO BD_DEFDOCLIST (ASSOCIATENAME, BPFCOMPONENTID, CODE, CODECTLGRADE, CODERULE, COMP, COMPONENTID, CREATIONTIME, CREATOR, DATAORIGINFLAG, DOCCLASS, DOCLEVEL, DOCTYPE, DR, FUNCODE, ISGRADE, ISRELEASE, MNGCTLMODE, MODIFIEDTIME, MODIFIER, NAME, NAME2, NAME3, NAME4, NAME5, NAME6, PK_DEFDOCLIST, PK_GROUP, PK_ORG, TS) VALUES ('bd_defdoc', 'c25a866a-ea3c-11e8-a9bb-d5565d1ec044', 'C0J00114', null, null, null, 'c21037ce-ea3c-11e8-a9bb-d5565d1ec044', '2018-11-17 15:45:30', '1001AA100000000000RV', 0, null, 0, null, 0, 'C0J00151', 'N', 'Y', 0, null, '~', '认证类型', null, null, null, null, null, '1001AA10000000000NYK', '~', 'GLOBLE00000000000000', '2018-11-17 15:48:43');
INSERT INTO BD_DEFDOCLIST (ASSOCIATENAME, BPFCOMPONENTID, CODE, CODECTLGRADE, CODERULE, COMP, COMPONENTID, CREATIONTIME, CREATOR, DATAORIGINFLAG, DOCCLASS, DOCLEVEL, DOCTYPE, DR, FUNCODE, ISGRADE, ISRELEASE, MNGCTLMODE, MODIFIEDTIME, MODIFIER, NAME, NAME2, NAME3, NAME4, NAME5, NAME6, PK_DEFDOCLIST, PK_GROUP, PK_ORG, TS) VALUES ('bd_defdoc', 'dba98fa2-ea3c-11e8-a9bb-d5565d1ec044', 'C0J00116', null, null, null, 'db6162e6-ea3c-11e8-a9bb-d5565d1ec044', '2018-11-17 15:46:13', '1001AA100000000000RV', 0, null, 0, null, 0, 'C0J00153', 'N', 'Y', 0, null, '~', '分析类型', null, null, null, null, null, '1001AA10000000000O12', '~', 'GLOBLE00000000000000', '2018-11-17 15:49:17');
INSERT INTO BD_DEFDOCLIST (ASSOCIATENAME, BPFCOMPONENTID, CODE, CODECTLGRADE, CODERULE, COMP, COMPONENTID, CREATIONTIME, CREATOR, DATAORIGINFLAG, DOCCLASS, DOCLEVEL, DOCTYPE, DR, FUNCODE, ISGRADE, ISRELEASE, MNGCTLMODE, MODIFIEDTIME, MODIFIER, NAME, NAME2, NAME3, NAME4, NAME5, NAME6, PK_DEFDOCLIST, PK_GROUP, PK_ORG, TS) VALUES ('bd_defdoc', 'e5da8276-ea3c-11e8-a9bb-d5565d1ec044', 'C0J00117', null, null, null, 'e593401a-ea3c-11e8-a9bb-d5565d1ec044', '2018-11-17 15:46:30', '1001AA100000000000RV', 0, null, 0, null, 0, 'C0J00165', 'N', 'Y', 0, null, '~', '报告格式', null, null, null, null, null, '1001AA10000000000O2B', '~', 'GLOBLE00000000000000', '2018-11-17 15:49:31');
INSERT INTO BD_DEFDOCLIST (ASSOCIATENAME, BPFCOMPONENTID, CODE, CODECTLGRADE, CODERULE, COMP, COMPONENTID, CREATIONTIME, CREATOR, DATAORIGINFLAG, DOCCLASS, DOCLEVEL, DOCTYPE, DR, FUNCODE, ISGRADE, ISRELEASE, MNGCTLMODE, MODIFIEDTIME, MODIFIER, NAME, NAME2, NAME3, NAME4, NAME5, NAME6, PK_DEFDOCLIST, PK_GROUP, PK_ORG, TS) VALUES ('bd_defdoc', 'f2143d9a-ea3c-11e8-a9bb-d5565d1ec044', 'C0J00118', null, null, null, 'f1d5adce-ea3c-11e8-a9bb-d5565d1ec044', '2018-11-17 15:46:51', '1001AA100000000000RV', 0, null, 0, null, 0, 'C0J00170', 'N', 'Y', 0, null, '~', '报告语言', null, null, null, null, null, '1001AA10000000000O3K', '~', 'GLOBLE00000000000000', '2018-11-17 15:49:45');
INSERT INTO BD_DEFDOCLIST (ASSOCIATENAME, BPFCOMPONENTID, CODE, CODECTLGRADE, CODERULE, COMP, COMPONENTID, CREATIONTIME, CREATOR, DATAORIGINFLAG, DOCCLASS, DOCLEVEL, DOCTYPE, DR, FUNCODE, ISGRADE, ISRELEASE, MNGCTLMODE, MODIFIEDTIME, MODIFIER, NAME, NAME2, NAME3, NAME4, NAME5, NAME6, PK_DEFDOCLIST, PK_GROUP, PK_ORG, TS) VALUES ('bd_defdoc', 'cfed68ee-ea3c-11e8-a9bb-d5565d1ec044', 'C0J00115', null, null, null, 'cfa87082-ea3c-11e8-a9bb-d5565d1ec044', '2018-11-17 15:45:53', '1001AA100000000000RV', 0, null, 0, null, 0, 'C0J00152', 'N', 'Y', 0, null, '~', '检测性质', null, null, null, null, null, '1001AA10000000000NZT', '~', 'GLOBLE00000000000000', '2018-11-17 15:49:02');
INSERT INTO BD_DEFDOCLIST (ASSOCIATENAME, BPFCOMPONENTID, CODE, CODECTLGRADE, CODERULE, COMP, COMPONENTID, CREATIONTIME, CREATOR, DATAORIGINFLAG, DOCCLASS, DOCLEVEL, DOCTYPE, DR, FUNCODE, ISGRADE, ISRELEASE, MNGCTLMODE, MODIFIEDTIME, MODIFIER, NAME, NAME2, NAME3, NAME4, NAME5, NAME6, PK_DEFDOCLIST, PK_GROUP, PK_ORG, TS) VALUES ('bd_defdoc', 'c566aed2-e660-11e8-8985-5f606a994521', 'C0J00102', null, null, null, 'c4d45ab6-e660-11e8-8985-5f606a994521', '2018-11-12 17:53:12', '1001AA100000000000RV', 0, null, 0, null, 0, 'C0J00102', 'N', 'Y', 0, null, '~', '产品系列', null, null, null, null, null, '1001AA100000000001H7', '~', 'GLOBLE00000000000000', '2018-11-12 18:12:01');
INSERT INTO BD_DEFDOCLIST (ASSOCIATENAME, BPFCOMPONENTID, CODE, CODECTLGRADE, CODERULE, COMP, COMPONENTID, CREATIONTIME, CREATOR, DATAORIGINFLAG, DOCCLASS, DOCLEVEL, DOCTYPE, DR, FUNCODE, ISGRADE, ISRELEASE, MNGCTLMODE, MODIFIEDTIME, MODIFIER, NAME, NAME2, NAME3, NAME4, NAME5, NAME6, PK_DEFDOCLIST, PK_GROUP, PK_ORG, TS) VALUES ('bd_defdoc', 'b7d7c5ff-ef9f-11e8-b4a6-4dd577e382d8', 'C0J00123', null, null, null, 'b2d56c93-ef9f-11e8-b4a6-4dd577e382d8', '2018-11-24 12:16:17', '1001AA100000000000RV', 0, null, 0, null, 0, 'C0J00174', 'N', 'Y', 0, null, '~', 'TestList', null, null, null, null, null, '1001AA10000000002IAC', '~', 'GLOBLE00000000000000', '2018-11-24 12:20:18');
INSERT INTO BD_DEFDOCLIST (ASSOCIATENAME, BPFCOMPONENTID, CODE, CODECTLGRADE, CODERULE, COMP, COMPONENTID, CREATIONTIME, CREATOR, DATAORIGINFLAG, DOCCLASS, DOCLEVEL, DOCTYPE, DR, FUNCODE, ISGRADE, ISRELEASE, MNGCTLMODE, MODIFIEDTIME, MODIFIER, NAME, NAME2, NAME3, NAME4, NAME5, NAME6, PK_DEFDOCLIST, PK_GROUP, PK_ORG, TS) VALUES ('bd_defdoc', '028d2427-efa0-11e8-b4a6-4dd577e382d8', 'C0J00125', null, null, null, '01b75d6b-efa0-11e8-b4a6-4dd577e382d8', '2018-11-24 12:18:32', '1001AA100000000000RV', 0, null, 0, null, 0, 'C0J00177', 'N', 'Y', 0, null, '~', 'TAnalysisMethod', null, null, null, null, null, '1001AA10000000002ICU', '~', 'GLOBLE00000000000000', '2018-11-24 12:21:47');
INSERT INTO BD_DEFDOCLIST (ASSOCIATENAME, BPFCOMPONENTID, CODE, CODECTLGRADE, CODERULE, COMP, COMPONENTID, CREATIONTIME, CREATOR, DATAORIGINFLAG, DOCCLASS, DOCLEVEL, DOCTYPE, DR, FUNCODE, ISGRADE, ISRELEASE, MNGCTLMODE, MODIFIEDTIME, MODIFIER, NAME, NAME2, NAME3, NAME4, NAME5, NAME6, PK_DEFDOCLIST, PK_GROUP, PK_ORG, TS) VALUES ('bd_defdoc', 'f9c4e736-e660-11e8-8985-5f606a994521', 'C0J00105', null, null, null, 'f989168a-e660-11e8-8985-5f606a994521', '2018-11-12 17:54:41', '1001AA100000000000RV', 0, null, 0, null, 0, 'C0J00125', 'N', 'Y', 0, null, '~', '样品组别', null, null, null, null, null, '1001AA100000000001IG', '~', 'GLOBLE00000000000000', '2018-11-12 18:40:01');
INSERT INTO BD_DEFDOCLIST (ASSOCIATENAME, BPFCOMPONENTID, CODE, CODECTLGRADE, CODERULE, COMP, COMPONENTID, CREATIONTIME, CREATOR, DATAORIGINFLAG, DOCCLASS, DOCLEVEL, DOCTYPE, DR, FUNCODE, ISGRADE, ISRELEASE, MNGCTLMODE, MODIFIEDTIME, MODIFIER, NAME, NAME2, NAME3, NAME4, NAME5, NAME6, PK_DEFDOCLIST, PK_GROUP, PK_ORG, TS) VALUES ('bd_defdoc', '0cfca48a-e661-11e8-8985-5f606a994521', 'C0J00107', null, null, null, '0cc6c74e-e661-11e8-8985-5f606a994521', '2018-11-12 17:55:13', '1001AA100000000000RV', 0, null, 0, null, 0, 'C0J00135', 'N', 'Y', 0, null, '~', '测试温度', null, null, null, null, null, '1001AA100000000001JP', '~', 'GLOBLE00000000000000', '2018-11-12 18:40:55');
INSERT INTO BD_DEFDOCLIST (ASSOCIATENAME, BPFCOMPONENTID, CODE, CODECTLGRADE, CODERULE, COMP, COMPONENTID, CREATIONTIME, CREATOR, DATAORIGINFLAG, DOCCLASS, DOCLEVEL, DOCTYPE, DR, FUNCODE, ISGRADE, ISRELEASE, MNGCTLMODE, MODIFIEDTIME, MODIFIER, NAME, NAME2, NAME3, NAME4, NAME5, NAME6, PK_DEFDOCLIST, PK_GROUP, PK_ORG, TS) VALUES ('bd_defdoc', '1a3afe6e-e661-11e8-8985-5f606a994521', 'C0J00109', null, null, null, '1a0a2a42-e661-11e8-8985-5f606a994521', '2018-11-12 17:55:35', '1001AA100000000000RV', 0, null, 0, null, 0, 'C0J00145', 'N', 'Y', 0, null, '~', '制造商', null, null, null, null, null, '1001AA100000000001KY', '~', 'GLOBLE00000000000000', '2018-11-12 18:41:13');
INSERT INTO BD_DEFDOCLIST (ASSOCIATENAME, BPFCOMPONENTID, CODE, CODECTLGRADE, CODERULE, COMP, COMPONENTID, CREATIONTIME, CREATOR, DATAORIGINFLAG, DOCCLASS, DOCLEVEL, DOCTYPE, DR, FUNCODE, ISGRADE, ISRELEASE, MNGCTLMODE, MODIFIEDTIME, MODIFIER, NAME, NAME2, NAME3, NAME4, NAME5, NAME6, PK_DEFDOCLIST, PK_GROUP, PK_ORG, TS) VALUES ('bd_defdoc', '27967d42-e661-11e8-8985-5f606a994521', 'C0J00110', null, null, null, '2763ad46-e661-11e8-8985-5f606a994521', '2018-11-12 17:55:58', '1001AA100000000000RV', 0, null, 0, null, 0, 'C0J00150', 'N', 'Y', 0, null, '~', '触点牌号', null, null, null, null, null, '1001AA100000000001M7', '~', 'GLOBLE00000000000000', '2018-11-12 18:41:30');




delete from  BD_REFINFO where PK_REFINFO in(
'0001Z10000000002C3S',
'0001Z10000000002J1T',
'0001Z10000000002P82',
'0001Z10000000002P83',
'0001Z10000000002P84',
'0001Z10000000002PZX',
'0001Z10000000002T32',
'1001AA100000000001H8',
'1001AA100000000001IH',
'1001AA100000000001JQ',
'1001AA100000000001KZ',
'1001AA100000000001M8',
'1001AA10000000000NXC',
'1001AA10000000000NYL',
'1001AA10000000000NZU',
'1001AA10000000000O13',
'1001AA10000000000O2C',
'1001AA10000000000O3L',
'1001AA1000000000290T',
'1001AA10000000002IAD',
'1001AA10000000002IBM',
'1001AA10000000002ICV'

);


INSERT INTO BD_REFINFO (CODE, DR, ISNEEDPARA, ISSPECIALREF, LAYER, METADATANAMESPACE, METADATATYPENAME, MODULENAME, NAME, PARA1, PARA2, PARA3, PK_COUNTRY, PK_INDUSTRY, PK_REFINFO, REFCLASS, REFSYSTEM, REFTYPE, RESERV1, RESERV2, RESERV3, RESID, RESIDPATH, TS, WHEREPART) VALUES ('D10064', 0, 'Y', null, -1, null, 'Defdoc-C0J00102', 'uap', '产品系列(自定义档案)', '1001AA100000000001H7', 'bd_defdoc', null, null, null, '1001AA100000000001H8', 'nc.ui.bd.ref.model.DefdocGridRefModel', null, 0, null, null, 'C0J00102', '产品系列', '10140uddb', '2018-11-12 17:53:12', null);
INSERT INTO BD_REFINFO (CODE, DR, ISNEEDPARA, ISSPECIALREF, LAYER, METADATANAMESPACE, METADATATYPENAME, MODULENAME, NAME, PARA1, PARA2, PARA3, PK_COUNTRY, PK_INDUSTRY, PK_REFINFO, REFCLASS, REFSYSTEM, REFTYPE, RESERV1, RESERV2, RESERV3, RESID, RESIDPATH, TS, WHEREPART) VALUES ('modelno', 0, null, null, null, null, 'modelno', 'qcco', '规格号', null, null, null, null, null, '0001Z10000000002P82 ', 'nc.ui.qcco.qcmodelno.refmodel.ModelnoRefModel', null, 0, null, null, null, '~', null, '2018-11-18 17:45:52', null);
INSERT INTO BD_REFINFO (CODE, DR, ISNEEDPARA, ISSPECIALREF, LAYER, METADATANAMESPACE, METADATATYPENAME, MODULENAME, NAME, PARA1, PARA2, PARA3, PK_COUNTRY, PK_INDUSTRY, PK_REFINFO, REFCLASS, REFSYSTEM, REFTYPE, RESERV1, RESERV2, RESERV3, RESID, RESIDPATH, TS, WHEREPART) VALUES ('structtype', 0, null, null, null, null, 'structtype', 'qcco', '结构类型', null, null, null, null, null, '0001Z10000000002P83 ', 'nc.ui.qcco.qcstructtype.refmodel.StructtypeRefModel', null, 0, null, null, null, '~', null, '2018-11-18 17:48:24', null);
INSERT INTO BD_REFINFO (CODE, DR, ISNEEDPARA, ISSPECIALREF, LAYER, METADATANAMESPACE, METADATATYPENAME, MODULENAME, NAME, PARA1, PARA2, PARA3, PK_COUNTRY, PK_INDUSTRY, PK_REFINFO, REFCLASS, REFSYSTEM, REFTYPE, RESERV1, RESERV2, RESERV3, RESID, RESIDPATH, TS, WHEREPART) VALUES ('contactortype', 0, null, null, null, null, 'contactortype', 'qcco', '触点类型', null, null, null, null, null, '0001Z10000000002P84 ', 'nc.ui.qcco.qccontactortype.refmodel.ContactortypeRefModel', null, 0, null, null, null, '~', null, '2018-11-18 17:51:46', null);
INSERT INTO BD_REFINFO (CODE, DR, ISNEEDPARA, ISSPECIALREF, LAYER, METADATANAMESPACE, METADATATYPENAME, MODULENAME, NAME, PARA1, PARA2, PARA3, PK_COUNTRY, PK_INDUSTRY, PK_REFINFO, REFCLASS, REFSYSTEM, REFTYPE, RESERV1, RESERV2, RESERV3, RESID, RESIDPATH, TS, WHEREPART) VALUES ('commissiontype', 0, null, null, null, null, 'commissiontype', 'qcco', '委托类型', null, null, null, null, null, '0001Z10000000002PZX ', 'nc.ui.qcco.qccommissiontype.refmodel.CommissiontypeRefModel', null, 0, null, null, null, '~', null, '2018-11-18 17:58:11', null);
INSERT INTO BD_REFINFO (CODE, DR, ISNEEDPARA, ISSPECIALREF, LAYER, METADATANAMESPACE, METADATATYPENAME, MODULENAME, NAME, PARA1, PARA2, PARA3, PK_COUNTRY, PK_INDUSTRY, PK_REFINFO, REFCLASS, REFSYSTEM, REFTYPE, RESERV1, RESERV2, RESERV3, RESID, RESIDPATH, TS, WHEREPART) VALUES ('D10078', 0, 'Y', null, -1, null, 'Defdoc-C0J00125', 'uap', 'TAnalysisMethod(自定义档案)', '1001AA10000000002ICU', 'bd_defdoc', null, null, null, '1001AA10000000002ICV', 'nc.ui.bd.ref.model.DefdocGridRefModel', null, 0, null, null, 'C0J00125', 'TAnalysisMethod', '10140uddb', '2018-11-24 12:18:33', null);
INSERT INTO BD_REFINFO (CODE, DR, ISNEEDPARA, ISSPECIALREF, LAYER, METADATANAMESPACE, METADATATYPENAME, MODULENAME, NAME, PARA1, PARA2, PARA3, PK_COUNTRY, PK_INDUSTRY, PK_REFINFO, REFCLASS, REFSYSTEM, REFTYPE, RESERV1, RESERV2, RESERV3, RESID, RESIDPATH, TS, WHEREPART) VALUES ('entstandard', 0, 'Y', null, -1, 'qcco', 'entstandard', 'qcco', '企业标准', null, null, null, null, null, '0001Z10000000002C3S ', 'nc.ui.qcco.qcentstandard.refmodel.EntstandardRefModel', null, 0, null, null, null, '~', '~', '2018-11-18 15:26:13', null);
INSERT INTO BD_REFINFO (CODE, DR, ISNEEDPARA, ISSPECIALREF, LAYER, METADATANAMESPACE, METADATATYPENAME, MODULENAME, NAME, PARA1, PARA2, PARA3, PK_COUNTRY, PK_INDUSTRY, PK_REFINFO, REFCLASS, REFSYSTEM, REFTYPE, RESERV1, RESERV2, RESERV3, RESID, RESIDPATH, TS, WHEREPART) VALUES ('D10065', 0, 'Y', null, -1, null, 'Defdoc-C0J00105', 'uap', '样品组别(自定义档案)', '1001AA100000000001IG', 'bd_defdoc', null, null, null, '1001AA100000000001IH', 'nc.ui.bd.ref.model.DefdocGridRefModel', null, 0, null, null, 'C0J00105', '样品组别', '10140uddb', '2018-11-12 17:54:41', null);
INSERT INTO BD_REFINFO (CODE, DR, ISNEEDPARA, ISSPECIALREF, LAYER, METADATANAMESPACE, METADATATYPENAME, MODULENAME, NAME, PARA1, PARA2, PARA3, PK_COUNTRY, PK_INDUSTRY, PK_REFINFO, REFCLASS, REFSYSTEM, REFTYPE, RESERV1, RESERV2, RESERV3, RESID, RESIDPATH, TS, WHEREPART) VALUES ('D10066', 0, 'Y', null, -1, null, 'Defdoc-C0J00107', 'uap', '测试温度(自定义档案)', '1001AA100000000001JP', 'bd_defdoc', null, null, null, '1001AA100000000001JQ', 'nc.ui.bd.ref.model.DefdocGridRefModel', null, 0, null, null, 'C0J00107', '测试温度', '10140uddb', '2018-11-12 17:55:13', null);
INSERT INTO BD_REFINFO (CODE, DR, ISNEEDPARA, ISSPECIALREF, LAYER, METADATANAMESPACE, METADATATYPENAME, MODULENAME, NAME, PARA1, PARA2, PARA3, PK_COUNTRY, PK_INDUSTRY, PK_REFINFO, REFCLASS, REFSYSTEM, REFTYPE, RESERV1, RESERV2, RESERV3, RESID, RESIDPATH, TS, WHEREPART) VALUES ('D10067', 0, 'Y', null, -1, null, 'Defdoc-C0J00109', 'uap', '制造商(自定义档案)', '1001AA100000000001KY', 'bd_defdoc', null, null, null, '1001AA100000000001KZ', 'nc.ui.bd.ref.model.DefdocGridRefModel', null, 0, null, null, 'C0J00109', '制造商', '10140uddb', '2018-11-12 17:55:35', null);
INSERT INTO BD_REFINFO (CODE, DR, ISNEEDPARA, ISSPECIALREF, LAYER, METADATANAMESPACE, METADATATYPENAME, MODULENAME, NAME, PARA1, PARA2, PARA3, PK_COUNTRY, PK_INDUSTRY, PK_REFINFO, REFCLASS, REFSYSTEM, REFTYPE, RESERV1, RESERV2, RESERV3, RESID, RESIDPATH, TS, WHEREPART) VALUES ('D10068', 0, 'Y', null, -1, null, 'Defdoc-C0J00110', 'uap', '触点牌号(自定义档案)', '1001AA100000000001M7', 'bd_defdoc', null, null, null, '1001AA100000000001M8', 'nc.ui.bd.ref.model.DefdocGridRefModel', null, 0, null, null, 'C0J00110', '触点牌号', '10140uddb', '2018-11-12 17:55:58', null);
INSERT INTO BD_REFINFO (CODE, DR, ISNEEDPARA, ISSPECIALREF, LAYER, METADATANAMESPACE, METADATATYPENAME, MODULENAME, NAME, PARA1, PARA2, PARA3, PK_COUNTRY, PK_INDUSTRY, PK_REFINFO, REFCLASS, REFSYSTEM, REFTYPE, RESERV1, RESERV2, RESERV3, RESID, RESIDPATH, TS, WHEREPART) VALUES ('D10071', 0, 'Y', null, -1, null, 'Defdoc-C0J00115', 'uap', '检测性质(自定义档案)', '1001AA10000000000NZT', 'bd_defdoc', null, null, null, '1001AA10000000000NZU', 'nc.ui.bd.ref.model.DefdocGridRefModel', null, 0, null, null, 'C0J00115', '检测性质', '10140uddb', '2018-11-17 15:45:53', null);
INSERT INTO BD_REFINFO (CODE, DR, ISNEEDPARA, ISSPECIALREF, LAYER, METADATANAMESPACE, METADATATYPENAME, MODULENAME, NAME, PARA1, PARA2, PARA3, PK_COUNTRY, PK_INDUSTRY, PK_REFINFO, REFCLASS, REFSYSTEM, REFTYPE, RESERV1, RESERV2, RESERV3, RESID, RESIDPATH, TS, WHEREPART) VALUES ('D10069', 0, 'Y', null, -1, null, 'Defdoc-C0J00113', 'uap', '客户类型(自定义档案)', '1001AA10000000000NXB', 'bd_defdoc', null, null, null, '1001AA10000000000NXC', 'nc.ui.bd.ref.model.DefdocGridRefModel', null, 0, null, null, 'C0J00113', '客户类型', '10140uddb', '2018-11-17 15:45:07', null);
INSERT INTO BD_REFINFO (CODE, DR, ISNEEDPARA, ISSPECIALREF, LAYER, METADATANAMESPACE, METADATATYPENAME, MODULENAME, NAME, PARA1, PARA2, PARA3, PK_COUNTRY, PK_INDUSTRY, PK_REFINFO, REFCLASS, REFSYSTEM, REFTYPE, RESERV1, RESERV2, RESERV3, RESID, RESIDPATH, TS, WHEREPART) VALUES ('D10070', 0, 'Y', null, -1, null, 'Defdoc-C0J00114', 'uap', '认证类型(自定义档案)', '1001AA10000000000NYK', 'bd_defdoc', null, null, null, '1001AA10000000000NYL', 'nc.ui.bd.ref.model.DefdocGridRefModel', null, 0, null, null, 'C0J00114', '认证类型', '10140uddb', '2018-11-17 15:45:30', null);
INSERT INTO BD_REFINFO (CODE, DR, ISNEEDPARA, ISSPECIALREF, LAYER, METADATANAMESPACE, METADATATYPENAME, MODULENAME, NAME, PARA1, PARA2, PARA3, PK_COUNTRY, PK_INDUSTRY, PK_REFINFO, REFCLASS, REFSYSTEM, REFTYPE, RESERV1, RESERV2, RESERV3, RESID, RESIDPATH, TS, WHEREPART) VALUES ('D10072', 0, 'Y', null, -1, null, 'Defdoc-C0J00116', 'uap', '分析类型(自定义档案)', '1001AA10000000000O12', 'bd_defdoc', null, null, null, '1001AA10000000000O13', 'nc.ui.bd.ref.model.DefdocGridRefModel', null, 0, null, null, 'C0J00116', '分析类型', '10140uddb', '2018-11-17 15:46:13', null);
INSERT INTO BD_REFINFO (CODE, DR, ISNEEDPARA, ISSPECIALREF, LAYER, METADATANAMESPACE, METADATATYPENAME, MODULENAME, NAME, PARA1, PARA2, PARA3, PK_COUNTRY, PK_INDUSTRY, PK_REFINFO, REFCLASS, REFSYSTEM, REFTYPE, RESERV1, RESERV2, RESERV3, RESID, RESIDPATH, TS, WHEREPART) VALUES ('D10073', 0, 'Y', null, -1, null, 'Defdoc-C0J00117', 'uap', '报告格式(自定义档案)', '1001AA10000000000O2B', 'bd_defdoc', null, null, null, '1001AA10000000000O2C', 'nc.ui.bd.ref.model.DefdocGridRefModel', null, 0, null, null, 'C0J00117', '报告格式', '10140uddb', '2018-11-17 15:46:30', null);
INSERT INTO BD_REFINFO (CODE, DR, ISNEEDPARA, ISSPECIALREF, LAYER, METADATANAMESPACE, METADATATYPENAME, MODULENAME, NAME, PARA1, PARA2, PARA3, PK_COUNTRY, PK_INDUSTRY, PK_REFINFO, REFCLASS, REFSYSTEM, REFTYPE, RESERV1, RESERV2, RESERV3, RESID, RESIDPATH, TS, WHEREPART) VALUES ('D10074', 0, 'Y', null, -1, null, 'Defdoc-C0J00118', 'uap', '报告语言(自定义档案)', '1001AA10000000000O3K', 'bd_defdoc', null, null, null, '1001AA10000000000O3L', 'nc.ui.bd.ref.model.DefdocGridRefModel', null, 0, null, null, 'C0J00118', '报告语言', '10140uddb', '2018-11-17 15:46:51', null);
INSERT INTO BD_REFINFO (CODE, DR, ISNEEDPARA, ISSPECIALREF, LAYER, METADATANAMESPACE, METADATATYPENAME, MODULENAME, NAME, PARA1, PARA2, PARA3, PK_COUNTRY, PK_INDUSTRY, PK_REFINFO, REFCLASS, REFSYSTEM, REFTYPE, RESERV1, RESERV2, RESERV3, RESID, RESIDPATH, TS, WHEREPART) VALUES ('D10077', 0, 'Y', null, -1, null, 'Defdoc-C0J00124', 'uap', 'ReportedName(自定义档案)', '1001AA10000000002IBL', 'bd_defdoc', null, null, null, '1001AA10000000002IBM', 'nc.ui.bd.ref.model.DefdocGridRefModel', null, 0, null, null, 'C0J00124', 'ReportedName', '10140uddb', '2018-11-24 12:17:46', null);
INSERT INTO BD_REFINFO (CODE, DR, ISNEEDPARA, ISSPECIALREF, LAYER, METADATANAMESPACE, METADATATYPENAME, MODULENAME, NAME, PARA1, PARA2, PARA3, PK_COUNTRY, PK_INDUSTRY, PK_REFINFO, REFCLASS, REFSYSTEM, REFTYPE, RESERV1, RESERV2, RESERV3, RESID, RESIDPATH, TS, WHEREPART) VALUES ('D10075', 0, 'Y', null, -1, null, 'Defdoc-C0J00122', 'uap', '验后样品处理(自定义档案)', '1001AA1000000000290S', 'bd_defdoc', null, null, null, '1001AA1000000000290T', 'nc.ui.bd.ref.model.DefdocGridRefModel', null, 0, null, null, 'C0J00122', '验后样品处理', '10140uddb', '2018-11-20 17:39:27', null);
INSERT INTO BD_REFINFO (CODE, DR, ISNEEDPARA, ISSPECIALREF, LAYER, METADATANAMESPACE, METADATATYPENAME, MODULENAME, NAME, PARA1, PARA2, PARA3, PK_COUNTRY, PK_INDUSTRY, PK_REFINFO, REFCLASS, REFSYSTEM, REFTYPE, RESERV1, RESERV2, RESERV3, RESID, RESIDPATH, TS, WHEREPART) VALUES ('ProductCategory', 0, null, null, null, 'qcco', 'ProductCategory', 'qcco', '产品分类', null, null, null, null, null, '0001Z10000000002J1T ', 'nc.ui.qcco.qccategory.refmodel.ProductCategoryRefModel', null, 0, null, null, null, '~', null, '2018-11-18 16:26:01', null);
INSERT INTO BD_REFINFO (CODE, DR, ISNEEDPARA, ISSPECIALREF, LAYER, METADATANAMESPACE, METADATATYPENAME, MODULENAME, NAME, PARA1, PARA2, PARA3, PK_COUNTRY, PK_INDUSTRY, PK_REFINFO, REFCLASS, REFSYSTEM, REFTYPE, RESERV1, RESERV2, RESERV3, RESID, RESIDPATH, TS, WHEREPART) VALUES ('valuetype', 0, null, null, null, null, 'valuetype', 'qcco', '值类型', null, null, null, null, null, '0001Z10000000002T32 ', 'nc.ui.qcco.qcvaluetype.refmodel.ValuetypeRefModel', null, 0, null, null, null, '~', null, '2018-11-18 18:52:06', null);
INSERT INTO BD_REFINFO (CODE, DR, ISNEEDPARA, ISSPECIALREF, LAYER, METADATANAMESPACE, METADATATYPENAME, MODULENAME, NAME, PARA1, PARA2, PARA3, PK_COUNTRY, PK_INDUSTRY, PK_REFINFO, REFCLASS, REFSYSTEM, REFTYPE, RESERV1, RESERV2, RESERV3, RESID, RESIDPATH, TS, WHEREPART) VALUES ('D10076', 0, 'Y', null, -1, null, 'Defdoc-C0J00123', 'uap', 'TestList(自定义档案)', '1001AA10000000002IAC', 'bd_defdoc', null, null, null, '1001AA10000000002IAD', 'nc.ui.bd.ref.model.DefdocGridRefModel', null, 0, null, null, 'C0J00123', 'TestList', '10140uddb', '2018-11-24 12:16:21', null);

