--bill_template
insert into pub_billtemplet(bill_templetcaption,bill_templetname,devorg,dividerproportion,dr,funccode,layer,metadataclass,model_type,modulecode,nodecode,options,pk_billtemplet,pk_billtypecode,pk_corp,pk_org,resid,shareflag,ts,validateformula) values( '企业标准','SYSTEM',null,null,0,null,0,'qcco.entstandard',null,'QCCO','C0J00103',null,'0001AA10000000000A1S','C0J00103','@@@@',null,null,null,'2018-11-19 10:19:02',null);
insert into pub_billtemplet_b(cardflag,datatype,defaultshowname,defaultvalue,dr,editflag,editformula,foreground,hyperlinkflag,idcolname,inputlength,itemkey,itemtype,leafflag,listflag,listhyperlinkflag,listshowflag,listshoworder,loadformula,lockflag,metadatapath,metadataproperty,metadatarelation,newlineflag,nullflag,options,pk_billtemplet,pk_billtemplet_b,pk_corp,pos,reftype,resid,resid_tabname,reviseflag,showflag,showorder,table_code,table_name,totalflag,ts,userdefflag,userdefine1,userdefine2,userdefine3,usereditflag,userflag,userreviseflag,usershowflag,validateformula,width) values( 1,-1,null,null,0,1,null,-1,'N',null,-1,'pk_entstandard',0,'N',1,'N','N',1,null,0,'pk_entstandard','qcco.entstandard.pk_entstandard',null,'N',0,null,'0001AA10000000000A1S','0001AA10000000000A1T','@@@@',1,null,null,null,'N',0,1,'entstandard','企业标准',0,'2018-11-19 10:19:02','N',null,null,null,1,1,'N',1,null,100);
insert into pub_billtemplet_b(cardflag,datatype,defaultshowname,defaultvalue,dr,editflag,editformula,foreground,hyperlinkflag,idcolname,inputlength,itemkey,itemtype,leafflag,listflag,listhyperlinkflag,listshowflag,listshoworder,loadformula,lockflag,metadatapath,metadataproperty,metadatarelation,newlineflag,nullflag,options,pk_billtemplet,pk_billtemplet_b,pk_corp,pos,reftype,resid,resid_tabname,reviseflag,showflag,showorder,table_code,table_name,totalflag,ts,userdefflag,userdefine1,userdefine2,userdefine3,usereditflag,userflag,userreviseflag,usershowflag,validateformula,width) values( 1,-1,null,null,0,1,null,-1,'N',null,-1,'code',0,'N',1,'N','Y',2,null,0,'code','qcco.entstandard.code',null,'N',0,null,'0001AA10000000000A1S','0001AA10000000000A1U','@@@@',1,null,null,null,'N',1,2,'entstandard','企业标准',0,'2018-11-19 10:19:02','N',null,null,null,1,1,'N',1,null,100);
insert into pub_billtemplet_b(cardflag,datatype,defaultshowname,defaultvalue,dr,editflag,editformula,foreground,hyperlinkflag,idcolname,inputlength,itemkey,itemtype,leafflag,listflag,listhyperlinkflag,listshowflag,listshoworder,loadformula,lockflag,metadatapath,metadataproperty,metadatarelation,newlineflag,nullflag,options,pk_billtemplet,pk_billtemplet_b,pk_corp,pos,reftype,resid,resid_tabname,reviseflag,showflag,showorder,table_code,table_name,totalflag,ts,userdefflag,userdefine1,userdefine2,userdefine3,usereditflag,userflag,userreviseflag,usershowflag,validateformula,width) values( 1,-1,null,null,0,1,null,-1,'N',null,-1,'name',0,'N',1,'N','Y',3,null,0,'name','qcco.entstandard.name',null,'N',0,null,'0001AA10000000000A1S','0001AA10000000000A1V','@@@@',1,null,null,null,'N',1,3,'entstandard','企业标准',0,'2018-11-19 10:19:02','N',null,null,null,1,1,'N',1,null,100);
insert into pub_billtemplet_b(cardflag,datatype,defaultshowname,defaultvalue,dr,editflag,editformula,foreground,hyperlinkflag,idcolname,inputlength,itemkey,itemtype,leafflag,listflag,listhyperlinkflag,listshowflag,listshoworder,loadformula,lockflag,metadatapath,metadataproperty,metadatarelation,newlineflag,nullflag,options,pk_billtemplet,pk_billtemplet_b,pk_corp,pos,reftype,resid,resid_tabname,reviseflag,showflag,showorder,table_code,table_name,totalflag,ts,userdefflag,userdefine1,userdefine2,userdefine3,usereditflag,userflag,userreviseflag,usershowflag,validateformula,width) values( 1,-1,null,null,0,1,null,-1,'N',null,-1,'pk_group',0,'N',1,'N','N',4,null,0,'pk_group','qcco.entstandard.pk_group',null,'N',0,null,'0001AA10000000000A1S','0001AA10000000000A1W','@@@@',1,null,null,null,'N',0,4,'entstandard','企业标准',0,'2018-11-19 10:19:02','N',null,null,null,1,1,'N',1,null,100);
insert into pub_billtemplet_b(cardflag,datatype,defaultshowname,defaultvalue,dr,editflag,editformula,foreground,hyperlinkflag,idcolname,inputlength,itemkey,itemtype,leafflag,listflag,listhyperlinkflag,listshowflag,listshoworder,loadformula,lockflag,metadatapath,metadataproperty,metadatarelation,newlineflag,nullflag,options,pk_billtemplet,pk_billtemplet_b,pk_corp,pos,reftype,resid,resid_tabname,reviseflag,showflag,showorder,table_code,table_name,totalflag,ts,userdefflag,userdefine1,userdefine2,userdefine3,usereditflag,userflag,userreviseflag,usershowflag,validateformula,width) values( 1,-1,null,null,0,1,null,-1,'N',null,-1,'pk_org',0,'N',1,'N','N',5,null,0,'pk_org','qcco.entstandard.pk_org',null,'N',0,null,'0001AA10000000000A1S','0001AA10000000000A1X','@@@@',1,null,null,null,'N',0,5,'entstandard','企业标准',0,'2018-11-19 10:19:02','N',null,null,null,1,1,'N',1,null,100);
insert into pub_billtemplet_b(cardflag,datatype,defaultshowname,defaultvalue,dr,editflag,editformula,foreground,hyperlinkflag,idcolname,inputlength,itemkey,itemtype,leafflag,listflag,listhyperlinkflag,listshowflag,listshoworder,loadformula,lockflag,metadatapath,metadataproperty,metadatarelation,newlineflag,nullflag,options,pk_billtemplet,pk_billtemplet_b,pk_corp,pos,reftype,resid,resid_tabname,reviseflag,showflag,showorder,table_code,table_name,totalflag,ts,userdefflag,userdefine1,userdefine2,userdefine3,usereditflag,userflag,userreviseflag,usershowflag,validateformula,width) values( 1,-1,null,null,0,1,null,-1,'N',null,-1,'pk_org_v',0,'N',1,'N','N',6,null,0,'pk_org_v','qcco.entstandard.pk_org_v',null,'N',0,null,'0001AA10000000000A1S','0001AA10000000000A1Y','@@@@',1,null,null,null,'N',0,6,'entstandard','企业标准',0,'2018-11-19 10:19:02','N',null,null,null,1,1,'N',1,null,100);
insert into pub_billtemplet_b(cardflag,datatype,defaultshowname,defaultvalue,dr,editflag,editformula,foreground,hyperlinkflag,idcolname,inputlength,itemkey,itemtype,leafflag,listflag,listhyperlinkflag,listshowflag,listshoworder,loadformula,lockflag,metadatapath,metadataproperty,metadatarelation,newlineflag,nullflag,options,pk_billtemplet,pk_billtemplet_b,pk_corp,pos,reftype,resid,resid_tabname,reviseflag,showflag,showorder,table_code,table_name,totalflag,ts,userdefflag,userdefine1,userdefine2,userdefine3,usereditflag,userflag,userreviseflag,usershowflag,validateformula,width) values( 1,-1,null,null,0,1,null,-1,'N',null,-1,'creator',0,'N',1,'N','N',7,null,0,'creator','qcco.entstandard.creator',null,'N',0,null,'0001AA10000000000A1S','0001AA10000000000A1Z','@@@@',1,null,null,null,'N',0,7,'entstandard','企业标准',0,'2018-11-19 10:19:02','N',null,null,null,1,1,'N',1,null,100);
insert into pub_billtemplet_b(cardflag,datatype,defaultshowname,defaultvalue,dr,editflag,editformula,foreground,hyperlinkflag,idcolname,inputlength,itemkey,itemtype,leafflag,listflag,listhyperlinkflag,listshowflag,listshoworder,loadformula,lockflag,metadatapath,metadataproperty,metadatarelation,newlineflag,nullflag,options,pk_billtemplet,pk_billtemplet_b,pk_corp,pos,reftype,resid,resid_tabname,reviseflag,showflag,showorder,table_code,table_name,totalflag,ts,userdefflag,userdefine1,userdefine2,userdefine3,usereditflag,userflag,userreviseflag,usershowflag,validateformula,width) values( 1,-1,null,null,0,1,null,-1,'N',null,-1,'creationtime',0,'N',1,'N','N',8,null,0,'creationtime','qcco.entstandard.creationtime',null,'N',0,null,'0001AA10000000000A1S','0001AA10000000000A20','@@@@',1,null,null,null,'N',0,8,'entstandard','企业标准',0,'2018-11-19 10:19:02','N',null,null,null,1,1,'N',1,null,100);
insert into pub_billtemplet_b(cardflag,datatype,defaultshowname,defaultvalue,dr,editflag,editformula,foreground,hyperlinkflag,idcolname,inputlength,itemkey,itemtype,leafflag,listflag,listhyperlinkflag,listshowflag,listshoworder,loadformula,lockflag,metadatapath,metadataproperty,metadatarelation,newlineflag,nullflag,options,pk_billtemplet,pk_billtemplet_b,pk_corp,pos,reftype,resid,resid_tabname,reviseflag,showflag,showorder,table_code,table_name,totalflag,ts,userdefflag,userdefine1,userdefine2,userdefine3,usereditflag,userflag,userreviseflag,usershowflag,validateformula,width) values( 1,-1,null,null,0,1,null,-1,'N',null,-1,'modifier',0,'N',1,'N','N',9,null,0,'modifier','qcco.entstandard.modifier',null,'N',0,null,'0001AA10000000000A1S','0001AA10000000000A21','@@@@',1,null,null,null,'N',0,9,'entstandard','企业标准',0,'2018-11-19 10:19:02','N',null,null,null,1,1,'N',1,null,100);
insert into pub_billtemplet_b(cardflag,datatype,defaultshowname,defaultvalue,dr,editflag,editformula,foreground,hyperlinkflag,idcolname,inputlength,itemkey,itemtype,leafflag,listflag,listhyperlinkflag,listshowflag,listshoworder,loadformula,lockflag,metadatapath,metadataproperty,metadatarelation,newlineflag,nullflag,options,pk_billtemplet,pk_billtemplet_b,pk_corp,pos,reftype,resid,resid_tabname,reviseflag,showflag,showorder,table_code,table_name,totalflag,ts,userdefflag,userdefine1,userdefine2,userdefine3,usereditflag,userflag,userreviseflag,usershowflag,validateformula,width) values( 1,-1,null,null,0,1,null,-1,'N',null,-1,'modifiedtime',0,'N',1,'N','N',10,null,0,'modifiedtime','qcco.entstandard.modifiedtime',null,'N',0,null,'0001AA10000000000A1S','0001AA10000000000A22','@@@@',1,null,null,null,'N',0,10,'entstandard','企业标准',0,'2018-11-19 10:19:02','N',null,null,null,1,1,'N',1,null,100);
insert into pub_billtemplet_b(cardflag,datatype,defaultshowname,defaultvalue,dr,editflag,editformula,foreground,hyperlinkflag,idcolname,inputlength,itemkey,itemtype,leafflag,listflag,listhyperlinkflag,listshowflag,listshoworder,loadformula,lockflag,metadatapath,metadataproperty,metadatarelation,newlineflag,nullflag,options,pk_billtemplet,pk_billtemplet_b,pk_corp,pos,reftype,resid,resid_tabname,reviseflag,showflag,showorder,table_code,table_name,totalflag,ts,userdefflag,userdefine1,userdefine2,userdefine3,usereditflag,userflag,userreviseflag,usershowflag,validateformula,width) values( 1,-1,null,null,0,1,null,-1,'N',null,-1,'pk_productserial',0,'N',1,'N','Y',11,null,0,'pk_productserial','qcco.entstandard.pk_productserial',null,'N',0,null,'0001AA10000000000A1S','0001AA10000000000A23','@@@@',1,null,null,null,'N',1,11,'entstandard','企业标准',0,'2018-11-19 10:19:02','N',null,null,null,1,1,'N',1,null,100);
insert into pub_billtemplet_b(cardflag,datatype,defaultshowname,defaultvalue,dr,editflag,editformula,foreground,hyperlinkflag,idcolname,inputlength,itemkey,itemtype,leafflag,listflag,listhyperlinkflag,listshowflag,listshoworder,loadformula,lockflag,metadatapath,metadataproperty,metadatarelation,newlineflag,nullflag,options,pk_billtemplet,pk_billtemplet_b,pk_corp,pos,reftype,resid,resid_tabname,reviseflag,showflag,showorder,table_code,table_name,totalflag,ts,userdefflag,userdefine1,userdefine2,userdefine3,usereditflag,userflag,userreviseflag,usershowflag,validateformula,width) values( 1,-1,null,null,0,1,null,-1,'N',null,-1,'ts',0,'N',1,'N','N',12,null,0,'ts','qcco.entstandard.ts',null,'N',0,null,'0001AA10000000000A1S','0001AA10000000000A24','@@@@',1,null,null,null,'N',0,12,'entstandard','企业标准',0,'2018-11-19 10:19:02','N',null,null,null,1,1,'N',1,null,100);
insert into pub_billtemplet_t(basetab,dr,metadataclass,metadatapath,mixindex,pk_billtemplet,pk_billtemplet_t,pk_layout,pos,position,resid,tabcode,tabindex,tabname,ts,vdef1,vdef2,vdef3) values( null,0,'qcco.entstandard','entstandard',null,'0001AA10000000000A1S','1001AA10000000001I0O',null,1,null,null,'entstandard',0,'企业标准','2018-11-19 10:19:04',null,null,null);

insert into pub_billtemplet(bill_templetcaption,bill_templetname,devorg,dividerproportion,dr,funccode,layer,metadataclass,model_type,modulecode,nodecode,options,pk_billtemplet,pk_billtypecode,pk_corp,pk_org,resid,shareflag,ts,validateformula) values( '规格号','SYSTEM',null,null,0,null,0,'qcco.modelno',null,'QCCO','C0J00104',null,'0001AA10000000000A2A','C0J00104','@@@@',null,null,null,'2018-11-19 10:19:38',null);
insert into pub_billtemplet_b(cardflag,datatype,defaultshowname,defaultvalue,dr,editflag,editformula,foreground,hyperlinkflag,idcolname,inputlength,itemkey,itemtype,leafflag,listflag,listhyperlinkflag,listshowflag,listshoworder,loadformula,lockflag,metadatapath,metadataproperty,metadatarelation,newlineflag,nullflag,options,pk_billtemplet,pk_billtemplet_b,pk_corp,pos,reftype,resid,resid_tabname,reviseflag,showflag,showorder,table_code,table_name,totalflag,ts,userdefflag,userdefine1,userdefine2,userdefine3,usereditflag,userflag,userreviseflag,usershowflag,validateformula,width) values( 1,-1,null,null,0,1,null,-1,'N',null,-1,'pk_modelno',0,'N',1,'N','N',1,null,0,'pk_modelno','qcco.modelno.pk_modelno',null,'N',0,null,'0001AA10000000000A2A','0001AA10000000000A2B','@@@@',1,null,null,null,'N',0,1,'modelno','规格号',0,'2018-11-19 10:19:38','N',null,null,null,1,1,'N',1,null,100);
insert into pub_billtemplet_b(cardflag,datatype,defaultshowname,defaultvalue,dr,editflag,editformula,foreground,hyperlinkflag,idcolname,inputlength,itemkey,itemtype,leafflag,listflag,listhyperlinkflag,listshowflag,listshoworder,loadformula,lockflag,metadatapath,metadataproperty,metadatarelation,newlineflag,nullflag,options,pk_billtemplet,pk_billtemplet_b,pk_corp,pos,reftype,resid,resid_tabname,reviseflag,showflag,showorder,table_code,table_name,totalflag,ts,userdefflag,userdefine1,userdefine2,userdefine3,usereditflag,userflag,userreviseflag,usershowflag,validateformula,width) values( 1,-1,null,null,0,1,null,-1,'N',null,-1,'code',0,'N',1,'N','Y',2,null,0,'code','qcco.modelno.code',null,'N',0,null,'0001AA10000000000A2A','0001AA10000000000A2C','@@@@',1,null,null,null,'N',1,2,'modelno','规格号',0,'2018-11-19 10:19:38','N',null,null,null,1,1,'N',1,null,100);
insert into pub_billtemplet_b(cardflag,datatype,defaultshowname,defaultvalue,dr,editflag,editformula,foreground,hyperlinkflag,idcolname,inputlength,itemkey,itemtype,leafflag,listflag,listhyperlinkflag,listshowflag,listshoworder,loadformula,lockflag,metadatapath,metadataproperty,metadatarelation,newlineflag,nullflag,options,pk_billtemplet,pk_billtemplet_b,pk_corp,pos,reftype,resid,resid_tabname,reviseflag,showflag,showorder,table_code,table_name,totalflag,ts,userdefflag,userdefine1,userdefine2,userdefine3,usereditflag,userflag,userreviseflag,usershowflag,validateformula,width) values( 1,-1,null,null,0,1,null,-1,'N',null,-1,'name',0,'N',1,'N','Y',3,null,0,'name','qcco.modelno.name',null,'N',0,null,'0001AA10000000000A2A','0001AA10000000000A2D','@@@@',1,null,null,null,'N',1,3,'modelno','规格号',0,'2018-11-19 10:19:38','N',null,null,null,1,1,'N',1,null,100);
insert into pub_billtemplet_b(cardflag,datatype,defaultshowname,defaultvalue,dr,editflag,editformula,foreground,hyperlinkflag,idcolname,inputlength,itemkey,itemtype,leafflag,listflag,listhyperlinkflag,listshowflag,listshoworder,loadformula,lockflag,metadatapath,metadataproperty,metadatarelation,newlineflag,nullflag,options,pk_billtemplet,pk_billtemplet_b,pk_corp,pos,reftype,resid,resid_tabname,reviseflag,showflag,showorder,table_code,table_name,totalflag,ts,userdefflag,userdefine1,userdefine2,userdefine3,usereditflag,userflag,userreviseflag,usershowflag,validateformula,width) values( 1,-1,null,null,0,1,null,-1,'N',null,-1,'pk_group',0,'N',1,'N','N',4,null,0,'pk_group','qcco.modelno.pk_group',null,'N',0,null,'0001AA10000000000A2A','0001AA10000000000A2E','@@@@',1,null,null,null,'N',0,4,'modelno','规格号',0,'2018-11-19 10:19:38','N',null,null,null,1,1,'N',1,null,100);
insert into pub_billtemplet_b(cardflag,datatype,defaultshowname,defaultvalue,dr,editflag,editformula,foreground,hyperlinkflag,idcolname,inputlength,itemkey,itemtype,leafflag,listflag,listhyperlinkflag,listshowflag,listshoworder,loadformula,lockflag,metadatapath,metadataproperty,metadatarelation,newlineflag,nullflag,options,pk_billtemplet,pk_billtemplet_b,pk_corp,pos,reftype,resid,resid_tabname,reviseflag,showflag,showorder,table_code,table_name,totalflag,ts,userdefflag,userdefine1,userdefine2,userdefine3,usereditflag,userflag,userreviseflag,usershowflag,validateformula,width) values( 1,-1,null,null,0,1,null,-1,'N',null,-1,'pk_org',0,'N',1,'N','N',5,null,0,'pk_org','qcco.modelno.pk_org',null,'N',0,null,'0001AA10000000000A2A','0001AA10000000000A2F','@@@@',1,null,null,null,'N',0,5,'modelno','规格号',0,'2018-11-19 10:19:38','N',null,null,null,1,1,'N',1,null,100);
insert into pub_billtemplet_b(cardflag,datatype,defaultshowname,defaultvalue,dr,editflag,editformula,foreground,hyperlinkflag,idcolname,inputlength,itemkey,itemtype,leafflag,listflag,listhyperlinkflag,listshowflag,listshoworder,loadformula,lockflag,metadatapath,metadataproperty,metadatarelation,newlineflag,nullflag,options,pk_billtemplet,pk_billtemplet_b,pk_corp,pos,reftype,resid,resid_tabname,reviseflag,showflag,showorder,table_code,table_name,totalflag,ts,userdefflag,userdefine1,userdefine2,userdefine3,usereditflag,userflag,userreviseflag,usershowflag,validateformula,width) values( 1,-1,null,null,0,1,null,-1,'N',null,-1,'creator',0,'N',1,'N','N',6,null,0,'creator','qcco.modelno.creator',null,'N',0,null,'0001AA10000000000A2A','0001AA10000000000A2G','@@@@',1,null,null,null,'N',0,6,'modelno','规格号',0,'2018-11-19 10:19:38','N',null,null,null,1,1,'N',1,null,100);
insert into pub_billtemplet_b(cardflag,datatype,defaultshowname,defaultvalue,dr,editflag,editformula,foreground,hyperlinkflag,idcolname,inputlength,itemkey,itemtype,leafflag,listflag,listhyperlinkflag,listshowflag,listshoworder,loadformula,lockflag,metadatapath,metadataproperty,metadatarelation,newlineflag,nullflag,options,pk_billtemplet,pk_billtemplet_b,pk_corp,pos,reftype,resid,resid_tabname,reviseflag,showflag,showorder,table_code,table_name,totalflag,ts,userdefflag,userdefine1,userdefine2,userdefine3,usereditflag,userflag,userreviseflag,usershowflag,validateformula,width) values( 1,-1,null,null,0,1,null,-1,'N',null,-1,'creationtime',0,'N',1,'N','N',7,null,0,'creationtime','qcco.modelno.creationtime',null,'N',0,null,'0001AA10000000000A2A','0001AA10000000000A2H','@@@@',1,null,null,null,'N',0,7,'modelno','规格号',0,'2018-11-19 10:19:38','N',null,null,null,1,1,'N',1,null,100);
insert into pub_billtemplet_b(cardflag,datatype,defaultshowname,defaultvalue,dr,editflag,editformula,foreground,hyperlinkflag,idcolname,inputlength,itemkey,itemtype,leafflag,listflag,listhyperlinkflag,listshowflag,listshoworder,loadformula,lockflag,metadatapath,metadataproperty,metadatarelation,newlineflag,nullflag,options,pk_billtemplet,pk_billtemplet_b,pk_corp,pos,reftype,resid,resid_tabname,reviseflag,showflag,showorder,table_code,table_name,totalflag,ts,userdefflag,userdefine1,userdefine2,userdefine3,usereditflag,userflag,userreviseflag,usershowflag,validateformula,width) values( 1,-1,null,null,0,1,null,-1,'N',null,-1,'modifier',0,'N',1,'N','N',8,null,0,'modifier','qcco.modelno.modifier',null,'N',0,null,'0001AA10000000000A2A','0001AA10000000000A2I','@@@@',1,null,null,null,'N',0,8,'modelno','规格号',0,'2018-11-19 10:19:38','N',null,null,null,1,1,'N',1,null,100);
insert into pub_billtemplet_b(cardflag,datatype,defaultshowname,defaultvalue,dr,editflag,editformula,foreground,hyperlinkflag,idcolname,inputlength,itemkey,itemtype,leafflag,listflag,listhyperlinkflag,listshowflag,listshoworder,loadformula,lockflag,metadatapath,metadataproperty,metadatarelation,newlineflag,nullflag,options,pk_billtemplet,pk_billtemplet_b,pk_corp,pos,reftype,resid,resid_tabname,reviseflag,showflag,showorder,table_code,table_name,totalflag,ts,userdefflag,userdefine1,userdefine2,userdefine3,usereditflag,userflag,userreviseflag,usershowflag,validateformula,width) values( 1,-1,null,null,0,1,null,-1,'N',null,-1,'modifiedtime',0,'N',1,'N','N',9,null,0,'modifiedtime','qcco.modelno.modifiedtime',null,'N',0,null,'0001AA10000000000A2A','0001AA10000000000A2J','@@@@',1,null,null,null,'N',0,9,'modelno','规格号',0,'2018-11-19 10:19:38','N',null,null,null,1,1,'N',1,null,100);
insert into pub_billtemplet_b(cardflag,datatype,defaultshowname,defaultvalue,dr,editflag,editformula,foreground,hyperlinkflag,idcolname,inputlength,itemkey,itemtype,leafflag,listflag,listhyperlinkflag,listshowflag,listshoworder,loadformula,lockflag,metadatapath,metadataproperty,metadatarelation,newlineflag,nullflag,options,pk_billtemplet,pk_billtemplet_b,pk_corp,pos,reftype,resid,resid_tabname,reviseflag,showflag,showorder,table_code,table_name,totalflag,ts,userdefflag,userdefine1,userdefine2,userdefine3,usereditflag,userflag,userreviseflag,usershowflag,validateformula,width) values( 1,-1,null,null,0,1,null,-1,'N',null,-1,'pk_productserial',0,'N',1,'N','Y',10,null,0,'pk_productserial','qcco.modelno.pk_productserial',null,'N',0,null,'0001AA10000000000A2A','0001AA10000000000A2K','@@@@',1,null,null,null,'N',1,10,'modelno','规格号',0,'2018-11-19 10:19:38','N',null,null,null,1,1,'N',1,null,100);
insert into pub_billtemplet_b(cardflag,datatype,defaultshowname,defaultvalue,dr,editflag,editformula,foreground,hyperlinkflag,idcolname,inputlength,itemkey,itemtype,leafflag,listflag,listhyperlinkflag,listshowflag,listshoworder,loadformula,lockflag,metadatapath,metadataproperty,metadatarelation,newlineflag,nullflag,options,pk_billtemplet,pk_billtemplet_b,pk_corp,pos,reftype,resid,resid_tabname,reviseflag,showflag,showorder,table_code,table_name,totalflag,ts,userdefflag,userdefine1,userdefine2,userdefine3,usereditflag,userflag,userreviseflag,usershowflag,validateformula,width) values( 1,-1,null,null,0,1,null,-1,'N',null,-1,'ts',0,'N',1,'N','N',11,null,0,'ts','qcco.modelno.ts',null,'N',0,null,'0001AA10000000000A2A','0001AA10000000000A2L','@@@@',1,null,null,null,'N',0,11,'modelno','规格号',0,'2018-11-19 10:19:38','N',null,null,null,1,1,'N',1,null,100);
insert into pub_billtemplet_t(basetab,dr,metadataclass,metadatapath,mixindex,pk_billtemplet,pk_billtemplet_t,pk_layout,pos,position,resid,tabcode,tabindex,tabname,ts,vdef1,vdef2,vdef3) values( null,0,'qcco.modelno','modelno',null,'0001AA10000000000A2A','1001AA10000000001I0P',null,1,null,null,'modelno',0,'规格号','2018-11-19 10:19:40',null,null,null);

insert into pub_billtemplet(bill_templetcaption,bill_templetname,devorg,dividerproportion,dr,funccode,layer,metadataclass,model_type,modulecode,nodecode,options,pk_billtemplet,pk_billtypecode,pk_corp,pk_org,resid,shareflag,ts,validateformula) values( '结构类型','SYSTEM',null,null,0,null,0,'qcco.structtype',null,'QCCO','C0J00106',null,'0001AA10000000000A2R','C0J00106','@@@@',null,null,null,'2018-11-19 10:20:11',null);
insert into pub_billtemplet_b(cardflag,datatype,defaultshowname,defaultvalue,dr,editflag,editformula,foreground,hyperlinkflag,idcolname,inputlength,itemkey,itemtype,leafflag,listflag,listhyperlinkflag,listshowflag,listshoworder,loadformula,lockflag,metadatapath,metadataproperty,metadatarelation,newlineflag,nullflag,options,pk_billtemplet,pk_billtemplet_b,pk_corp,pos,reftype,resid,resid_tabname,reviseflag,showflag,showorder,table_code,table_name,totalflag,ts,userdefflag,userdefine1,userdefine2,userdefine3,usereditflag,userflag,userreviseflag,usershowflag,validateformula,width) values( 1,-1,null,null,0,1,null,-1,'N',null,-1,'pk_structtype',0,'N',1,'N','N',1,null,0,'pk_structtype','qcco.structtype.pk_structtype',null,'N',0,null,'0001AA10000000000A2R','0001AA10000000000A2S','@@@@',1,null,null,null,'N',0,1,'structtype','结构类型',0,'2018-11-19 10:20:11','N',null,null,null,1,1,'N',1,null,100);
insert into pub_billtemplet_b(cardflag,datatype,defaultshowname,defaultvalue,dr,editflag,editformula,foreground,hyperlinkflag,idcolname,inputlength,itemkey,itemtype,leafflag,listflag,listhyperlinkflag,listshowflag,listshoworder,loadformula,lockflag,metadatapath,metadataproperty,metadatarelation,newlineflag,nullflag,options,pk_billtemplet,pk_billtemplet_b,pk_corp,pos,reftype,resid,resid_tabname,reviseflag,showflag,showorder,table_code,table_name,totalflag,ts,userdefflag,userdefine1,userdefine2,userdefine3,usereditflag,userflag,userreviseflag,usershowflag,validateformula,width) values( 1,-1,null,null,0,1,null,-1,'N',null,-1,'code',0,'N',1,'N','Y',2,null,0,'code','qcco.structtype.code',null,'N',0,null,'0001AA10000000000A2R','0001AA10000000000A2T','@@@@',1,null,null,null,'N',1,2,'structtype','结构类型',0,'2018-11-19 10:20:11','N',null,null,null,1,1,'N',1,null,100);
insert into pub_billtemplet_b(cardflag,datatype,defaultshowname,defaultvalue,dr,editflag,editformula,foreground,hyperlinkflag,idcolname,inputlength,itemkey,itemtype,leafflag,listflag,listhyperlinkflag,listshowflag,listshoworder,loadformula,lockflag,metadatapath,metadataproperty,metadatarelation,newlineflag,nullflag,options,pk_billtemplet,pk_billtemplet_b,pk_corp,pos,reftype,resid,resid_tabname,reviseflag,showflag,showorder,table_code,table_name,totalflag,ts,userdefflag,userdefine1,userdefine2,userdefine3,usereditflag,userflag,userreviseflag,usershowflag,validateformula,width) values( 1,-1,null,null,0,1,null,-1,'N',null,-1,'name',0,'N',1,'N','Y',3,null,0,'name','qcco.structtype.name',null,'N',0,null,'0001AA10000000000A2R','0001AA10000000000A2U','@@@@',1,null,null,null,'N',1,3,'structtype','结构类型',0,'2018-11-19 10:20:11','N',null,null,null,1,1,'N',1,null,100);
insert into pub_billtemplet_b(cardflag,datatype,defaultshowname,defaultvalue,dr,editflag,editformula,foreground,hyperlinkflag,idcolname,inputlength,itemkey,itemtype,leafflag,listflag,listhyperlinkflag,listshowflag,listshoworder,loadformula,lockflag,metadatapath,metadataproperty,metadatarelation,newlineflag,nullflag,options,pk_billtemplet,pk_billtemplet_b,pk_corp,pos,reftype,resid,resid_tabname,reviseflag,showflag,showorder,table_code,table_name,totalflag,ts,userdefflag,userdefine1,userdefine2,userdefine3,usereditflag,userflag,userreviseflag,usershowflag,validateformula,width) values( 1,-1,null,null,0,1,null,-1,'N',null,-1,'pk_group',0,'N',1,'N','N',4,null,0,'pk_group','qcco.structtype.pk_group',null,'N',0,null,'0001AA10000000000A2R','0001AA10000000000A2V','@@@@',1,null,null,null,'N',0,4,'structtype','结构类型',0,'2018-11-19 10:20:11','N',null,null,null,1,1,'N',1,null,100);
insert into pub_billtemplet_b(cardflag,datatype,defaultshowname,defaultvalue,dr,editflag,editformula,foreground,hyperlinkflag,idcolname,inputlength,itemkey,itemtype,leafflag,listflag,listhyperlinkflag,listshowflag,listshoworder,loadformula,lockflag,metadatapath,metadataproperty,metadatarelation,newlineflag,nullflag,options,pk_billtemplet,pk_billtemplet_b,pk_corp,pos,reftype,resid,resid_tabname,reviseflag,showflag,showorder,table_code,table_name,totalflag,ts,userdefflag,userdefine1,userdefine2,userdefine3,usereditflag,userflag,userreviseflag,usershowflag,validateformula,width) values( 1,-1,null,null,0,1,null,-1,'N',null,-1,'pk_org',0,'N',1,'N','N',5,null,0,'pk_org','qcco.structtype.pk_org',null,'N',0,null,'0001AA10000000000A2R','0001AA10000000000A2W','@@@@',1,null,null,null,'N',0,5,'structtype','结构类型',0,'2018-11-19 10:20:11','N',null,null,null,1,1,'N',1,null,100);
insert into pub_billtemplet_b(cardflag,datatype,defaultshowname,defaultvalue,dr,editflag,editformula,foreground,hyperlinkflag,idcolname,inputlength,itemkey,itemtype,leafflag,listflag,listhyperlinkflag,listshowflag,listshoworder,loadformula,lockflag,metadatapath,metadataproperty,metadatarelation,newlineflag,nullflag,options,pk_billtemplet,pk_billtemplet_b,pk_corp,pos,reftype,resid,resid_tabname,reviseflag,showflag,showorder,table_code,table_name,totalflag,ts,userdefflag,userdefine1,userdefine2,userdefine3,usereditflag,userflag,userreviseflag,usershowflag,validateformula,width) values( 1,-1,null,null,0,1,null,-1,'N',null,-1,'pk_productserial',0,'N',1,'N','Y',6,null,0,'pk_productserial','qcco.structtype.pk_productserial',null,'N',0,null,'0001AA10000000000A2R','0001AA10000000000A2X','@@@@',1,null,null,null,'N',1,6,'structtype','结构类型',0,'2018-11-19 10:20:11','N',null,null,null,1,1,'N',1,null,100);
insert into pub_billtemplet_b(cardflag,datatype,defaultshowname,defaultvalue,dr,editflag,editformula,foreground,hyperlinkflag,idcolname,inputlength,itemkey,itemtype,leafflag,listflag,listhyperlinkflag,listshowflag,listshoworder,loadformula,lockflag,metadatapath,metadataproperty,metadatarelation,newlineflag,nullflag,options,pk_billtemplet,pk_billtemplet_b,pk_corp,pos,reftype,resid,resid_tabname,reviseflag,showflag,showorder,table_code,table_name,totalflag,ts,userdefflag,userdefine1,userdefine2,userdefine3,usereditflag,userflag,userreviseflag,usershowflag,validateformula,width) values( 1,-1,null,null,0,1,null,-1,'N',null,-1,'pk_testtemp',0,'N',1,'N','Y',7,null,0,'pk_testtemp','qcco.structtype.pk_testtemp',null,'N',0,null,'0001AA10000000000A2R','0001AA10000000000A2Y','@@@@',1,null,null,null,'N',1,7,'structtype','结构类型',0,'2018-11-19 10:20:11','N',null,null,null,1,1,'N',1,null,100);
insert into pub_billtemplet_b(cardflag,datatype,defaultshowname,defaultvalue,dr,editflag,editformula,foreground,hyperlinkflag,idcolname,inputlength,itemkey,itemtype,leafflag,listflag,listhyperlinkflag,listshowflag,listshoworder,loadformula,lockflag,metadatapath,metadataproperty,metadatarelation,newlineflag,nullflag,options,pk_billtemplet,pk_billtemplet_b,pk_corp,pos,reftype,resid,resid_tabname,reviseflag,showflag,showorder,table_code,table_name,totalflag,ts,userdefflag,userdefine1,userdefine2,userdefine3,usereditflag,userflag,userreviseflag,usershowflag,validateformula,width) values( 1,-1,null,null,0,1,null,-1,'N',null,-1,'creator',0,'N',1,'N','N',8,null,0,'creator','qcco.structtype.creator',null,'N',0,null,'0001AA10000000000A2R','0001AA10000000000A2Z','@@@@',1,null,null,null,'N',0,8,'structtype','结构类型',0,'2018-11-19 10:20:11','N',null,null,null,1,1,'N',1,null,100);
insert into pub_billtemplet_b(cardflag,datatype,defaultshowname,defaultvalue,dr,editflag,editformula,foreground,hyperlinkflag,idcolname,inputlength,itemkey,itemtype,leafflag,listflag,listhyperlinkflag,listshowflag,listshoworder,loadformula,lockflag,metadatapath,metadataproperty,metadatarelation,newlineflag,nullflag,options,pk_billtemplet,pk_billtemplet_b,pk_corp,pos,reftype,resid,resid_tabname,reviseflag,showflag,showorder,table_code,table_name,totalflag,ts,userdefflag,userdefine1,userdefine2,userdefine3,usereditflag,userflag,userreviseflag,usershowflag,validateformula,width) values( 1,-1,null,null,0,1,null,-1,'N',null,-1,'creationtime',0,'N',1,'N','N',9,null,0,'creationtime','qcco.structtype.creationtime',null,'N',0,null,'0001AA10000000000A2R','0001AA10000000000A30','@@@@',1,null,null,null,'N',0,9,'structtype','结构类型',0,'2018-11-19 10:20:11','N',null,null,null,1,1,'N',1,null,100);
insert into pub_billtemplet_b(cardflag,datatype,defaultshowname,defaultvalue,dr,editflag,editformula,foreground,hyperlinkflag,idcolname,inputlength,itemkey,itemtype,leafflag,listflag,listhyperlinkflag,listshowflag,listshoworder,loadformula,lockflag,metadatapath,metadataproperty,metadatarelation,newlineflag,nullflag,options,pk_billtemplet,pk_billtemplet_b,pk_corp,pos,reftype,resid,resid_tabname,reviseflag,showflag,showorder,table_code,table_name,totalflag,ts,userdefflag,userdefine1,userdefine2,userdefine3,usereditflag,userflag,userreviseflag,usershowflag,validateformula,width) values( 1,-1,null,null,0,1,null,-1,'N',null,-1,'modifier',0,'N',1,'N','N',10,null,0,'modifier','qcco.structtype.modifier',null,'N',0,null,'0001AA10000000000A2R','0001AA10000000000A31','@@@@',1,null,null,null,'N',0,10,'structtype','结构类型',0,'2018-11-19 10:20:11','N',null,null,null,1,1,'N',1,null,100);
insert into pub_billtemplet_b(cardflag,datatype,defaultshowname,defaultvalue,dr,editflag,editformula,foreground,hyperlinkflag,idcolname,inputlength,itemkey,itemtype,leafflag,listflag,listhyperlinkflag,listshowflag,listshoworder,loadformula,lockflag,metadatapath,metadataproperty,metadatarelation,newlineflag,nullflag,options,pk_billtemplet,pk_billtemplet_b,pk_corp,pos,reftype,resid,resid_tabname,reviseflag,showflag,showorder,table_code,table_name,totalflag,ts,userdefflag,userdefine1,userdefine2,userdefine3,usereditflag,userflag,userreviseflag,usershowflag,validateformula,width) values( 1,-1,null,null,0,1,null,-1,'N',null,-1,'modifiedtime',0,'N',1,'N','N',11,null,0,'modifiedtime','qcco.structtype.modifiedtime',null,'N',0,null,'0001AA10000000000A2R','0001AA10000000000A32','@@@@',1,null,null,null,'N',0,11,'structtype','结构类型',0,'2018-11-19 10:20:11','N',null,null,null,1,1,'N',1,null,100);
insert into pub_billtemplet_b(cardflag,datatype,defaultshowname,defaultvalue,dr,editflag,editformula,foreground,hyperlinkflag,idcolname,inputlength,itemkey,itemtype,leafflag,listflag,listhyperlinkflag,listshowflag,listshoworder,loadformula,lockflag,metadatapath,metadataproperty,metadatarelation,newlineflag,nullflag,options,pk_billtemplet,pk_billtemplet_b,pk_corp,pos,reftype,resid,resid_tabname,reviseflag,showflag,showorder,table_code,table_name,totalflag,ts,userdefflag,userdefine1,userdefine2,userdefine3,usereditflag,userflag,userreviseflag,usershowflag,validateformula,width) values( 1,-1,null,null,0,1,null,-1,'N',null,-1,'ts',0,'N',1,'N','N',12,null,0,'ts','qcco.structtype.ts',null,'N',0,null,'0001AA10000000000A2R','0001AA10000000000A33','@@@@',1,null,null,null,'N',0,12,'structtype','结构类型',0,'2018-11-19 10:20:11','N',null,null,null,1,1,'N',1,null,100);
insert into pub_billtemplet_t(basetab,dr,metadataclass,metadatapath,mixindex,pk_billtemplet,pk_billtemplet_t,pk_layout,pos,position,resid,tabcode,tabindex,tabname,ts,vdef1,vdef2,vdef3) values( null,0,'qcco.structtype','structtype',null,'0001AA10000000000A2R','1001AA10000000001I0Q',null,1,null,null,'structtype',0,'结构类型','2018-11-19 10:20:12',null,null,null);

insert into pub_billtemplet(bill_templetcaption,bill_templetname,devorg,dividerproportion,dr,funccode,layer,metadataclass,model_type,modulecode,nodecode,options,pk_billtemplet,pk_billtypecode,pk_corp,pk_org,resid,shareflag,ts,validateformula) values( '委托类型','SYSTEM',null,null,0,null,0,'qcco.commissiontype',null,'QCCO','C0J00201',null,'0001AA10000000000A4G','C0J00201','@@@@',null,null,null,'2018-11-19 10:26:20',null);
insert into pub_billtemplet_b(cardflag,datatype,defaultshowname,defaultvalue,dr,editflag,editformula,foreground,hyperlinkflag,idcolname,inputlength,itemkey,itemtype,leafflag,listflag,listhyperlinkflag,listshowflag,listshoworder,loadformula,lockflag,metadatapath,metadataproperty,metadatarelation,newlineflag,nullflag,options,pk_billtemplet,pk_billtemplet_b,pk_corp,pos,reftype,resid,resid_tabname,reviseflag,showflag,showorder,table_code,table_name,totalflag,ts,userdefflag,userdefine1,userdefine2,userdefine3,usereditflag,userflag,userreviseflag,usershowflag,validateformula,width) values( 1,-1,null,null,0,1,null,-1,'N',null,-1,'pk_commissiontype',0,'N',1,'N','N',1,null,0,'pk_commissiontype','qcco.commissiontype.pk_commissiontype',null,'N',0,null,'0001AA10000000000A4G','0001AA10000000000A4H','@@@@',1,null,null,null,'N',0,1,'commissiontype','委托类型',0,'2018-11-19 10:26:20','N',null,null,null,1,1,'N',1,null,100);
insert into pub_billtemplet_b(cardflag,datatype,defaultshowname,defaultvalue,dr,editflag,editformula,foreground,hyperlinkflag,idcolname,inputlength,itemkey,itemtype,leafflag,listflag,listhyperlinkflag,listshowflag,listshoworder,loadformula,lockflag,metadatapath,metadataproperty,metadatarelation,newlineflag,nullflag,options,pk_billtemplet,pk_billtemplet_b,pk_corp,pos,reftype,resid,resid_tabname,reviseflag,showflag,showorder,table_code,table_name,totalflag,ts,userdefflag,userdefine1,userdefine2,userdefine3,usereditflag,userflag,userreviseflag,usershowflag,validateformula,width) values( 1,-1,null,null,0,1,null,-1,'N',null,-1,'creator',0,'N',1,'N','N',2,null,0,'creator','qcco.commissiontype.creator',null,'N',0,null,'0001AA10000000000A4G','0001AA10000000000A4I','@@@@',1,null,null,null,'N',0,2,'commissiontype','委托类型',0,'2018-11-19 10:26:20','N',null,null,null,1,1,'N',1,null,100);
insert into pub_billtemplet_b(cardflag,datatype,defaultshowname,defaultvalue,dr,editflag,editformula,foreground,hyperlinkflag,idcolname,inputlength,itemkey,itemtype,leafflag,listflag,listhyperlinkflag,listshowflag,listshoworder,loadformula,lockflag,metadatapath,metadataproperty,metadatarelation,newlineflag,nullflag,options,pk_billtemplet,pk_billtemplet_b,pk_corp,pos,reftype,resid,resid_tabname,reviseflag,showflag,showorder,table_code,table_name,totalflag,ts,userdefflag,userdefine1,userdefine2,userdefine3,usereditflag,userflag,userreviseflag,usershowflag,validateformula,width) values( 1,-1,null,null,0,1,null,-1,'N',null,-1,'creationtime',0,'N',1,'N','N',3,null,0,'creationtime','qcco.commissiontype.creationtime',null,'N',0,null,'0001AA10000000000A4G','0001AA10000000000A4J','@@@@',1,null,null,null,'N',0,3,'commissiontype','委托类型',0,'2018-11-19 10:26:20','N',null,null,null,1,1,'N',1,null,100);
insert into pub_billtemplet_b(cardflag,datatype,defaultshowname,defaultvalue,dr,editflag,editformula,foreground,hyperlinkflag,idcolname,inputlength,itemkey,itemtype,leafflag,listflag,listhyperlinkflag,listshowflag,listshoworder,loadformula,lockflag,metadatapath,metadataproperty,metadatarelation,newlineflag,nullflag,options,pk_billtemplet,pk_billtemplet_b,pk_corp,pos,reftype,resid,resid_tabname,reviseflag,showflag,showorder,table_code,table_name,totalflag,ts,userdefflag,userdefine1,userdefine2,userdefine3,usereditflag,userflag,userreviseflag,usershowflag,validateformula,width) values( 1,-1,null,null,0,1,null,-1,'N',null,-1,'modifier',0,'N',1,'N','N',4,null,0,'modifier','qcco.commissiontype.modifier',null,'N',0,null,'0001AA10000000000A4G','0001AA10000000000A4K','@@@@',1,null,null,null,'N',0,4,'commissiontype','委托类型',0,'2018-11-19 10:26:20','N',null,null,null,1,1,'N',1,null,100);
insert into pub_billtemplet_b(cardflag,datatype,defaultshowname,defaultvalue,dr,editflag,editformula,foreground,hyperlinkflag,idcolname,inputlength,itemkey,itemtype,leafflag,listflag,listhyperlinkflag,listshowflag,listshoworder,loadformula,lockflag,metadatapath,metadataproperty,metadatarelation,newlineflag,nullflag,options,pk_billtemplet,pk_billtemplet_b,pk_corp,pos,reftype,resid,resid_tabname,reviseflag,showflag,showorder,table_code,table_name,totalflag,ts,userdefflag,userdefine1,userdefine2,userdefine3,usereditflag,userflag,userreviseflag,usershowflag,validateformula,width) values( 1,-1,null,null,0,1,null,-1,'N',null,-1,'modifiedtime',0,'N',1,'N','N',5,null,0,'modifiedtime','qcco.commissiontype.modifiedtime',null,'N',0,null,'0001AA10000000000A4G','0001AA10000000000A4L','@@@@',1,null,null,null,'N',0,5,'commissiontype','委托类型',0,'2018-11-19 10:26:20','N',null,null,null,1,1,'N',1,null,100);
insert into pub_billtemplet_b(cardflag,datatype,defaultshowname,defaultvalue,dr,editflag,editformula,foreground,hyperlinkflag,idcolname,inputlength,itemkey,itemtype,leafflag,listflag,listhyperlinkflag,listshowflag,listshoworder,loadformula,lockflag,metadatapath,metadataproperty,metadatarelation,newlineflag,nullflag,options,pk_billtemplet,pk_billtemplet_b,pk_corp,pos,reftype,resid,resid_tabname,reviseflag,showflag,showorder,table_code,table_name,totalflag,ts,userdefflag,userdefine1,userdefine2,userdefine3,usereditflag,userflag,userreviseflag,usershowflag,validateformula,width) values( 1,-1,null,null,0,1,null,-1,'N',null,-1,'pk_group',0,'N',1,'N','N',6,null,0,'pk_group','qcco.commissiontype.pk_group',null,'N',0,null,'0001AA10000000000A4G','0001AA10000000000A4M','@@@@',1,null,null,null,'N',0,6,'commissiontype','委托类型',0,'2018-11-19 10:26:20','N',null,null,null,1,1,'N',1,null,100);
insert into pub_billtemplet_b(cardflag,datatype,defaultshowname,defaultvalue,dr,editflag,editformula,foreground,hyperlinkflag,idcolname,inputlength,itemkey,itemtype,leafflag,listflag,listhyperlinkflag,listshowflag,listshoworder,loadformula,lockflag,metadatapath,metadataproperty,metadatarelation,newlineflag,nullflag,options,pk_billtemplet,pk_billtemplet_b,pk_corp,pos,reftype,resid,resid_tabname,reviseflag,showflag,showorder,table_code,table_name,totalflag,ts,userdefflag,userdefine1,userdefine2,userdefine3,usereditflag,userflag,userreviseflag,usershowflag,validateformula,width) values( 1,-1,null,null,0,1,null,-1,'N',null,-1,'pk_org',0,'N',1,'N','N',7,null,0,'pk_org','qcco.commissiontype.pk_org',null,'N',0,null,'0001AA10000000000A4G','0001AA10000000000A4N','@@@@',1,null,null,null,'N',0,7,'commissiontype','委托类型',0,'2018-11-19 10:26:20','N',null,null,null,1,1,'N',1,null,100);
insert into pub_billtemplet_b(cardflag,datatype,defaultshowname,defaultvalue,dr,editflag,editformula,foreground,hyperlinkflag,idcolname,inputlength,itemkey,itemtype,leafflag,listflag,listhyperlinkflag,listshowflag,listshoworder,loadformula,lockflag,metadatapath,metadataproperty,metadatarelation,newlineflag,nullflag,options,pk_billtemplet,pk_billtemplet_b,pk_corp,pos,reftype,resid,resid_tabname,reviseflag,showflag,showorder,table_code,table_name,totalflag,ts,userdefflag,userdefine1,userdefine2,userdefine3,usereditflag,userflag,userreviseflag,usershowflag,validateformula,width) values( 1,-1,null,null,0,1,null,-1,'N',null,-1,'code',0,'N',1,'N','Y',8,null,0,'code','qcco.commissiontype.code',null,'N',0,null,'0001AA10000000000A4G','0001AA10000000000A4O','@@@@',1,null,null,null,'N',1,8,'commissiontype','委托类型',0,'2018-11-19 10:26:20','N',null,null,null,1,1,'N',1,null,100);
insert into pub_billtemplet_b(cardflag,datatype,defaultshowname,defaultvalue,dr,editflag,editformula,foreground,hyperlinkflag,idcolname,inputlength,itemkey,itemtype,leafflag,listflag,listhyperlinkflag,listshowflag,listshoworder,loadformula,lockflag,metadatapath,metadataproperty,metadatarelation,newlineflag,nullflag,options,pk_billtemplet,pk_billtemplet_b,pk_corp,pos,reftype,resid,resid_tabname,reviseflag,showflag,showorder,table_code,table_name,totalflag,ts,userdefflag,userdefine1,userdefine2,userdefine3,usereditflag,userflag,userreviseflag,usershowflag,validateformula,width) values( 1,-1,null,null,0,1,null,-1,'N',null,-1,'name',0,'N',1,'N','Y',9,null,0,'name','qcco.commissiontype.name',null,'N',0,null,'0001AA10000000000A4G','0001AA10000000000A4P','@@@@',1,null,null,null,'N',1,9,'commissiontype','委托类型',0,'2018-11-19 10:26:20','N',null,null,null,1,1,'N',1,null,100);
insert into pub_billtemplet_b(cardflag,datatype,defaultshowname,defaultvalue,dr,editflag,editformula,foreground,hyperlinkflag,idcolname,inputlength,itemkey,itemtype,leafflag,listflag,listhyperlinkflag,listshowflag,listshoworder,loadformula,lockflag,metadatapath,metadataproperty,metadatarelation,newlineflag,nullflag,options,pk_billtemplet,pk_billtemplet_b,pk_corp,pos,reftype,resid,resid_tabname,reviseflag,showflag,showorder,table_code,table_name,totalflag,ts,userdefflag,userdefine1,userdefine2,userdefine3,usereditflag,userflag,userreviseflag,usershowflag,validateformula,width) values( 1,-1,null,null,0,1,null,-1,'N',null,-1,'describe',0,'N',1,'N','Y',10,null,0,'describe','qcco.commissiontype.describe',null,'N',0,null,'0001AA10000000000A4G','0001AA10000000000A4Q','@@@@',1,null,null,null,'N',1,10,'commissiontype','委托类型',0,'2018-11-19 10:26:20','N',null,null,null,1,1,'N',1,null,100);
insert into pub_billtemplet_b(cardflag,datatype,defaultshowname,defaultvalue,dr,editflag,editformula,foreground,hyperlinkflag,idcolname,inputlength,itemkey,itemtype,leafflag,listflag,listhyperlinkflag,listshowflag,listshoworder,loadformula,lockflag,metadatapath,metadataproperty,metadatarelation,newlineflag,nullflag,options,pk_billtemplet,pk_billtemplet_b,pk_corp,pos,reftype,resid,resid_tabname,reviseflag,showflag,showorder,table_code,table_name,totalflag,ts,userdefflag,userdefine1,userdefine2,userdefine3,usereditflag,userflag,userreviseflag,usershowflag,validateformula,width) values( 1,-1,null,null,0,1,null,-1,'N',null,-1,'ts',0,'N',1,'N','N',11,null,0,'ts','qcco.commissiontype.ts',null,'N',0,null,'0001AA10000000000A4G','0001AA10000000000A4R','@@@@',1,null,null,null,'N',0,11,'commissiontype','委托类型',0,'2018-11-19 10:26:20','N',null,null,null,1,1,'N',1,null,100);
insert into pub_billtemplet_t(basetab,dr,metadataclass,metadatapath,mixindex,pk_billtemplet,pk_billtemplet_t,pk_layout,pos,position,resid,tabcode,tabindex,tabname,ts,vdef1,vdef2,vdef3) values( null,0,'qcco.commissiontype','commissiontype',null,'0001AA10000000000A4G','1001AA10000000001I0Z',null,1,1,null,'commissiontype',0,'委托类型','2018-11-19 10:26:22',null,null,null);

insert into pub_billtemplet(bill_templetcaption,bill_templetname,devorg,dividerproportion,dr,funccode,layer,metadataclass,model_type,modulecode,nodecode,options,pk_billtemplet,pk_billtypecode,pk_corp,pk_org,resid,shareflag,ts,validateformula) values( '产品分类','SYSTEM',null,null,0,null,0,'qcco.ProductCategory',null,'QCCO','C0J00101',null,'0001AA10000000000A18','C0J00101','@@@@',null,null,null,'2018-11-19 10:18:25',null);
insert into pub_billtemplet_b(cardflag,datatype,defaultshowname,defaultvalue,dr,editflag,editformula,foreground,hyperlinkflag,idcolname,inputlength,itemkey,itemtype,leafflag,listflag,listhyperlinkflag,listshowflag,listshoworder,loadformula,lockflag,metadatapath,metadataproperty,metadatarelation,newlineflag,nullflag,options,pk_billtemplet,pk_billtemplet_b,pk_corp,pos,reftype,resid,resid_tabname,reviseflag,showflag,showorder,table_code,table_name,totalflag,ts,userdefflag,userdefine1,userdefine2,userdefine3,usereditflag,userflag,userreviseflag,usershowflag,validateformula,width) values( 1,-1,null,null,0,1,null,-1,'N',null,-1,'pk_category',0,'N',1,'N','N',1,null,0,'pk_category','qcco.ProductCategory.pk_category',null,'N',0,null,'0001AA10000000000A18','0001AA10000000000A19','@@@@',1,null,null,null,'N',0,1,'ProductCategory','产品分类',0,'2018-11-19 10:18:25','N',null,null,null,1,1,'N',1,null,100);
insert into pub_billtemplet_b(cardflag,datatype,defaultshowname,defaultvalue,dr,editflag,editformula,foreground,hyperlinkflag,idcolname,inputlength,itemkey,itemtype,leafflag,listflag,listhyperlinkflag,listshowflag,listshoworder,loadformula,lockflag,metadatapath,metadataproperty,metadatarelation,newlineflag,nullflag,options,pk_billtemplet,pk_billtemplet_b,pk_corp,pos,reftype,resid,resid_tabname,reviseflag,showflag,showorder,table_code,table_name,totalflag,ts,userdefflag,userdefine1,userdefine2,userdefine3,usereditflag,userflag,userreviseflag,usershowflag,validateformula,width) values( 1,-1,null,null,0,1,null,-1,'N',null,-1,'pk_group',0,'N',1,'N','N',2,null,0,'pk_group','qcco.ProductCategory.pk_group',null,'N',0,null,'0001AA10000000000A18','0001AA10000000000A1A','@@@@',1,null,null,null,'N',0,2,'ProductCategory','产品分类',0,'2018-11-19 10:18:25','N',null,null,null,1,1,'N',1,null,100);
insert into pub_billtemplet_b(cardflag,datatype,defaultshowname,defaultvalue,dr,editflag,editformula,foreground,hyperlinkflag,idcolname,inputlength,itemkey,itemtype,leafflag,listflag,listhyperlinkflag,listshowflag,listshoworder,loadformula,lockflag,metadatapath,metadataproperty,metadatarelation,newlineflag,nullflag,options,pk_billtemplet,pk_billtemplet_b,pk_corp,pos,reftype,resid,resid_tabname,reviseflag,showflag,showorder,table_code,table_name,totalflag,ts,userdefflag,userdefine1,userdefine2,userdefine3,usereditflag,userflag,userreviseflag,usershowflag,validateformula,width) values( 1,-1,null,null,0,1,null,-1,'N',null,-1,'pk_org',0,'N',1,'N','N',3,null,0,'pk_org','qcco.ProductCategory.pk_org',null,'N',0,null,'0001AA10000000000A18','0001AA10000000000A1B','@@@@',1,null,null,null,'N',0,3,'ProductCategory','产品分类',0,'2018-11-19 10:18:25','N',null,null,null,1,1,'N',1,null,100);
insert into pub_billtemplet_b(cardflag,datatype,defaultshowname,defaultvalue,dr,editflag,editformula,foreground,hyperlinkflag,idcolname,inputlength,itemkey,itemtype,leafflag,listflag,listhyperlinkflag,listshowflag,listshoworder,loadformula,lockflag,metadatapath,metadataproperty,metadatarelation,newlineflag,nullflag,options,pk_billtemplet,pk_billtemplet_b,pk_corp,pos,reftype,resid,resid_tabname,reviseflag,showflag,showorder,table_code,table_name,totalflag,ts,userdefflag,userdefine1,userdefine2,userdefine3,usereditflag,userflag,userreviseflag,usershowflag,validateformula,width) values( 1,-1,null,null,0,1,null,-1,'N',null,-1,'pk_org_v',0,'N',1,'N','N',4,null,0,'pk_org_v','qcco.ProductCategory.pk_org_v',null,'N',0,null,'0001AA10000000000A18','0001AA10000000000A1C','@@@@',1,null,null,null,'N',0,4,'ProductCategory','产品分类',0,'2018-11-19 10:18:25','N',null,null,null,1,1,'N',1,null,100);
insert into pub_billtemplet_b(cardflag,datatype,defaultshowname,defaultvalue,dr,editflag,editformula,foreground,hyperlinkflag,idcolname,inputlength,itemkey,itemtype,leafflag,listflag,listhyperlinkflag,listshowflag,listshoworder,loadformula,lockflag,metadatapath,metadataproperty,metadatarelation,newlineflag,nullflag,options,pk_billtemplet,pk_billtemplet_b,pk_corp,pos,reftype,resid,resid_tabname,reviseflag,showflag,showorder,table_code,table_name,totalflag,ts,userdefflag,userdefine1,userdefine2,userdefine3,usereditflag,userflag,userreviseflag,usershowflag,validateformula,width) values( 1,-1,null,null,0,1,null,-1,'N',null,-1,'code',0,'N',1,'N','Y',5,null,0,'code','qcco.ProductCategory.code',null,'N',0,null,'0001AA10000000000A18','0001AA10000000000A1D','@@@@',1,null,null,null,'N',1,5,'ProductCategory','产品分类',0,'2018-11-19 10:18:25','N',null,null,null,1,1,'N',1,null,100);
insert into pub_billtemplet_b(cardflag,datatype,defaultshowname,defaultvalue,dr,editflag,editformula,foreground,hyperlinkflag,idcolname,inputlength,itemkey,itemtype,leafflag,listflag,listhyperlinkflag,listshowflag,listshoworder,loadformula,lockflag,metadatapath,metadataproperty,metadatarelation,newlineflag,nullflag,options,pk_billtemplet,pk_billtemplet_b,pk_corp,pos,reftype,resid,resid_tabname,reviseflag,showflag,showorder,table_code,table_name,totalflag,ts,userdefflag,userdefine1,userdefine2,userdefine3,usereditflag,userflag,userreviseflag,usershowflag,validateformula,width) values( 1,-1,null,null,0,1,null,-1,'N',null,-1,'name',0,'N',1,'N','Y',6,null,0,'name','qcco.ProductCategory.name',null,'N',0,null,'0001AA10000000000A18','0001AA10000000000A1E','@@@@',1,null,null,null,'N',1,6,'ProductCategory','产品分类',0,'2018-11-19 10:18:25','N',null,null,null,1,1,'N',1,null,100);
insert into pub_billtemplet_b(cardflag,datatype,defaultshowname,defaultvalue,dr,editflag,editformula,foreground,hyperlinkflag,idcolname,inputlength,itemkey,itemtype,leafflag,listflag,listhyperlinkflag,listshowflag,listshoworder,loadformula,lockflag,metadatapath,metadataproperty,metadatarelation,newlineflag,nullflag,options,pk_billtemplet,pk_billtemplet_b,pk_corp,pos,reftype,resid,resid_tabname,reviseflag,showflag,showorder,table_code,table_name,totalflag,ts,userdefflag,userdefine1,userdefine2,userdefine3,usereditflag,userflag,userreviseflag,usershowflag,validateformula,width) values( 1,-1,null,null,0,1,null,-1,'N',null,-1,'pk_parent',0,'N',1,'N','Y',7,null,0,'pk_parent','qcco.ProductCategory.pk_parent',null,'N',0,null,'0001AA10000000000A18','0001AA10000000000A1F','@@@@',1,null,null,null,'N',1,7,'ProductCategory','产品分类',0,'2018-11-19 10:18:25','N',null,null,null,1,1,'N',1,null,100);
insert into pub_billtemplet_b(cardflag,datatype,defaultshowname,defaultvalue,dr,editflag,editformula,foreground,hyperlinkflag,idcolname,inputlength,itemkey,itemtype,leafflag,listflag,listhyperlinkflag,listshowflag,listshoworder,loadformula,lockflag,metadatapath,metadataproperty,metadatarelation,newlineflag,nullflag,options,pk_billtemplet,pk_billtemplet_b,pk_corp,pos,reftype,resid,resid_tabname,reviseflag,showflag,showorder,table_code,table_name,totalflag,ts,userdefflag,userdefine1,userdefine2,userdefine3,usereditflag,userflag,userreviseflag,usershowflag,validateformula,width) values( 1,-1,null,null,0,1,null,-1,'N',null,-1,'creator',0,'N',1,'N','N',8,null,0,'creator','qcco.ProductCategory.creator',null,'N',0,null,'0001AA10000000000A18','0001AA10000000000A1G','@@@@',1,null,null,null,'N',0,8,'ProductCategory','产品分类',0,'2018-11-19 10:18:25','N',null,null,null,1,1,'N',1,null,100);
insert into pub_billtemplet_b(cardflag,datatype,defaultshowname,defaultvalue,dr,editflag,editformula,foreground,hyperlinkflag,idcolname,inputlength,itemkey,itemtype,leafflag,listflag,listhyperlinkflag,listshowflag,listshoworder,loadformula,lockflag,metadatapath,metadataproperty,metadatarelation,newlineflag,nullflag,options,pk_billtemplet,pk_billtemplet_b,pk_corp,pos,reftype,resid,resid_tabname,reviseflag,showflag,showorder,table_code,table_name,totalflag,ts,userdefflag,userdefine1,userdefine2,userdefine3,usereditflag,userflag,userreviseflag,usershowflag,validateformula,width) values( 1,-1,null,null,0,1,null,-1,'N',null,-1,'creationtime',0,'N',1,'N','N',9,null,0,'creationtime','qcco.ProductCategory.creationtime',null,'N',0,null,'0001AA10000000000A18','0001AA10000000000A1H','@@@@',1,null,null,null,'N',0,9,'ProductCategory','产品分类',0,'2018-11-19 10:18:25','N',null,null,null,1,1,'N',1,null,100);
insert into pub_billtemplet_b(cardflag,datatype,defaultshowname,defaultvalue,dr,editflag,editformula,foreground,hyperlinkflag,idcolname,inputlength,itemkey,itemtype,leafflag,listflag,listhyperlinkflag,listshowflag,listshoworder,loadformula,lockflag,metadatapath,metadataproperty,metadatarelation,newlineflag,nullflag,options,pk_billtemplet,pk_billtemplet_b,pk_corp,pos,reftype,resid,resid_tabname,reviseflag,showflag,showorder,table_code,table_name,totalflag,ts,userdefflag,userdefine1,userdefine2,userdefine3,usereditflag,userflag,userreviseflag,usershowflag,validateformula,width) values( 1,-1,null,null,0,1,null,-1,'N',null,-1,'modifier',0,'N',1,'N','N',10,null,0,'modifier','qcco.ProductCategory.modifier',null,'N',0,null,'0001AA10000000000A18','0001AA10000000000A1I','@@@@',1,null,null,null,'N',0,10,'ProductCategory','产品分类',0,'2018-11-19 10:18:25','N',null,null,null,1,1,'N',1,null,100);
insert into pub_billtemplet_b(cardflag,datatype,defaultshowname,defaultvalue,dr,editflag,editformula,foreground,hyperlinkflag,idcolname,inputlength,itemkey,itemtype,leafflag,listflag,listhyperlinkflag,listshowflag,listshoworder,loadformula,lockflag,metadatapath,metadataproperty,metadatarelation,newlineflag,nullflag,options,pk_billtemplet,pk_billtemplet_b,pk_corp,pos,reftype,resid,resid_tabname,reviseflag,showflag,showorder,table_code,table_name,totalflag,ts,userdefflag,userdefine1,userdefine2,userdefine3,usereditflag,userflag,userreviseflag,usershowflag,validateformula,width) values( 1,-1,null,null,0,1,null,-1,'N',null,-1,'modifiedtime',0,'N',1,'N','N',11,null,0,'modifiedtime','qcco.ProductCategory.modifiedtime',null,'N',0,null,'0001AA10000000000A18','0001AA10000000000A1J','@@@@',1,null,null,null,'N',0,11,'ProductCategory','产品分类',0,'2018-11-19 10:18:25','N',null,null,null,1,1,'N',1,null,100);
insert into pub_billtemplet_b(cardflag,datatype,defaultshowname,defaultvalue,dr,editflag,editformula,foreground,hyperlinkflag,idcolname,inputlength,itemkey,itemtype,leafflag,listflag,listhyperlinkflag,listshowflag,listshoworder,loadformula,lockflag,metadatapath,metadataproperty,metadatarelation,newlineflag,nullflag,options,pk_billtemplet,pk_billtemplet_b,pk_corp,pos,reftype,resid,resid_tabname,reviseflag,showflag,showorder,table_code,table_name,totalflag,ts,userdefflag,userdefine1,userdefine2,userdefine3,usereditflag,userflag,userreviseflag,usershowflag,validateformula,width) values( 1,-1,null,null,0,1,null,-1,'N',null,-1,'ts',0,'N',1,'N','N',12,null,0,'ts','qcco.ProductCategory.ts',null,'N',0,null,'0001AA10000000000A18','0001AA10000000000A1K','@@@@',1,null,null,null,'N',0,12,'ProductCategory','产品分类',0,'2018-11-19 10:18:25','N',null,null,null,1,1,'N',1,null,100);
insert into pub_billtemplet_t(basetab,dr,metadataclass,metadatapath,mixindex,pk_billtemplet,pk_billtemplet_t,pk_layout,pos,position,resid,tabcode,tabindex,tabname,ts,vdef1,vdef2,vdef3) values( null,0,'qcco.ProductCategory','ProductCategory',null,'0001AA10000000000A18','1001AA10000000001I0N',null,1,null,null,'ProductCategory',0,'产品分类','2018-11-19 10:18:27',null,null,null);

insert into pub_billtemplet(bill_templetcaption,bill_templetname,devorg,dividerproportion,dr,funccode,layer,metadataclass,model_type,modulecode,nodecode,options,pk_billtemplet,pk_billtypecode,pk_corp,pk_org,resid,shareflag,ts,validateformula) values( '触点类型','SYSTEM',null,null,0,null,0,'qcco.contactortype',null,'QCCO','C0J00108',null,'0001AA10000000000A39','C0J00108','@@@@',null,null,null,'2018-11-19 10:20:43',null);
insert into pub_billtemplet_b(cardflag,datatype,defaultshowname,defaultvalue,dr,editflag,editformula,foreground,hyperlinkflag,idcolname,inputlength,itemkey,itemtype,leafflag,listflag,listhyperlinkflag,listshowflag,listshoworder,loadformula,lockflag,metadatapath,metadataproperty,metadatarelation,newlineflag,nullflag,options,pk_billtemplet,pk_billtemplet_b,pk_corp,pos,reftype,resid,resid_tabname,reviseflag,showflag,showorder,table_code,table_name,totalflag,ts,userdefflag,userdefine1,userdefine2,userdefine3,usereditflag,userflag,userreviseflag,usershowflag,validateformula,width) values( 1,-1,null,null,0,1,null,-1,'N',null,-1,'creationtime',0,'N',1,'N','N',3,null,0,'creationtime','qcco.contactortype.creationtime',null,'N',0,null,'0001AA10000000000A39','0001AA10000000000A3C','@@@@',1,null,null,null,'N',0,3,'contactortype','触点类型',0,'2018-11-19 10:20:43','N',null,null,null,1,1,'N',1,null,100);
insert into pub_billtemplet_b(cardflag,datatype,defaultshowname,defaultvalue,dr,editflag,editformula,foreground,hyperlinkflag,idcolname,inputlength,itemkey,itemtype,leafflag,listflag,listhyperlinkflag,listshowflag,listshoworder,loadformula,lockflag,metadatapath,metadataproperty,metadatarelation,newlineflag,nullflag,options,pk_billtemplet,pk_billtemplet_b,pk_corp,pos,reftype,resid,resid_tabname,reviseflag,showflag,showorder,table_code,table_name,totalflag,ts,userdefflag,userdefine1,userdefine2,userdefine3,usereditflag,userflag,userreviseflag,usershowflag,validateformula,width) values( 1,-1,null,null,0,1,null,-1,'N',null,-1,'modifier',0,'N',1,'N','N',4,null,0,'modifier','qcco.contactortype.modifier',null,'N',0,null,'0001AA10000000000A39','0001AA10000000000A3D','@@@@',1,null,null,null,'N',0,4,'contactortype','触点类型',0,'2018-11-19 10:20:43','N',null,null,null,1,1,'N',1,null,100);
insert into pub_billtemplet_b(cardflag,datatype,defaultshowname,defaultvalue,dr,editflag,editformula,foreground,hyperlinkflag,idcolname,inputlength,itemkey,itemtype,leafflag,listflag,listhyperlinkflag,listshowflag,listshoworder,loadformula,lockflag,metadatapath,metadataproperty,metadatarelation,newlineflag,nullflag,options,pk_billtemplet,pk_billtemplet_b,pk_corp,pos,reftype,resid,resid_tabname,reviseflag,showflag,showorder,table_code,table_name,totalflag,ts,userdefflag,userdefine1,userdefine2,userdefine3,usereditflag,userflag,userreviseflag,usershowflag,validateformula,width) values( 1,-1,null,null,0,1,null,-1,'N',null,-1,'pk_contactortype',0,'N',1,'N','N',1,null,0,'pk_contactortype','qcco.contactortype.pk_contactortype',null,'N',0,null,'0001AA10000000000A39','0001AA10000000000A3A','@@@@',1,null,null,null,'N',0,1,'contactortype','触点类型',0,'2018-11-19 10:20:43','N',null,null,null,1,1,'N',1,null,100);
insert into pub_billtemplet_b(cardflag,datatype,defaultshowname,defaultvalue,dr,editflag,editformula,foreground,hyperlinkflag,idcolname,inputlength,itemkey,itemtype,leafflag,listflag,listhyperlinkflag,listshowflag,listshoworder,loadformula,lockflag,metadatapath,metadataproperty,metadatarelation,newlineflag,nullflag,options,pk_billtemplet,pk_billtemplet_b,pk_corp,pos,reftype,resid,resid_tabname,reviseflag,showflag,showorder,table_code,table_name,totalflag,ts,userdefflag,userdefine1,userdefine2,userdefine3,usereditflag,userflag,userreviseflag,usershowflag,validateformula,width) values( 1,-1,null,null,0,1,null,-1,'N',null,-1,'creator',0,'N',1,'N','N',2,null,0,'creator','qcco.contactortype.creator',null,'N',0,null,'0001AA10000000000A39','0001AA10000000000A3B','@@@@',1,null,null,null,'N',0,2,'contactortype','触点类型',0,'2018-11-19 10:20:43','N',null,null,null,1,1,'N',1,null,100);
insert into pub_billtemplet_b(cardflag,datatype,defaultshowname,defaultvalue,dr,editflag,editformula,foreground,hyperlinkflag,idcolname,inputlength,itemkey,itemtype,leafflag,listflag,listhyperlinkflag,listshowflag,listshoworder,loadformula,lockflag,metadatapath,metadataproperty,metadatarelation,newlineflag,nullflag,options,pk_billtemplet,pk_billtemplet_b,pk_corp,pos,reftype,resid,resid_tabname,reviseflag,showflag,showorder,table_code,table_name,totalflag,ts,userdefflag,userdefine1,userdefine2,userdefine3,usereditflag,userflag,userreviseflag,usershowflag,validateformula,width) values( 1,-1,null,null,0,1,null,-1,'N',null,-1,'modifiedtime',0,'N',1,'N','N',5,null,0,'modifiedtime','qcco.contactortype.modifiedtime',null,'N',0,null,'0001AA10000000000A39','0001AA10000000000A3E','@@@@',1,null,null,null,'N',0,5,'contactortype','触点类型',0,'2018-11-19 10:20:43','N',null,null,null,1,1,'N',1,null,100);
insert into pub_billtemplet_b(cardflag,datatype,defaultshowname,defaultvalue,dr,editflag,editformula,foreground,hyperlinkflag,idcolname,inputlength,itemkey,itemtype,leafflag,listflag,listhyperlinkflag,listshowflag,listshoworder,loadformula,lockflag,metadatapath,metadataproperty,metadatarelation,newlineflag,nullflag,options,pk_billtemplet,pk_billtemplet_b,pk_corp,pos,reftype,resid,resid_tabname,reviseflag,showflag,showorder,table_code,table_name,totalflag,ts,userdefflag,userdefine1,userdefine2,userdefine3,usereditflag,userflag,userreviseflag,usershowflag,validateformula,width) values( 1,-1,null,null,0,1,null,-1,'N',null,-1,'code',0,'N',1,'N','Y',6,null,0,'code','qcco.contactortype.code',null,'N',0,null,'0001AA10000000000A39','0001AA10000000000A3F','@@@@',1,null,null,null,'N',1,6,'contactortype','触点类型',0,'2018-11-19 10:20:43','N',null,null,null,1,1,'N',1,null,100);
insert into pub_billtemplet_b(cardflag,datatype,defaultshowname,defaultvalue,dr,editflag,editformula,foreground,hyperlinkflag,idcolname,inputlength,itemkey,itemtype,leafflag,listflag,listhyperlinkflag,listshowflag,listshoworder,loadformula,lockflag,metadatapath,metadataproperty,metadatarelation,newlineflag,nullflag,options,pk_billtemplet,pk_billtemplet_b,pk_corp,pos,reftype,resid,resid_tabname,reviseflag,showflag,showorder,table_code,table_name,totalflag,ts,userdefflag,userdefine1,userdefine2,userdefine3,usereditflag,userflag,userreviseflag,usershowflag,validateformula,width) values( 1,-1,null,null,0,1,null,-1,'N',null,-1,'name',0,'N',1,'N','Y',7,null,0,'name','qcco.contactortype.name',null,'N',0,null,'0001AA10000000000A39','0001AA10000000000A3G','@@@@',1,null,null,null,'N',1,7,'contactortype','触点类型',0,'2018-11-19 10:20:43','N',null,null,null,1,1,'N',1,null,100);
insert into pub_billtemplet_b(cardflag,datatype,defaultshowname,defaultvalue,dr,editflag,editformula,foreground,hyperlinkflag,idcolname,inputlength,itemkey,itemtype,leafflag,listflag,listhyperlinkflag,listshowflag,listshoworder,loadformula,lockflag,metadatapath,metadataproperty,metadatarelation,newlineflag,nullflag,options,pk_billtemplet,pk_billtemplet_b,pk_corp,pos,reftype,resid,resid_tabname,reviseflag,showflag,showorder,table_code,table_name,totalflag,ts,userdefflag,userdefine1,userdefine2,userdefine3,usereditflag,userflag,userreviseflag,usershowflag,validateformula,width) values( 1,-1,null,null,0,1,null,-1,'N',null,-1,'pk_group',0,'N',1,'N','N',8,null,0,'pk_group','qcco.contactortype.pk_group',null,'N',0,null,'0001AA10000000000A39','0001AA10000000000A3H','@@@@',1,null,null,null,'N',0,8,'contactortype','触点类型',0,'2018-11-19 10:20:43','N',null,null,null,1,1,'N',1,null,100);
insert into pub_billtemplet_b(cardflag,datatype,defaultshowname,defaultvalue,dr,editflag,editformula,foreground,hyperlinkflag,idcolname,inputlength,itemkey,itemtype,leafflag,listflag,listhyperlinkflag,listshowflag,listshoworder,loadformula,lockflag,metadatapath,metadataproperty,metadatarelation,newlineflag,nullflag,options,pk_billtemplet,pk_billtemplet_b,pk_corp,pos,reftype,resid,resid_tabname,reviseflag,showflag,showorder,table_code,table_name,totalflag,ts,userdefflag,userdefine1,userdefine2,userdefine3,usereditflag,userflag,userreviseflag,usershowflag,validateformula,width) values( 1,-1,null,null,0,1,null,-1,'N',null,-1,'pk_org',0,'N',1,'N','N',9,null,0,'pk_org','qcco.contactortype.pk_org',null,'N',0,null,'0001AA10000000000A39','0001AA10000000000A3I','@@@@',1,null,null,null,'N',0,9,'contactortype','触点类型',0,'2018-11-19 10:20:43','N',null,null,null,1,1,'N',1,null,100);
insert into pub_billtemplet_b(cardflag,datatype,defaultshowname,defaultvalue,dr,editflag,editformula,foreground,hyperlinkflag,idcolname,inputlength,itemkey,itemtype,leafflag,listflag,listhyperlinkflag,listshowflag,listshoworder,loadformula,lockflag,metadatapath,metadataproperty,metadatarelation,newlineflag,nullflag,options,pk_billtemplet,pk_billtemplet_b,pk_corp,pos,reftype,resid,resid_tabname,reviseflag,showflag,showorder,table_code,table_name,totalflag,ts,userdefflag,userdefine1,userdefine2,userdefine3,usereditflag,userflag,userreviseflag,usershowflag,validateformula,width) values( 1,-1,null,null,0,1,null,-1,'N',null,-1,'pk_productserial',0,'N',1,'N','N',10,null,0,'pk_productserial','qcco.contactortype.pk_productserial',null,'N',0,null,'0001AA10000000000A39','0001AA10000000000A3J','@@@@',1,null,null,null,'N',0,10,'contactortype','触点类型',0,'2018-11-19 10:20:43','N',null,null,null,1,1,'N',1,null,100);
insert into pub_billtemplet_b(cardflag,datatype,defaultshowname,defaultvalue,dr,editflag,editformula,foreground,hyperlinkflag,idcolname,inputlength,itemkey,itemtype,leafflag,listflag,listhyperlinkflag,listshowflag,listshoworder,loadformula,lockflag,metadatapath,metadataproperty,metadatarelation,newlineflag,nullflag,options,pk_billtemplet,pk_billtemplet_b,pk_corp,pos,reftype,resid,resid_tabname,reviseflag,showflag,showorder,table_code,table_name,totalflag,ts,userdefflag,userdefine1,userdefine2,userdefine3,usereditflag,userflag,userreviseflag,usershowflag,validateformula,width) values( 1,-1,null,null,0,1,null,-1,'N',null,-1,'ts',0,'N',1,'N','N',11,null,0,'ts','qcco.contactortype.ts',null,'N',0,null,'0001AA10000000000A39','0001AA10000000000A3K','@@@@',1,null,null,null,'N',0,11,'contactortype','触点类型',0,'2018-11-19 10:20:43','N',null,null,null,1,1,'N',1,null,100);
insert into pub_billtemplet_t(basetab,dr,metadataclass,metadatapath,mixindex,pk_billtemplet,pk_billtemplet_t,pk_layout,pos,position,resid,tabcode,tabindex,tabname,ts,vdef1,vdef2,vdef3) values( null,0,'qcco.contactortype','contactortype',null,'0001AA10000000000A39','1001AA10000000001I0R',null,1,null,null,'contactortype',0,'触点类型','2018-11-19 10:20:44',null,null,null);

insert into pub_billtemplet(bill_templetcaption,bill_templetname,devorg,dividerproportion,dr,funccode,layer,metadataclass,model_type,modulecode,nodecode,options,pk_billtemplet,pk_billtypecode,pk_corp,pk_org,resid,shareflag,ts,validateformula) values( '委托单','SYSTEM',null,null,0,null,0,'qcco.commission_h',null,'QCCO','C0J00202',null,'0001AA10000000000KU4','C0J00202','@@@@',null,null,null,'2018-11-19 10:28:57',null);
insert into pub_billtemplet_b(cardflag,datatype,defaultshowname,defaultvalue,dr,editflag,editformula,foreground,hyperlinkflag,idcolname,inputlength,itemkey,itemtype,leafflag,listflag,listhyperlinkflag,listshowflag,listshoworder,loadformula,lockflag,metadatapath,metadataproperty,metadatarelation,newlineflag,nullflag,options,pk_billtemplet,pk_billtemplet_b,pk_corp,pos,reftype,resid,resid_tabname,reviseflag,showflag,showorder,table_code,table_name,totalflag,ts,userdefflag,userdefine1,userdefine2,userdefine3,usereditflag,userflag,userreviseflag,usershowflag,validateformula,width) values( 1,-1,null,null,0,0,null,-1,'N',null,-1,'billmaker',0,'N',1,'N','Y',1,null,0,'billmaker','qcco.commission_h.billmaker',null,'N',0,null,'0001AA10000000000KU4','0001AA10000000000KU5','@@@@',2,null,null,null,'N',1,1,'tailerInfo','表尾信息',0,'2018-11-19 10:28:57','N',null,null,null,1,1,'N',1,null,1);
insert into pub_billtemplet_b(cardflag,datatype,defaultshowname,defaultvalue,dr,editflag,editformula,foreground,hyperlinkflag,idcolname,inputlength,itemkey,itemtype,leafflag,listflag,listhyperlinkflag,listshowflag,listshoworder,loadformula,lockflag,metadatapath,metadataproperty,metadatarelation,newlineflag,nullflag,options,pk_billtemplet,pk_billtemplet_b,pk_corp,pos,reftype,resid,resid_tabname,reviseflag,showflag,showorder,table_code,table_name,totalflag,ts,userdefflag,userdefine1,userdefine2,userdefine3,usereditflag,userflag,userreviseflag,usershowflag,validateformula,width) values( 1,-1,null,null,0,0,null,-1,'N',null,-1,'approver',0,'N',1,'N','Y',2,null,0,'approver','qcco.commission_h.approver',null,'N',0,null,'0001AA10000000000KU4','0001AA10000000000KU6','@@@@',2,null,null,null,'N',1,2,'tailerInfo','表尾信息',0,'2018-11-19 10:28:57','N',null,null,null,1,1,'N',1,null,1);
insert into pub_billtemplet_b(cardflag,datatype,defaultshowname,defaultvalue,dr,editflag,editformula,foreground,hyperlinkflag,idcolname,inputlength,itemkey,itemtype,leafflag,listflag,listhyperlinkflag,listshowflag,listshoworder,loadformula,lockflag,metadatapath,metadataproperty,metadatarelation,newlineflag,nullflag,options,pk_billtemplet,pk_billtemplet_b,pk_corp,pos,reftype,resid,resid_tabname,reviseflag,showflag,showorder,table_code,table_name,totalflag,ts,userdefflag,userdefine1,userdefine2,userdefine3,usereditflag,userflag,userreviseflag,usershowflag,validateformula,width) values( 1,-1,null,null,0,0,null,-1,'N',null,-1,'creator',0,'N',1,'N','Y',1,null,0,'creator','qcco.commission_h.creator',null,'N',0,null,'0001AA10000000000KU4','0001AA10000000000KU7','@@@@',2,null,null,null,'N',1,1,'auditInfo','审计信息',0,'2018-11-19 10:28:57','N',null,null,null,1,1,'N',1,null,1);
insert into pub_billtemplet_b(cardflag,datatype,defaultshowname,defaultvalue,dr,editflag,editformula,foreground,hyperlinkflag,idcolname,inputlength,itemkey,itemtype,leafflag,listflag,listhyperlinkflag,listshowflag,listshoworder,loadformula,lockflag,metadatapath,metadataproperty,metadatarelation,newlineflag,nullflag,options,pk_billtemplet,pk_billtemplet_b,pk_corp,pos,reftype,resid,resid_tabname,reviseflag,showflag,showorder,table_code,table_name,totalflag,ts,userdefflag,userdefine1,userdefine2,userdefine3,usereditflag,userflag,userreviseflag,usershowflag,validateformula,width) values( 1,-1,null,null,0,0,null,-1,'N',null,-1,'creationtime',0,'N',1,'N','Y',2,null,0,'creationtime','qcco.commission_h.creationtime',null,'N',0,null,'0001AA10000000000KU4','0001AA10000000000KU8','@@@@',2,null,null,null,'N',1,2,'auditInfo','审计信息',0,'2018-11-19 10:28:57','N',null,null,null,1,1,'N',1,null,1);
insert into pub_billtemplet_b(cardflag,datatype,defaultshowname,defaultvalue,dr,editflag,editformula,foreground,hyperlinkflag,idcolname,inputlength,itemkey,itemtype,leafflag,listflag,listhyperlinkflag,listshowflag,listshoworder,loadformula,lockflag,metadatapath,metadataproperty,metadatarelation,newlineflag,nullflag,options,pk_billtemplet,pk_billtemplet_b,pk_corp,pos,reftype,resid,resid_tabname,reviseflag,showflag,showorder,table_code,table_name,totalflag,ts,userdefflag,userdefine1,userdefine2,userdefine3,usereditflag,userflag,userreviseflag,usershowflag,validateformula,width) values( 1,-1,null,null,0,0,null,-1,'N',null,-1,'modifier',0,'N',1,'N','Y',3,null,0,'modifier','qcco.commission_h.modifier',null,'N',0,null,'0001AA10000000000KU4','0001AA10000000000KU9','@@@@',2,null,null,null,'N',1,3,'auditInfo','审计信息',0,'2018-11-19 10:28:57','N',null,null,null,1,1,'N',1,null,1);
insert into pub_billtemplet_b(cardflag,datatype,defaultshowname,defaultvalue,dr,editflag,editformula,foreground,hyperlinkflag,idcolname,inputlength,itemkey,itemtype,leafflag,listflag,listhyperlinkflag,listshowflag,listshoworder,loadformula,lockflag,metadatapath,metadataproperty,metadatarelation,newlineflag,nullflag,options,pk_billtemplet,pk_billtemplet_b,pk_corp,pos,reftype,resid,resid_tabname,reviseflag,showflag,showorder,table_code,table_name,totalflag,ts,userdefflag,userdefine1,userdefine2,userdefine3,usereditflag,userflag,userreviseflag,usershowflag,validateformula,width) values( 1,-1,null,null,0,0,null,-1,'N',null,-1,'modifiedtime',0,'N',1,'N','Y',4,null,0,'modifiedtime','qcco.commission_h.modifiedtime',null,'N',0,null,'0001AA10000000000KU4','0001AA10000000000KUA','@@@@',2,null,null,null,'N',1,4,'auditInfo','审计信息',0,'2018-11-19 10:28:57','N',null,null,null,1,1,'N',1,null,1);
insert into pub_billtemplet_b(cardflag,datatype,defaultshowname,defaultvalue,dr,editflag,editformula,foreground,hyperlinkflag,idcolname,inputlength,itemkey,itemtype,leafflag,listflag,listhyperlinkflag,listshowflag,listshoworder,loadformula,lockflag,metadatapath,metadataproperty,metadatarelation,newlineflag,nullflag,options,pk_billtemplet,pk_billtemplet_b,pk_corp,pos,reftype,resid,resid_tabname,reviseflag,showflag,showorder,table_code,table_name,totalflag,ts,userdefflag,userdefine1,userdefine2,userdefine3,usereditflag,userflag,userreviseflag,usershowflag,validateformula,width) values( 1,-1,null,null,0,1,null,-1,'N',null,-1,'pk_commission_h',0,'N',1,'N','N',1,null,0,'pk_commission_h','qcco.commission_h.pk_commission_h',null,'N',0,null,'0001AA10000000000KU4','0001AA10000000000KUB','@@@@',0,null,null,null,'N',0,1,'commission_h','委托单',0,'2018-11-19 10:28:57','N',null,null,null,1,1,'N',1,null,1);
insert into pub_billtemplet_b(cardflag,datatype,defaultshowname,defaultvalue,dr,editflag,editformula,foreground,hyperlinkflag,idcolname,inputlength,itemkey,itemtype,leafflag,listflag,listhyperlinkflag,listshowflag,listshoworder,loadformula,lockflag,metadatapath,metadataproperty,metadatarelation,newlineflag,nullflag,options,pk_billtemplet,pk_billtemplet_b,pk_corp,pos,reftype,resid,resid_tabname,reviseflag,showflag,showorder,table_code,table_name,totalflag,ts,userdefflag,userdefine1,userdefine2,userdefine3,usereditflag,userflag,userreviseflag,usershowflag,validateformula,width) values( 1,-1,null,null,0,1,null,-1,'N',null,-1,'lastmaketime',0,'N',1,'N','N',2,null,0,'lastmaketime','qcco.commission_h.lastmaketime',null,'N',0,null,'0001AA10000000000KU4','0001AA10000000000KUC','@@@@',0,null,null,null,'N',0,2,'commission_h','委托单',0,'2018-11-19 10:28:57','N',null,null,null,1,1,'N',1,null,1);
insert into pub_billtemplet_b(cardflag,datatype,defaultshowname,defaultvalue,dr,editflag,editformula,foreground,hyperlinkflag,idcolname,inputlength,itemkey,itemtype,leafflag,listflag,listhyperlinkflag,listshowflag,listshoworder,loadformula,lockflag,metadatapath,metadataproperty,metadatarelation,newlineflag,nullflag,options,pk_billtemplet,pk_billtemplet_b,pk_corp,pos,reftype,resid,resid_tabname,reviseflag,showflag,showorder,table_code,table_name,totalflag,ts,userdefflag,userdefine1,userdefine2,userdefine3,usereditflag,userflag,userreviseflag,usershowflag,validateformula,width) values( 1,-1,null,null,0,1,null,-1,'N',null,-1,'dmakedate',0,'N',1,'N','N',3,null,0,'dmakedate','qcco.commission_h.dmakedate',null,'N',0,null,'0001AA10000000000KU4','0001AA10000000000KUD','@@@@',0,null,null,null,'N',0,3,'commission_h','委托单',0,'2018-11-19 10:28:57','N',null,null,null,1,1,'N',1,null,1);
insert into pub_billtemplet_b(cardflag,datatype,defaultshowname,defaultvalue,dr,editflag,editformula,foreground,hyperlinkflag,idcolname,inputlength,itemkey,itemtype,leafflag,listflag,listhyperlinkflag,listshowflag,listshoworder,loadformula,lockflag,metadatapath,metadataproperty,metadatarelation,newlineflag,nullflag,options,pk_billtemplet,pk_billtemplet_b,pk_corp,pos,reftype,resid,resid_tabname,reviseflag,showflag,showorder,table_code,table_name,totalflag,ts,userdefflag,userdefine1,userdefine2,userdefine3,usereditflag,userflag,userreviseflag,usershowflag,validateformula,width) values( 1,-1,null,null,0,1,null,-1,'N',null,-1,'pk_group',0,'N',1,'N','Y',4,null,0,'pk_group','qcco.commission_h.pk_group',null,'N',0,null,'0001AA10000000000KU4','0001AA10000000000KUE','@@@@',0,null,null,null,'N',1,4,'commission_h','委托单',0,'2018-11-19 10:28:57','N',null,null,null,1,1,'N',1,null,1);
insert into pub_billtemplet_b(cardflag,datatype,defaultshowname,defaultvalue,dr,editflag,editformula,foreground,hyperlinkflag,idcolname,inputlength,itemkey,itemtype,leafflag,listflag,listhyperlinkflag,listshowflag,listshoworder,loadformula,lockflag,metadatapath,metadataproperty,metadatarelation,newlineflag,nullflag,options,pk_billtemplet,pk_billtemplet_b,pk_corp,pos,reftype,resid,resid_tabname,reviseflag,showflag,showorder,table_code,table_name,totalflag,ts,userdefflag,userdefine1,userdefine2,userdefine3,usereditflag,userflag,userreviseflag,usershowflag,validateformula,width) values( 1,-1,null,null,0,1,null,-1,'N',null,-1,'pk_org',0,'N',1,'N','Y',5,null,0,'pk_org','qcco.commission_h.pk_org',null,'N',0,null,'0001AA10000000000KU4','0001AA10000000000KUF','@@@@',0,null,null,null,'N',1,5,'commission_h','委托单',0,'2018-11-19 10:28:57','N',null,null,null,1,1,'N',1,null,1);
insert into pub_billtemplet_b(cardflag,datatype,defaultshowname,defaultvalue,dr,editflag,editformula,foreground,hyperlinkflag,idcolname,inputlength,itemkey,itemtype,leafflag,listflag,listhyperlinkflag,listshowflag,listshoworder,loadformula,lockflag,metadatapath,metadataproperty,metadatarelation,newlineflag,nullflag,options,pk_billtemplet,pk_billtemplet_b,pk_corp,pos,reftype,resid,resid_tabname,reviseflag,showflag,showorder,table_code,table_name,totalflag,ts,userdefflag,userdefine1,userdefine2,userdefine3,usereditflag,userflag,userreviseflag,usershowflag,validateformula,width) values( 1,-1,null,null,0,1,null,-1,'N',null,-1,'pk_org_v',0,'N',1,'N','N',6,null,0,'pk_org_v','qcco.commission_h.pk_org_v',null,'N',0,null,'0001AA10000000000KU4','0001AA10000000000KUG','@@@@',0,null,null,null,'N',0,6,'commission_h','委托单',0,'2018-11-19 10:28:57','N',null,null,null,1,1,'N',1,null,1);
insert into pub_billtemplet_b(cardflag,datatype,defaultshowname,defaultvalue,dr,editflag,editformula,foreground,hyperlinkflag,idcolname,inputlength,itemkey,itemtype,leafflag,listflag,listhyperlinkflag,listshowflag,listshoworder,loadformula,lockflag,metadatapath,metadataproperty,metadatarelation,newlineflag,nullflag,options,pk_billtemplet,pk_billtemplet_b,pk_corp,pos,reftype,resid,resid_tabname,reviseflag,showflag,showorder,table_code,table_name,totalflag,ts,userdefflag,userdefine1,userdefine2,userdefine3,usereditflag,userflag,userreviseflag,usershowflag,validateformula,width) values( 1,-1,null,null,0,1,null,-1,'N',null,-1,'billid',0,'N',1,'N','N',7,null,0,'billid','qcco.commission_h.billid',null,'N',0,null,'0001AA10000000000KU4','0001AA10000000000KUH','@@@@',0,null,null,null,'N',0,7,'commission_h','委托单',0,'2018-11-19 10:28:57','N',null,null,null,1,1,'N',1,null,1);
insert into pub_billtemplet_b(cardflag,datatype,defaultshowname,defaultvalue,dr,editflag,editformula,foreground,hyperlinkflag,idcolname,inputlength,itemkey,itemtype,leafflag,listflag,listhyperlinkflag,listshowflag,listshoworder,loadformula,lockflag,metadatapath,metadataproperty,metadatarelation,newlineflag,nullflag,options,pk_billtemplet,pk_billtemplet_b,pk_corp,pos,reftype,resid,resid_tabname,reviseflag,showflag,showorder,table_code,table_name,totalflag,ts,userdefflag,userdefine1,userdefine2,userdefine3,usereditflag,userflag,userreviseflag,usershowflag,validateformula,width) values( 1,-1,null,null,0,1,null,-1,'N',null,-1,'billno',0,'N',1,'N','Y',8,null,0,'billno','qcco.commission_h.billno',null,'N',0,null,'0001AA10000000000KU4','0001AA10000000000KUI','@@@@',0,null,null,null,'N',1,8,'commission_h','委托单',0,'2018-11-19 10:28:57','N',null,null,null,1,1,'N',1,null,1);
insert into pub_billtemplet_b(cardflag,datatype,defaultshowname,defaultvalue,dr,editflag,editformula,foreground,hyperlinkflag,idcolname,inputlength,itemkey,itemtype,leafflag,listflag,listhyperlinkflag,listshowflag,listshoworder,loadformula,lockflag,metadatapath,metadataproperty,metadatarelation,newlineflag,nullflag,options,pk_billtemplet,pk_billtemplet_b,pk_corp,pos,reftype,resid,resid_tabname,reviseflag,showflag,showorder,table_code,table_name,totalflag,ts,userdefflag,userdefine1,userdefine2,userdefine3,usereditflag,userflag,userreviseflag,usershowflag,validateformula,width) values( 1,-1,null,null,0,1,null,-1,'N',null,-1,'busitype',0,'N',1,'N','Y',9,null,0,'busitype','qcco.commission_h.busitype',null,'N',0,null,'0001AA10000000000KU4','0001AA10000000000KUJ','@@@@',0,null,null,null,'N',1,9,'commission_h','委托单',0,'2018-11-19 10:28:57','N',null,null,null,1,1,'N',1,null,1);
insert into pub_billtemplet_b(cardflag,datatype,defaultshowname,defaultvalue,dr,editflag,editformula,foreground,hyperlinkflag,idcolname,inputlength,itemkey,itemtype,leafflag,listflag,listhyperlinkflag,listshowflag,listshoworder,loadformula,lockflag,metadatapath,metadataproperty,metadatarelation,newlineflag,nullflag,options,pk_billtemplet,pk_billtemplet_b,pk_corp,pos,reftype,resid,resid_tabname,reviseflag,showflag,showorder,table_code,table_name,totalflag,ts,userdefflag,userdefine1,userdefine2,userdefine3,usereditflag,userflag,userreviseflag,usershowflag,validateformula,width) values( 1,-1,null,null,0,0,null,-1,'N',null,-1,'approvestatus',0,'N',1,'N','Y',10,null,0,'approvestatus','qcco.commission_h.approvestatus',null,'N',0,null,'0001AA10000000000KU4','0001AA10000000000KUK','@@@@',0,null,null,null,'N',1,10,'commission_h','委托单',0,'2018-11-19 10:28:57','N',null,null,null,1,1,'N',1,null,1);
insert into pub_billtemplet_b(cardflag,datatype,defaultshowname,defaultvalue,dr,editflag,editformula,foreground,hyperlinkflag,idcolname,inputlength,itemkey,itemtype,leafflag,listflag,listhyperlinkflag,listshowflag,listshoworder,loadformula,lockflag,metadatapath,metadataproperty,metadatarelation,newlineflag,nullflag,options,pk_billtemplet,pk_billtemplet_b,pk_corp,pos,reftype,resid,resid_tabname,reviseflag,showflag,showorder,table_code,table_name,totalflag,ts,userdefflag,userdefine1,userdefine2,userdefine3,usereditflag,userflag,userreviseflag,usershowflag,validateformula,width) values( 1,-1,null,null,0,1,null,-1,'N',null,-1,'approvenote',0,'N',1,'N','Y',11,null,0,'approvenote','qcco.commission_h.approvenote',null,'N',0,null,'0001AA10000000000KU4','0001AA10000000000KUL','@@@@',0,null,null,null,'N',1,11,'commission_h','委托单',0,'2018-11-19 10:28:57','N',null,null,null,1,1,'N',1,null,1);
insert into pub_billtemplet_b(cardflag,datatype,defaultshowname,defaultvalue,dr,editflag,editformula,foreground,hyperlinkflag,idcolname,inputlength,itemkey,itemtype,leafflag,listflag,listhyperlinkflag,listshowflag,listshoworder,loadformula,lockflag,metadatapath,metadataproperty,metadatarelation,newlineflag,nullflag,options,pk_billtemplet,pk_billtemplet_b,pk_corp,pos,reftype,resid,resid_tabname,reviseflag,showflag,showorder,table_code,table_name,totalflag,ts,userdefflag,userdefine1,userdefine2,userdefine3,usereditflag,userflag,userreviseflag,usershowflag,validateformula,width) values( 1,-1,null,null,0,1,null,-1,'N',null,-1,'transtype',0,'N',1,'N','Y',12,null,0,'transtype','qcco.commission_h.transtype',null,'N',0,null,'0001AA10000000000KU4','0001AA10000000000KUM','@@@@',0,null,null,null,'N',1,12,'commission_h','委托单',0,'2018-11-19 10:28:57','N',null,null,null,1,1,'N',1,null,1);
insert into pub_billtemplet_b(cardflag,datatype,defaultshowname,defaultvalue,dr,editflag,editformula,foreground,hyperlinkflag,idcolname,inputlength,itemkey,itemtype,leafflag,listflag,listhyperlinkflag,listshowflag,listshoworder,loadformula,lockflag,metadatapath,metadataproperty,metadatarelation,newlineflag,nullflag,options,pk_billtemplet,pk_billtemplet_b,pk_corp,pos,reftype,resid,resid_tabname,reviseflag,showflag,showorder,table_code,table_name,totalflag,ts,userdefflag,userdefine1,userdefine2,userdefine3,usereditflag,userflag,userreviseflag,usershowflag,validateformula,width) values( 1,-1,null,null,0,1,null,-1,'N',null,-1,'taudittime',0,'N',1,'N','Y',13,null,0,'taudittime','qcco.commission_h.taudittime',null,'N',0,null,'0001AA10000000000KU4','0001AA10000000000KUN','@@@@',0,null,null,null,'N',1,13,'commission_h','委托单',0,'2018-11-19 10:28:57','N',null,null,null,1,1,'N',1,null,1);
insert into pub_billtemplet_b(cardflag,datatype,defaultshowname,defaultvalue,dr,editflag,editformula,foreground,hyperlinkflag,idcolname,inputlength,itemkey,itemtype,leafflag,listflag,listhyperlinkflag,listshowflag,listshoworder,loadformula,lockflag,metadatapath,metadataproperty,metadatarelation,newlineflag,nullflag,options,pk_billtemplet,pk_billtemplet_b,pk_corp,pos,reftype,resid,resid_tabname,reviseflag,showflag,showorder,table_code,table_name,totalflag,ts,userdefflag,userdefine1,userdefine2,userdefine3,usereditflag,userflag,userreviseflag,usershowflag,validateformula,width) values( 1,-1,null,null,0,1,null,-1,'N',null,-1,'billtype',0,'N',1,'N','Y',14,null,0,'billtype','qcco.commission_h.billtype',null,'N',0,null,'0001AA10000000000KU4','0001AA10000000000KUO','@@@@',0,null,null,null,'N',1,14,'commission_h','委托单',0,'2018-11-19 10:28:57','N',null,null,null,1,1,'N',1,null,1);
insert into pub_billtemplet_b(cardflag,datatype,defaultshowname,defaultvalue,dr,editflag,editformula,foreground,hyperlinkflag,idcolname,inputlength,itemkey,itemtype,leafflag,listflag,listhyperlinkflag,listshowflag,listshoworder,loadformula,lockflag,metadatapath,metadataproperty,metadatarelation,newlineflag,nullflag,options,pk_billtemplet,pk_billtemplet_b,pk_corp,pos,reftype,resid,resid_tabname,reviseflag,showflag,showorder,table_code,table_name,totalflag,ts,userdefflag,userdefine1,userdefine2,userdefine3,usereditflag,userflag,userreviseflag,usershowflag,validateformula,width) values( 1,-1,null,null,0,1,null,-1,'N',null,-1,'transtypepk',0,'N',1,'N','N',15,null,0,'transtypepk','qcco.commission_h.transtypepk',null,'N',0,null,'0001AA10000000000KU4','0001AA10000000000KUP','@@@@',0,null,null,null,'N',0,15,'commission_h','委托单',0,'2018-11-19 10:28:57','N',null,null,null,1,1,'N',1,null,1);
insert into pub_billtemplet_b(cardflag,datatype,defaultshowname,defaultvalue,dr,editflag,editformula,foreground,hyperlinkflag,idcolname,inputlength,itemkey,itemtype,leafflag,listflag,listhyperlinkflag,listshowflag,listshoworder,loadformula,lockflag,metadatapath,metadataproperty,metadatarelation,newlineflag,nullflag,options,pk_billtemplet,pk_billtemplet_b,pk_corp,pos,reftype,resid,resid_tabname,reviseflag,showflag,showorder,table_code,table_name,totalflag,ts,userdefflag,userdefine1,userdefine2,userdefine3,usereditflag,userflag,userreviseflag,usershowflag,validateformula,width) values( 1,-1,null,null,0,1,null,-1,'N',null,-1,'srcbilltype',0,'N',1,'N','Y',16,null,0,'srcbilltype','qcco.commission_h.srcbilltype',null,'N',0,null,'0001AA10000000000KU4','0001AA10000000000KUQ','@@@@',0,null,null,null,'N',1,16,'commission_h','委托单',0,'2018-11-19 10:28:57','N',null,null,null,1,1,'N',1,null,1);
insert into pub_billtemplet_b(cardflag,datatype,defaultshowname,defaultvalue,dr,editflag,editformula,foreground,hyperlinkflag,idcolname,inputlength,itemkey,itemtype,leafflag,listflag,listhyperlinkflag,listshowflag,listshoworder,loadformula,lockflag,metadatapath,metadataproperty,metadatarelation,newlineflag,nullflag,options,pk_billtemplet,pk_billtemplet_b,pk_corp,pos,reftype,resid,resid_tabname,reviseflag,showflag,showorder,table_code,table_name,totalflag,ts,userdefflag,userdefine1,userdefine2,userdefine3,usereditflag,userflag,userreviseflag,usershowflag,validateformula,width) values( 1,-1,null,null,0,1,null,-1,'N',null,-1,'srcbillid',0,'N',1,'N','N',17,null,0,'srcbillid','qcco.commission_h.srcbillid',null,'N',0,null,'0001AA10000000000KU4','0001AA10000000000KUR','@@@@',0,null,null,null,'N',0,17,'commission_h','委托单',0,'2018-11-19 10:28:57','N',null,null,null,1,1,'N',1,null,1);
insert into pub_billtemplet_b(cardflag,datatype,defaultshowname,defaultvalue,dr,editflag,editformula,foreground,hyperlinkflag,idcolname,inputlength,itemkey,itemtype,leafflag,listflag,listhyperlinkflag,listshowflag,listshoworder,loadformula,lockflag,metadatapath,metadataproperty,metadatarelation,newlineflag,nullflag,options,pk_billtemplet,pk_billtemplet_b,pk_corp,pos,reftype,resid,resid_tabname,reviseflag,showflag,showorder,table_code,table_name,totalflag,ts,userdefflag,userdefine1,userdefine2,userdefine3,usereditflag,userflag,userreviseflag,usershowflag,validateformula,width) values( 1,-1,null,null,0,1,null,-1,'N',null,-1,'emendenum',0,'N',1,'N','Y',18,null,0,'emendenum','qcco.commission_h.emendenum',null,'N',0,null,'0001AA10000000000KU4','0001AA10000000000KUS','@@@@',0,null,null,null,'N',1,18,'commission_h','委托单',0,'2018-11-19 10:28:57','N',null,null,null,1,1,'N',1,null,1);
insert into pub_billtemplet_b(cardflag,datatype,defaultshowname,defaultvalue,dr,editflag,editformula,foreground,hyperlinkflag,idcolname,inputlength,itemkey,itemtype,leafflag,listflag,listhyperlinkflag,listshowflag,listshoworder,loadformula,lockflag,metadatapath,metadataproperty,metadatarelation,newlineflag,nullflag,options,pk_billtemplet,pk_billtemplet_b,pk_corp,pos,reftype,resid,resid_tabname,reviseflag,showflag,showorder,table_code,table_name,totalflag,ts,userdefflag,userdefine1,userdefine2,userdefine3,usereditflag,userflag,userreviseflag,usershowflag,validateformula,width) values( 1,-1,null,null,0,1,null,-1,'N',null,-1,'billversionpk',0,'N',1,'N','N',19,null,0,'billversionpk','qcco.commission_h.billversionpk',null,'N',0,null,'0001AA10000000000KU4','0001AA10000000000KUT','@@@@',0,null,null,null,'N',0,19,'commission_h','委托单',0,'2018-11-19 10:28:57','N',null,null,null,1,1,'N',1,null,1);
insert into pub_billtemplet_b(cardflag,datatype,defaultshowname,defaultvalue,dr,editflag,editformula,foreground,hyperlinkflag,idcolname,inputlength,itemkey,itemtype,leafflag,listflag,listhyperlinkflag,listshowflag,listshoworder,loadformula,lockflag,metadatapath,metadataproperty,metadatarelation,newlineflag,nullflag,options,pk_billtemplet,pk_billtemplet_b,pk_corp,pos,reftype,resid,resid_tabname,reviseflag,showflag,showorder,table_code,table_name,totalflag,ts,userdefflag,userdefine1,userdefine2,userdefine3,usereditflag,userflag,userreviseflag,usershowflag,validateformula,width) values( 1,-1,null,null,0,1,null,-1,'N',null,-1,'pk_commissiontype',0,'N',1,'N','Y',20,null,0,'pk_commissiontype','qcco.commission_h.pk_commissiontype',null,'N',0,null,'0001AA10000000000KU4','0001AA10000000000KUU','@@@@',0,'委托类型',null,null,'N',1,20,'commission_h','委托单',0,'2018-11-19 10:28:57','N',null,null,null,1,1,'N',1,null,1);
insert into pub_billtemplet_b(cardflag,datatype,defaultshowname,defaultvalue,dr,editflag,editformula,foreground,hyperlinkflag,idcolname,inputlength,itemkey,itemtype,leafflag,listflag,listhyperlinkflag,listshowflag,listshoworder,loadformula,lockflag,metadatapath,metadataproperty,metadatarelation,newlineflag,nullflag,options,pk_billtemplet,pk_billtemplet_b,pk_corp,pos,reftype,resid,resid_tabname,reviseflag,showflag,showorder,table_code,table_name,totalflag,ts,userdefflag,userdefine1,userdefine2,userdefine3,usereditflag,userflag,userreviseflag,usershowflag,validateformula,width) values( 1,-1,null,null,0,1,null,-1,'N',null,-1,'pk_owner',0,'N',1,'N','Y',21,null,0,'pk_owner','qcco.commission_h.pk_owner',null,'N',0,null,'0001AA10000000000KU4','0001AA10000000000KUV','@@@@',0,null,null,null,'N',1,21,'commission_h','委托单',0,'2018-11-19 10:28:57','N',null,null,null,1,1,'N',1,null,1);
insert into pub_billtemplet_b(cardflag,datatype,defaultshowname,defaultvalue,dr,editflag,editformula,foreground,hyperlinkflag,idcolname,inputlength,itemkey,itemtype,leafflag,listflag,listhyperlinkflag,listshowflag,listshoworder,loadformula,lockflag,metadatapath,metadataproperty,metadatarelation,newlineflag,nullflag,options,pk_billtemplet,pk_billtemplet_b,pk_corp,pos,reftype,resid,resid_tabname,reviseflag,showflag,showorder,table_code,table_name,totalflag,ts,userdefflag,userdefine1,userdefine2,userdefine3,usereditflag,userflag,userreviseflag,usershowflag,validateformula,width) values( 1,-1,null,null,0,1,null,-1,'N',null,-1,'pk_dept',0,'N',1,'N','Y',22,null,0,'pk_dept','qcco.commission_h.pk_dept',null,'N',0,null,'0001AA10000000000KU4','0001AA10000000000KUW','@@@@',0,null,null,null,'N',1,22,'commission_h','委托单',0,'2018-11-19 10:28:57','N',null,null,null,1,1,'N',1,null,1);
insert into pub_billtemplet_b(cardflag,datatype,defaultshowname,defaultvalue,dr,editflag,editformula,foreground,hyperlinkflag,idcolname,inputlength,itemkey,itemtype,leafflag,listflag,listhyperlinkflag,listshowflag,listshoworder,loadformula,lockflag,metadatapath,metadataproperty,metadatarelation,newlineflag,nullflag,options,pk_billtemplet,pk_billtemplet_b,pk_corp,pos,reftype,resid,resid_tabname,reviseflag,showflag,showorder,table_code,table_name,totalflag,ts,userdefflag,userdefine1,userdefine2,userdefine3,usereditflag,userflag,userreviseflag,usershowflag,validateformula,width) values( 1,-1,null,null,0,1,null,-1,'N',null,-1,'pk_payer',0,'N',1,'N','Y',23,null,0,'pk_payer','qcco.commission_h.pk_payer',null,'N',0,null,'0001AA10000000000KU4','0001AA10000000000KUX','@@@@',0,null,null,null,'N',1,23,'commission_h','委托单',0,'2018-11-19 10:28:57','N',null,null,null,1,1,'N',1,null,1);
insert into pub_billtemplet_b(cardflag,datatype,defaultshowname,defaultvalue,dr,editflag,editformula,foreground,hyperlinkflag,idcolname,inputlength,itemkey,itemtype,leafflag,listflag,listhyperlinkflag,listshowflag,listshoworder,loadformula,lockflag,metadatapath,metadataproperty,metadatarelation,newlineflag,nullflag,options,pk_billtemplet,pk_billtemplet_b,pk_corp,pos,reftype,resid,resid_tabname,reviseflag,showflag,showorder,table_code,table_name,totalflag,ts,userdefflag,userdefine1,userdefine2,userdefine3,usereditflag,userflag,userreviseflag,usershowflag,validateformula,width) values( 1,-1,null,null,0,1,null,-1,'N',null,-1,'pk_maincategory',0,'N',1,'N','Y',24,null,0,'pk_maincategory','qcco.commission_h.pk_maincategory',null,'N',0,null,'0001AA10000000000KU4','0001AA10000000000KUY','@@@@',0,'产品分类',null,null,'N',1,24,'commission_h','委托单',0,'2018-11-19 10:28:57','N',null,null,null,1,1,'N',1,null,1);
insert into pub_billtemplet_b(cardflag,datatype,defaultshowname,defaultvalue,dr,editflag,editformula,foreground,hyperlinkflag,idcolname,inputlength,itemkey,itemtype,leafflag,listflag,listhyperlinkflag,listshowflag,listshoworder,loadformula,lockflag,metadatapath,metadataproperty,metadatarelation,newlineflag,nullflag,options,pk_billtemplet,pk_billtemplet_b,pk_corp,pos,reftype,resid,resid_tabname,reviseflag,showflag,showorder,table_code,table_name,totalflag,ts,userdefflag,userdefine1,userdefine2,userdefine3,usereditflag,userflag,userreviseflag,usershowflag,validateformula,width) values( 1,-1,null,null,0,1,null,-1,'N',null,-1,'pk_subcategory',0,'N',1,'N','Y',25,null,0,'pk_subcategory','qcco.commission_h.pk_subcategory',null,'N',0,null,'0001AA10000000000KU4','0001AA10000000000KUZ','@@@@',0,'产品分类',null,null,'N',1,25,'commission_h','委托单',0,'2018-11-19 10:28:57','N',null,null,null,1,1,'N',1,null,1);
insert into pub_billtemplet_b(cardflag,datatype,defaultshowname,defaultvalue,dr,editflag,editformula,foreground,hyperlinkflag,idcolname,inputlength,itemkey,itemtype,leafflag,listflag,listhyperlinkflag,listshowflag,listshoworder,loadformula,lockflag,metadatapath,metadataproperty,metadatarelation,newlineflag,nullflag,options,pk_billtemplet,pk_billtemplet_b,pk_corp,pos,reftype,resid,resid_tabname,reviseflag,showflag,showorder,table_code,table_name,totalflag,ts,userdefflag,userdefine1,userdefine2,userdefine3,usereditflag,userflag,userreviseflag,usershowflag,validateformula,width) values( 1,-1,null,null,0,1,null,-1,'N',null,-1,'pk_lastcategory',0,'N',1,'N','Y',26,null,0,'pk_lastcategory','qcco.commission_h.pk_lastcategory',null,'N',0,null,'0001AA10000000000KU4','0001AA10000000000KV0','@@@@',0,'产品分类',null,null,'N',1,26,'commission_h','委托单',0,'2018-11-19 10:28:57','N',null,null,null,1,1,'N',1,null,1);
insert into pub_billtemplet_b(cardflag,datatype,defaultshowname,defaultvalue,dr,editflag,editformula,foreground,hyperlinkflag,idcolname,inputlength,itemkey,itemtype,leafflag,listflag,listhyperlinkflag,listshowflag,listshoworder,loadformula,lockflag,metadatapath,metadataproperty,metadatarelation,newlineflag,nullflag,options,pk_billtemplet,pk_billtemplet_b,pk_corp,pos,reftype,resid,resid_tabname,reviseflag,showflag,showorder,table_code,table_name,totalflag,ts,userdefflag,userdefine1,userdefine2,userdefine3,usereditflag,userflag,userreviseflag,usershowflag,validateformula,width) values( 1,-1,null,null,0,1,null,-1,'N',null,-1,'contract',0,'N',1,'N','Y',27,null,0,'contract','qcco.commission_h.contract',null,'N',0,null,'0001AA10000000000KU4','0001AA10000000000KV1','@@@@',0,null,null,null,'N',1,27,'commission_h','委托单',0,'2018-11-19 10:28:57','N',null,null,null,1,1,'N',1,null,1);
insert into pub_billtemplet_b(cardflag,datatype,defaultshowname,defaultvalue,dr,editflag,editformula,foreground,hyperlinkflag,idcolname,inputlength,itemkey,itemtype,leafflag,listflag,listhyperlinkflag,listshowflag,listshoworder,loadformula,lockflag,metadatapath,metadataproperty,metadatarelation,newlineflag,nullflag,options,pk_billtemplet,pk_billtemplet_b,pk_corp,pos,reftype,resid,resid_tabname,reviseflag,showflag,showorder,table_code,table_name,totalflag,ts,userdefflag,userdefine1,userdefine2,userdefine3,usereditflag,userflag,userreviseflag,usershowflag,validateformula,width) values( 1,-1,null,null,0,1,null,-1,'N',null,-1,'cuserid',0,'N',1,'N','Y',28,null,0,'cuserid','qcco.commission_h.cuserid',null,'N',0,null,'0001AA10000000000KU4','0001AA10000000000KV2','@@@@',0,null,null,null,'N',1,28,'commission_h','委托单',0,'2018-11-19 10:28:57','N',null,null,null,1,1,'N',1,null,1);
insert into pub_billtemplet_b(cardflag,datatype,defaultshowname,defaultvalue,dr,editflag,editformula,foreground,hyperlinkflag,idcolname,inputlength,itemkey,itemtype,leafflag,listflag,listhyperlinkflag,listshowflag,listshoworder,loadformula,lockflag,metadatapath,metadataproperty,metadatarelation,newlineflag,nullflag,options,pk_billtemplet,pk_billtemplet_b,pk_corp,pos,reftype,resid,resid_tabname,reviseflag,showflag,showorder,table_code,table_name,totalflag,ts,userdefflag,userdefine1,userdefine2,userdefine3,usereditflag,userflag,userreviseflag,usershowflag,validateformula,width) values( 1,-1,null,null,0,1,null,-1,'N',null,-1,'email',0,'N',1,'N','Y',29,null,0,'email','qcco.commission_h.email',null,'N',0,null,'0001AA10000000000KU4','0001AA10000000000KV3','@@@@',0,null,null,null,'N',1,29,'commission_h','委托单',0,'2018-11-19 10:28:57','N',null,null,null,1,1,'N',1,null,1);
insert into pub_billtemplet_b(cardflag,datatype,defaultshowname,defaultvalue,dr,editflag,editformula,foreground,hyperlinkflag,idcolname,inputlength,itemkey,itemtype,leafflag,listflag,listhyperlinkflag,listshowflag,listshoworder,loadformula,lockflag,metadatapath,metadataproperty,metadatarelation,newlineflag,nullflag,options,pk_billtemplet,pk_billtemplet_b,pk_corp,pos,reftype,resid,resid_tabname,reviseflag,showflag,showorder,table_code,table_name,totalflag,ts,userdefflag,userdefine1,userdefine2,userdefine3,usereditflag,userflag,userreviseflag,usershowflag,validateformula,width) values( 1,-1,null,null,0,1,null,-1,'N',null,-1,'teleno',0,'N',1,'N','Y',30,null,0,'teleno','qcco.commission_h.teleno',null,'N',0,null,'0001AA10000000000KU4','0001AA10000000000KV4','@@@@',0,null,null,null,'N',1,30,'commission_h','委托单',0,'2018-11-19 10:28:57','N',null,null,null,1,1,'N',1,null,1);
insert into pub_billtemplet_b(cardflag,datatype,defaultshowname,defaultvalue,dr,editflag,editformula,foreground,hyperlinkflag,idcolname,inputlength,itemkey,itemtype,leafflag,listflag,listhyperlinkflag,listshowflag,listshoworder,loadformula,lockflag,metadatapath,metadataproperty,metadatarelation,newlineflag,nullflag,options,pk_billtemplet,pk_billtemplet_b,pk_corp,pos,reftype,resid,resid_tabname,reviseflag,showflag,showorder,table_code,table_name,totalflag,ts,userdefflag,userdefine1,userdefine2,userdefine3,usereditflag,userflag,userreviseflag,usershowflag,validateformula,width) values( 1,-1,null,'false',0,1,null,-1,'N',null,-1,'sendflag',0,'N',1,'N','Y',33,null,0,'sendflag','qcco.commission_h.sendflag',null,'N',0,null,'0001AA10000000000KU4','0001AA10000000000KV7','@@@@',0,null,null,null,'N',1,31,'commission_h','委托单',0,'2018-11-19 10:28:57','N',null,null,null,1,1,'N',1,null,1);
insert into pub_billtemplet_b(cardflag,datatype,defaultshowname,defaultvalue,dr,editflag,editformula,foreground,hyperlinkflag,idcolname,inputlength,itemkey,itemtype,leafflag,listflag,listhyperlinkflag,listshowflag,listshoworder,loadformula,lockflag,metadatapath,metadataproperty,metadatarelation,newlineflag,nullflag,options,pk_billtemplet,pk_billtemplet_b,pk_corp,pos,reftype,resid,resid_tabname,reviseflag,showflag,showorder,table_code,table_name,totalflag,ts,userdefflag,userdefine1,userdefine2,userdefine3,usereditflag,userflag,userreviseflag,usershowflag,validateformula,width) values( 1,-1,null,null,0,1,null,-1,'N',null,-1,'sampledealtype',0,'N',1,'N','Y',34,null,0,'sampledealtype','qcco.commission_h.sampledealtype',null,'N',0,null,'0001AA10000000000KU4','0001AA10000000000KV8','@@@@',0,null,null,null,'N',1,32,'commission_h','委托单',0,'2018-11-19 10:28:57','N',null,null,null,1,1,'N',1,null,1);
insert into pub_billtemplet_b(cardflag,datatype,defaultshowname,defaultvalue,dr,editflag,editformula,foreground,hyperlinkflag,idcolname,inputlength,itemkey,itemtype,leafflag,listflag,listhyperlinkflag,listshowflag,listshoworder,loadformula,lockflag,metadatapath,metadataproperty,metadatarelation,newlineflag,nullflag,options,pk_billtemplet,pk_billtemplet_b,pk_corp,pos,reftype,resid,resid_tabname,reviseflag,showflag,showorder,table_code,table_name,totalflag,ts,userdefflag,userdefine1,userdefine2,userdefine3,usereditflag,userflag,userreviseflag,usershowflag,validateformula,width) values( 1,-1,null,null,0,1,null,-1,'N',null,-1,'ts',0,'N',1,'N','N',35,null,0,'ts','qcco.commission_h.ts',null,'N',0,null,'0001AA10000000000KU4','0001AA10000000000KV9','@@@@',0,null,null,null,'N',0,33,'commission_h','委托单',0,'2018-11-19 10:28:57','N',null,null,null,1,1,'N',1,null,1);
insert into pub_billtemplet_b(cardflag,datatype,defaultshowname,defaultvalue,dr,editflag,editformula,foreground,hyperlinkflag,idcolname,inputlength,itemkey,itemtype,leafflag,listflag,listhyperlinkflag,listshowflag,listshoworder,loadformula,lockflag,metadatapath,metadataproperty,metadatarelation,newlineflag,nullflag,options,pk_billtemplet,pk_billtemplet_b,pk_corp,pos,reftype,resid,resid_tabname,reviseflag,showflag,showorder,table_code,table_name,totalflag,ts,userdefflag,userdefine1,userdefine2,userdefine3,usereditflag,userflag,userreviseflag,usershowflag,validateformula,width) values( 1,-1,null,null,0,1,null,-1,'N',null,-1,'pk_commission_b',0,'N',1,'N','N',1,null,0,'pk_commission_b','qcco.commission_b.pk_commission_b',null,'N',0,null,'0001AA10000000000KU4','0001AA10000000000KVA','@@@@',1,null,null,null,'N',0,1,'pk_commission_b','样品子表',0,'2018-11-19 10:28:57','N',null,null,null,1,1,'N',1,null,100);
insert into pub_billtemplet_b(cardflag,datatype,defaultshowname,defaultvalue,dr,editflag,editformula,foreground,hyperlinkflag,idcolname,inputlength,itemkey,itemtype,leafflag,listflag,listhyperlinkflag,listshowflag,listshoworder,loadformula,lockflag,metadatapath,metadataproperty,metadatarelation,newlineflag,nullflag,options,pk_billtemplet,pk_billtemplet_b,pk_corp,pos,reftype,resid,resid_tabname,reviseflag,showflag,showorder,table_code,table_name,totalflag,ts,userdefflag,userdefine1,userdefine2,userdefine3,usereditflag,userflag,userreviseflag,usershowflag,validateformula,width) values( 1,-1,null,null,0,1,null,-1,'N',null,-1,'pk_productserial',0,'N',1,'N','Y',2,null,0,'pk_productserial','qcco.commission_b.pk_productserial',null,'N',0,null,'0001AA10000000000KU4','0001AA10000000000KVB','@@@@',1,null,null,null,'N',1,2,'pk_commission_b','样品子表',0,'2018-11-19 10:28:57','N',null,null,null,1,1,'N',1,null,100);
insert into pub_billtemplet_b(cardflag,datatype,defaultshowname,defaultvalue,dr,editflag,editformula,foreground,hyperlinkflag,idcolname,inputlength,itemkey,itemtype,leafflag,listflag,listhyperlinkflag,listshowflag,listshoworder,loadformula,lockflag,metadatapath,metadataproperty,metadatarelation,newlineflag,nullflag,options,pk_billtemplet,pk_billtemplet_b,pk_corp,pos,reftype,resid,resid_tabname,reviseflag,showflag,showorder,table_code,table_name,totalflag,ts,userdefflag,userdefine1,userdefine2,userdefine3,usereditflag,userflag,userreviseflag,usershowflag,validateformula,width) values( 1,-1,null,null,0,1,null,-1,'N',null,-1,'rowno',0,'N',1,'N','N',3,null,0,'rowno','qcco.commission_b.rowno',null,'N',0,null,'0001AA10000000000KU4','0001AA10000000000KVC','@@@@',1,null,null,null,'N',0,3,'pk_commission_b','样品子表',0,'2018-11-19 10:28:57','N',null,null,null,1,1,'N',1,null,100);
insert into pub_billtemplet_b(cardflag,datatype,defaultshowname,defaultvalue,dr,editflag,editformula,foreground,hyperlinkflag,idcolname,inputlength,itemkey,itemtype,leafflag,listflag,listhyperlinkflag,listshowflag,listshoworder,loadformula,lockflag,metadatapath,metadataproperty,metadatarelation,newlineflag,nullflag,options,pk_billtemplet,pk_billtemplet_b,pk_corp,pos,reftype,resid,resid_tabname,reviseflag,showflag,showorder,table_code,table_name,totalflag,ts,userdefflag,userdefine1,userdefine2,userdefine3,usereditflag,userflag,userreviseflag,usershowflag,validateformula,width) values( 1,-1,null,null,0,1,null,-1,'N',null,-1,'typeno',0,'N',1,'N','Y',4,null,0,'typeno','qcco.commission_b.typeno',null,'N',0,null,'0001AA10000000000KU4','0001AA10000000000KVD','@@@@',1,null,null,null,'N',1,4,'pk_commission_b','样品子表',0,'2018-11-19 10:28:57','N',null,null,null,1,1,'N',1,null,100);
insert into pub_billtemplet_b(cardflag,datatype,defaultshowname,defaultvalue,dr,editflag,editformula,foreground,hyperlinkflag,idcolname,inputlength,itemkey,itemtype,leafflag,listflag,listhyperlinkflag,listshowflag,listshoworder,loadformula,lockflag,metadatapath,metadataproperty,metadatarelation,newlineflag,nullflag,options,pk_billtemplet,pk_billtemplet_b,pk_corp,pos,reftype,resid,resid_tabname,reviseflag,showflag,showorder,table_code,table_name,totalflag,ts,userdefflag,userdefine1,userdefine2,userdefine3,usereditflag,userflag,userreviseflag,usershowflag,validateformula,width) values( 1,-1,null,null,0,1,null,-1,'N',null,-1,'pk_testtemperature',0,'N',1,'N','Y',5,null,0,'pk_testtemperature','qcco.commission_b.pk_testtemperature',null,'N',0,null,'0001AA10000000000KU4','0001AA10000000000KVE','@@@@',1,null,null,null,'N',1,5,'pk_commission_b','样品子表',0,'2018-11-19 10:28:57','N',null,null,null,1,1,'N',1,null,100);
insert into pub_billtemplet_b(cardflag,datatype,defaultshowname,defaultvalue,dr,editflag,editformula,foreground,hyperlinkflag,idcolname,inputlength,itemkey,itemtype,leafflag,listflag,listhyperlinkflag,listshowflag,listshoworder,loadformula,lockflag,metadatapath,metadataproperty,metadatarelation,newlineflag,nullflag,options,pk_billtemplet,pk_billtemplet_b,pk_corp,pos,reftype,resid,resid_tabname,reviseflag,showflag,showorder,table_code,table_name,totalflag,ts,userdefflag,userdefine1,userdefine2,userdefine3,usereditflag,userflag,userreviseflag,usershowflag,validateformula,width) values( 1,-1,null,null,0,1,null,-1,'N',null,-1,'pk_samplegroup',0,'N',1,'N','Y',6,null,0,'pk_samplegroup','qcco.commission_b.pk_samplegroup',null,'N',0,null,'0001AA10000000000KU4','0001AA10000000000KVF','@@@@',1,null,null,null,'N',1,6,'pk_commission_b','样品子表',0,'2018-11-19 10:28:57','N',null,null,null,1,1,'N',1,null,100);
insert into pub_billtemplet_b(cardflag,datatype,defaultshowname,defaultvalue,dr,editflag,editformula,foreground,hyperlinkflag,idcolname,inputlength,itemkey,itemtype,leafflag,listflag,listhyperlinkflag,listshowflag,listshoworder,loadformula,lockflag,metadatapath,metadataproperty,metadatarelation,newlineflag,nullflag,options,pk_billtemplet,pk_billtemplet_b,pk_corp,pos,reftype,resid,resid_tabname,reviseflag,showflag,showorder,table_code,table_name,totalflag,ts,userdefflag,userdefine1,userdefine2,userdefine3,usereditflag,userflag,userreviseflag,usershowflag,validateformula,width) values( 1,-1,null,null,0,1,null,-1,'N',null,-1,'quantity',0,'N',1,'N','Y',7,null,0,'quantity','qcco.commission_b.quantity',null,'N',0,null,'0001AA10000000000KU4','0001AA10000000000KVG','@@@@',1,null,null,null,'N',1,7,'pk_commission_b','样品子表',0,'2018-11-19 10:28:57','N',null,null,null,1,1,'N',1,null,100);
insert into pub_billtemplet_b(cardflag,datatype,defaultshowname,defaultvalue,dr,editflag,editformula,foreground,hyperlinkflag,idcolname,inputlength,itemkey,itemtype,leafflag,listflag,listhyperlinkflag,listshowflag,listshoworder,loadformula,lockflag,metadatapath,metadataproperty,metadatarelation,newlineflag,nullflag,options,pk_billtemplet,pk_billtemplet_b,pk_corp,pos,reftype,resid,resid_tabname,reviseflag,showflag,showorder,table_code,table_name,totalflag,ts,userdefflag,userdefine1,userdefine2,userdefine3,usereditflag,userflag,userreviseflag,usershowflag,validateformula,width) values( 1,-1,null,null,0,1,null,-1,'Y',null,-1,'pk_manufacturer',0,'N',1,'Y','Y',8,null,0,'pk_manufacturer','qcco.commission_b.pk_manufacturer',null,'N',0,null,'0001AA10000000000KU4','0001AA10000000000KVH','@@@@',1,null,null,null,'N',1,8,'pk_commission_b','样品子表',0,'2018-11-19 10:28:57','N',null,null,null,1,1,'N',1,null,100);
insert into pub_billtemplet_b(cardflag,datatype,defaultshowname,defaultvalue,dr,editflag,editformula,foreground,hyperlinkflag,idcolname,inputlength,itemkey,itemtype,leafflag,listflag,listhyperlinkflag,listshowflag,listshoworder,loadformula,lockflag,metadatapath,metadataproperty,metadatarelation,newlineflag,nullflag,options,pk_billtemplet,pk_billtemplet_b,pk_corp,pos,reftype,resid,resid_tabname,reviseflag,showflag,showorder,table_code,table_name,totalflag,ts,userdefflag,userdefine1,userdefine2,userdefine3,usereditflag,userflag,userreviseflag,usershowflag,validateformula,width) values( 1,-1,null,null,0,1,null,-1,'N',null,-1,'contactorno',0,'N',1,'N','Y',9,null,0,'contactorno','qcco.commission_b.contactorno',null,'N',0,null,'0001AA10000000000KU4','0001AA10000000000KVI','@@@@',1,null,null,null,'N',1,9,'pk_commission_b','样品子表',0,'2018-11-19 10:28:57','N',null,null,null,1,1,'N',1,null,100);
insert into pub_billtemplet_b(cardflag,datatype,defaultshowname,defaultvalue,dr,editflag,editformula,foreground,hyperlinkflag,idcolname,inputlength,itemkey,itemtype,leafflag,listflag,listhyperlinkflag,listshowflag,listshoworder,loadformula,lockflag,metadatapath,metadataproperty,metadatarelation,newlineflag,nullflag,options,pk_billtemplet,pk_billtemplet_b,pk_corp,pos,reftype,resid,resid_tabname,reviseflag,showflag,showorder,table_code,table_name,totalflag,ts,userdefflag,userdefine1,userdefine2,userdefine3,usereditflag,userflag,userreviseflag,usershowflag,validateformula,width) values( 1,-1,null,null,0,1,null,-1,'N',null,-1,'otherinfo',0,'N',1,'N','Y',10,null,0,'otherinfo','qcco.commission_b.otherinfo',null,'N',0,null,'0001AA10000000000KU4','0001AA10000000000KVJ','@@@@',1,null,null,null,'N',1,10,'pk_commission_b','样品子表',0,'2018-11-19 10:28:57','N',null,null,null,1,1,'N',1,null,100);
insert into pub_billtemplet_b(cardflag,datatype,defaultshowname,defaultvalue,dr,editflag,editformula,foreground,hyperlinkflag,idcolname,inputlength,itemkey,itemtype,leafflag,listflag,listhyperlinkflag,listshowflag,listshoworder,loadformula,lockflag,metadatapath,metadataproperty,metadatarelation,newlineflag,nullflag,options,pk_billtemplet,pk_billtemplet_b,pk_corp,pos,reftype,resid,resid_tabname,reviseflag,showflag,showorder,table_code,table_name,totalflag,ts,userdefflag,userdefine1,userdefine2,userdefine3,usereditflag,userflag,userreviseflag,usershowflag,validateformula,width) values( 1,-1,null,null,0,1,null,-1,'N',null,-1,'seqnum',0,'N',1,'N','Y',11,null,0,'seqnum','qcco.commission_b.seqnum',null,'N',0,null,'0001AA10000000000KU4','0001AA10000000000KVK','@@@@',1,null,null,null,'N',1,11,'pk_commission_b','样品子表',0,'2018-11-19 10:28:57','N',null,null,null,1,1,'N',1,null,100);
insert into pub_billtemplet_b(cardflag,datatype,defaultshowname,defaultvalue,dr,editflag,editformula,foreground,hyperlinkflag,idcolname,inputlength,itemkey,itemtype,leafflag,listflag,listhyperlinkflag,listshowflag,listshoworder,loadformula,lockflag,metadatapath,metadataproperty,metadatarelation,newlineflag,nullflag,options,pk_billtemplet,pk_billtemplet_b,pk_corp,pos,reftype,resid,resid_tabname,reviseflag,showflag,showorder,table_code,table_name,totalflag,ts,userdefflag,userdefine1,userdefine2,userdefine3,usereditflag,userflag,userreviseflag,usershowflag,validateformula,width) values( 1,-1,null,null,0,1,null,-1,'N',null,-1,'pk_commission_r',0,'N',1,'N','N',12,null,0,'pk_commission_r','qcco.commission_b.pk_commission_r',null,'N',0,null,'0001AA10000000000KU4','0001AA10000000000KVL','@@@@',1,null,null,null,'N',0,12,'pk_commission_b','样品子表',0,'2018-11-19 10:28:57','N',null,null,null,1,1,'N',1,null,100);
insert into pub_billtemplet_b(cardflag,datatype,defaultshowname,defaultvalue,dr,editflag,editformula,foreground,hyperlinkflag,idcolname,inputlength,itemkey,itemtype,leafflag,listflag,listhyperlinkflag,listshowflag,listshoworder,loadformula,lockflag,metadatapath,metadataproperty,metadatarelation,newlineflag,nullflag,options,pk_billtemplet,pk_billtemplet_b,pk_corp,pos,reftype,resid,resid_tabname,reviseflag,showflag,showorder,table_code,table_name,totalflag,ts,userdefflag,userdefine1,userdefine2,userdefine3,usereditflag,userflag,userreviseflag,usershowflag,validateformula,width) values( 1,-1,null,null,0,1,null,-1,'N',null,-1,'ts',0,'N',1,'N','N',13,null,0,'ts','qcco.commission_b.ts',null,'N',0,null,'0001AA10000000000KU4','0001AA10000000000KVM','@@@@',1,null,null,null,'N',0,13,'pk_commission_b','样品子表',0,'2018-11-19 10:28:57','N',null,null,null,1,1,'N',1,null,100);
insert into pub_billtemplet_b(cardflag,datatype,defaultshowname,defaultvalue,dr,editflag,editformula,foreground,hyperlinkflag,idcolname,inputlength,itemkey,itemtype,leafflag,listflag,listhyperlinkflag,listshowflag,listshoworder,loadformula,lockflag,metadatapath,metadataproperty,metadatarelation,newlineflag,nullflag,options,pk_billtemplet,pk_billtemplet_b,pk_corp,pos,reftype,resid,resid_tabname,reviseflag,showflag,showorder,table_code,table_name,totalflag,ts,userdefflag,userdefine1,userdefine2,userdefine3,usereditflag,userflag,userreviseflag,usershowflag,validateformula,width) values( 1,-1,null,null,0,1,null,-1,'N',null,-1,'reportformat',0,'N',1,'N','Y',34,null,0,'reportformat','qcco.commission_h.reportformat',null,'N',0,null,'0001AA10000000000KU4','1001AA10000000000PGV','@@@@',0,null,null,null,'N',1,34,'commission_h','commission_h',0,'2018-11-19 10:28:57','N',null,null,null,1,1,'N',1,null,1);
insert into pub_billtemplet_b(cardflag,datatype,defaultshowname,defaultvalue,dr,editflag,editformula,foreground,hyperlinkflag,idcolname,inputlength,itemkey,itemtype,leafflag,listflag,listhyperlinkflag,listshowflag,listshoworder,loadformula,lockflag,metadatapath,metadataproperty,metadatarelation,newlineflag,nullflag,options,pk_billtemplet,pk_billtemplet_b,pk_corp,pos,reftype,resid,resid_tabname,reviseflag,showflag,showorder,table_code,table_name,totalflag,ts,userdefflag,userdefine1,userdefine2,userdefine3,usereditflag,userflag,userreviseflag,usershowflag,validateformula,width) values( 1,-1,null,null,0,1,null,-1,'N',null,-1,'reportlang',0,'N',1,'N','Y',35,null,0,'reportlang','qcco.commission_h.reportlang',null,'N',0,null,'0001AA10000000000KU4','1001AA10000000000PGW','@@@@',0,null,null,null,'N',1,35,'commission_h','commission_h',0,'2018-11-19 10:28:57','N',null,null,null,1,1,'N',1,null,1);
insert into pub_billtemplet_t(basetab,dr,metadataclass,metadatapath,mixindex,pk_billtemplet,pk_billtemplet_t,pk_layout,pos,position,resid,tabcode,tabindex,tabname,ts,vdef1,vdef2,vdef3) values( null,0,'qcco.commission_h','commission_h',null,'0001AA10000000000KU4','1001AA10000000001I11',null,0,0,null,'commission_h',0,'委托单','2018-11-19 10:28:59',null,null,null);
insert into pub_billtemplet_t(basetab,dr,metadataclass,metadatapath,mixindex,pk_billtemplet,pk_billtemplet_t,pk_layout,pos,position,resid,tabcode,tabindex,tabname,ts,vdef1,vdef2,vdef3) values( null,0,'qcco.commission_b','pk_commission_b',null,'0001AA10000000000KU4','1001AA10000000001I12',null,1,null,null,'pk_commission_b',0,'样品子表','2018-11-19 10:28:59',null,null,null);
insert into pub_billtemplet_t(basetab,dr,metadataclass,metadatapath,mixindex,pk_billtemplet,pk_billtemplet_t,pk_layout,pos,position,resid,tabcode,tabindex,tabname,ts,vdef1,vdef2,vdef3) values( null,0,'qcco.commission_h','commission_h',1,'0001AA10000000000KU4','1001AA10000000001I13',null,2,null,null,'tailerInfo',0,'表尾信息','2018-11-19 10:28:59',null,null,null);
insert into pub_billtemplet_t(basetab,dr,metadataclass,metadatapath,mixindex,pk_billtemplet,pk_billtemplet_t,pk_layout,pos,position,resid,tabcode,tabindex,tabname,ts,vdef1,vdef2,vdef3) values( 'tailerInfo',0,'qcco.commission_h','commission_h',2,'0001AA10000000000KU4','1001AA10000000001I14',null,2,null,null,'auditInfo',1,'审计信息','2018-11-19 10:28:59',null,null,null);

insert into pub_billtemplet(bill_templetcaption,bill_templetname,devorg,dividerproportion,dr,funccode,layer,metadataclass,model_type,modulecode,nodecode,options,pk_billtemplet,pk_billtypecode,pk_corp,pk_org,resid,shareflag,ts,validateformula) values( '值类型','SYSTEM',null,null,0,null,0,'qcco.valuetype',null,'QCCO','C0J00119',null,'0001AA10000000001ISC','C0J00119','@@@@',null,null,null,'2018-11-19 10:23:35',null);
insert into pub_billtemplet_b(cardflag,datatype,defaultshowname,defaultvalue,dr,editflag,editformula,foreground,hyperlinkflag,idcolname,inputlength,itemkey,itemtype,leafflag,listflag,listhyperlinkflag,listshowflag,listshoworder,loadformula,lockflag,metadatapath,metadataproperty,metadatarelation,newlineflag,nullflag,options,pk_billtemplet,pk_billtemplet_b,pk_corp,pos,reftype,resid,resid_tabname,reviseflag,showflag,showorder,table_code,table_name,totalflag,ts,userdefflag,userdefine1,userdefine2,userdefine3,usereditflag,userflag,userreviseflag,usershowflag,validateformula,width) values( 1,-1,null,null,0,0,null,-1,'N',null,-1,'modifier',0,'N',1,'N','Y',3,null,0,'modifier','qcco.valuetype.modifier',null,'N',0,null,'0001AA10000000001ISC','0001AA10000000001ISF','@@@@',2,null,null,null,'N',1,3,'auditInfo','审计信息',0,'2018-11-19 10:23:36','N',null,null,null,1,1,'N',1,null,1);
insert into pub_billtemplet_b(cardflag,datatype,defaultshowname,defaultvalue,dr,editflag,editformula,foreground,hyperlinkflag,idcolname,inputlength,itemkey,itemtype,leafflag,listflag,listhyperlinkflag,listshowflag,listshoworder,loadformula,lockflag,metadatapath,metadataproperty,metadatarelation,newlineflag,nullflag,options,pk_billtemplet,pk_billtemplet_b,pk_corp,pos,reftype,resid,resid_tabname,reviseflag,showflag,showorder,table_code,table_name,totalflag,ts,userdefflag,userdefine1,userdefine2,userdefine3,usereditflag,userflag,userreviseflag,usershowflag,validateformula,width) values( 1,-1,null,null,0,0,null,-1,'N',null,-1,'modifiedtime',0,'N',1,'N','Y',4,null,0,'modifiedtime','qcco.valuetype.modifiedtime',null,'N',0,null,'0001AA10000000001ISC','0001AA10000000001ISG','@@@@',2,null,null,null,'N',1,4,'auditInfo','审计信息',0,'2018-11-19 10:23:36','N',null,null,null,1,1,'N',1,null,1);
insert into pub_billtemplet_b(cardflag,datatype,defaultshowname,defaultvalue,dr,editflag,editformula,foreground,hyperlinkflag,idcolname,inputlength,itemkey,itemtype,leafflag,listflag,listhyperlinkflag,listshowflag,listshoworder,loadformula,lockflag,metadatapath,metadataproperty,metadatarelation,newlineflag,nullflag,options,pk_billtemplet,pk_billtemplet_b,pk_corp,pos,reftype,resid,resid_tabname,reviseflag,showflag,showorder,table_code,table_name,totalflag,ts,userdefflag,userdefine1,userdefine2,userdefine3,usereditflag,userflag,userreviseflag,usershowflag,validateformula,width) values( 1,-1,null,null,0,1,null,-1,'N',null,-1,'pk_valuetype',0,'N',1,'N','N',1,null,0,'pk_valuetype','qcco.valuetype.pk_valuetype',null,'N',0,null,'0001AA10000000001ISC','0001AA10000000001ISH','@@@@',0,null,null,null,'N',0,1,'valuetype','值类型',0,'2018-11-19 10:23:36','N',null,null,null,1,1,'N',1,null,1);
insert into pub_billtemplet_b(cardflag,datatype,defaultshowname,defaultvalue,dr,editflag,editformula,foreground,hyperlinkflag,idcolname,inputlength,itemkey,itemtype,leafflag,listflag,listhyperlinkflag,listshowflag,listshoworder,loadformula,lockflag,metadatapath,metadataproperty,metadatarelation,newlineflag,nullflag,options,pk_billtemplet,pk_billtemplet_b,pk_corp,pos,reftype,resid,resid_tabname,reviseflag,showflag,showorder,table_code,table_name,totalflag,ts,userdefflag,userdefine1,userdefine2,userdefine3,usereditflag,userflag,userreviseflag,usershowflag,validateformula,width) values( 1,-1,null,null,0,1,null,-1,'N',null,-1,'pk_group',0,'N',1,'N','Y',2,null,0,'pk_group','qcco.valuetype.pk_group',null,'N',0,null,'0001AA10000000001ISC','0001AA10000000001ISI','@@@@',0,null,null,null,'N',1,2,'valuetype','值类型',0,'2018-11-19 10:23:36','N',null,null,null,1,1,'N',1,null,1);
insert into pub_billtemplet_b(cardflag,datatype,defaultshowname,defaultvalue,dr,editflag,editformula,foreground,hyperlinkflag,idcolname,inputlength,itemkey,itemtype,leafflag,listflag,listhyperlinkflag,listshowflag,listshoworder,loadformula,lockflag,metadatapath,metadataproperty,metadatarelation,newlineflag,nullflag,options,pk_billtemplet,pk_billtemplet_b,pk_corp,pos,reftype,resid,resid_tabname,reviseflag,showflag,showorder,table_code,table_name,totalflag,ts,userdefflag,userdefine1,userdefine2,userdefine3,usereditflag,userflag,userreviseflag,usershowflag,validateformula,width) values( 1,-1,null,null,0,1,null,-1,'N',null,-1,'pk_org',0,'N',1,'N','Y',3,null,0,'pk_org','qcco.valuetype.pk_org',null,'N',0,null,'0001AA10000000001ISC','0001AA10000000001ISJ','@@@@',0,null,null,null,'N',1,3,'valuetype','值类型',0,'2018-11-19 10:23:36','N',null,null,null,1,1,'N',1,null,1);
insert into pub_billtemplet_b(cardflag,datatype,defaultshowname,defaultvalue,dr,editflag,editformula,foreground,hyperlinkflag,idcolname,inputlength,itemkey,itemtype,leafflag,listflag,listhyperlinkflag,listshowflag,listshoworder,loadformula,lockflag,metadatapath,metadataproperty,metadatarelation,newlineflag,nullflag,options,pk_billtemplet,pk_billtemplet_b,pk_corp,pos,reftype,resid,resid_tabname,reviseflag,showflag,showorder,table_code,table_name,totalflag,ts,userdefflag,userdefine1,userdefine2,userdefine3,usereditflag,userflag,userreviseflag,usershowflag,validateformula,width) values( 1,-1,null,null,0,1,null,-1,'N',null,-1,'pk_org_v',0,'N',1,'N','N',4,null,0,'pk_org_v','qcco.valuetype.pk_org_v',null,'N',0,null,'0001AA10000000001ISC','0001AA10000000001ISK','@@@@',0,null,null,null,'N',0,4,'valuetype','值类型',0,'2018-11-19 10:23:36','N',null,null,null,1,1,'N',1,null,1);
insert into pub_billtemplet_b(cardflag,datatype,defaultshowname,defaultvalue,dr,editflag,editformula,foreground,hyperlinkflag,idcolname,inputlength,itemkey,itemtype,leafflag,listflag,listhyperlinkflag,listshowflag,listshoworder,loadformula,lockflag,metadatapath,metadataproperty,metadatarelation,newlineflag,nullflag,options,pk_billtemplet,pk_billtemplet_b,pk_corp,pos,reftype,resid,resid_tabname,reviseflag,showflag,showorder,table_code,table_name,totalflag,ts,userdefflag,userdefine1,userdefine2,userdefine3,usereditflag,userflag,userreviseflag,usershowflag,validateformula,width) values( 1,-1,null,null,0,1,null,-1,'N',null,-1,'code',0,'N',1,'N','Y',5,null,0,'code','qcco.valuetype.code',null,'N',0,null,'0001AA10000000001ISC','0001AA10000000001ISL','@@@@',0,null,null,null,'N',1,5,'valuetype','值类型',0,'2018-11-19 10:23:36','N',null,null,null,1,1,'N',1,null,1);
insert into pub_billtemplet_b(cardflag,datatype,defaultshowname,defaultvalue,dr,editflag,editformula,foreground,hyperlinkflag,idcolname,inputlength,itemkey,itemtype,leafflag,listflag,listhyperlinkflag,listshowflag,listshoworder,loadformula,lockflag,metadatapath,metadataproperty,metadatarelation,newlineflag,nullflag,options,pk_billtemplet,pk_billtemplet_b,pk_corp,pos,reftype,resid,resid_tabname,reviseflag,showflag,showorder,table_code,table_name,totalflag,ts,userdefflag,userdefine1,userdefine2,userdefine3,usereditflag,userflag,userreviseflag,usershowflag,validateformula,width) values( 1,-1,null,null,0,1,null,-1,'N',null,-1,'name',0,'N',1,'N','Y',6,null,0,'name','qcco.valuetype.name',null,'N',0,null,'0001AA10000000001ISC','0001AA10000000001ISM','@@@@',0,null,null,null,'N',1,6,'valuetype','值类型',0,'2018-11-19 10:23:36','N',null,null,null,1,1,'N',1,null,1);
insert into pub_billtemplet_b(cardflag,datatype,defaultshowname,defaultvalue,dr,editflag,editformula,foreground,hyperlinkflag,idcolname,inputlength,itemkey,itemtype,leafflag,listflag,listhyperlinkflag,listshowflag,listshoworder,loadformula,lockflag,metadatapath,metadataproperty,metadatarelation,newlineflag,nullflag,options,pk_billtemplet,pk_billtemplet_b,pk_corp,pos,reftype,resid,resid_tabname,reviseflag,showflag,showorder,table_code,table_name,totalflag,ts,userdefflag,userdefine1,userdefine2,userdefine3,usereditflag,userflag,userreviseflag,usershowflag,validateformula,width) values( 1,-1,null,null,0,1,null,-1,'N',null,-1,'maketime',0,'N',1,'N','N',7,null,0,'maketime','qcco.valuetype.maketime',null,'N',0,null,'0001AA10000000001ISC','0001AA10000000001ISN','@@@@',0,null,null,null,'N',0,7,'valuetype','值类型',0,'2018-11-19 10:23:36','N',null,null,null,1,1,'N',1,null,1);
insert into pub_billtemplet_b(cardflag,datatype,defaultshowname,defaultvalue,dr,editflag,editformula,foreground,hyperlinkflag,idcolname,inputlength,itemkey,itemtype,leafflag,listflag,listhyperlinkflag,listshowflag,listshoworder,loadformula,lockflag,metadatapath,metadataproperty,metadatarelation,newlineflag,nullflag,options,pk_billtemplet,pk_billtemplet_b,pk_corp,pos,reftype,resid,resid_tabname,reviseflag,showflag,showorder,table_code,table_name,totalflag,ts,userdefflag,userdefine1,userdefine2,userdefine3,usereditflag,userflag,userreviseflag,usershowflag,validateformula,width) values( 1,-1,null,null,0,1,null,-1,'N',null,-1,'lastmaketime',0,'N',1,'N','N',8,null,0,'lastmaketime','qcco.valuetype.lastmaketime',null,'N',0,null,'0001AA10000000001ISC','0001AA10000000001ISO','@@@@',0,null,null,null,'N',0,8,'valuetype','值类型',0,'2018-11-19 10:23:36','N',null,null,null,1,1,'N',1,null,1);
insert into pub_billtemplet_b(cardflag,datatype,defaultshowname,defaultvalue,dr,editflag,editformula,foreground,hyperlinkflag,idcolname,inputlength,itemkey,itemtype,leafflag,listflag,listhyperlinkflag,listshowflag,listshoworder,loadformula,lockflag,metadatapath,metadataproperty,metadatarelation,newlineflag,nullflag,options,pk_billtemplet,pk_billtemplet_b,pk_corp,pos,reftype,resid,resid_tabname,reviseflag,showflag,showorder,table_code,table_name,totalflag,ts,userdefflag,userdefine1,userdefine2,userdefine3,usereditflag,userflag,userreviseflag,usershowflag,validateformula,width) values( 1,-1,null,null,0,1,null,-1,'N',null,-1,'dmakedate',0,'N',1,'N','N',9,null,0,'dmakedate','qcco.valuetype.dmakedate',null,'N',0,null,'0001AA10000000001ISC','0001AA10000000001ISP','@@@@',0,null,null,null,'N',0,9,'valuetype','值类型',0,'2018-11-19 10:23:36','N',null,null,null,1,1,'N',1,null,1);
insert into pub_billtemplet_b(cardflag,datatype,defaultshowname,defaultvalue,dr,editflag,editformula,foreground,hyperlinkflag,idcolname,inputlength,itemkey,itemtype,leafflag,listflag,listhyperlinkflag,listshowflag,listshoworder,loadformula,lockflag,metadatapath,metadataproperty,metadatarelation,newlineflag,nullflag,options,pk_billtemplet,pk_billtemplet_b,pk_corp,pos,reftype,resid,resid_tabname,reviseflag,showflag,showorder,table_code,table_name,totalflag,ts,userdefflag,userdefine1,userdefine2,userdefine3,usereditflag,userflag,userreviseflag,usershowflag,validateformula,width) values( 1,-1,null,null,0,1,null,-1,'N',null,-1,'ts',0,'N',1,'N','N',10,null,0,'ts','qcco.valuetype.ts',null,'N',0,null,'0001AA10000000001ISC','0001AA10000000001ISQ','@@@@',0,null,null,null,'N',0,10,'valuetype','值类型',0,'2018-11-19 10:23:36','N',null,null,null,1,1,'N',1,null,1);
insert into pub_billtemplet_b(cardflag,datatype,defaultshowname,defaultvalue,dr,editflag,editformula,foreground,hyperlinkflag,idcolname,inputlength,itemkey,itemtype,leafflag,listflag,listhyperlinkflag,listshowflag,listshoworder,loadformula,lockflag,metadatapath,metadataproperty,metadatarelation,newlineflag,nullflag,options,pk_billtemplet,pk_billtemplet_b,pk_corp,pos,reftype,resid,resid_tabname,reviseflag,showflag,showorder,table_code,table_name,totalflag,ts,userdefflag,userdefine1,userdefine2,userdefine3,usereditflag,userflag,userreviseflag,usershowflag,validateformula,width) values( 1,-1,null,null,0,1,null,-1,'N',null,-1,'pk_valueitem',0,'N',1,'N','N',1,null,0,'pk_valueitem','qcco.valuelist.pk_valueitem',null,'N',0,null,'0001AA10000000001ISC','0001AA10000000001ISR','@@@@',1,null,null,null,'N',0,1,'pk_valuelist','值集',0,'2018-11-19 10:23:36','N',null,null,null,1,1,'N',1,null,100);
insert into pub_billtemplet_b(cardflag,datatype,defaultshowname,defaultvalue,dr,editflag,editformula,foreground,hyperlinkflag,idcolname,inputlength,itemkey,itemtype,leafflag,listflag,listhyperlinkflag,listshowflag,listshoworder,loadformula,lockflag,metadatapath,metadataproperty,metadatarelation,newlineflag,nullflag,options,pk_billtemplet,pk_billtemplet_b,pk_corp,pos,reftype,resid,resid_tabname,reviseflag,showflag,showorder,table_code,table_name,totalflag,ts,userdefflag,userdefine1,userdefine2,userdefine3,usereditflag,userflag,userreviseflag,usershowflag,validateformula,width) values( 1,-1,null,null,0,1,null,-1,'N',null,-1,'code',0,'N',1,'N','Y',2,null,0,'code','qcco.valuelist.code',null,'N',0,null,'0001AA10000000001ISC','0001AA10000000001ISS','@@@@',1,null,null,null,'N',1,2,'pk_valuelist','值集',0,'2018-11-19 10:23:36','N',null,null,null,1,1,'N',1,null,100);
insert into pub_billtemplet_b(cardflag,datatype,defaultshowname,defaultvalue,dr,editflag,editformula,foreground,hyperlinkflag,idcolname,inputlength,itemkey,itemtype,leafflag,listflag,listhyperlinkflag,listshowflag,listshoworder,loadformula,lockflag,metadatapath,metadataproperty,metadatarelation,newlineflag,nullflag,options,pk_billtemplet,pk_billtemplet_b,pk_corp,pos,reftype,resid,resid_tabname,reviseflag,showflag,showorder,table_code,table_name,totalflag,ts,userdefflag,userdefine1,userdefine2,userdefine3,usereditflag,userflag,userreviseflag,usershowflag,validateformula,width) values( 1,-1,null,null,0,1,null,-1,'N',null,-1,'name',0,'N',1,'N','Y',3,null,0,'name','qcco.valuelist.name',null,'N',0,null,'0001AA10000000001ISC','0001AA10000000001IST','@@@@',1,null,null,null,'N',1,3,'pk_valuelist','值集',0,'2018-11-19 10:23:36','N',null,null,null,1,1,'N',1,null,100);
insert into pub_billtemplet_b(cardflag,datatype,defaultshowname,defaultvalue,dr,editflag,editformula,foreground,hyperlinkflag,idcolname,inputlength,itemkey,itemtype,leafflag,listflag,listhyperlinkflag,listshowflag,listshoworder,loadformula,lockflag,metadatapath,metadataproperty,metadatarelation,newlineflag,nullflag,options,pk_billtemplet,pk_billtemplet_b,pk_corp,pos,reftype,resid,resid_tabname,reviseflag,showflag,showorder,table_code,table_name,totalflag,ts,userdefflag,userdefine1,userdefine2,userdefine3,usereditflag,userflag,userreviseflag,usershowflag,validateformula,width) values( 1,-1,null,null,0,1,null,-1,'N',null,-1,'datatype',0,'N',1,'N','Y',4,null,0,'datatype','qcco.valuelist.datatype',null,'N',0,null,'0001AA10000000001ISC','0001AA10000000001ISU','@@@@',1,null,null,null,'N',1,4,'pk_valuelist','值集',0,'2018-11-19 10:23:36','N',null,null,null,1,1,'N',1,null,100);
insert into pub_billtemplet_b(cardflag,datatype,defaultshowname,defaultvalue,dr,editflag,editformula,foreground,hyperlinkflag,idcolname,inputlength,itemkey,itemtype,leafflag,listflag,listhyperlinkflag,listshowflag,listshoworder,loadformula,lockflag,metadatapath,metadataproperty,metadatarelation,newlineflag,nullflag,options,pk_billtemplet,pk_billtemplet_b,pk_corp,pos,reftype,resid,resid_tabname,reviseflag,showflag,showorder,table_code,table_name,totalflag,ts,userdefflag,userdefine1,userdefine2,userdefine3,usereditflag,userflag,userreviseflag,usershowflag,validateformula,width) values( 1,-1,null,null,0,1,null,-1,'N',null,-1,'islist',0,'N',1,'N','Y',5,null,0,'islist','qcco.valuelist.islist',null,'N',0,null,'0001AA10000000001ISC','0001AA10000000001ISV','@@@@',1,null,null,null,'N',1,5,'pk_valuelist','值集',0,'2018-11-19 10:23:36','N',null,null,null,1,1,'N',1,null,100);
insert into pub_billtemplet_b(cardflag,datatype,defaultshowname,defaultvalue,dr,editflag,editformula,foreground,hyperlinkflag,idcolname,inputlength,itemkey,itemtype,leafflag,listflag,listhyperlinkflag,listshowflag,listshoworder,loadformula,lockflag,metadatapath,metadataproperty,metadatarelation,newlineflag,nullflag,options,pk_billtemplet,pk_billtemplet_b,pk_corp,pos,reftype,resid,resid_tabname,reviseflag,showflag,showorder,table_code,table_name,totalflag,ts,userdefflag,userdefine1,userdefine2,userdefine3,usereditflag,userflag,userreviseflag,usershowflag,validateformula,width) values( 1,-1,null,null,0,1,null,-1,'N',null,-1,'rowno',0,'N',1,'N','N',6,null,0,'rowno','qcco.valuelist.rowno',null,'N',0,null,'0001AA10000000001ISC','0001AA10000000001ISW','@@@@',1,null,null,null,'N',0,6,'pk_valuelist','值集',0,'2018-11-19 10:23:36','N',null,null,null,1,1,'N',1,null,100);
insert into pub_billtemplet_b(cardflag,datatype,defaultshowname,defaultvalue,dr,editflag,editformula,foreground,hyperlinkflag,idcolname,inputlength,itemkey,itemtype,leafflag,listflag,listhyperlinkflag,listshowflag,listshoworder,loadformula,lockflag,metadatapath,metadataproperty,metadatarelation,newlineflag,nullflag,options,pk_billtemplet,pk_billtemplet_b,pk_corp,pos,reftype,resid,resid_tabname,reviseflag,showflag,showorder,table_code,table_name,totalflag,ts,userdefflag,userdefine1,userdefine2,userdefine3,usereditflag,userflag,userreviseflag,usershowflag,validateformula,width) values( 1,-1,null,null,0,1,null,-1,'N',null,-1,'ts',0,'N',1,'N','N',7,null,0,'ts','qcco.valuelist.ts',null,'N',0,null,'0001AA10000000001ISC','0001AA10000000001ISX','@@@@',1,null,null,null,'N',0,7,'pk_valuelist','值集',0,'2018-11-19 10:23:36','N',null,null,null,1,1,'N',1,null,100);
insert into pub_billtemplet_b(cardflag,datatype,defaultshowname,defaultvalue,dr,editflag,editformula,foreground,hyperlinkflag,idcolname,inputlength,itemkey,itemtype,leafflag,listflag,listhyperlinkflag,listshowflag,listshoworder,loadformula,lockflag,metadatapath,metadataproperty,metadatarelation,newlineflag,nullflag,options,pk_billtemplet,pk_billtemplet_b,pk_corp,pos,reftype,resid,resid_tabname,reviseflag,showflag,showorder,table_code,table_name,totalflag,ts,userdefflag,userdefine1,userdefine2,userdefine3,usereditflag,userflag,userreviseflag,usershowflag,validateformula,width) values( 1,-1,null,null,0,0,null,-1,'N',null,-1,'creator',0,'N',1,'N','Y',1,null,0,'creator','qcco.valuetype.creator',null,'N',0,null,'0001AA10000000001ISC','0001AA10000000001ISD','@@@@',2,null,null,null,'N',1,1,'auditInfo','审计信息',0,'2018-11-19 10:23:36','N',null,null,null,1,1,'N',1,null,1);
insert into pub_billtemplet_b(cardflag,datatype,defaultshowname,defaultvalue,dr,editflag,editformula,foreground,hyperlinkflag,idcolname,inputlength,itemkey,itemtype,leafflag,listflag,listhyperlinkflag,listshowflag,listshoworder,loadformula,lockflag,metadatapath,metadataproperty,metadatarelation,newlineflag,nullflag,options,pk_billtemplet,pk_billtemplet_b,pk_corp,pos,reftype,resid,resid_tabname,reviseflag,showflag,showorder,table_code,table_name,totalflag,ts,userdefflag,userdefine1,userdefine2,userdefine3,usereditflag,userflag,userreviseflag,usershowflag,validateformula,width) values( 1,-1,null,null,0,0,null,-1,'N',null,-1,'creationtime',0,'N',1,'N','Y',2,null,0,'creationtime','qcco.valuetype.creationtime',null,'N',0,null,'0001AA10000000001ISC','0001AA10000000001ISE','@@@@',2,null,null,null,'N',1,2,'auditInfo','审计信息',0,'2018-11-19 10:23:36','N',null,null,null,1,1,'N',1,null,1);
insert into pub_billtemplet_t(basetab,dr,metadataclass,metadatapath,mixindex,pk_billtemplet,pk_billtemplet_t,pk_layout,pos,position,resid,tabcode,tabindex,tabname,ts,vdef1,vdef2,vdef3) values( null,0,'qcco.valuelist','pk_valuelist',null,'0001AA10000000001ISC','1001AA10000000001I0T',null,1,null,null,'pk_valuelist',0,'值集','2018-11-19 10:23:37',null,null,null);
insert into pub_billtemplet_t(basetab,dr,metadataclass,metadatapath,mixindex,pk_billtemplet,pk_billtemplet_t,pk_layout,pos,position,resid,tabcode,tabindex,tabname,ts,vdef1,vdef2,vdef3) values( null,0,'qcco.valuetype','valuetype',null,'0001AA10000000001ISC','1001AA10000000001I0U',null,0,null,null,'valuetype',0,'值类型','2018-11-19 10:23:37',null,null,null);

insert into pub_billtemplet(bill_templetcaption,bill_templetname,devorg,dividerproportion,dr,funccode,layer,metadataclass,model_type,modulecode,nodecode,options,pk_billtemplet,pk_billtypecode,pk_corp,pk_org,resid,shareflag,ts,validateformula) values( '值集值','SYSTEM',null,null,0,null,0,'qcco.itemvalue',null,'QCCO','C0J00120',null,'0001AA10000000001IWX','C0J00120','@@@@',null,null,null,'2018-11-19 10:24:57',null);
insert into pub_billtemplet_b(cardflag,datatype,defaultshowname,defaultvalue,dr,editflag,editformula,foreground,hyperlinkflag,idcolname,inputlength,itemkey,itemtype,leafflag,listflag,listhyperlinkflag,listshowflag,listshoworder,loadformula,lockflag,metadatapath,metadataproperty,metadatarelation,newlineflag,nullflag,options,pk_billtemplet,pk_billtemplet_b,pk_corp,pos,reftype,resid,resid_tabname,reviseflag,showflag,showorder,table_code,table_name,totalflag,ts,userdefflag,userdefine1,userdefine2,userdefine3,usereditflag,userflag,userreviseflag,usershowflag,validateformula,width) values( 1,-1,null,null,0,1,null,-1,'N',null,-1,'pk_itemvalue',0,'N',1,'N','N',2,null,0,'pk_itemvalue','qcco.itemvalue.pk_itemvalue',null,'N',0,null,'0001AA10000000001IWX','0001AA10000000001IWY','@@@@',1,null,null,null,'N',0,2,'itemvalue','值集值',0,'2018-11-19 10:24:57','N',null,null,null,1,1,'N',1,null,100);
insert into pub_billtemplet_b(cardflag,datatype,defaultshowname,defaultvalue,dr,editflag,editformula,foreground,hyperlinkflag,idcolname,inputlength,itemkey,itemtype,leafflag,listflag,listhyperlinkflag,listshowflag,listshoworder,loadformula,lockflag,metadatapath,metadataproperty,metadatarelation,newlineflag,nullflag,options,pk_billtemplet,pk_billtemplet_b,pk_corp,pos,reftype,resid,resid_tabname,reviseflag,showflag,showorder,table_code,table_name,totalflag,ts,userdefflag,userdefine1,userdefine2,userdefine3,usereditflag,userflag,userreviseflag,usershowflag,validateformula,width) values( 1,-1,null,null,0,1,null,-1,'N',null,-1,'pk_valueitem',0,'N',1,'N','Y',3,null,0,'pk_valueitem','qcco.itemvalue.pk_valueitem',null,'N',0,null,'0001AA10000000001IWX','0001AA10000000001IWZ','@@@@',1,null,null,null,'N',1,3,'itemvalue','值集值',0,'2018-11-19 10:24:57','N',null,null,null,1,1,'N',1,null,100);
insert into pub_billtemplet_b(cardflag,datatype,defaultshowname,defaultvalue,dr,editflag,editformula,foreground,hyperlinkflag,idcolname,inputlength,itemkey,itemtype,leafflag,listflag,listhyperlinkflag,listshowflag,listshoworder,loadformula,lockflag,metadatapath,metadataproperty,metadatarelation,newlineflag,nullflag,options,pk_billtemplet,pk_billtemplet_b,pk_corp,pos,reftype,resid,resid_tabname,reviseflag,showflag,showorder,table_code,table_name,totalflag,ts,userdefflag,userdefine1,userdefine2,userdefine3,usereditflag,userflag,userreviseflag,usershowflag,validateformula,width) values( 1,-1,null,null,0,1,null,-1,'N',null,-1,'pk_bizpk',0,'N',1,'N','Y',4,null,0,'pk_bizpk','qcco.itemvalue.pk_bizpk',null,'N',0,null,'0001AA10000000001IWX','0001AA10000000001IX0','@@@@',1,null,null,null,'N',1,4,'itemvalue','值集值',0,'2018-11-19 10:24:57','N',null,null,null,1,1,'N',1,null,100);
insert into pub_billtemplet_b(cardflag,datatype,defaultshowname,defaultvalue,dr,editflag,editformula,foreground,hyperlinkflag,idcolname,inputlength,itemkey,itemtype,leafflag,listflag,listhyperlinkflag,listshowflag,listshoworder,loadformula,lockflag,metadatapath,metadataproperty,metadatarelation,newlineflag,nullflag,options,pk_billtemplet,pk_billtemplet_b,pk_corp,pos,reftype,resid,resid_tabname,reviseflag,showflag,showorder,table_code,table_name,totalflag,ts,userdefflag,userdefine1,userdefine2,userdefine3,usereditflag,userflag,userreviseflag,usershowflag,validateformula,width) values( 1,-1,null,null,0,1,null,-1,'N',null,-1,'itemvalue',0,'N',1,'N','Y',5,null,0,'itemvalue','qcco.itemvalue.itemvalue',null,'N',0,null,'0001AA10000000001IWX','0001AA10000000001IX1','@@@@',1,null,null,null,'N',1,5,'itemvalue','值集值',0,'2018-11-19 10:24:57','N',null,null,null,1,1,'N',1,null,100);
insert into pub_billtemplet_b(cardflag,datatype,defaultshowname,defaultvalue,dr,editflag,editformula,foreground,hyperlinkflag,idcolname,inputlength,itemkey,itemtype,leafflag,listflag,listhyperlinkflag,listshowflag,listshoworder,loadformula,lockflag,metadatapath,metadataproperty,metadatarelation,newlineflag,nullflag,options,pk_billtemplet,pk_billtemplet_b,pk_corp,pos,reftype,resid,resid_tabname,reviseflag,showflag,showorder,table_code,table_name,totalflag,ts,userdefflag,userdefine1,userdefine2,userdefine3,usereditflag,userflag,userreviseflag,usershowflag,validateformula,width) values( 1,-1,null,null,0,1,null,-1,'N',null,-1,'valuestring',0,'N',1,'N','Y',6,null,0,'valuestring','qcco.itemvalue.valuestring',null,'N',0,null,'0001AA10000000001IWX','0001AA10000000001IX2','@@@@',1,null,null,null,'N',1,6,'itemvalue','值集值',0,'2018-11-19 10:24:57','N',null,null,null,1,1,'N',1,null,100);
insert into pub_billtemplet_b(cardflag,datatype,defaultshowname,defaultvalue,dr,editflag,editformula,foreground,hyperlinkflag,idcolname,inputlength,itemkey,itemtype,leafflag,listflag,listhyperlinkflag,listshowflag,listshoworder,loadformula,lockflag,metadatapath,metadataproperty,metadatarelation,newlineflag,nullflag,options,pk_billtemplet,pk_billtemplet_b,pk_corp,pos,reftype,resid,resid_tabname,reviseflag,showflag,showorder,table_code,table_name,totalflag,ts,userdefflag,userdefine1,userdefine2,userdefine3,usereditflag,userflag,userreviseflag,usershowflag,validateformula,width) values( 1,-1,null,null,0,1,null,-1,'N',null,-1,'pk_group',0,'N',1,'N','N',7,null,0,'pk_group','qcco.itemvalue.pk_group',null,'N',0,null,'0001AA10000000001IWX','0001AA10000000001IX3','@@@@',1,null,null,null,'N',0,7,'itemvalue','值集值',0,'2018-11-19 10:24:57','N',null,null,null,1,1,'N',1,null,100);
insert into pub_billtemplet_b(cardflag,datatype,defaultshowname,defaultvalue,dr,editflag,editformula,foreground,hyperlinkflag,idcolname,inputlength,itemkey,itemtype,leafflag,listflag,listhyperlinkflag,listshowflag,listshoworder,loadformula,lockflag,metadatapath,metadataproperty,metadatarelation,newlineflag,nullflag,options,pk_billtemplet,pk_billtemplet_b,pk_corp,pos,reftype,resid,resid_tabname,reviseflag,showflag,showorder,table_code,table_name,totalflag,ts,userdefflag,userdefine1,userdefine2,userdefine3,usereditflag,userflag,userreviseflag,usershowflag,validateformula,width) values( 1,-1,null,null,0,1,null,-1,'N',null,-1,'pk_org',0,'N',1,'N','N',8,null,0,'pk_org','qcco.itemvalue.pk_org',null,'N',0,null,'0001AA10000000001IWX','0001AA10000000001IX4','@@@@',1,null,null,null,'N',0,8,'itemvalue','值集值',0,'2018-11-19 10:24:57','N',null,null,null,1,1,'N',1,null,100);
insert into pub_billtemplet_b(cardflag,datatype,defaultshowname,defaultvalue,dr,editflag,editformula,foreground,hyperlinkflag,idcolname,inputlength,itemkey,itemtype,leafflag,listflag,listhyperlinkflag,listshowflag,listshoworder,loadformula,lockflag,metadatapath,metadataproperty,metadatarelation,newlineflag,nullflag,options,pk_billtemplet,pk_billtemplet_b,pk_corp,pos,reftype,resid,resid_tabname,reviseflag,showflag,showorder,table_code,table_name,totalflag,ts,userdefflag,userdefine1,userdefine2,userdefine3,usereditflag,userflag,userreviseflag,usershowflag,validateformula,width) values( 1,-1,null,null,0,1,null,-1,'N',null,-1,'pk_org_v',0,'N',1,'N','N',9,null,0,'pk_org_v','qcco.itemvalue.pk_org_v',null,'N',0,null,'0001AA10000000001IWX','0001AA10000000001IX5','@@@@',1,null,null,null,'N',0,9,'itemvalue','值集值',0,'2018-11-19 10:24:57','N',null,null,null,1,1,'N',1,null,100);
insert into pub_billtemplet_b(cardflag,datatype,defaultshowname,defaultvalue,dr,editflag,editformula,foreground,hyperlinkflag,idcolname,inputlength,itemkey,itemtype,leafflag,listflag,listhyperlinkflag,listshowflag,listshoworder,loadformula,lockflag,metadatapath,metadataproperty,metadatarelation,newlineflag,nullflag,options,pk_billtemplet,pk_billtemplet_b,pk_corp,pos,reftype,resid,resid_tabname,reviseflag,showflag,showorder,table_code,table_name,totalflag,ts,userdefflag,userdefine1,userdefine2,userdefine3,usereditflag,userflag,userreviseflag,usershowflag,validateformula,width) values( 1,-1,null,null,0,1,null,-1,'N',null,-1,'creator',0,'N',1,'N','N',10,null,0,'creator','qcco.itemvalue.creator',null,'N',0,null,'0001AA10000000001IWX','0001AA10000000001IX6','@@@@',1,null,null,null,'N',0,10,'itemvalue','值集值',0,'2018-11-19 10:24:57','N',null,null,null,1,1,'N',1,null,100);
insert into pub_billtemplet_b(cardflag,datatype,defaultshowname,defaultvalue,dr,editflag,editformula,foreground,hyperlinkflag,idcolname,inputlength,itemkey,itemtype,leafflag,listflag,listhyperlinkflag,listshowflag,listshoworder,loadformula,lockflag,metadatapath,metadataproperty,metadatarelation,newlineflag,nullflag,options,pk_billtemplet,pk_billtemplet_b,pk_corp,pos,reftype,resid,resid_tabname,reviseflag,showflag,showorder,table_code,table_name,totalflag,ts,userdefflag,userdefine1,userdefine2,userdefine3,usereditflag,userflag,userreviseflag,usershowflag,validateformula,width) values( 1,-1,null,null,0,1,null,-1,'N',null,-1,'creationtime',0,'N',1,'N','N',11,null,0,'creationtime','qcco.itemvalue.creationtime',null,'N',0,null,'0001AA10000000001IWX','0001AA10000000001IX7','@@@@',1,null,null,null,'N',0,11,'itemvalue','值集值',0,'2018-11-19 10:24:57','N',null,null,null,1,1,'N',1,null,100);
insert into pub_billtemplet_b(cardflag,datatype,defaultshowname,defaultvalue,dr,editflag,editformula,foreground,hyperlinkflag,idcolname,inputlength,itemkey,itemtype,leafflag,listflag,listhyperlinkflag,listshowflag,listshoworder,loadformula,lockflag,metadatapath,metadataproperty,metadatarelation,newlineflag,nullflag,options,pk_billtemplet,pk_billtemplet_b,pk_corp,pos,reftype,resid,resid_tabname,reviseflag,showflag,showorder,table_code,table_name,totalflag,ts,userdefflag,userdefine1,userdefine2,userdefine3,usereditflag,userflag,userreviseflag,usershowflag,validateformula,width) values( 1,-1,null,null,0,1,null,-1,'N',null,-1,'modifier',0,'N',1,'N','N',12,null,0,'modifier','qcco.itemvalue.modifier',null,'N',0,null,'0001AA10000000001IWX','0001AA10000000001IX8','@@@@',1,null,null,null,'N',0,12,'itemvalue','值集值',0,'2018-11-19 10:24:57','N',null,null,null,1,1,'N',1,null,100);
insert into pub_billtemplet_b(cardflag,datatype,defaultshowname,defaultvalue,dr,editflag,editformula,foreground,hyperlinkflag,idcolname,inputlength,itemkey,itemtype,leafflag,listflag,listhyperlinkflag,listshowflag,listshoworder,loadformula,lockflag,metadatapath,metadataproperty,metadatarelation,newlineflag,nullflag,options,pk_billtemplet,pk_billtemplet_b,pk_corp,pos,reftype,resid,resid_tabname,reviseflag,showflag,showorder,table_code,table_name,totalflag,ts,userdefflag,userdefine1,userdefine2,userdefine3,usereditflag,userflag,userreviseflag,usershowflag,validateformula,width) values( 1,-1,null,null,0,1,null,-1,'N',null,-1,'modifiedtime',0,'N',1,'N','N',13,null,0,'modifiedtime','qcco.itemvalue.modifiedtime',null,'N',0,null,'0001AA10000000001IWX','0001AA10000000001IX9','@@@@',1,null,null,null,'N',0,13,'itemvalue','值集值',0,'2018-11-19 10:24:57','N',null,null,null,1,1,'N',1,null,100);
insert into pub_billtemplet_b(cardflag,datatype,defaultshowname,defaultvalue,dr,editflag,editformula,foreground,hyperlinkflag,idcolname,inputlength,itemkey,itemtype,leafflag,listflag,listhyperlinkflag,listshowflag,listshoworder,loadformula,lockflag,metadatapath,metadataproperty,metadatarelation,newlineflag,nullflag,options,pk_billtemplet,pk_billtemplet_b,pk_corp,pos,reftype,resid,resid_tabname,reviseflag,showflag,showorder,table_code,table_name,totalflag,ts,userdefflag,userdefine1,userdefine2,userdefine3,usereditflag,userflag,userreviseflag,usershowflag,validateformula,width) values( 1,-1,null,null,0,1,null,-1,'N',null,-1,'maketime',0,'N',1,'N','N',14,null,0,'maketime','qcco.itemvalue.maketime',null,'N',0,null,'0001AA10000000001IWX','0001AA10000000001IXA','@@@@',1,null,null,null,'N',0,14,'itemvalue','值集值',0,'2018-11-19 10:24:57','N',null,null,null,1,1,'N',1,null,100);
insert into pub_billtemplet_b(cardflag,datatype,defaultshowname,defaultvalue,dr,editflag,editformula,foreground,hyperlinkflag,idcolname,inputlength,itemkey,itemtype,leafflag,listflag,listhyperlinkflag,listshowflag,listshoworder,loadformula,lockflag,metadatapath,metadataproperty,metadatarelation,newlineflag,nullflag,options,pk_billtemplet,pk_billtemplet_b,pk_corp,pos,reftype,resid,resid_tabname,reviseflag,showflag,showorder,table_code,table_name,totalflag,ts,userdefflag,userdefine1,userdefine2,userdefine3,usereditflag,userflag,userreviseflag,usershowflag,validateformula,width) values( 1,-1,null,null,0,1,null,-1,'N',null,-1,'lastmaketime',0,'N',1,'N','N',15,null,0,'lastmaketime','qcco.itemvalue.lastmaketime',null,'N',0,null,'0001AA10000000001IWX','0001AA10000000001IXB','@@@@',1,null,null,null,'N',0,15,'itemvalue','值集值',0,'2018-11-19 10:24:57','N',null,null,null,1,1,'N',1,null,100);
insert into pub_billtemplet_b(cardflag,datatype,defaultshowname,defaultvalue,dr,editflag,editformula,foreground,hyperlinkflag,idcolname,inputlength,itemkey,itemtype,leafflag,listflag,listhyperlinkflag,listshowflag,listshoworder,loadformula,lockflag,metadatapath,metadataproperty,metadatarelation,newlineflag,nullflag,options,pk_billtemplet,pk_billtemplet_b,pk_corp,pos,reftype,resid,resid_tabname,reviseflag,showflag,showorder,table_code,table_name,totalflag,ts,userdefflag,userdefine1,userdefine2,userdefine3,usereditflag,userflag,userreviseflag,usershowflag,validateformula,width) values( 1,-1,null,null,0,1,null,-1,'N',null,-1,'dmakedate',0,'N',1,'N','N',16,null,0,'dmakedate','qcco.itemvalue.dmakedate',null,'N',0,null,'0001AA10000000001IWX','0001AA10000000001IXC','@@@@',1,null,null,null,'N',0,16,'itemvalue','值集值',0,'2018-11-19 10:24:57','N',null,null,null,1,1,'N',1,null,100);
insert into pub_billtemplet_b(cardflag,datatype,defaultshowname,defaultvalue,dr,editflag,editformula,foreground,hyperlinkflag,idcolname,inputlength,itemkey,itemtype,leafflag,listflag,listhyperlinkflag,listshowflag,listshoworder,loadformula,lockflag,metadatapath,metadataproperty,metadatarelation,newlineflag,nullflag,options,pk_billtemplet,pk_billtemplet_b,pk_corp,pos,reftype,resid,resid_tabname,reviseflag,showflag,showorder,table_code,table_name,totalflag,ts,userdefflag,userdefine1,userdefine2,userdefine3,usereditflag,userflag,userreviseflag,usershowflag,validateformula,width) values( 1,-1,null,null,0,1,null,-1,'N',null,-1,'code',0,'N',1,'N','Y',0,null,0,'code','qcco.itemvalue.code',null,'N',0,null,'0001AA10000000001IWX','0001AA10000000001IXD','@@@@',1,null,null,null,'N',1,0,'itemvalue','值集值',0,'2018-11-19 10:24:57','N',null,null,null,1,1,'N',1,null,100);
insert into pub_billtemplet_b(cardflag,datatype,defaultshowname,defaultvalue,dr,editflag,editformula,foreground,hyperlinkflag,idcolname,inputlength,itemkey,itemtype,leafflag,listflag,listhyperlinkflag,listshowflag,listshoworder,loadformula,lockflag,metadatapath,metadataproperty,metadatarelation,newlineflag,nullflag,options,pk_billtemplet,pk_billtemplet_b,pk_corp,pos,reftype,resid,resid_tabname,reviseflag,showflag,showorder,table_code,table_name,totalflag,ts,userdefflag,userdefine1,userdefine2,userdefine3,usereditflag,userflag,userreviseflag,usershowflag,validateformula,width) values( 1,-1,null,null,0,1,null,-1,'N',null,-1,'name',0,'N',1,'N','Y',1,null,0,'name','qcco.itemvalue.name',null,'N',0,null,'0001AA10000000001IWX','0001AA10000000001IXE','@@@@',1,null,null,null,'N',1,1,'itemvalue','值集值',0,'2018-11-19 10:24:57','N',null,null,null,1,1,'N',1,null,100);
insert into pub_billtemplet_b(cardflag,datatype,defaultshowname,defaultvalue,dr,editflag,editformula,foreground,hyperlinkflag,idcolname,inputlength,itemkey,itemtype,leafflag,listflag,listhyperlinkflag,listshowflag,listshoworder,loadformula,lockflag,metadatapath,metadataproperty,metadatarelation,newlineflag,nullflag,options,pk_billtemplet,pk_billtemplet_b,pk_corp,pos,reftype,resid,resid_tabname,reviseflag,showflag,showorder,table_code,table_name,totalflag,ts,userdefflag,userdefine1,userdefine2,userdefine3,usereditflag,userflag,userreviseflag,usershowflag,validateformula,width) values( 1,-1,null,null,0,1,null,-1,'N',null,-1,'ts',0,'N',1,'N','N',17,null,0,'ts','qcco.itemvalue.ts',null,'N',0,null,'0001AA10000000001IWX','0001AA10000000001IXF','@@@@',1,null,null,null,'N',0,17,'itemvalue','值集值',0,'2018-11-19 10:24:57','N',null,null,null,1,1,'N',1,null,100);
insert into pub_billtemplet_t(basetab,dr,metadataclass,metadatapath,mixindex,pk_billtemplet,pk_billtemplet_t,pk_layout,pos,position,resid,tabcode,tabindex,tabname,ts,vdef1,vdef2,vdef3) values( null,0,'qcco.itemvalue','itemvalue',null,'0001AA10000000001IWX','1001AA10000000001I0V',null,1,null,null,'itemvalue',0,'值集值','2018-11-19 10:24:59',null,null,null);

insert into pub_billtemplet(bill_templetcaption,bill_templetname,devorg,dividerproportion,dr,funccode,layer,metadataclass,model_type,modulecode,nodecode,options,pk_billtemplet,pk_billtypecode,pk_corp,pk_org,resid,shareflag,ts,validateformula) values( '分析方法','SYSTEM',null,null,0,null,0,'qcco.analysemethod',null,'QCCO','C0J00121',null,'0001AA10000000001IXL','C0J00121','@@@@',null,null,null,'2018-11-19 10:25:44',null);
insert into pub_billtemplet_b(cardflag,datatype,defaultshowname,defaultvalue,dr,editflag,editformula,foreground,hyperlinkflag,idcolname,inputlength,itemkey,itemtype,leafflag,listflag,listhyperlinkflag,listshowflag,listshoworder,loadformula,lockflag,metadatapath,metadataproperty,metadatarelation,newlineflag,nullflag,options,pk_billtemplet,pk_billtemplet_b,pk_corp,pos,reftype,resid,resid_tabname,reviseflag,showflag,showorder,table_code,table_name,totalflag,ts,userdefflag,userdefine1,userdefine2,userdefine3,usereditflag,userflag,userreviseflag,usershowflag,validateformula,width) values( 1,-1,null,null,0,0,null,-1,'N',null,-1,'modifier',0,'N',1,'N','Y',3,null,0,'modifier','qcco.analysemethod.modifier',null,'N',0,null,'0001AA10000000001IXL','0001AA10000000001IXO','@@@@',2,null,null,null,'N',1,3,'auditInfo','审计信息',0,'2018-11-19 10:25:44','N',null,null,null,1,1,'N',1,null,1);
insert into pub_billtemplet_b(cardflag,datatype,defaultshowname,defaultvalue,dr,editflag,editformula,foreground,hyperlinkflag,idcolname,inputlength,itemkey,itemtype,leafflag,listflag,listhyperlinkflag,listshowflag,listshoworder,loadformula,lockflag,metadatapath,metadataproperty,metadatarelation,newlineflag,nullflag,options,pk_billtemplet,pk_billtemplet_b,pk_corp,pos,reftype,resid,resid_tabname,reviseflag,showflag,showorder,table_code,table_name,totalflag,ts,userdefflag,userdefine1,userdefine2,userdefine3,usereditflag,userflag,userreviseflag,usershowflag,validateformula,width) values( 1,-1,null,null,0,0,null,-1,'N',null,-1,'modifiedtime',0,'N',1,'N','Y',4,null,0,'modifiedtime','qcco.analysemethod.modifiedtime',null,'N',0,null,'0001AA10000000001IXL','0001AA10000000001IXP','@@@@',2,null,null,null,'N',1,4,'auditInfo','审计信息',0,'2018-11-19 10:25:44','N',null,null,null,1,1,'N',1,null,1);
insert into pub_billtemplet_b(cardflag,datatype,defaultshowname,defaultvalue,dr,editflag,editformula,foreground,hyperlinkflag,idcolname,inputlength,itemkey,itemtype,leafflag,listflag,listhyperlinkflag,listshowflag,listshoworder,loadformula,lockflag,metadatapath,metadataproperty,metadatarelation,newlineflag,nullflag,options,pk_billtemplet,pk_billtemplet_b,pk_corp,pos,reftype,resid,resid_tabname,reviseflag,showflag,showorder,table_code,table_name,totalflag,ts,userdefflag,userdefine1,userdefine2,userdefine3,usereditflag,userflag,userreviseflag,usershowflag,validateformula,width) values( 1,-1,null,null,0,1,null,-1,'N',null,-1,'pk_analysemethod',0,'N',1,'N','N',1,null,0,'pk_analysemethod','qcco.analysemethod.pk_analysemethod',null,'N',0,null,'0001AA10000000001IXL','0001AA10000000001IXQ','@@@@',0,null,null,null,'N',0,1,'analysemethod','分析方法',0,'2018-11-19 10:25:44','N',null,null,null,1,1,'N',1,null,1);
insert into pub_billtemplet_b(cardflag,datatype,defaultshowname,defaultvalue,dr,editflag,editformula,foreground,hyperlinkflag,idcolname,inputlength,itemkey,itemtype,leafflag,listflag,listhyperlinkflag,listshowflag,listshoworder,loadformula,lockflag,metadatapath,metadataproperty,metadatarelation,newlineflag,nullflag,options,pk_billtemplet,pk_billtemplet_b,pk_corp,pos,reftype,resid,resid_tabname,reviseflag,showflag,showorder,table_code,table_name,totalflag,ts,userdefflag,userdefine1,userdefine2,userdefine3,usereditflag,userflag,userreviseflag,usershowflag,validateformula,width) values( 1,-1,null,null,0,1,null,-1,'N',null,-1,'pk_group',0,'N',1,'N','Y',2,null,0,'pk_group','qcco.analysemethod.pk_group',null,'N',0,null,'0001AA10000000001IXL','0001AA10000000001IXR','@@@@',0,null,null,null,'N',1,2,'analysemethod','分析方法',0,'2018-11-19 10:25:44','N',null,null,null,1,1,'N',1,null,1);
insert into pub_billtemplet_b(cardflag,datatype,defaultshowname,defaultvalue,dr,editflag,editformula,foreground,hyperlinkflag,idcolname,inputlength,itemkey,itemtype,leafflag,listflag,listhyperlinkflag,listshowflag,listshoworder,loadformula,lockflag,metadatapath,metadataproperty,metadatarelation,newlineflag,nullflag,options,pk_billtemplet,pk_billtemplet_b,pk_corp,pos,reftype,resid,resid_tabname,reviseflag,showflag,showorder,table_code,table_name,totalflag,ts,userdefflag,userdefine1,userdefine2,userdefine3,usereditflag,userflag,userreviseflag,usershowflag,validateformula,width) values( 1,-1,null,null,0,1,null,-1,'N',null,-1,'pk_org',0,'N',1,'N','Y',3,null,0,'pk_org','qcco.analysemethod.pk_org',null,'N',0,null,'0001AA10000000001IXL','0001AA10000000001IXS','@@@@',0,null,null,null,'N',1,3,'analysemethod','分析方法',0,'2018-11-19 10:25:44','N',null,null,null,1,1,'N',1,null,1);
insert into pub_billtemplet_b(cardflag,datatype,defaultshowname,defaultvalue,dr,editflag,editformula,foreground,hyperlinkflag,idcolname,inputlength,itemkey,itemtype,leafflag,listflag,listhyperlinkflag,listshowflag,listshoworder,loadformula,lockflag,metadatapath,metadataproperty,metadatarelation,newlineflag,nullflag,options,pk_billtemplet,pk_billtemplet_b,pk_corp,pos,reftype,resid,resid_tabname,reviseflag,showflag,showorder,table_code,table_name,totalflag,ts,userdefflag,userdefine1,userdefine2,userdefine3,usereditflag,userflag,userreviseflag,usershowflag,validateformula,width) values( 1,-1,null,null,0,1,null,-1,'N',null,-1,'pk_org_v',0,'N',1,'N','N',4,null,0,'pk_org_v','qcco.analysemethod.pk_org_v',null,'N',0,null,'0001AA10000000001IXL','0001AA10000000001IXT','@@@@',0,null,null,null,'N',0,4,'analysemethod','分析方法',0,'2018-11-19 10:25:44','N',null,null,null,1,1,'N',1,null,1);
insert into pub_billtemplet_b(cardflag,datatype,defaultshowname,defaultvalue,dr,editflag,editformula,foreground,hyperlinkflag,idcolname,inputlength,itemkey,itemtype,leafflag,listflag,listhyperlinkflag,listshowflag,listshoworder,loadformula,lockflag,metadatapath,metadataproperty,metadatarelation,newlineflag,nullflag,options,pk_billtemplet,pk_billtemplet_b,pk_corp,pos,reftype,resid,resid_tabname,reviseflag,showflag,showorder,table_code,table_name,totalflag,ts,userdefflag,userdefine1,userdefine2,userdefine3,usereditflag,userflag,userreviseflag,usershowflag,validateformula,width) values( 1,-1,null,null,0,1,null,-1,'N',null,-1,'code',0,'N',1,'N','Y',5,null,0,'code','qcco.analysemethod.code',null,'N',0,null,'0001AA10000000001IXL','0001AA10000000001IXU','@@@@',0,null,null,null,'N',1,5,'analysemethod','分析方法',0,'2018-11-19 10:25:44','N',null,null,null,1,1,'N',1,null,1);
insert into pub_billtemplet_b(cardflag,datatype,defaultshowname,defaultvalue,dr,editflag,editformula,foreground,hyperlinkflag,idcolname,inputlength,itemkey,itemtype,leafflag,listflag,listhyperlinkflag,listshowflag,listshoworder,loadformula,lockflag,metadatapath,metadataproperty,metadatarelation,newlineflag,nullflag,options,pk_billtemplet,pk_billtemplet_b,pk_corp,pos,reftype,resid,resid_tabname,reviseflag,showflag,showorder,table_code,table_name,totalflag,ts,userdefflag,userdefine1,userdefine2,userdefine3,usereditflag,userflag,userreviseflag,usershowflag,validateformula,width) values( 1,-1,null,null,0,1,null,-1,'N',null,-1,'name',0,'N',1,'N','Y',6,null,0,'name','qcco.analysemethod.name',null,'N',0,null,'0001AA10000000001IXL','0001AA10000000001IXV','@@@@',0,null,null,null,'N',1,6,'analysemethod','分析方法',0,'2018-11-19 10:25:44','N',null,null,null,1,1,'N',1,null,1);
insert into pub_billtemplet_b(cardflag,datatype,defaultshowname,defaultvalue,dr,editflag,editformula,foreground,hyperlinkflag,idcolname,inputlength,itemkey,itemtype,leafflag,listflag,listhyperlinkflag,listshowflag,listshoworder,loadformula,lockflag,metadatapath,metadataproperty,metadatarelation,newlineflag,nullflag,options,pk_billtemplet,pk_billtemplet_b,pk_corp,pos,reftype,resid,resid_tabname,reviseflag,showflag,showorder,table_code,table_name,totalflag,ts,userdefflag,userdefine1,userdefine2,userdefine3,usereditflag,userflag,userreviseflag,usershowflag,validateformula,width) values( 1,-1,null,null,0,1,null,-1,'N',null,-1,'pk_analyzetype',0,'N',1,'N','Y',7,null,0,'pk_analyzetype','qcco.analysemethod.pk_analyzetype',null,'N',0,null,'0001AA10000000001IXL','0001AA10000000001IXW','@@@@',0,null,null,null,'N',1,7,'analysemethod','分析方法',0,'2018-11-19 10:25:44','N',null,null,null,1,1,'N',1,null,1);
insert into pub_billtemplet_b(cardflag,datatype,defaultshowname,defaultvalue,dr,editflag,editformula,foreground,hyperlinkflag,idcolname,inputlength,itemkey,itemtype,leafflag,listflag,listhyperlinkflag,listshowflag,listshoworder,loadformula,lockflag,metadatapath,metadataproperty,metadatarelation,newlineflag,nullflag,options,pk_billtemplet,pk_billtemplet_b,pk_corp,pos,reftype,resid,resid_tabname,reviseflag,showflag,showorder,table_code,table_name,totalflag,ts,userdefflag,userdefine1,userdefine2,userdefine3,usereditflag,userflag,userreviseflag,usershowflag,validateformula,width) values( 1,-1,null,null,0,1,null,-1,'N',null,-1,'maketime',0,'N',1,'N','N',8,null,0,'maketime','qcco.analysemethod.maketime',null,'N',0,null,'0001AA10000000001IXL','0001AA10000000001IXX','@@@@',0,null,null,null,'N',0,8,'analysemethod','分析方法',0,'2018-11-19 10:25:44','N',null,null,null,1,1,'N',1,null,1);
insert into pub_billtemplet_b(cardflag,datatype,defaultshowname,defaultvalue,dr,editflag,editformula,foreground,hyperlinkflag,idcolname,inputlength,itemkey,itemtype,leafflag,listflag,listhyperlinkflag,listshowflag,listshoworder,loadformula,lockflag,metadatapath,metadataproperty,metadatarelation,newlineflag,nullflag,options,pk_billtemplet,pk_billtemplet_b,pk_corp,pos,reftype,resid,resid_tabname,reviseflag,showflag,showorder,table_code,table_name,totalflag,ts,userdefflag,userdefine1,userdefine2,userdefine3,usereditflag,userflag,userreviseflag,usershowflag,validateformula,width) values( 1,-1,null,null,0,1,null,-1,'N',null,-1,'lastmaketime',0,'N',1,'N','N',9,null,0,'lastmaketime','qcco.analysemethod.lastmaketime',null,'N',0,null,'0001AA10000000001IXL','0001AA10000000001IXY','@@@@',0,null,null,null,'N',0,9,'analysemethod','分析方法',0,'2018-11-19 10:25:44','N',null,null,null,1,1,'N',1,null,1);
insert into pub_billtemplet_b(cardflag,datatype,defaultshowname,defaultvalue,dr,editflag,editformula,foreground,hyperlinkflag,idcolname,inputlength,itemkey,itemtype,leafflag,listflag,listhyperlinkflag,listshowflag,listshoworder,loadformula,lockflag,metadatapath,metadataproperty,metadatarelation,newlineflag,nullflag,options,pk_billtemplet,pk_billtemplet_b,pk_corp,pos,reftype,resid,resid_tabname,reviseflag,showflag,showorder,table_code,table_name,totalflag,ts,userdefflag,userdefine1,userdefine2,userdefine3,usereditflag,userflag,userreviseflag,usershowflag,validateformula,width) values( 1,-1,null,null,0,1,null,-1,'N',null,-1,'dmakedate',0,'N',1,'N','N',10,null,0,'dmakedate','qcco.analysemethod.dmakedate',null,'N',0,null,'0001AA10000000001IXL','0001AA10000000001IXZ','@@@@',0,null,null,null,'N',0,10,'analysemethod','分析方法',0,'2018-11-19 10:25:44','N',null,null,null,1,1,'N',1,null,1);
insert into pub_billtemplet_b(cardflag,datatype,defaultshowname,defaultvalue,dr,editflag,editformula,foreground,hyperlinkflag,idcolname,inputlength,itemkey,itemtype,leafflag,listflag,listhyperlinkflag,listshowflag,listshoworder,loadformula,lockflag,metadatapath,metadataproperty,metadatarelation,newlineflag,nullflag,options,pk_billtemplet,pk_billtemplet_b,pk_corp,pos,reftype,resid,resid_tabname,reviseflag,showflag,showorder,table_code,table_name,totalflag,ts,userdefflag,userdefine1,userdefine2,userdefine3,usereditflag,userflag,userreviseflag,usershowflag,validateformula,width) values( 1,-1,null,null,0,1,null,-1,'N',null,-1,'ts',0,'N',1,'N','N',11,null,0,'ts','qcco.analysemethod.ts',null,'N',0,null,'0001AA10000000001IXL','0001AA10000000001IY0','@@@@',0,null,null,null,'N',0,11,'analysemethod','分析方法',0,'2018-11-19 10:25:44','N',null,null,null,1,1,'N',1,null,1);
insert into pub_billtemplet_b(cardflag,datatype,defaultshowname,defaultvalue,dr,editflag,editformula,foreground,hyperlinkflag,idcolname,inputlength,itemkey,itemtype,leafflag,listflag,listhyperlinkflag,listshowflag,listshoworder,loadformula,lockflag,metadatapath,metadataproperty,metadatarelation,newlineflag,nullflag,options,pk_billtemplet,pk_billtemplet_b,pk_corp,pos,reftype,resid,resid_tabname,reviseflag,showflag,showorder,table_code,table_name,totalflag,ts,userdefflag,userdefine1,userdefine2,userdefine3,usereditflag,userflag,userreviseflag,usershowflag,validateformula,width) values( 1,-1,null,null,0,1,null,-1,'N',null,-1,'pk_analysecondition',0,'N',1,'N','N',1,null,0,'pk_analysecondition','qcco.analysecondition.pk_analysecondition',null,'N',0,null,'0001AA10000000001IXL','0001AA10000000001IY1','@@@@',1,null,null,null,'N',0,1,'pk_analysecondition','测试条件',0,'2018-11-19 10:25:44','N',null,null,null,1,1,'N',1,null,100);
insert into pub_billtemplet_b(cardflag,datatype,defaultshowname,defaultvalue,dr,editflag,editformula,foreground,hyperlinkflag,idcolname,inputlength,itemkey,itemtype,leafflag,listflag,listhyperlinkflag,listshowflag,listshoworder,loadformula,lockflag,metadatapath,metadataproperty,metadatarelation,newlineflag,nullflag,options,pk_billtemplet,pk_billtemplet_b,pk_corp,pos,reftype,resid,resid_tabname,reviseflag,showflag,showorder,table_code,table_name,totalflag,ts,userdefflag,userdefine1,userdefine2,userdefine3,usereditflag,userflag,userreviseflag,usershowflag,validateformula,width) values( 1,-1,null,null,0,1,null,-1,'N',null,-1,'name',0,'N',1,'N','Y',2,null,0,'name','qcco.analysecondition.name',null,'N',0,null,'0001AA10000000001IXL','0001AA10000000001IY2','@@@@',1,null,null,null,'N',1,2,'pk_analysecondition','测试条件',0,'2018-11-19 10:25:44','N',null,null,null,1,1,'N',1,null,100);
insert into pub_billtemplet_b(cardflag,datatype,defaultshowname,defaultvalue,dr,editflag,editformula,foreground,hyperlinkflag,idcolname,inputlength,itemkey,itemtype,leafflag,listflag,listhyperlinkflag,listshowflag,listshoworder,loadformula,lockflag,metadatapath,metadataproperty,metadatarelation,newlineflag,nullflag,options,pk_billtemplet,pk_billtemplet_b,pk_corp,pos,reftype,resid,resid_tabname,reviseflag,showflag,showorder,table_code,table_name,totalflag,ts,userdefflag,userdefine1,userdefine2,userdefine3,usereditflag,userflag,userreviseflag,usershowflag,validateformula,width) values( 1,-1,null,null,0,1,null,-1,'N',null,-1,'pk_valuetype',0,'N',1,'N','Y',3,null,0,'pk_valuetype','qcco.analysecondition.pk_valuetype',null,'N',0,null,'0001AA10000000001IXL','0001AA10000000001IY3','@@@@',1,'值类型',null,null,'N',1,3,'pk_analysecondition','测试条件',0,'2018-11-19 10:25:44','N',null,null,null,1,1,'N',1,null,100);
insert into pub_billtemplet_b(cardflag,datatype,defaultshowname,defaultvalue,dr,editflag,editformula,foreground,hyperlinkflag,idcolname,inputlength,itemkey,itemtype,leafflag,listflag,listhyperlinkflag,listshowflag,listshoworder,loadformula,lockflag,metadatapath,metadataproperty,metadatarelation,newlineflag,nullflag,options,pk_billtemplet,pk_billtemplet_b,pk_corp,pos,reftype,resid,resid_tabname,reviseflag,showflag,showorder,table_code,table_name,totalflag,ts,userdefflag,userdefine1,userdefine2,userdefine3,usereditflag,userflag,userreviseflag,usershowflag,validateformula,width) values( 1,-1,null,null,0,1,null,-1,'N',null,-1,'rowno',0,'N',1,'N','N',4,null,0,'rowno','qcco.analysecondition.rowno',null,'N',0,null,'0001AA10000000001IXL','0001AA10000000001IY4','@@@@',1,null,null,null,'N',0,4,'pk_analysecondition','测试条件',0,'2018-11-19 10:25:44','N',null,null,null,1,1,'N',1,null,100);
insert into pub_billtemplet_b(cardflag,datatype,defaultshowname,defaultvalue,dr,editflag,editformula,foreground,hyperlinkflag,idcolname,inputlength,itemkey,itemtype,leafflag,listflag,listhyperlinkflag,listshowflag,listshoworder,loadformula,lockflag,metadatapath,metadataproperty,metadatarelation,newlineflag,nullflag,options,pk_billtemplet,pk_billtemplet_b,pk_corp,pos,reftype,resid,resid_tabname,reviseflag,showflag,showorder,table_code,table_name,totalflag,ts,userdefflag,userdefine1,userdefine2,userdefine3,usereditflag,userflag,userreviseflag,usershowflag,validateformula,width) values( 1,-1,null,null,0,1,null,-1,'N',null,-1,'ts',0,'N',1,'N','N',5,null,0,'ts','qcco.analysecondition.ts',null,'N',0,null,'0001AA10000000001IXL','0001AA10000000001IY5','@@@@',1,null,null,null,'N',0,5,'pk_analysecondition','测试条件',0,'2018-11-19 10:25:44','N',null,null,null,1,1,'N',1,null,100);
insert into pub_billtemplet_b(cardflag,datatype,defaultshowname,defaultvalue,dr,editflag,editformula,foreground,hyperlinkflag,idcolname,inputlength,itemkey,itemtype,leafflag,listflag,listhyperlinkflag,listshowflag,listshoworder,loadformula,lockflag,metadatapath,metadataproperty,metadatarelation,newlineflag,nullflag,options,pk_billtemplet,pk_billtemplet_b,pk_corp,pos,reftype,resid,resid_tabname,reviseflag,showflag,showorder,table_code,table_name,totalflag,ts,userdefflag,userdefine1,userdefine2,userdefine3,usereditflag,userflag,userreviseflag,usershowflag,validateformula,width) values( 1,-1,null,null,0,0,null,-1,'N',null,-1,'creator',0,'N',1,'N','Y',1,null,0,'creator','qcco.analysemethod.creator',null,'N',0,null,'0001AA10000000001IXL','0001AA10000000001IXM','@@@@',2,null,null,null,'N',1,1,'auditInfo','审计信息',0,'2018-11-19 10:25:44','N',null,null,null,1,1,'N',1,null,1);
insert into pub_billtemplet_b(cardflag,datatype,defaultshowname,defaultvalue,dr,editflag,editformula,foreground,hyperlinkflag,idcolname,inputlength,itemkey,itemtype,leafflag,listflag,listhyperlinkflag,listshowflag,listshoworder,loadformula,lockflag,metadatapath,metadataproperty,metadatarelation,newlineflag,nullflag,options,pk_billtemplet,pk_billtemplet_b,pk_corp,pos,reftype,resid,resid_tabname,reviseflag,showflag,showorder,table_code,table_name,totalflag,ts,userdefflag,userdefine1,userdefine2,userdefine3,usereditflag,userflag,userreviseflag,usershowflag,validateformula,width) values( 1,-1,null,null,0,0,null,-1,'N',null,-1,'creationtime',0,'N',1,'N','Y',2,null,0,'creationtime','qcco.analysemethod.creationtime',null,'N',0,null,'0001AA10000000001IXL','0001AA10000000001IXN','@@@@',2,null,null,null,'N',1,2,'auditInfo','审计信息',0,'2018-11-19 10:25:44','N',null,null,null,1,1,'N',1,null,1);
insert into pub_billtemplet_t(basetab,dr,metadataclass,metadatapath,mixindex,pk_billtemplet,pk_billtemplet_t,pk_layout,pos,position,resid,tabcode,tabindex,tabname,ts,vdef1,vdef2,vdef3) values( null,0,'qcco.analysemethod','analysemethod',null,'0001AA10000000001IXL','1001AA10000000001I0W',null,0,null,null,'analysemethod',0,'分析方法','2018-11-19 10:25:46',null,null,null);
insert into pub_billtemplet_t(basetab,dr,metadataclass,metadatapath,mixindex,pk_billtemplet,pk_billtemplet_t,pk_layout,pos,position,resid,tabcode,tabindex,tabname,ts,vdef1,vdef2,vdef3) values( null,0,null,null,null,'0001AA10000000001IXL','1001AA10000000001I0X',null,2,null,null,'auditInfo',0,'审计信息','2018-11-19 10:25:46',null,null,null);
insert into pub_billtemplet_t(basetab,dr,metadataclass,metadatapath,mixindex,pk_billtemplet,pk_billtemplet_t,pk_layout,pos,position,resid,tabcode,tabindex,tabname,ts,vdef1,vdef2,vdef3) values( null,0,'qcco.analysecondition','pk_analysecondition',null,'0001AA10000000001IXL','1001AA10000000001I0Y',null,1,null,null,'pk_analysecondition',0,'测试条件','2018-11-19 10:25:46',null,null,null);

insert into pub_billtemplet(bill_templetcaption,bill_templetname,devorg,dividerproportion,dr,funccode,layer,metadataclass,model_type,modulecode,nodecode,options,pk_billtemplet,pk_billtypecode,pk_corp,pk_org,resid,shareflag,ts,validateformula) values( '试验参数','SYSTEM',null,null,0,null,0,'qcco.testrefs',null,'QCCO','C0J00111',null,'0001AA10000000002LDA','C0J00111','@@@@',null,null,null,'2018-11-19 10:22:05',null);
insert into pub_billtemplet_b(cardflag,datatype,defaultshowname,defaultvalue,dr,editflag,editformula,foreground,hyperlinkflag,idcolname,inputlength,itemkey,itemtype,leafflag,listflag,listhyperlinkflag,listshowflag,listshoworder,loadformula,lockflag,metadatapath,metadataproperty,metadatarelation,newlineflag,nullflag,options,pk_billtemplet,pk_billtemplet_b,pk_corp,pos,reftype,resid,resid_tabname,reviseflag,showflag,showorder,table_code,table_name,totalflag,ts,userdefflag,userdefine1,userdefine2,userdefine3,usereditflag,userflag,userreviseflag,usershowflag,validateformula,width) values( 1,-1,null,null,0,1,null,-1,'N',null,-1,'pk_testrefs',0,'N',1,'N','N',1,null,0,'pk_testrefs','qcco.testrefs.pk_testrefs',null,'N',0,null,'0001AA10000000002LDA','0001AA10000000002LDB','@@@@',1,null,null,null,'N',0,1,'testrefs','试验参数',0,'2018-11-19 10:22:05','N',null,null,null,1,1,'N',1,null,100);
insert into pub_billtemplet_b(cardflag,datatype,defaultshowname,defaultvalue,dr,editflag,editformula,foreground,hyperlinkflag,idcolname,inputlength,itemkey,itemtype,leafflag,listflag,listhyperlinkflag,listshowflag,listshoworder,loadformula,lockflag,metadatapath,metadataproperty,metadatarelation,newlineflag,nullflag,options,pk_billtemplet,pk_billtemplet_b,pk_corp,pos,reftype,resid,resid_tabname,reviseflag,showflag,showorder,table_code,table_name,totalflag,ts,userdefflag,userdefine1,userdefine2,userdefine3,usereditflag,userflag,userreviseflag,usershowflag,validateformula,width) values( 1,-1,null,null,0,1,null,-1,'N',null,-1,'creator',0,'N',1,'N','N',2,null,0,'creator','qcco.testrefs.creator',null,'N',0,null,'0001AA10000000002LDA','0001AA10000000002LDC','@@@@',1,null,null,null,'N',0,2,'testrefs','试验参数',0,'2018-11-19 10:22:05','N',null,null,null,1,1,'N',1,null,100);
insert into pub_billtemplet_b(cardflag,datatype,defaultshowname,defaultvalue,dr,editflag,editformula,foreground,hyperlinkflag,idcolname,inputlength,itemkey,itemtype,leafflag,listflag,listhyperlinkflag,listshowflag,listshoworder,loadformula,lockflag,metadatapath,metadataproperty,metadatarelation,newlineflag,nullflag,options,pk_billtemplet,pk_billtemplet_b,pk_corp,pos,reftype,resid,resid_tabname,reviseflag,showflag,showorder,table_code,table_name,totalflag,ts,userdefflag,userdefine1,userdefine2,userdefine3,usereditflag,userflag,userreviseflag,usershowflag,validateformula,width) values( 1,-1,null,null,0,1,null,-1,'N',null,-1,'creationtime',0,'N',1,'N','N',3,null,0,'creationtime','qcco.testrefs.creationtime',null,'N',0,null,'0001AA10000000002LDA','0001AA10000000002LDD','@@@@',1,null,null,null,'N',0,3,'testrefs','试验参数',0,'2018-11-19 10:22:05','N',null,null,null,1,1,'N',1,null,100);
insert into pub_billtemplet_b(cardflag,datatype,defaultshowname,defaultvalue,dr,editflag,editformula,foreground,hyperlinkflag,idcolname,inputlength,itemkey,itemtype,leafflag,listflag,listhyperlinkflag,listshowflag,listshoworder,loadformula,lockflag,metadatapath,metadataproperty,metadatarelation,newlineflag,nullflag,options,pk_billtemplet,pk_billtemplet_b,pk_corp,pos,reftype,resid,resid_tabname,reviseflag,showflag,showorder,table_code,table_name,totalflag,ts,userdefflag,userdefine1,userdefine2,userdefine3,usereditflag,userflag,userreviseflag,usershowflag,validateformula,width) values( 1,-1,null,null,0,1,null,-1,'N',null,-1,'modifier',0,'N',1,'N','N',4,null,0,'modifier','qcco.testrefs.modifier',null,'N',0,null,'0001AA10000000002LDA','0001AA10000000002LDE','@@@@',1,null,null,null,'N',0,4,'testrefs','试验参数',0,'2018-11-19 10:22:05','N',null,null,null,1,1,'N',1,null,100);
insert into pub_billtemplet_b(cardflag,datatype,defaultshowname,defaultvalue,dr,editflag,editformula,foreground,hyperlinkflag,idcolname,inputlength,itemkey,itemtype,leafflag,listflag,listhyperlinkflag,listshowflag,listshoworder,loadformula,lockflag,metadatapath,metadataproperty,metadatarelation,newlineflag,nullflag,options,pk_billtemplet,pk_billtemplet_b,pk_corp,pos,reftype,resid,resid_tabname,reviseflag,showflag,showorder,table_code,table_name,totalflag,ts,userdefflag,userdefine1,userdefine2,userdefine3,usereditflag,userflag,userreviseflag,usershowflag,validateformula,width) values( 1,-1,null,null,0,1,null,-1,'N',null,-1,'modifiedtime',0,'N',1,'N','N',5,null,0,'modifiedtime','qcco.testrefs.modifiedtime',null,'N',0,null,'0001AA10000000002LDA','0001AA10000000002LDF','@@@@',1,null,null,null,'N',0,5,'testrefs','试验参数',0,'2018-11-19 10:22:05','N',null,null,null,1,1,'N',1,null,100);
insert into pub_billtemplet_b(cardflag,datatype,defaultshowname,defaultvalue,dr,editflag,editformula,foreground,hyperlinkflag,idcolname,inputlength,itemkey,itemtype,leafflag,listflag,listhyperlinkflag,listshowflag,listshoworder,loadformula,lockflag,metadatapath,metadataproperty,metadatarelation,newlineflag,nullflag,options,pk_billtemplet,pk_billtemplet_b,pk_corp,pos,reftype,resid,resid_tabname,reviseflag,showflag,showorder,table_code,table_name,totalflag,ts,userdefflag,userdefine1,userdefine2,userdefine3,usereditflag,userflag,userreviseflag,usershowflag,validateformula,width) values( 1,-1,null,null,0,1,null,-1,'N',null,-1,'pk_group',0,'N',1,'N','N',6,null,0,'pk_group','qcco.testrefs.pk_group',null,'N',0,null,'0001AA10000000002LDA','0001AA10000000002LDG','@@@@',1,null,null,null,'N',0,6,'testrefs','试验参数',0,'2018-11-19 10:22:05','N',null,null,null,1,1,'N',1,null,100);
insert into pub_billtemplet_b(cardflag,datatype,defaultshowname,defaultvalue,dr,editflag,editformula,foreground,hyperlinkflag,idcolname,inputlength,itemkey,itemtype,leafflag,listflag,listhyperlinkflag,listshowflag,listshoworder,loadformula,lockflag,metadatapath,metadataproperty,metadatarelation,newlineflag,nullflag,options,pk_billtemplet,pk_billtemplet_b,pk_corp,pos,reftype,resid,resid_tabname,reviseflag,showflag,showorder,table_code,table_name,totalflag,ts,userdefflag,userdefine1,userdefine2,userdefine3,usereditflag,userflag,userreviseflag,usershowflag,validateformula,width) values( 1,-1,null,null,0,1,null,-1,'N',null,-1,'pk_org',0,'N',1,'N','N',7,null,0,'pk_org','qcco.testrefs.pk_org',null,'N',0,null,'0001AA10000000002LDA','0001AA10000000002LDH','@@@@',1,null,null,null,'N',0,7,'testrefs','试验参数',0,'2018-11-19 10:22:05','N',null,null,null,1,1,'N',1,null,100);
insert into pub_billtemplet_b(cardflag,datatype,defaultshowname,defaultvalue,dr,editflag,editformula,foreground,hyperlinkflag,idcolname,inputlength,itemkey,itemtype,leafflag,listflag,listhyperlinkflag,listshowflag,listshoworder,loadformula,lockflag,metadatapath,metadataproperty,metadatarelation,newlineflag,nullflag,options,pk_billtemplet,pk_billtemplet_b,pk_corp,pos,reftype,resid,resid_tabname,reviseflag,showflag,showorder,table_code,table_name,totalflag,ts,userdefflag,userdefine1,userdefine2,userdefine3,usereditflag,userflag,userreviseflag,usershowflag,validateformula,width) values( 1,-1,null,null,0,1,null,-1,'N',null,-1,'code',0,'N',1,'N','Y',8,null,0,'code','qcco.testrefs.code',null,'N',0,null,'0001AA10000000002LDA','0001AA10000000002LDI','@@@@',1,null,null,null,'N',1,8,'testrefs','试验参数',0,'2018-11-19 10:22:05','N',null,null,null,1,1,'N',1,null,100);
insert into pub_billtemplet_b(cardflag,datatype,defaultshowname,defaultvalue,dr,editflag,editformula,foreground,hyperlinkflag,idcolname,inputlength,itemkey,itemtype,leafflag,listflag,listhyperlinkflag,listshowflag,listshoworder,loadformula,lockflag,metadatapath,metadataproperty,metadatarelation,newlineflag,nullflag,options,pk_billtemplet,pk_billtemplet_b,pk_corp,pos,reftype,resid,resid_tabname,reviseflag,showflag,showorder,table_code,table_name,totalflag,ts,userdefflag,userdefine1,userdefine2,userdefine3,usereditflag,userflag,userreviseflag,usershowflag,validateformula,width) values( 1,-1,null,null,0,1,null,-1,'N',null,-1,'name',0,'N',1,'N','Y',9,null,0,'name','qcco.testrefs.name',null,'N',0,null,'0001AA10000000002LDA','0001AA10000000002LDJ','@@@@',1,null,null,null,'N',1,9,'testrefs','试验参数',0,'2018-11-19 10:22:05','N',null,null,null,1,1,'N',1,null,100);
insert into pub_billtemplet_b(cardflag,datatype,defaultshowname,defaultvalue,dr,editflag,editformula,foreground,hyperlinkflag,idcolname,inputlength,itemkey,itemtype,leafflag,listflag,listhyperlinkflag,listshowflag,listshoworder,loadformula,lockflag,metadatapath,metadataproperty,metadatarelation,newlineflag,nullflag,options,pk_billtemplet,pk_billtemplet_b,pk_corp,pos,reftype,resid,resid_tabname,reviseflag,showflag,showorder,table_code,table_name,totalflag,ts,userdefflag,userdefine1,userdefine2,userdefine3,usereditflag,userflag,userreviseflag,usershowflag,validateformula,width) values( 1,-1,null,null,0,1,null,-1,'N',null,-1,'stdminvalue',0,'N',1,'N','Y',10,null,0,'stdminvalue','qcco.testrefs.stdminvalue',null,'N',0,null,'0001AA10000000002LDA','0001AA10000000002LDK','@@@@',1,null,null,null,'N',1,10,'testrefs','试验参数',0,'2018-11-19 10:22:05','N',null,null,null,1,1,'N',1,null,100);
insert into pub_billtemplet_b(cardflag,datatype,defaultshowname,defaultvalue,dr,editflag,editformula,foreground,hyperlinkflag,idcolname,inputlength,itemkey,itemtype,leafflag,listflag,listhyperlinkflag,listshowflag,listshoworder,loadformula,lockflag,metadatapath,metadataproperty,metadatarelation,newlineflag,nullflag,options,pk_billtemplet,pk_billtemplet_b,pk_corp,pos,reftype,resid,resid_tabname,reviseflag,showflag,showorder,table_code,table_name,totalflag,ts,userdefflag,userdefine1,userdefine2,userdefine3,usereditflag,userflag,userreviseflag,usershowflag,validateformula,width) values( 1,-1,null,null,0,1,null,-1,'N',null,-1,'stdmaxvalue',0,'N',1,'N','Y',11,null,0,'stdmaxvalue','qcco.testrefs.stdmaxvalue',null,'N',0,null,'0001AA10000000002LDA','0001AA10000000002LDL','@@@@',1,null,null,null,'N',1,11,'testrefs','试验参数',0,'2018-11-19 10:22:05','N',null,null,null,1,1,'N',1,null,100);
insert into pub_billtemplet_b(cardflag,datatype,defaultshowname,defaultvalue,dr,editflag,editformula,foreground,hyperlinkflag,idcolname,inputlength,itemkey,itemtype,leafflag,listflag,listhyperlinkflag,listshowflag,listshoworder,loadformula,lockflag,metadatapath,metadataproperty,metadatarelation,newlineflag,nullflag,options,pk_billtemplet,pk_billtemplet_b,pk_corp,pos,reftype,resid,resid_tabname,reviseflag,showflag,showorder,table_code,table_name,totalflag,ts,userdefflag,userdefine1,userdefine2,userdefine3,usereditflag,userflag,userreviseflag,usershowflag,validateformula,width) values( 1,-1,null,null,0,1,null,-1,'Y',null,-1,'pk_unit',0,'N',1,'Y','Y',12,null,0,'pk_unit','qcco.testrefs.pk_unit',null,'N',0,null,'0001AA10000000002LDA','0001AA10000000002LDM','@@@@',1,null,null,null,'N',1,12,'testrefs','试验参数',0,'2018-11-19 10:22:05','N',null,null,null,1,1,'N',1,null,100);
insert into pub_billtemplet_b(cardflag,datatype,defaultshowname,defaultvalue,dr,editflag,editformula,foreground,hyperlinkflag,idcolname,inputlength,itemkey,itemtype,leafflag,listflag,listhyperlinkflag,listshowflag,listshoworder,loadformula,lockflag,metadatapath,metadataproperty,metadatarelation,newlineflag,nullflag,options,pk_billtemplet,pk_billtemplet_b,pk_corp,pos,reftype,resid,resid_tabname,reviseflag,showflag,showorder,table_code,table_name,totalflag,ts,userdefflag,userdefine1,userdefine2,userdefine3,usereditflag,userflag,userreviseflag,usershowflag,validateformula,width) values( 1,-1,null,null,0,1,null,-1,'N',null,-1,'pk_productserial',0,'N',1,'N','Y',13,null,0,'pk_productserial','qcco.testrefs.pk_productserial',null,'N',0,null,'0001AA10000000002LDA','0001AA10000000002LDN','@@@@',1,null,null,null,'N',1,13,'testrefs','试验参数',0,'2018-11-19 10:22:05','N',null,null,null,1,1,'N',1,null,100);
insert into pub_billtemplet_b(cardflag,datatype,defaultshowname,defaultvalue,dr,editflag,editformula,foreground,hyperlinkflag,idcolname,inputlength,itemkey,itemtype,leafflag,listflag,listhyperlinkflag,listshowflag,listshoworder,loadformula,lockflag,metadatapath,metadataproperty,metadatarelation,newlineflag,nullflag,options,pk_billtemplet,pk_billtemplet_b,pk_corp,pos,reftype,resid,resid_tabname,reviseflag,showflag,showorder,table_code,table_name,totalflag,ts,userdefflag,userdefine1,userdefine2,userdefine3,usereditflag,userflag,userreviseflag,usershowflag,validateformula,width) values( 1,-1,null,null,0,1,null,-1,'N',null,-1,'pk_entstandard',0,'N',1,'N','Y',14,null,0,'pk_entstandard','qcco.testrefs.pk_entstandard',null,'N',0,null,'0001AA10000000002LDA','0001AA10000000002LDO','@@@@',1,'企业标准',null,null,'N',1,14,'testrefs','试验参数',0,'2018-11-19 10:22:05','N',null,null,null,1,1,'N',1,null,100);
insert into pub_billtemplet_b(cardflag,datatype,defaultshowname,defaultvalue,dr,editflag,editformula,foreground,hyperlinkflag,idcolname,inputlength,itemkey,itemtype,leafflag,listflag,listhyperlinkflag,listshowflag,listshoworder,loadformula,lockflag,metadatapath,metadataproperty,metadatarelation,newlineflag,nullflag,options,pk_billtemplet,pk_billtemplet_b,pk_corp,pos,reftype,resid,resid_tabname,reviseflag,showflag,showorder,table_code,table_name,totalflag,ts,userdefflag,userdefine1,userdefine2,userdefine3,usereditflag,userflag,userreviseflag,usershowflag,validateformula,width) values( 1,-1,null,null,0,1,null,-1,'N',null,-1,'pk_modelno',0,'N',1,'N','Y',15,null,0,'pk_modelno','qcco.testrefs.pk_modelno',null,'N',0,null,'0001AA10000000002LDA','0001AA10000000002LDP','@@@@',1,'规格号',null,null,'N',1,15,'testrefs','试验参数',0,'2018-11-19 10:22:05','N',null,null,null,1,1,'N',1,null,100);
insert into pub_billtemplet_b(cardflag,datatype,defaultshowname,defaultvalue,dr,editflag,editformula,foreground,hyperlinkflag,idcolname,inputlength,itemkey,itemtype,leafflag,listflag,listhyperlinkflag,listshowflag,listshoworder,loadformula,lockflag,metadatapath,metadataproperty,metadatarelation,newlineflag,nullflag,options,pk_billtemplet,pk_billtemplet_b,pk_corp,pos,reftype,resid,resid_tabname,reviseflag,showflag,showorder,table_code,table_name,totalflag,ts,userdefflag,userdefine1,userdefine2,userdefine3,usereditflag,userflag,userreviseflag,usershowflag,validateformula,width) values( 1,-1,null,null,0,1,null,-1,'N',null,-1,'pk_structtype',0,'N',1,'N','Y',16,null,0,'pk_structtype','qcco.testrefs.pk_structtype',null,'N',0,null,'0001AA10000000002LDA','0001AA10000000002LDQ','@@@@',1,'结构类型',null,null,'N',1,16,'testrefs','试验参数',0,'2018-11-19 10:22:05','N',null,null,null,1,1,'N',1,null,100);
insert into pub_billtemplet_b(cardflag,datatype,defaultshowname,defaultvalue,dr,editflag,editformula,foreground,hyperlinkflag,idcolname,inputlength,itemkey,itemtype,leafflag,listflag,listhyperlinkflag,listshowflag,listshoworder,loadformula,lockflag,metadatapath,metadataproperty,metadatarelation,newlineflag,nullflag,options,pk_billtemplet,pk_billtemplet_b,pk_corp,pos,reftype,resid,resid_tabname,reviseflag,showflag,showorder,table_code,table_name,totalflag,ts,userdefflag,userdefine1,userdefine2,userdefine3,usereditflag,userflag,userreviseflag,usershowflag,validateformula,width) values( 1,-1,null,null,0,1,null,-1,'N',null,-1,'pk_contactortype',0,'N',1,'N','Y',17,null,0,'pk_contactortype','qcco.testrefs.pk_contactortype',null,'N',0,null,'0001AA10000000002LDA','0001AA10000000002LDR','@@@@',1,'触点类型',null,null,'N',1,17,'testrefs','试验参数',0,'2018-11-19 10:22:05','N',null,null,null,1,1,'N',1,null,100);
insert into pub_billtemplet_b(cardflag,datatype,defaultshowname,defaultvalue,dr,editflag,editformula,foreground,hyperlinkflag,idcolname,inputlength,itemkey,itemtype,leafflag,listflag,listhyperlinkflag,listshowflag,listshoworder,loadformula,lockflag,metadatapath,metadataproperty,metadatarelation,newlineflag,nullflag,options,pk_billtemplet,pk_billtemplet_b,pk_corp,pos,reftype,resid,resid_tabname,reviseflag,showflag,showorder,table_code,table_name,totalflag,ts,userdefflag,userdefine1,userdefine2,userdefine3,usereditflag,userflag,userreviseflag,usershowflag,validateformula,width) values( 1,-1,null,null,0,1,null,-1,'N',null,-1,'pk_testtemp',0,'N',1,'N','Y',18,null,0,'pk_testtemp','qcco.testrefs.pk_testtemp',null,'N',0,null,'0001AA10000000002LDA','0001AA10000000002LDS','@@@@',1,null,null,null,'N',1,18,'testrefs','试验参数',0,'2018-11-19 10:22:05','N',null,null,null,1,1,'N',1,null,100);
insert into pub_billtemplet_b(cardflag,datatype,defaultshowname,defaultvalue,dr,editflag,editformula,foreground,hyperlinkflag,idcolname,inputlength,itemkey,itemtype,leafflag,listflag,listhyperlinkflag,listshowflag,listshoworder,loadformula,lockflag,metadatapath,metadataproperty,metadatarelation,newlineflag,nullflag,options,pk_billtemplet,pk_billtemplet_b,pk_corp,pos,reftype,resid,resid_tabname,reviseflag,showflag,showorder,table_code,table_name,totalflag,ts,userdefflag,userdefine1,userdefine2,userdefine3,usereditflag,userflag,userreviseflag,usershowflag,validateformula,width) values( 1,-1,null,null,0,1,null,-1,'N',null,-1,'parameterways',0,'N',1,'N','Y',19,null,0,'parameterways','qcco.testrefs.parameterways',null,'N',0,null,'0001AA10000000002LDA','0001AA10000000002LDT','@@@@',1,null,null,null,'N',1,19,'testrefs','试验参数',0,'2018-11-19 10:22:05','N',null,null,null,1,1,'N',1,null,100);
insert into pub_billtemplet_b(cardflag,datatype,defaultshowname,defaultvalue,dr,editflag,editformula,foreground,hyperlinkflag,idcolname,inputlength,itemkey,itemtype,leafflag,listflag,listhyperlinkflag,listshowflag,listshoworder,loadformula,lockflag,metadatapath,metadataproperty,metadatarelation,newlineflag,nullflag,options,pk_billtemplet,pk_billtemplet_b,pk_corp,pos,reftype,resid,resid_tabname,reviseflag,showflag,showorder,table_code,table_name,totalflag,ts,userdefflag,userdefine1,userdefine2,userdefine3,usereditflag,userflag,userreviseflag,usershowflag,validateformula,width) values( 1,-1,null,null,0,1,null,-1,'N',null,-1,'ts',0,'N',1,'N','N',20,null,0,'ts','qcco.testrefs.ts',null,'N',0,null,'0001AA10000000002LDA','0001AA10000000002LDU','@@@@',1,null,null,null,'N',0,20,'testrefs','试验参数',0,'2018-11-19 10:22:05','N',null,null,null,1,1,'N',1,null,100);
insert into pub_billtemplet_t(basetab,dr,metadataclass,metadatapath,mixindex,pk_billtemplet,pk_billtemplet_t,pk_layout,pos,position,resid,tabcode,tabindex,tabname,ts,vdef1,vdef2,vdef3) values( null,0,'qcco.testrefs','testrefs',null,'0001AA10000000002LDA','1001AA10000000001I0S',null,1,null,null,'testrefs',0,'试验参数','2018-11-19 10:22:07',null,null,null);

insert into pub_billtemplet(bill_templetcaption,bill_templetname,devorg,dividerproportion,dr,funccode,layer,metadataclass,model_type,modulecode,nodecode,options,pk_billtemplet,pk_billtypecode,pk_corp,pk_org,resid,shareflag,ts,validateformula) values( '委托单参数','SYSTEM',null,null,0,null,-1,'qcco.commission_h',null,'QCCO',null,null,'1001AA100000000006A6','C0J00212','@@@@',null,null,null,'2018-11-19 10:27:09',null);
insert into pub_billtemplet_b(cardflag,datatype,defaultshowname,defaultvalue,dr,editflag,editformula,foreground,hyperlinkflag,idcolname,inputlength,itemkey,itemtype,leafflag,listflag,listhyperlinkflag,listshowflag,listshoworder,loadformula,lockflag,metadatapath,metadataproperty,metadatarelation,newlineflag,nullflag,options,pk_billtemplet,pk_billtemplet_b,pk_corp,pos,reftype,resid,resid_tabname,reviseflag,showflag,showorder,table_code,table_name,totalflag,ts,userdefflag,userdefine1,userdefine2,userdefine3,usereditflag,userflag,userreviseflag,usershowflag,validateformula,width) values( 1,-1,null,null,0,1,null,-1,'N',null,-1,'stdminvalue',0,'N',1,'N','Y',5,null,0,'stdminvalue','qcco.commission_r.stdminvalue',null,'N',0,null,'1001AA100000000006A6','1001AA100000000006A7','@@@@',1,null,null,null,'N',1,5,'pk_commission_r','pk_commission_r',0,'2018-11-19 10:27:09','N',null,null,null,1,1,'N',1,null,100);
insert into pub_billtemplet_b(cardflag,datatype,defaultshowname,defaultvalue,dr,editflag,editformula,foreground,hyperlinkflag,idcolname,inputlength,itemkey,itemtype,leafflag,listflag,listhyperlinkflag,listshowflag,listshoworder,loadformula,lockflag,metadatapath,metadataproperty,metadatarelation,newlineflag,nullflag,options,pk_billtemplet,pk_billtemplet_b,pk_corp,pos,reftype,resid,resid_tabname,reviseflag,showflag,showorder,table_code,table_name,totalflag,ts,userdefflag,userdefine1,userdefine2,userdefine3,usereditflag,userflag,userreviseflag,usershowflag,validateformula,width) values( 1,-1,null,null,0,1,null,-1,'N',null,-1,'pk_commission_r',0,'N',1,'N','N',1,null,0,'pk_commission_r','qcco.commission_r.pk_commission_r',null,'N',0,null,'1001AA100000000006A6','1001AA100000000006A8','@@@@',1,null,null,null,'N',0,1,'pk_commission_r','参数行主键',0,'2018-11-19 10:27:09','N',null,null,null,1,1,'N',1,null,100);
insert into pub_billtemplet_b(cardflag,datatype,defaultshowname,defaultvalue,dr,editflag,editformula,foreground,hyperlinkflag,idcolname,inputlength,itemkey,itemtype,leafflag,listflag,listhyperlinkflag,listshowflag,listshoworder,loadformula,lockflag,metadatapath,metadataproperty,metadatarelation,newlineflag,nullflag,options,pk_billtemplet,pk_billtemplet_b,pk_corp,pos,reftype,resid,resid_tabname,reviseflag,showflag,showorder,table_code,table_name,totalflag,ts,userdefflag,userdefine1,userdefine2,userdefine3,usereditflag,userflag,userreviseflag,usershowflag,validateformula,width) values( 1,-1,null,null,0,1,null,-1,'N',null,-1,'judgeflag',0,'N',1,'N','Y',7,null,0,'judgeflag','qcco.commission_r.judgeflag',null,'N',0,null,'1001AA100000000006A6','1001AA100000000006A9','@@@@',1,null,null,null,'N',1,7,'pk_commission_r','pk_commission_r',0,'2018-11-19 10:27:09','N',null,null,null,1,1,'N',1,null,100);
insert into pub_billtemplet_b(cardflag,datatype,defaultshowname,defaultvalue,dr,editflag,editformula,foreground,hyperlinkflag,idcolname,inputlength,itemkey,itemtype,leafflag,listflag,listhyperlinkflag,listshowflag,listshoworder,loadformula,lockflag,metadatapath,metadataproperty,metadatarelation,newlineflag,nullflag,options,pk_billtemplet,pk_billtemplet_b,pk_corp,pos,reftype,resid,resid_tabname,reviseflag,showflag,showorder,table_code,table_name,totalflag,ts,userdefflag,userdefine1,userdefine2,userdefine3,usereditflag,userflag,userreviseflag,usershowflag,validateformula,width) values( 1,-1,null,null,0,1,null,-1,'N',null,-1,'stdmaxvalue',0,'N',1,'N','Y',4,null,0,'stdmaxvalue','qcco.commission_r.stdmaxvalue',null,'N',0,null,'1001AA100000000006A6','1001AA100000000006AA','@@@@',1,null,null,null,'N',1,4,'pk_commission_r','pk_commission_r',0,'2018-11-19 10:27:09','N',null,null,null,1,1,'N',1,null,100);
insert into pub_billtemplet_b(cardflag,datatype,defaultshowname,defaultvalue,dr,editflag,editformula,foreground,hyperlinkflag,idcolname,inputlength,itemkey,itemtype,leafflag,listflag,listhyperlinkflag,listshowflag,listshoworder,loadformula,lockflag,metadatapath,metadataproperty,metadatarelation,newlineflag,nullflag,options,pk_billtemplet,pk_billtemplet_b,pk_corp,pos,reftype,resid,resid_tabname,reviseflag,showflag,showorder,table_code,table_name,totalflag,ts,userdefflag,userdefine1,userdefine2,userdefine3,usereditflag,userflag,userreviseflag,usershowflag,validateformula,width) values( 1,-1,null,null,0,1,null,-1,'N',null,-1,'testflag',0,'N',1,'N','Y',3,null,0,'testflag','qcco.commission_r.testflag',null,'N',0,null,'1001AA100000000006A6','1001AA100000000006AB','@@@@',1,null,null,null,'N',1,3,'pk_commission_r','pk_commission_r',0,'2018-11-19 10:27:09','N',null,null,null,1,1,'N',1,null,100);
insert into pub_billtemplet_b(cardflag,datatype,defaultshowname,defaultvalue,dr,editflag,editformula,foreground,hyperlinkflag,idcolname,inputlength,itemkey,itemtype,leafflag,listflag,listhyperlinkflag,listshowflag,listshoworder,loadformula,lockflag,metadatapath,metadataproperty,metadatarelation,newlineflag,nullflag,options,pk_billtemplet,pk_billtemplet_b,pk_corp,pos,reftype,resid,resid_tabname,reviseflag,showflag,showorder,table_code,table_name,totalflag,ts,userdefflag,userdefine1,userdefine2,userdefine3,usereditflag,userflag,userreviseflag,usershowflag,validateformula,width) values( 1,-1,null,null,0,1,null,-1,'N',null,-1,'pk_unit',0,'N',1,'N','Y',6,null,0,'pk_unit','qcco.commission_r.pk_unit',null,'N',0,null,'1001AA100000000006A6','1001AA100000000006AC','@@@@',1,null,null,null,'N',1,6,'pk_commission_r','pk_commission_r',0,'2018-11-19 10:27:09','N',null,null,null,1,1,'N',1,null,100);
insert into pub_billtemplet_b(cardflag,datatype,defaultshowname,defaultvalue,dr,editflag,editformula,foreground,hyperlinkflag,idcolname,inputlength,itemkey,itemtype,leafflag,listflag,listhyperlinkflag,listshowflag,listshoworder,loadformula,lockflag,metadatapath,metadataproperty,metadatarelation,newlineflag,nullflag,options,pk_billtemplet,pk_billtemplet_b,pk_corp,pos,reftype,resid,resid_tabname,reviseflag,showflag,showorder,table_code,table_name,totalflag,ts,userdefflag,userdefine1,userdefine2,userdefine3,usereditflag,userflag,userreviseflag,usershowflag,validateformula,width) values( 1,-1,null,null,0,1,null,-1,'N',null,-1,'pk_testtemperature',0,'N',1,'N','Y',8,null,0,'pk_testtemperature','qcco.commission_r.pk_testtemperature',null,'N',0,null,'1001AA100000000006A6','1001AA100000000006AD','@@@@',1,null,null,null,'N',1,8,'pk_commission_r','pk_commission_r',0,'2018-11-19 10:27:09','N',null,null,null,1,1,'N',1,null,100);
insert into pub_billtemplet_b(cardflag,datatype,defaultshowname,defaultvalue,dr,editflag,editformula,foreground,hyperlinkflag,idcolname,inputlength,itemkey,itemtype,leafflag,listflag,listhyperlinkflag,listshowflag,listshoworder,loadformula,lockflag,metadatapath,metadataproperty,metadatarelation,newlineflag,nullflag,options,pk_billtemplet,pk_billtemplet_b,pk_corp,pos,reftype,resid,resid_tabname,reviseflag,showflag,showorder,table_code,table_name,totalflag,ts,userdefflag,userdefine1,userdefine2,userdefine3,usereditflag,userflag,userreviseflag,usershowflag,validateformula,width) values( 1,-1,null,null,0,1,null,-1,'N',null,-1,'pk_samplegroup',0,'N',1,'N','Y',2,null,0,'pk_samplegroup','qcco.commission_r.pk_samplegroup',null,'N',0,null,'1001AA100000000006A6','1001AA100000000006AE','@@@@',1,null,null,null,'N',1,2,'pk_commission_r','pk_commission_r',0,'2018-11-19 10:27:09','N',null,null,null,1,1,'N',1,null,100);
insert into pub_billtemplet_t(basetab,dr,metadataclass,metadatapath,mixindex,pk_billtemplet,pk_billtemplet_t,pk_layout,pos,position,resid,tabcode,tabindex,tabname,ts,vdef1,vdef2,vdef3) values( null,0,'qcco.commission_r','pk_commission_b',null,'1001AA100000000006A6','1001AA10000000001I10',null,1,null,null,'pk_commission_r',0,'参数行主键','2018-11-19 10:27:10',null,null,null);

--bd_billtype
insert into bd_billtype(accountclass,billcoderule,billstyle,billtypename,billtypename2,billtypename3,billtypename4,billtypename5,billtypename6,canextendtransaction,checkclassname,classname,comp,component,datafinderclz,def1,def2,def3,dr,emendenumclass,forwardbilltype,isaccount,isapprovebill,isbizflowbill,iseditableproperty,isenablebutton,isenabletranstypebcr,islock,isroot,istransaction,ncbrcode,nodecode,parentbilltype,pk_billtypecode,pk_billtypeid,pk_group,pk_org,referclassname,systemcode,transtype_class,ts,webnodecode,wherestring) values( null,null,null,'C0J0',null,null,null,null,null,'Y',null,null,null,'qcanalysemethod',null,null,null,null,null,null,null,null,'Y',null,null,null,null,null,null,'N',null,'C0J00121',null,'C0J0','0001AA10000000001J1J',null,'GLOBLE00000000000000',null,'QCCO',null,'2018-11-17 17:30:07',null,null);

--bd_defdoclist
insert into bd_defdoclist(associatename,bpfcomponentid,code,codectlgrade,coderule,comp,componentid,creationtime,creator,dataoriginflag,docclass,doclevel,doctype,dr,funcode,isgrade,isrelease,mngctlmode,modifiedtime,modifier,name,name2,name3,name4,name5,name6,pk_defdoclist,pk_group,pk_org,ts) values( 'bd_defdoc','b4bad3a6-ea3c-11e8-a9bb-d5565d1ec044','C0J00113',null,null,null,'b3e6e1aa-ea3c-11e8-a9bb-d5565d1ec044','2018-11-17 15:45:06','1001AA100000000000RV',0,null,0,null,0,'C0J00143','N','Y',0,null,null,'客户类型',null,null,null,null,null,'1001AA10000000000NXB',null,'GLOBLE00000000000000','2018-11-17 15:48:25');
insert into bd_defdoclist(associatename,bpfcomponentid,code,codectlgrade,coderule,comp,componentid,creationtime,creator,dataoriginflag,docclass,doclevel,doctype,dr,funcode,isgrade,isrelease,mngctlmode,modifiedtime,modifier,name,name2,name3,name4,name5,name6,pk_defdoclist,pk_group,pk_org,ts) values( 'bd_defdoc','c25a866a-ea3c-11e8-a9bb-d5565d1ec044','C0J00114',null,null,null,'c21037ce-ea3c-11e8-a9bb-d5565d1ec044','2018-11-17 15:45:30','1001AA100000000000RV',0,null,0,null,0,'C0J00151','N','Y',0,null,null,'认证类型',null,null,null,null,null,'1001AA10000000000NYK',null,'GLOBLE00000000000000','2018-11-17 15:48:43');
insert into bd_defdoclist(associatename,bpfcomponentid,code,codectlgrade,coderule,comp,componentid,creationtime,creator,dataoriginflag,docclass,doclevel,doctype,dr,funcode,isgrade,isrelease,mngctlmode,modifiedtime,modifier,name,name2,name3,name4,name5,name6,pk_defdoclist,pk_group,pk_org,ts) values( 'bd_defdoc','cfed68ee-ea3c-11e8-a9bb-d5565d1ec044','C0J00115',null,null,null,'cfa87082-ea3c-11e8-a9bb-d5565d1ec044','2018-11-17 15:45:53','1001AA100000000000RV',0,null,0,null,0,'C0J00152','N','Y',0,null,null,'检测性质',null,null,null,null,null,'1001AA10000000000NZT',null,'GLOBLE00000000000000','2018-11-17 15:49:02');
insert into bd_defdoclist(associatename,bpfcomponentid,code,codectlgrade,coderule,comp,componentid,creationtime,creator,dataoriginflag,docclass,doclevel,doctype,dr,funcode,isgrade,isrelease,mngctlmode,modifiedtime,modifier,name,name2,name3,name4,name5,name6,pk_defdoclist,pk_group,pk_org,ts) values( 'bd_defdoc','e5da8276-ea3c-11e8-a9bb-d5565d1ec044','C0J00117',null,null,null,'e593401a-ea3c-11e8-a9bb-d5565d1ec044','2018-11-17 15:46:30','1001AA100000000000RV',0,null,0,null,0,'C0J00165','N','Y',0,null,null,'报告格式',null,null,null,null,null,'1001AA10000000000O2B',null,'GLOBLE00000000000000','2018-11-17 15:49:31');
insert into bd_defdoclist(associatename,bpfcomponentid,code,codectlgrade,coderule,comp,componentid,creationtime,creator,dataoriginflag,docclass,doclevel,doctype,dr,funcode,isgrade,isrelease,mngctlmode,modifiedtime,modifier,name,name2,name3,name4,name5,name6,pk_defdoclist,pk_group,pk_org,ts) values( 'bd_defdoc','f2143d9a-ea3c-11e8-a9bb-d5565d1ec044','C0J00118',null,null,null,'f1d5adce-ea3c-11e8-a9bb-d5565d1ec044','2018-11-17 15:46:51','1001AA100000000000RV',0,null,0,null,0,'C0J00170','N','Y',0,null,null,'报告语言',null,null,null,null,null,'1001AA10000000000O3K',null,'GLOBLE00000000000000','2018-11-17 15:49:45');
insert into bd_defdoclist(associatename,bpfcomponentid,code,codectlgrade,coderule,comp,componentid,creationtime,creator,dataoriginflag,docclass,doclevel,doctype,dr,funcode,isgrade,isrelease,mngctlmode,modifiedtime,modifier,name,name2,name3,name4,name5,name6,pk_defdoclist,pk_group,pk_org,ts) values( 'bd_defdoc','dba98fa2-ea3c-11e8-a9bb-d5565d1ec044','C0J00116',null,null,null,'db6162e6-ea3c-11e8-a9bb-d5565d1ec044','2018-11-17 15:46:13','1001AA100000000000RV',0,null,0,null,0,'C0J00153','N','Y',0,null,null,'分析类型',null,null,null,null,null,'1001AA10000000000O12',null,'GLOBLE00000000000000','2018-11-17 15:49:17');
insert into bd_defdoclist(associatename,bpfcomponentid,code,codectlgrade,coderule,comp,componentid,creationtime,creator,dataoriginflag,docclass,doclevel,doctype,dr,funcode,isgrade,isrelease,mngctlmode,modifiedtime,modifier,name,name2,name3,name4,name5,name6,pk_defdoclist,pk_group,pk_org,ts) values( 'bd_defdoc','b7d7c5ff-ef9f-11e8-b4a6-4dd577e382d8','C0J00123',null,null,null,'b2d56c93-ef9f-11e8-b4a6-4dd577e382d8','2018-11-24 12:16:17','1001AA100000000000RV',0,null,0,null,0,'C0J00174','N','Y',0,null,null,'TestList',null,null,null,null,null,'1001AA10000000002IAC',null,'GLOBLE00000000000000','2018-11-24 12:20:18');
insert into bd_defdoclist(associatename,bpfcomponentid,code,codectlgrade,coderule,comp,componentid,creationtime,creator,dataoriginflag,docclass,doclevel,doctype,dr,funcode,isgrade,isrelease,mngctlmode,modifiedtime,modifier,name,name2,name3,name4,name5,name6,pk_defdoclist,pk_group,pk_org,ts) values( 'bd_defdoc','e689d093-ef9f-11e8-b4a6-4dd577e382d8','C0J00124',null,null,null,'e5bb0eb7-ef9f-11e8-b4a6-4dd577e382d8','2018-11-24 12:17:46','1001AA100000000000RV',0,null,0,null,0,'C0J00176','N','Y',0,null,null,'ReportedName',null,null,null,null,null,'1001AA10000000002IBL',null,'GLOBLE00000000000000','2018-11-24 12:21:01');
insert into bd_defdoclist(associatename,bpfcomponentid,code,codectlgrade,coderule,comp,componentid,creationtime,creator,dataoriginflag,docclass,doclevel,doctype,dr,funcode,isgrade,isrelease,mngctlmode,modifiedtime,modifier,name,name2,name3,name4,name5,name6,pk_defdoclist,pk_group,pk_org,ts) values( 'bd_defdoc','028d2427-efa0-11e8-b4a6-4dd577e382d8','C0J00125',null,null,null,'01b75d6b-efa0-11e8-b4a6-4dd577e382d8','2018-11-24 12:18:32','1001AA100000000000RV',0,null,0,null,0,'C0J00177','N','Y',0,null,null,'TAnalysisMethod',null,null,null,null,null,'1001AA10000000002ICU',null,'GLOBLE00000000000000','2018-11-24 12:21:47');
insert into bd_defdoclist(associatename,bpfcomponentid,code,codectlgrade,coderule,comp,componentid,creationtime,creator,dataoriginflag,docclass,doclevel,doctype,dr,funcode,isgrade,isrelease,mngctlmode,modifiedtime,modifier,name,name2,name3,name4,name5,name6,pk_defdoclist,pk_group,pk_org,ts) values( 'bd_defdoc','c566aed2-e660-11e8-8985-5f606a994521','C0J00102',null,null,null,'c4d45ab6-e660-11e8-8985-5f606a994521','2018-11-12 17:53:12','1001AA100000000000RV',0,null,0,null,0,'C0J00102','N','Y',0,null,null,'产品系列',null,null,null,null,null,'1001AA100000000001H7',null,'GLOBLE00000000000000','2018-11-12 18:12:01');
insert into bd_defdoc(code,creationtime,creator,dataoriginflag,datatype,def1,def10,def11,def12,def13,def14,def15,def16,def17,def18,def19,def2,def20,def3,def4,def5,def6,def7,def8,def9,dr,enablestate,innercode,memo,mnecode,modifiedtime,modifier,name,name2,name3,name4,name5,name6,pid,pk_defdoc,pk_defdoclist,pk_group,pk_org,shortname,shortname2,shortname3,shortname4,shortname5,shortname6,ts) values( 'Q/FVF 4352-2016','2018-11-19 14:05:08','1001AA100000000000RV',0,1,null,null,null,null,null,null,null,null,null,null,null,null,null,null,null,null,null,null,null,null,0,2,null,null,null,null,null,'HF46FB',null,null,null,null,null,null,'1001AA10000000001LVH','1001AA100000000001H7','0001A1100000000001NR','GLOBLE00000000000000',null,null,null,null,null,null,'2018-11-19 14:05:08');
insert into bd_defdoclist(associatename,bpfcomponentid,code,codectlgrade,coderule,comp,componentid,creationtime,creator,dataoriginflag,docclass,doclevel,doctype,dr,funcode,isgrade,isrelease,mngctlmode,modifiedtime,modifier,name,name2,name3,name4,name5,name6,pk_defdoclist,pk_group,pk_org,ts) values( 'bd_defdoc','f9c4e736-e660-11e8-8985-5f606a994521','C0J00105',null,null,null,'f989168a-e660-11e8-8985-5f606a994521','2018-11-12 17:54:41','1001AA100000000000RV',0,null,0,null,0,'C0J00125','N','Y',0,null,null,'样品组别',null,null,null,null,null,'1001AA100000000001IG',null,'GLOBLE00000000000000','2018-11-12 18:40:01');
insert into bd_defdoc(code,creationtime,creator,dataoriginflag,datatype,def1,def10,def11,def12,def13,def14,def15,def16,def17,def18,def19,def2,def20,def3,def4,def5,def6,def7,def8,def9,dr,enablestate,innercode,memo,mnecode,modifiedtime,modifier,name,name2,name3,name4,name5,name6,pid,pk_defdoc,pk_defdoclist,pk_group,pk_org,shortname,shortname2,shortname3,shortname4,shortname5,shortname6,ts) values( '123','2018-11-20 14:37:01','1001AA100000000000RV',0,1,null,null,null,null,null,null,null,null,null,null,null,null,null,null,null,null,null,null,null,null,0,2,null,null,null,null,null,'zhangsan',null,null,null,null,null,null,'1001AA100000000025YG','1001AA100000000001IG','0001A1100000000001NR','GLOBLE00000000000000',null,null,null,null,null,null,'2018-11-20 14:37:01');
insert into bd_defdoclist(associatename,bpfcomponentid,code,codectlgrade,coderule,comp,componentid,creationtime,creator,dataoriginflag,docclass,doclevel,doctype,dr,funcode,isgrade,isrelease,mngctlmode,modifiedtime,modifier,name,name2,name3,name4,name5,name6,pk_defdoclist,pk_group,pk_org,ts) values( 'bd_defdoc','0cfca48a-e661-11e8-8985-5f606a994521','C0J00107',null,null,null,'0cc6c74e-e661-11e8-8985-5f606a994521','2018-11-12 17:55:13','1001AA100000000000RV',0,null,0,null,0,'C0J00135','N','Y',0,null,null,'测试温度',null,null,null,null,null,'1001AA100000000001JP',null,'GLOBLE00000000000000','2018-11-12 18:40:55');
insert into bd_defdoc(code,creationtime,creator,dataoriginflag,datatype,def1,def10,def11,def12,def13,def14,def15,def16,def17,def18,def19,def2,def20,def3,def4,def5,def6,def7,def8,def9,dr,enablestate,innercode,memo,mnecode,modifiedtime,modifier,name,name2,name3,name4,name5,name6,pid,pk_defdoc,pk_defdoclist,pk_group,pk_org,shortname,shortname2,shortname3,shortname4,shortname5,shortname6,ts) values( 'QFVF4515-2018','2018-11-19 14:10:43','1001AA100000000000RV',0,1,null,null,null,null,null,null,null,null,null,null,null,null,null,null,null,null,null,null,null,null,0,2,null,null,null,'2018-11-19 14:10:55','1001AA100000000000RV','常温',null,null,null,null,null,null,'1001AA10000000001LVK','1001AA100000000001JP','0001A1100000000001NR','GLOBLE00000000000000',null,null,null,null,null,null,'2018-11-19 14:10:55');
insert into bd_defdoclist(associatename,bpfcomponentid,code,codectlgrade,coderule,comp,componentid,creationtime,creator,dataoriginflag,docclass,doclevel,doctype,dr,funcode,isgrade,isrelease,mngctlmode,modifiedtime,modifier,name,name2,name3,name4,name5,name6,pk_defdoclist,pk_group,pk_org,ts) values( 'bd_defdoc','1a3afe6e-e661-11e8-8985-5f606a994521','C0J00109',null,null,null,'1a0a2a42-e661-11e8-8985-5f606a994521','2018-11-12 17:55:35','1001AA100000000000RV',0,null,0,null,0,'C0J00145','N','Y',0,null,null,'制造商',null,null,null,null,null,'1001AA100000000001KY',null,'GLOBLE00000000000000','2018-11-12 18:41:13');
insert into bd_defdoclist(associatename,bpfcomponentid,code,codectlgrade,coderule,comp,componentid,creationtime,creator,dataoriginflag,docclass,doclevel,doctype,dr,funcode,isgrade,isrelease,mngctlmode,modifiedtime,modifier,name,name2,name3,name4,name5,name6,pk_defdoclist,pk_group,pk_org,ts) values( 'bd_defdoc','27967d42-e661-11e8-8985-5f606a994521','C0J00110',null,null,null,'2763ad46-e661-11e8-8985-5f606a994521','2018-11-12 17:55:58','1001AA100000000000RV',0,null,0,null,0,'C0J00150','N','Y',0,null,null,'触点牌号',null,null,null,null,null,'1001AA100000000001M7',null,'GLOBLE00000000000000','2018-11-12 18:41:30');
insert into bd_defdoclist(associatename,bpfcomponentid,code,codectlgrade,coderule,comp,componentid,creationtime,creator,dataoriginflag,docclass,doclevel,doctype,dr,funcode,isgrade,isrelease,mngctlmode,modifiedtime,modifier,name,name2,name3,name4,name5,name6,pk_defdoclist,pk_group,pk_org,ts) values( 'bd_defdoc','1c608aef-eca8-11e8-a6ae-2bd0251db2ad','C0J00122',null,null,null,'1bae03a3-eca8-11e8-a6ae-2bd0251db2ad','2018-11-20 17:38:59','1001AA100000000000RV',0,null,0,null,0,'C0J00173','N','Y',0,'2018-11-20 17:39:27','1001AA100000000000RV','验后样品处理',null,null,null,null,null,'1001AA1000000000290S',null,'GLOBLE00000000000000','2018-11-20 17:40:02');

--menu
delete sm_menuitemreg where ( funcode in ('C0J00104') and (dr=0 or dr is null) );
delete sm_paramregister where ( parentid in ('0001AA10000000000A27') and (dr=0 or dr is null) );
delete sm_funcregister where ( CFUNID='0001AA10000000000A27' and (dr=0 or dr is null) );
insert into sm_funcregister(cfunid,class_name,dr,fun_desc,fun_name,fun_property,funcode,funtype,help_name,isbuttonpower,iscauserusable,isenable,isfunctype,mdid,orgtypecode,own_module,parent_id,pk_group,ts) values( '0001AA10000000000A27','nc.ui.pubapp.uif2app.ToftPanelAdaptorEx',0,null,'规格号',0,'C0J00104',0,null,'N',null,'Y','N',null,'GLOBLE00000000000000','C0J0','1001AA100000000001GZ',null,'2018-11-12 18:34:50');
insert into sm_paramregister(dr,paramname,paramvalue,parentid,pk_param,ts) values( 0,'BeanConfigFilePath','nc/ui/qcco/qcmodelno/ace/view/Qcmodelno_config.xml','0001AA10000000000A27','0001AA10000000000A28','2018-11-12 18:34:50');
insert into sm_menuitemreg(dr,funcode,iconpath,ismenutype,menudes,menuitemcode,menuitemname,nodeorder,pk_menu,pk_menuitem,resid,ts) values( 0,'C0J00104',null,'N',null,'C0J00120','规格号',null,'1004ZZ10000000000FFL','0001AA10000000000A29','DC0J00120','2018-11-12 18:34:50');

delete sm_menuitemreg where ( funcode in ('C0J00103') and (dr=0 or dr is null) );
delete sm_paramregister where ( parentid in ('0001AA10000000000A1P') and (dr=0 or dr is null) );
delete sm_funcregister where ( CFUNID='0001AA10000000000A1P' and (dr=0 or dr is null) );
insert into sm_funcregister(cfunid,class_name,dr,fun_desc,fun_name,fun_property,funcode,funtype,help_name,isbuttonpower,iscauserusable,isenable,isfunctype,mdid,orgtypecode,own_module,parent_id,pk_group,ts) values( '0001AA10000000000A1P','nc.ui.pubapp.uif2app.ToftPanelAdaptorEx',0,null,'企业标准',0,'C0J00103',0,null,'N',null,'Y','N',null,'GLOBLE00000000000000','C0J0','1001AA100000000001GZ',null,'2018-11-12 18:21:33');
insert into sm_paramregister(dr,paramname,paramvalue,parentid,pk_param,ts) values( 0,'BeanConfigFilePath','nc/ui/qcco/qcentstandard/ace/view/Qcentstandard_config.xml','0001AA10000000000A1P','0001AA10000000000A1Q','2018-11-12 18:21:33');
insert into sm_menuitemreg(dr,funcode,iconpath,ismenutype,menudes,menuitemcode,menuitemname,nodeorder,pk_menu,pk_menuitem,resid,ts) values( 0,'C0J00103',null,'N',null,'C0J00115','企业标准',null,'1004ZZ10000000000FFL','0001AA10000000000A1R','DC0J00115','2018-11-12 18:21:33');

delete sm_menuitemreg where ( funcode in ('C0J00101') and (dr=0 or dr is null) );
delete sm_paramregister where ( parentid in ('0001AA10000000000A15') and (dr=0 or dr is null) );
delete sm_funcregister where ( CFUNID='0001AA10000000000A15' and (dr=0 or dr is null) );
insert into sm_funcregister(cfunid,class_name,dr,fun_desc,fun_name,fun_property,funcode,funtype,help_name,isbuttonpower,iscauserusable,isenable,isfunctype,mdid,orgtypecode,own_module,parent_id,pk_group,ts) values( '0001AA10000000000A15','nc.ui.pubapp.uif2app.ToftPanelAdaptorEx',0,null,'产品分类',0,'C0J00101',0,null,'N',null,'Y','N',null,'GLOBLE00000000000000','C0J0','1001AA100000000001GZ',null,'2018-11-12 18:02:33');
insert into sm_paramregister(dr,paramname,paramvalue,parentid,pk_param,ts) values( 0,'BeanConfigFilePath','nc/ui/qcco/qccategory/ace/view/Qccategory_config.xml','0001AA10000000000A15','0001AA10000000000A16','2018-11-12 18:02:33');
insert into sm_menuitemreg(dr,funcode,iconpath,ismenutype,menudes,menuitemcode,menuitemname,nodeorder,pk_menu,pk_menuitem,resid,ts) values( 0,'C0J00101',null,'N',null,'C0J00105','产品分类',null,'1004ZZ10000000000FFL','0001AA10000000000A17','DC0J00105','2018-11-12 18:02:34');

delete sm_funcregister where ( CFUNID='0001AA10000000000A2O' and (dr=0 or dr is null) );
insert into sm_funcregister(cfunid,class_name,dr,fun_desc,fun_name,fun_property,funcode,funtype,help_name,isbuttonpower,iscauserusable,isenable,isfunctype,mdid,orgtypecode,own_module,parent_id,pk_group,ts) values( '0001AA10000000000A2O','nc.ui.pubapp.uif2app.ToftPanelAdaptorEx',0,null,'结构类型',0,'C0J00106',0,null,'N',null,'Y','N',null,'GLOBLE00000000000000','C0J0','1001AA100000000001GZ',null,'2018-11-12 18:47:33');
delete sm_paramregister where ( parentid in ('0001AA10000000000A2O') and (dr=0 or dr is null) );
insert into sm_paramregister(dr,paramname,paramvalue,parentid,pk_param,ts) values( 0,'BeanConfigFilePath','nc/ui/qcco/qcstructtype/ace/view/Qcstructtype_config.xml','0001AA10000000000A2O','0001AA10000000000A2P','2018-11-12 18:47:33');
delete sm_menuitemreg where ( funcode in ('C0J00106') and (dr=0 or dr is null) );
insert into sm_menuitemreg(dr,funcode,iconpath,ismenutype,menudes,menuitemcode,menuitemname,nodeorder,pk_menu,pk_menuitem,resid,ts) values( 0,'C0J00106',null,'N',null,'C0J00130','结构类型',null,'1004ZZ10000000000FFL','0001AA10000000000A2Q','DC0J00130','2018-11-12 18:47:33');

insert into sm_funcregister(cfunid,class_name,dr,fun_desc,fun_name,fun_property,funcode,funtype,help_name,isbuttonpower,iscauserusable,isenable,isfunctype,mdid,orgtypecode,own_module,parent_id,pk_group,ts) values( '0001AA10000000000A4D','nc.ui.pubapp.uif2app.ToftPanelAdaptorEx',0,null,'委托类型',0,'C0J00201',0,null,'N',null,'Y','N',null,'GLOBLE00000000000000','C0J0','1001AA100000000001H0',null,'2018-11-12 20:51:07');
insert into sm_paramregister(dr,paramname,paramvalue,parentid,pk_param,ts) values( 0,'BeanConfigFilePath','nc/ui/qcco/qccommissiontype/ace/view/Qccommissiontype_config.xml','0001AA10000000000A4D','0001AA10000000000A4E','2018-11-12 20:51:07');
insert into sm_menuitemreg(dr,funcode,iconpath,ismenutype,menudes,menuitemcode,menuitemname,nodeorder,pk_menu,pk_menuitem,resid,ts) values( 0,'C0J00201',null,'N',null,'C0J00205','委托类型',null,'1004ZZ10000000000FFL','0001AA10000000000A4F','DC0J00205','2018-11-12 20:51:08');

insert into sm_funcregister(cfunid,class_name,dr,fun_desc,fun_name,fun_property,funcode,funtype,help_name,isbuttonpower,iscauserusable,isenable,isfunctype,mdid,orgtypecode,own_module,parent_id,pk_group,ts) values( '0001AA10000000000A36','nc.ui.pubapp.uif2app.ToftPanelAdaptorEx',0,null,'触点类型',0,'C0J00108',0,null,'N',null,'Y','N',null,'GLOBLE00000000000000','C0J0','1001AA100000000001GZ',null,'2018-11-12 19:00:51');
insert into sm_paramregister(dr,paramname,paramvalue,parentid,pk_param,ts) values( 0,'BeanConfigFilePath','nc/ui/qcco/qccontactortype/ace/view/Qccontactortype_config.xml','0001AA10000000000A36','0001AA10000000000A37','2018-11-12 19:00:51');
insert into sm_menuitemreg(dr,funcode,iconpath,ismenutype,menudes,menuitemcode,menuitemname,nodeorder,pk_menu,pk_menuitem,resid,ts) values( 0,'C0J00108',null,'N',null,'C0J00140','触点类型',null,'1004ZZ10000000000FFL','0001AA10000000000A38','DC0J00140','2018-11-12 19:00:51');

insert into sm_funcregister(cfunid,class_name,dr,fun_desc,fun_name,fun_property,funcode,funtype,help_name,isbuttonpower,iscauserusable,isenable,isfunctype,mdid,orgtypecode,own_module,parent_id,pk_group,ts) values( '0001AA10000000000KU1','nc.ui.pubapp.uif2app.ToftPanelAdaptorEx',0,null,'委托单',0,'C0J00202',0,null,'N',null,'Y','N',null,'GLOBLE00000000000000','C0J0','1001AA100000000001H0',null,'2018-11-13 19:24:14');
insert into sm_paramregister(dr,paramname,paramvalue,parentid,pk_param,ts) values( 0,'BeanConfigFilePath','nc/ui/qcco/commission/ace/view/Commission_config.xml','0001AA10000000000KU1','0001AA10000000000KU2','2018-11-13 19:24:14');
insert into sm_menuitemreg(dr,funcode,iconpath,ismenutype,menudes,menuitemcode,menuitemname,nodeorder,pk_menu,pk_menuitem,resid,ts) values( 0,'C0J00202',null,'N',null,'C0J00210','委托单',null,'1004ZZ10000000000FFL','0001AA10000000000KU3','DC0J00210','2018-11-13 19:24:14');

insert into sm_funcregister(cfunid,class_name,dr,fun_desc,fun_name,fun_property,funcode,funtype,help_name,isbuttonpower,iscauserusable,isenable,isfunctype,mdid,orgtypecode,own_module,parent_id,pk_group,ts) values( '0001AA10000000001IS9','nc.ui.pubapp.uif2app.ToftPanelAdaptorEx',0,null,'值类型',0,'C0J00119',0,null,'N',null,'Y','N',null,'GLOBLE00000000000000','C0J0','1001AA100000000001GZ',null,'2018-11-17 17:12:15');
insert into sm_paramregister(dr,paramname,paramvalue,parentid,pk_param,ts) values( 0,'BeanConfigFilePath','nc/ui/qcco/qcvaluetype/ace/view/Qcvaluetype_config.xml','0001AA10000000001IS9','0001AA10000000001ISA','2018-11-17 17:12:15');
insert into sm_menuitemreg(dr,funcode,iconpath,ismenutype,menudes,menuitemcode,menuitemname,nodeorder,pk_menu,pk_menuitem,resid,ts) values( 0,'C0J00119',null,'N',null,'C0J00175','值类型',null,'1004ZZ10000000000FFL','0001AA10000000001ISB','DC0J00175','2018-11-17 17:12:15');

insert into sm_funcregister(cfunid,class_name,dr,fun_desc,fun_name,fun_property,funcode,funtype,help_name,isbuttonpower,iscauserusable,isenable,isfunctype,mdid,orgtypecode,own_module,parent_id,pk_group,ts) values( '0001AA10000000001IWU','nc.ui.pubapp.uif2app.ToftPanelAdaptorEx',0,null,'值集值',0,'C0J00120',0,null,'N',null,'Y','N',null,'GLOBLE00000000000000','C0J0','1001AA100000000001GZ',null,'2018-11-17 17:21:19');
insert into sm_paramregister(dr,paramname,paramvalue,parentid,pk_param,ts) values( 0,'BeanConfigFilePath','nc/ui/qcco/qcitemvalue/ace/view/Qcitemvalue_config.xml','0001AA10000000001IWU','0001AA10000000001IWV','2018-11-17 17:21:19');
insert into sm_menuitemreg(dr,funcode,iconpath,ismenutype,menudes,menuitemcode,menuitemname,nodeorder,pk_menu,pk_menuitem,resid,ts) values( 0,'C0J00120',null,'N',null,'C0J00180','值集值',null,'1004ZZ10000000000FFL','0001AA10000000001IWW','DC0J00180','2018-11-17 17:21:19');

insert into sm_funcregister(cfunid,class_name,dr,fun_desc,fun_name,fun_property,funcode,funtype,help_name,isbuttonpower,iscauserusable,isenable,isfunctype,mdid,orgtypecode,own_module,parent_id,pk_group,ts) values( '0001AA10000000001IXI','nc.ui.pubapp.uif2app.ToftPanelAdaptorEx',0,null,'分析方法',0,'C0J00121',0,null,'N',null,'Y','N',null,'GLOBLE00000000000000','C0J0','1001AA100000000001GZ',null,'2018-11-17 17:30:04');
insert into sm_paramregister(dr,paramname,paramvalue,parentid,pk_param,ts) values( 0,'BeanConfigFilePath','nc/ui/qcco/qcanalysemethod/ace/view/Qcanalysemethod_config.xml','0001AA10000000001IXI','0001AA10000000001IXJ','2018-11-17 17:30:04');
insert into sm_menuitemreg(dr,funcode,iconpath,ismenutype,menudes,menuitemcode,menuitemname,nodeorder,pk_menu,pk_menuitem,resid,ts) values( 0,'C0J00121',null,'N',null,'C0J00185','分析方法',null,'1004ZZ10000000000FFL','0001AA10000000001IXK','DC0J00185','2018-11-17 17:30:04');

insert into sm_funcregister(cfunid,class_name,dr,fun_desc,fun_name,fun_property,funcode,funtype,help_name,isbuttonpower,iscauserusable,isenable,isfunctype,mdid,orgtypecode,own_module,parent_id,pk_group,ts) values( '0001AA10000000002LD7','nc.ui.pubapp.uif2app.ToftPanelAdaptorEx',0,null,'试验参数',0,'C0J00111',0,null,'N',null,'Y','N',null,'GLOBLE00000000000000','C0J0','1001AA100000000001GZ',null,'2018-11-18 17:09:05');
insert into sm_paramregister(dr,paramname,paramvalue,parentid,pk_param,ts) values( 0,'BeanConfigFilePath','nc/ui/qcco/bdtestrefs/ace/view/Bdtestrefs_config.xml','0001AA10000000002LD7','0001AA10000000002LD8','2018-11-18 17:09:05');
insert into sm_menuitemreg(dr,funcode,iconpath,ismenutype,menudes,menuitemcode,menuitemname,nodeorder,pk_menu,pk_menuitem,resid,ts) values( 0,'C0J00111',null,'N',null,'C0J00155','试验参数',null,'1004ZZ10000000000FFL','0001AA10000000002LD9','DC0J00155','2018-11-18 17:09:09');

insert into sm_funcregister(cfunid,class_name,dr,fun_desc,fun_name,fun_property,funcode,funtype,help_name,isbuttonpower,iscauserusable,isenable,isfunctype,mdid,orgtypecode,own_module,parent_id,pk_group,ts) values( '1001AA10000000000O4T','nc.ui.uif2.ToftPanelAdaptor',0,'自定义档案C0J00113-客户类型','客户类型',0,'C0J00143',0,'10140UDDB.htm','N',null,'Y','N','1001AA10000000000NXB','GLOBLE00000000000000','1014','0001Z010000000000XAE',null,'2018-11-17 15:48:24');
insert into sm_butnregister(btncode,btndesc,btnname,btnownertype,dr,isbuttonpower,isenable,iskeyfunc,parent_id,pk_btn,resid,ts) values( 'Add',null,'新增',0,0,'N','Y',null,'1001AA10000000000O4T','1001AA10000000000O4X','UC001-0000108','2018-11-17 15:48:24');
insert into sm_butnregister(btncode,btndesc,btnname,btnownertype,dr,isbuttonpower,isenable,iskeyfunc,parent_id,pk_btn,resid,ts) values( 'Edit',null,'修改',0,0,'N','Y',null,'1001AA10000000000O4T','1001AA10000000000O4Y','UC001-0000045','2018-11-17 15:48:24');
insert into sm_butnregister(btncode,btndesc,btnname,btnownertype,dr,isbuttonpower,isenable,iskeyfunc,parent_id,pk_btn,resid,ts) values( 'Delete',null,'删除',0,0,'N','Y',null,'1001AA10000000000O4T','1001AA10000000000O4Z','UC001-0000039','2018-11-17 15:48:24');
insert into sm_butnregister(btncode,btndesc,btnname,btnownertype,dr,isbuttonpower,isenable,iskeyfunc,parent_id,pk_btn,resid,ts) values( 'Save',null,'保存',0,0,'N','Y',null,'1001AA10000000000O4T','1001AA10000000000O50','UC001-0000001','2018-11-17 15:48:24');
insert into sm_butnregister(btncode,btndesc,btnname,btnownertype,dr,isbuttonpower,isenable,iskeyfunc,parent_id,pk_btn,resid,ts) values( 'SaveAdd',null,'保存新增',0,0,'N','Y',null,'1001AA10000000000O4T','1001AA10000000000O51','UC001-0000115','2018-11-17 15:48:24');
insert into sm_butnregister(btncode,btndesc,btnname,btnownertype,dr,isbuttonpower,isenable,iskeyfunc,parent_id,pk_btn,resid,ts) values( 'Cancel',null,'取消',0,0,'N','Y',null,'1001AA10000000000O4T','1001AA10000000000O52','UC001-0000008','2018-11-17 15:48:24');
insert into sm_butnregister(btncode,btndesc,btnname,btnownertype,dr,isbuttonpower,isenable,iskeyfunc,parent_id,pk_btn,resid,ts) values( 'Enable',null,'启用',0,0,'N','Y',null,'1001AA10000000000O4T','1001AA10000000000O53','UC001-0000111','2018-11-17 15:48:24');
insert into sm_butnregister(btncode,btndesc,btnname,btnownertype,dr,isbuttonpower,isenable,iskeyfunc,parent_id,pk_btn,resid,ts) values( 'Disable',null,'停用',0,0,'N','Y',null,'1001AA10000000000O4T','1001AA10000000000O54','UC001-0000110','2018-11-17 15:48:24');
insert into sm_butnregister(btncode,btndesc,btnname,btnownertype,dr,isbuttonpower,isenable,iskeyfunc,parent_id,pk_btn,resid,ts) values( 'Refresh',null,'刷新',0,0,'N','Y',null,'1001AA10000000000O4T','1001AA10000000000O55','UC001-0000009','2018-11-17 15:48:24');
insert into sm_butnregister(btncode,btndesc,btnname,btnownertype,dr,isbuttonpower,isenable,iskeyfunc,parent_id,pk_btn,resid,ts) values( 'ShowDisable',null,'显示停用数据',0,0,'N','Y',null,'1001AA10000000000O4T','1001AA10000000000O56','UC001-0000109','2018-11-17 15:48:24');
insert into sm_butnregister(btncode,btndesc,btnname,btnownertype,dr,isbuttonpower,isenable,iskeyfunc,parent_id,pk_btn,resid,ts) values( 'TempPreview',null,'模板预览',0,0,'N','Y',null,'1001AA10000000000O4T','1001AA10000000000O57','UC001-0000113','2018-11-17 15:48:24');
insert into sm_butnregister(btncode,btndesc,btnname,btnownertype,dr,isbuttonpower,isenable,iskeyfunc,parent_id,pk_btn,resid,ts) values( 'TempPrint',null,'模板打印',0,0,'N','Y',null,'1001AA10000000000O4T','1001AA10000000000O58','UC001-0000114','2018-11-17 15:48:24');
insert into sm_butnregister(btncode,btndesc,btnname,btnownertype,dr,isbuttonpower,isenable,iskeyfunc,parent_id,pk_btn,resid,ts) values( 'output',null,'输出',0,0,'N','Y',null,'1001AA10000000000O4T','1001AA10000000000O59','UC001-0000148','2018-11-17 15:48:24');
insert into sm_paramregister(dr,paramname,paramvalue,parentid,pk_param,ts) values( 0,'BeanConfigFilePath','nc/ui/bd/defdoc/defdoc_listnode.xml','1001AA10000000000O4T','1001AA10000000000O4V','2018-11-17 15:48:24');
insert into sm_paramregister(dr,paramname,paramvalue,parentid,pk_param,ts) values( 0,'defdoclistPk','1001AA10000000000NXB','1001AA10000000000O4T','1001AA10000000000O4W','2018-11-17 15:48:24');
insert into sm_busiactivereg(busi_pk,code,description,dr,name,ownertype,parent_id,pk_busiactive,resid,ts) values( 'C0J00143_Add','Add',null,0,'新增',0,'1001AA10000000000O4T','1001AA10000000000O5A','UC001-0000108','2018-11-17 15:48:24');
insert into sm_busiactivereg(busi_pk,code,description,dr,name,ownertype,parent_id,pk_busiactive,resid,ts) values( 'C0J00143_Edit','Edit',null,0,'维护',0,'1001AA10000000000O4T','1001AA10000000000O5B','UC001-0000159','2018-11-17 15:48:24');
insert into sm_busiactivereg(busi_pk,code,description,dr,name,ownertype,parent_id,pk_busiactive,resid,ts) values( 'C0J00143_Print','Print',null,0,'打印',0,'1001AA10000000000O4T','1001AA10000000000O5C','UC001-0000007','2018-11-17 15:48:24');
insert into sm_busiactivereg(busi_pk,code,description,dr,name,ownertype,parent_id,pk_busiactive,resid,ts) values( 'C0J00143_Enable','Enable',null,0,'启用',0,'1001AA10000000000O4T','1001AA10000000000O5D','UC001-0000111','2018-11-17 15:48:24');
insert into sm_busiactive_btn(dr,pk_busiactive,pk_butn,pk_relation,ts) values( 0,'1001AA10000000000O5A','1001AA10000000000O4X','1001AA10000000000O5E','2018-11-17 15:48:25');
insert into sm_busiactive_btn(dr,pk_busiactive,pk_butn,pk_relation,ts) values( 0,'1001AA10000000000O5A','1001AA10000000000O4Y','1001AA10000000000O5F','2018-11-17 15:48:25');
insert into sm_busiactive_btn(dr,pk_busiactive,pk_butn,pk_relation,ts) values( 0,'1001AA10000000000O5A','1001AA10000000000O4Z','1001AA10000000000O5G','2018-11-17 15:48:25');
insert into sm_busiactive_btn(dr,pk_busiactive,pk_butn,pk_relation,ts) values( 0,'1001AA10000000000O5B','1001AA10000000000O4Y','1001AA10000000000O5H','2018-11-17 15:48:25');
insert into sm_busiactive_btn(dr,pk_busiactive,pk_butn,pk_relation,ts) values( 0,'1001AA10000000000O5B','1001AA10000000000O4Z','1001AA10000000000O5I','2018-11-17 15:48:25');
insert into sm_busiactive_btn(dr,pk_busiactive,pk_butn,pk_relation,ts) values( 0,'1001AA10000000000O5C','1001AA10000000000O57','1001AA10000000000O5J','2018-11-17 15:48:25');
insert into sm_busiactive_btn(dr,pk_busiactive,pk_butn,pk_relation,ts) values( 0,'1001AA10000000000O5C','1001AA10000000000O58','1001AA10000000000O5K','2018-11-17 15:48:25');
insert into sm_busiactive_btn(dr,pk_busiactive,pk_butn,pk_relation,ts) values( 0,'1001AA10000000000O5C','1001AA10000000000O59','1001AA10000000000O5L','2018-11-17 15:48:25');
insert into sm_busiactive_btn(dr,pk_busiactive,pk_butn,pk_relation,ts) values( 0,'1001AA10000000000O5D','1001AA10000000000O53','1001AA10000000000O5M','2018-11-17 15:48:25');
insert into sm_busiactive_btn(dr,pk_busiactive,pk_butn,pk_relation,ts) values( 0,'1001AA10000000000O5D','1001AA10000000000O54','1001AA10000000000O5N','2018-11-17 15:48:25');
insert into sm_menuitemreg(dr,funcode,iconpath,ismenutype,menudes,menuitemcode,menuitemname,nodeorder,pk_menu,pk_menuitem,resid,ts) values( 0,'C0J00143',null,'N','自定义档案C0J00113-客户类型','C0J00143','客户类型',null,'1004ZZ10000000000FFL','1001AA10000000000O4U',null,'2018-11-17 15:48:24');

insert into sm_funcregister(cfunid,class_name,dr,fun_desc,fun_name,fun_property,funcode,funtype,help_name,isbuttonpower,iscauserusable,isenable,isfunctype,mdid,orgtypecode,own_module,parent_id,pk_group,ts) values( '1001AA10000000000O5U','nc.ui.uif2.ToftPanelAdaptor',0,'自定义档案C0J00114-认证类型','认证类型',0,'C0J00151',0,'10140UDDB.htm','N',null,'Y','N','1001AA10000000000NYK','GLOBLE00000000000000','1014','0001Z010000000000XAE',null,'2018-11-17 15:48:42');
insert into sm_butnregister(btncode,btndesc,btnname,btnownertype,dr,isbuttonpower,isenable,iskeyfunc,parent_id,pk_btn,resid,ts) values( 'Add',null,'新增',0,0,'N','Y',null,'1001AA10000000000O5U','1001AA10000000000O5Y','UC001-0000108','2018-11-17 15:48:43');
insert into sm_butnregister(btncode,btndesc,btnname,btnownertype,dr,isbuttonpower,isenable,iskeyfunc,parent_id,pk_btn,resid,ts) values( 'Edit',null,'修改',0,0,'N','Y',null,'1001AA10000000000O5U','1001AA10000000000O5Z','UC001-0000045','2018-11-17 15:48:43');
insert into sm_butnregister(btncode,btndesc,btnname,btnownertype,dr,isbuttonpower,isenable,iskeyfunc,parent_id,pk_btn,resid,ts) values( 'Delete',null,'删除',0,0,'N','Y',null,'1001AA10000000000O5U','1001AA10000000000O60','UC001-0000039','2018-11-17 15:48:43');
insert into sm_butnregister(btncode,btndesc,btnname,btnownertype,dr,isbuttonpower,isenable,iskeyfunc,parent_id,pk_btn,resid,ts) values( 'Save',null,'保存',0,0,'N','Y',null,'1001AA10000000000O5U','1001AA10000000000O61','UC001-0000001','2018-11-17 15:48:43');
insert into sm_butnregister(btncode,btndesc,btnname,btnownertype,dr,isbuttonpower,isenable,iskeyfunc,parent_id,pk_btn,resid,ts) values( 'SaveAdd',null,'保存新增',0,0,'N','Y',null,'1001AA10000000000O5U','1001AA10000000000O62','UC001-0000115','2018-11-17 15:48:43');
insert into sm_butnregister(btncode,btndesc,btnname,btnownertype,dr,isbuttonpower,isenable,iskeyfunc,parent_id,pk_btn,resid,ts) values( 'Cancel',null,'取消',0,0,'N','Y',null,'1001AA10000000000O5U','1001AA10000000000O63','UC001-0000008','2018-11-17 15:48:43');
insert into sm_butnregister(btncode,btndesc,btnname,btnownertype,dr,isbuttonpower,isenable,iskeyfunc,parent_id,pk_btn,resid,ts) values( 'Enable',null,'启用',0,0,'N','Y',null,'1001AA10000000000O5U','1001AA10000000000O64','UC001-0000111','2018-11-17 15:48:43');
insert into sm_butnregister(btncode,btndesc,btnname,btnownertype,dr,isbuttonpower,isenable,iskeyfunc,parent_id,pk_btn,resid,ts) values( 'Disable',null,'停用',0,0,'N','Y',null,'1001AA10000000000O5U','1001AA10000000000O65','UC001-0000110','2018-11-17 15:48:43');
insert into sm_butnregister(btncode,btndesc,btnname,btnownertype,dr,isbuttonpower,isenable,iskeyfunc,parent_id,pk_btn,resid,ts) values( 'Refresh',null,'刷新',0,0,'N','Y',null,'1001AA10000000000O5U','1001AA10000000000O66','UC001-0000009','2018-11-17 15:48:43');
insert into sm_butnregister(btncode,btndesc,btnname,btnownertype,dr,isbuttonpower,isenable,iskeyfunc,parent_id,pk_btn,resid,ts) values( 'ShowDisable',null,'显示停用数据',0,0,'N','Y',null,'1001AA10000000000O5U','1001AA10000000000O67','UC001-0000109','2018-11-17 15:48:43');
insert into sm_butnregister(btncode,btndesc,btnname,btnownertype,dr,isbuttonpower,isenable,iskeyfunc,parent_id,pk_btn,resid,ts) values( 'TempPreview',null,'模板预览',0,0,'N','Y',null,'1001AA10000000000O5U','1001AA10000000000O68','UC001-0000113','2018-11-17 15:48:43');
insert into sm_butnregister(btncode,btndesc,btnname,btnownertype,dr,isbuttonpower,isenable,iskeyfunc,parent_id,pk_btn,resid,ts) values( 'TempPrint',null,'模板打印',0,0,'N','Y',null,'1001AA10000000000O5U','1001AA10000000000O69','UC001-0000114','2018-11-17 15:48:43');
insert into sm_butnregister(btncode,btndesc,btnname,btnownertype,dr,isbuttonpower,isenable,iskeyfunc,parent_id,pk_btn,resid,ts) values( 'output',null,'输出',0,0,'N','Y',null,'1001AA10000000000O5U','1001AA10000000000O6A','UC001-0000148','2018-11-17 15:48:43');
insert into sm_paramregister(dr,paramname,paramvalue,parentid,pk_param,ts) values( 0,'BeanConfigFilePath','nc/ui/bd/defdoc/defdoc_listnode.xml','1001AA10000000000O5U','1001AA10000000000O5W','2018-11-17 15:48:43');
insert into sm_paramregister(dr,paramname,paramvalue,parentid,pk_param,ts) values( 0,'defdoclistPk','1001AA10000000000NYK','1001AA10000000000O5U','1001AA10000000000O5X','2018-11-17 15:48:43');
insert into sm_busiactivereg(busi_pk,code,description,dr,name,ownertype,parent_id,pk_busiactive,resid,ts) values( 'C0J00151_Add','Add',null,0,'新增',0,'1001AA10000000000O5U','1001AA10000000000O6B','UC001-0000108','2018-11-17 15:48:43');
insert into sm_busiactivereg(busi_pk,code,description,dr,name,ownertype,parent_id,pk_busiactive,resid,ts) values( 'C0J00151_Edit','Edit',null,0,'维护',0,'1001AA10000000000O5U','1001AA10000000000O6C','UC001-0000159','2018-11-17 15:48:43');
insert into sm_busiactivereg(busi_pk,code,description,dr,name,ownertype,parent_id,pk_busiactive,resid,ts) values( 'C0J00151_Print','Print',null,0,'打印',0,'1001AA10000000000O5U','1001AA10000000000O6D','UC001-0000007','2018-11-17 15:48:43');
insert into sm_busiactivereg(busi_pk,code,description,dr,name,ownertype,parent_id,pk_busiactive,resid,ts) values( 'C0J00151_Enable','Enable',null,0,'启用',0,'1001AA10000000000O5U','1001AA10000000000O6E','UC001-0000111','2018-11-17 15:48:43');
insert into sm_busiactive_btn(dr,pk_busiactive,pk_butn,pk_relation,ts) values( 0,'1001AA10000000000O6B','1001AA10000000000O5Y','1001AA10000000000O6F','2018-11-17 15:48:43');
insert into sm_busiactive_btn(dr,pk_busiactive,pk_butn,pk_relation,ts) values( 0,'1001AA10000000000O6B','1001AA10000000000O5Z','1001AA10000000000O6G','2018-11-17 15:48:43');
insert into sm_busiactive_btn(dr,pk_busiactive,pk_butn,pk_relation,ts) values( 0,'1001AA10000000000O6B','1001AA10000000000O60','1001AA10000000000O6H','2018-11-17 15:48:43');
insert into sm_busiactive_btn(dr,pk_busiactive,pk_butn,pk_relation,ts) values( 0,'1001AA10000000000O6C','1001AA10000000000O5Z','1001AA10000000000O6I','2018-11-17 15:48:43');
insert into sm_busiactive_btn(dr,pk_busiactive,pk_butn,pk_relation,ts) values( 0,'1001AA10000000000O6C','1001AA10000000000O60','1001AA10000000000O6J','2018-11-17 15:48:43');
insert into sm_busiactive_btn(dr,pk_busiactive,pk_butn,pk_relation,ts) values( 0,'1001AA10000000000O6D','1001AA10000000000O68','1001AA10000000000O6K','2018-11-17 15:48:43');
insert into sm_busiactive_btn(dr,pk_busiactive,pk_butn,pk_relation,ts) values( 0,'1001AA10000000000O6D','1001AA10000000000O69','1001AA10000000000O6L','2018-11-17 15:48:43');
insert into sm_busiactive_btn(dr,pk_busiactive,pk_butn,pk_relation,ts) values( 0,'1001AA10000000000O6D','1001AA10000000000O6A','1001AA10000000000O6M','2018-11-17 15:48:43');
insert into sm_busiactive_btn(dr,pk_busiactive,pk_butn,pk_relation,ts) values( 0,'1001AA10000000000O6E','1001AA10000000000O64','1001AA10000000000O6N','2018-11-17 15:48:43');
insert into sm_busiactive_btn(dr,pk_busiactive,pk_butn,pk_relation,ts) values( 0,'1001AA10000000000O6E','1001AA10000000000O65','1001AA10000000000O6O','2018-11-17 15:48:43');
insert into sm_menuitemreg(dr,funcode,iconpath,ismenutype,menudes,menuitemcode,menuitemname,nodeorder,pk_menu,pk_menuitem,resid,ts) values( 0,'C0J00151',null,'N','自定义档案C0J00114-认证类型','C0J00151','认证类型',null,'1004ZZ10000000000FFL','1001AA10000000000O5V',null,'2018-11-17 15:48:42');

insert into sm_funcregister(cfunid,class_name,dr,fun_desc,fun_name,fun_property,funcode,funtype,help_name,isbuttonpower,iscauserusable,isenable,isfunctype,mdid,orgtypecode,own_module,parent_id,pk_group,ts) values( '1001AA10000000000O6V','nc.ui.uif2.ToftPanelAdaptor',0,'自定义档案C0J00115-检测性质','检测性质',0,'C0J00152',0,'10140UDDB.htm','N',null,'Y','N','1001AA10000000000NZT','GLOBLE00000000000000','1014','0001Z010000000000XAE',null,'2018-11-17 15:49:02');
insert into sm_butnregister(btncode,btndesc,btnname,btnownertype,dr,isbuttonpower,isenable,iskeyfunc,parent_id,pk_btn,resid,ts) values( 'Add',null,'新增',0,0,'N','Y',null,'1001AA10000000000O6V','1001AA10000000000O6Z','UC001-0000108','2018-11-17 15:49:02');
insert into sm_butnregister(btncode,btndesc,btnname,btnownertype,dr,isbuttonpower,isenable,iskeyfunc,parent_id,pk_btn,resid,ts) values( 'Edit',null,'修改',0,0,'N','Y',null,'1001AA10000000000O6V','1001AA10000000000O70','UC001-0000045','2018-11-17 15:49:02');
insert into sm_butnregister(btncode,btndesc,btnname,btnownertype,dr,isbuttonpower,isenable,iskeyfunc,parent_id,pk_btn,resid,ts) values( 'Delete',null,'删除',0,0,'N','Y',null,'1001AA10000000000O6V','1001AA10000000000O71','UC001-0000039','2018-11-17 15:49:02');
insert into sm_butnregister(btncode,btndesc,btnname,btnownertype,dr,isbuttonpower,isenable,iskeyfunc,parent_id,pk_btn,resid,ts) values( 'Save',null,'保存',0,0,'N','Y',null,'1001AA10000000000O6V','1001AA10000000000O72','UC001-0000001','2018-11-17 15:49:02');
insert into sm_butnregister(btncode,btndesc,btnname,btnownertype,dr,isbuttonpower,isenable,iskeyfunc,parent_id,pk_btn,resid,ts) values( 'SaveAdd',null,'保存新增',0,0,'N','Y',null,'1001AA10000000000O6V','1001AA10000000000O73','UC001-0000115','2018-11-17 15:49:02');
insert into sm_butnregister(btncode,btndesc,btnname,btnownertype,dr,isbuttonpower,isenable,iskeyfunc,parent_id,pk_btn,resid,ts) values( 'Cancel',null,'取消',0,0,'N','Y',null,'1001AA10000000000O6V','1001AA10000000000O74','UC001-0000008','2018-11-17 15:49:02');
insert into sm_butnregister(btncode,btndesc,btnname,btnownertype,dr,isbuttonpower,isenable,iskeyfunc,parent_id,pk_btn,resid,ts) values( 'Enable',null,'启用',0,0,'N','Y',null,'1001AA10000000000O6V','1001AA10000000000O75','UC001-0000111','2018-11-17 15:49:02');
insert into sm_butnregister(btncode,btndesc,btnname,btnownertype,dr,isbuttonpower,isenable,iskeyfunc,parent_id,pk_btn,resid,ts) values( 'Disable',null,'停用',0,0,'N','Y',null,'1001AA10000000000O6V','1001AA10000000000O76','UC001-0000110','2018-11-17 15:49:02');
insert into sm_butnregister(btncode,btndesc,btnname,btnownertype,dr,isbuttonpower,isenable,iskeyfunc,parent_id,pk_btn,resid,ts) values( 'Refresh',null,'刷新',0,0,'N','Y',null,'1001AA10000000000O6V','1001AA10000000000O77','UC001-0000009','2018-11-17 15:49:02');
insert into sm_butnregister(btncode,btndesc,btnname,btnownertype,dr,isbuttonpower,isenable,iskeyfunc,parent_id,pk_btn,resid,ts) values( 'ShowDisable',null,'显示停用数据',0,0,'N','Y',null,'1001AA10000000000O6V','1001AA10000000000O78','UC001-0000109','2018-11-17 15:49:02');
insert into sm_butnregister(btncode,btndesc,btnname,btnownertype,dr,isbuttonpower,isenable,iskeyfunc,parent_id,pk_btn,resid,ts) values( 'TempPreview',null,'模板预览',0,0,'N','Y',null,'1001AA10000000000O6V','1001AA10000000000O79','UC001-0000113','2018-11-17 15:49:02');
insert into sm_butnregister(btncode,btndesc,btnname,btnownertype,dr,isbuttonpower,isenable,iskeyfunc,parent_id,pk_btn,resid,ts) values( 'TempPrint',null,'模板打印',0,0,'N','Y',null,'1001AA10000000000O6V','1001AA10000000000O7A','UC001-0000114','2018-11-17 15:49:02');
insert into sm_butnregister(btncode,btndesc,btnname,btnownertype,dr,isbuttonpower,isenable,iskeyfunc,parent_id,pk_btn,resid,ts) values( 'output',null,'输出',0,0,'N','Y',null,'1001AA10000000000O6V','1001AA10000000000O7B','UC001-0000148','2018-11-17 15:49:02');
insert into sm_paramregister(dr,paramname,paramvalue,parentid,pk_param,ts) values( 0,'BeanConfigFilePath','nc/ui/bd/defdoc/defdoc_listnode.xml','1001AA10000000000O6V','1001AA10000000000O6X','2018-11-17 15:49:02');
insert into sm_paramregister(dr,paramname,paramvalue,parentid,pk_param,ts) values( 0,'defdoclistPk','1001AA10000000000NZT','1001AA10000000000O6V','1001AA10000000000O6Y','2018-11-17 15:49:02');
insert into sm_busiactivereg(busi_pk,code,description,dr,name,ownertype,parent_id,pk_busiactive,resid,ts) values( 'C0J00152_Add','Add',null,0,'新增',0,'1001AA10000000000O6V','1001AA10000000000O7C','UC001-0000108','2018-11-17 15:49:02');
insert into sm_busiactivereg(busi_pk,code,description,dr,name,ownertype,parent_id,pk_busiactive,resid,ts) values( 'C0J00152_Edit','Edit',null,0,'维护',0,'1001AA10000000000O6V','1001AA10000000000O7D','UC001-0000159','2018-11-17 15:49:02');
insert into sm_busiactivereg(busi_pk,code,description,dr,name,ownertype,parent_id,pk_busiactive,resid,ts) values( 'C0J00152_Print','Print',null,0,'打印',0,'1001AA10000000000O6V','1001AA10000000000O7E','UC001-0000007','2018-11-17 15:49:02');
insert into sm_busiactivereg(busi_pk,code,description,dr,name,ownertype,parent_id,pk_busiactive,resid,ts) values( 'C0J00152_Enable','Enable',null,0,'启用',0,'1001AA10000000000O6V','1001AA10000000000O7F','UC001-0000111','2018-11-17 15:49:02');
insert into sm_busiactive_btn(dr,pk_busiactive,pk_butn,pk_relation,ts) values( 0,'1001AA10000000000O7C','1001AA10000000000O6Z','1001AA10000000000O7G','2018-11-17 15:49:02');
insert into sm_busiactive_btn(dr,pk_busiactive,pk_butn,pk_relation,ts) values( 0,'1001AA10000000000O7C','1001AA10000000000O70','1001AA10000000000O7H','2018-11-17 15:49:02');
insert into sm_busiactive_btn(dr,pk_busiactive,pk_butn,pk_relation,ts) values( 0,'1001AA10000000000O7C','1001AA10000000000O71','1001AA10000000000O7I','2018-11-17 15:49:02');
insert into sm_busiactive_btn(dr,pk_busiactive,pk_butn,pk_relation,ts) values( 0,'1001AA10000000000O7D','1001AA10000000000O70','1001AA10000000000O7J','2018-11-17 15:49:02');
insert into sm_busiactive_btn(dr,pk_busiactive,pk_butn,pk_relation,ts) values( 0,'1001AA10000000000O7D','1001AA10000000000O71','1001AA10000000000O7K','2018-11-17 15:49:02');
insert into sm_busiactive_btn(dr,pk_busiactive,pk_butn,pk_relation,ts) values( 0,'1001AA10000000000O7E','1001AA10000000000O79','1001AA10000000000O7L','2018-11-17 15:49:02');
insert into sm_busiactive_btn(dr,pk_busiactive,pk_butn,pk_relation,ts) values( 0,'1001AA10000000000O7E','1001AA10000000000O7A','1001AA10000000000O7M','2018-11-17 15:49:02');
insert into sm_busiactive_btn(dr,pk_busiactive,pk_butn,pk_relation,ts) values( 0,'1001AA10000000000O7E','1001AA10000000000O7B','1001AA10000000000O7N','2018-11-17 15:49:02');
insert into sm_busiactive_btn(dr,pk_busiactive,pk_butn,pk_relation,ts) values( 0,'1001AA10000000000O7F','1001AA10000000000O75','1001AA10000000000O7O','2018-11-17 15:49:02');
insert into sm_busiactive_btn(dr,pk_busiactive,pk_butn,pk_relation,ts) values( 0,'1001AA10000000000O7F','1001AA10000000000O76','1001AA10000000000O7P','2018-11-17 15:49:02');
insert into sm_menuitemreg(dr,funcode,iconpath,ismenutype,menudes,menuitemcode,menuitemname,nodeorder,pk_menu,pk_menuitem,resid,ts) values( 0,'C0J00152',null,'N','自定义档案C0J00115-检测性质','C0J00152','检测性质',null,'1004ZZ10000000000FFL','1001AA10000000000O6W',null,'2018-11-17 15:49:02');

insert into sm_funcregister(cfunid,class_name,dr,fun_desc,fun_name,fun_property,funcode,funtype,help_name,isbuttonpower,iscauserusable,isenable,isfunctype,mdid,orgtypecode,own_module,parent_id,pk_group,ts) values( '1001AA10000000000O7W','nc.ui.uif2.ToftPanelAdaptor',0,'自定义档案C0J00116-分析类型','分析类型',0,'C0J00153',0,'10140UDDB.htm','N',null,'Y','N','1001AA10000000000O12','GLOBLE00000000000000','1014','0001Z010000000000XAE',null,'2018-11-17 15:49:17');
insert into sm_butnregister(btncode,btndesc,btnname,btnownertype,dr,isbuttonpower,isenable,iskeyfunc,parent_id,pk_btn,resid,ts) values( 'Add',null,'新增',0,0,'N','Y',null,'1001AA10000000000O7W','1001AA10000000000O80','UC001-0000108','2018-11-17 15:49:17');
insert into sm_butnregister(btncode,btndesc,btnname,btnownertype,dr,isbuttonpower,isenable,iskeyfunc,parent_id,pk_btn,resid,ts) values( 'Edit',null,'修改',0,0,'N','Y',null,'1001AA10000000000O7W','1001AA10000000000O81','UC001-0000045','2018-11-17 15:49:17');
insert into sm_butnregister(btncode,btndesc,btnname,btnownertype,dr,isbuttonpower,isenable,iskeyfunc,parent_id,pk_btn,resid,ts) values( 'Delete',null,'删除',0,0,'N','Y',null,'1001AA10000000000O7W','1001AA10000000000O82','UC001-0000039','2018-11-17 15:49:17');
insert into sm_butnregister(btncode,btndesc,btnname,btnownertype,dr,isbuttonpower,isenable,iskeyfunc,parent_id,pk_btn,resid,ts) values( 'Save',null,'保存',0,0,'N','Y',null,'1001AA10000000000O7W','1001AA10000000000O83','UC001-0000001','2018-11-17 15:49:17');
insert into sm_butnregister(btncode,btndesc,btnname,btnownertype,dr,isbuttonpower,isenable,iskeyfunc,parent_id,pk_btn,resid,ts) values( 'SaveAdd',null,'保存新增',0,0,'N','Y',null,'1001AA10000000000O7W','1001AA10000000000O84','UC001-0000115','2018-11-17 15:49:17');
insert into sm_butnregister(btncode,btndesc,btnname,btnownertype,dr,isbuttonpower,isenable,iskeyfunc,parent_id,pk_btn,resid,ts) values( 'Cancel',null,'取消',0,0,'N','Y',null,'1001AA10000000000O7W','1001AA10000000000O85','UC001-0000008','2018-11-17 15:49:17');
insert into sm_butnregister(btncode,btndesc,btnname,btnownertype,dr,isbuttonpower,isenable,iskeyfunc,parent_id,pk_btn,resid,ts) values( 'Enable',null,'启用',0,0,'N','Y',null,'1001AA10000000000O7W','1001AA10000000000O86','UC001-0000111','2018-11-17 15:49:17');
insert into sm_butnregister(btncode,btndesc,btnname,btnownertype,dr,isbuttonpower,isenable,iskeyfunc,parent_id,pk_btn,resid,ts) values( 'Disable',null,'停用',0,0,'N','Y',null,'1001AA10000000000O7W','1001AA10000000000O87','UC001-0000110','2018-11-17 15:49:17');
insert into sm_butnregister(btncode,btndesc,btnname,btnownertype,dr,isbuttonpower,isenable,iskeyfunc,parent_id,pk_btn,resid,ts) values( 'Refresh',null,'刷新',0,0,'N','Y',null,'1001AA10000000000O7W','1001AA10000000000O88','UC001-0000009','2018-11-17 15:49:17');
insert into sm_butnregister(btncode,btndesc,btnname,btnownertype,dr,isbuttonpower,isenable,iskeyfunc,parent_id,pk_btn,resid,ts) values( 'ShowDisable',null,'显示停用数据',0,0,'N','Y',null,'1001AA10000000000O7W','1001AA10000000000O89','UC001-0000109','2018-11-17 15:49:17');
insert into sm_butnregister(btncode,btndesc,btnname,btnownertype,dr,isbuttonpower,isenable,iskeyfunc,parent_id,pk_btn,resid,ts) values( 'TempPreview',null,'模板预览',0,0,'N','Y',null,'1001AA10000000000O7W','1001AA10000000000O8A','UC001-0000113','2018-11-17 15:49:17');
insert into sm_butnregister(btncode,btndesc,btnname,btnownertype,dr,isbuttonpower,isenable,iskeyfunc,parent_id,pk_btn,resid,ts) values( 'TempPrint',null,'模板打印',0,0,'N','Y',null,'1001AA10000000000O7W','1001AA10000000000O8B','UC001-0000114','2018-11-17 15:49:17');
insert into sm_butnregister(btncode,btndesc,btnname,btnownertype,dr,isbuttonpower,isenable,iskeyfunc,parent_id,pk_btn,resid,ts) values( 'output',null,'输出',0,0,'N','Y',null,'1001AA10000000000O7W','1001AA10000000000O8C','UC001-0000148','2018-11-17 15:49:17');
insert into sm_paramregister(dr,paramname,paramvalue,parentid,pk_param,ts) values( 0,'BeanConfigFilePath','nc/ui/bd/defdoc/defdoc_listnode.xml','1001AA10000000000O7W','1001AA10000000000O7Y','2018-11-17 15:49:17');
insert into sm_paramregister(dr,paramname,paramvalue,parentid,pk_param,ts) values( 0,'defdoclistPk','1001AA10000000000O12','1001AA10000000000O7W','1001AA10000000000O7Z','2018-11-17 15:49:17');
insert into sm_busiactivereg(busi_pk,code,description,dr,name,ownertype,parent_id,pk_busiactive,resid,ts) values( 'C0J00153_Add','Add',null,0,'新增',0,'1001AA10000000000O7W','1001AA10000000000O8D','UC001-0000108','2018-11-17 15:49:17');
insert into sm_busiactivereg(busi_pk,code,description,dr,name,ownertype,parent_id,pk_busiactive,resid,ts) values( 'C0J00153_Edit','Edit',null,0,'维护',0,'1001AA10000000000O7W','1001AA10000000000O8E','UC001-0000159','2018-11-17 15:49:17');
insert into sm_busiactivereg(busi_pk,code,description,dr,name,ownertype,parent_id,pk_busiactive,resid,ts) values( 'C0J00153_Print','Print',null,0,'打印',0,'1001AA10000000000O7W','1001AA10000000000O8F','UC001-0000007','2018-11-17 15:49:17');
insert into sm_busiactivereg(busi_pk,code,description,dr,name,ownertype,parent_id,pk_busiactive,resid,ts) values( 'C0J00153_Enable','Enable',null,0,'启用',0,'1001AA10000000000O7W','1001AA10000000000O8G','UC001-0000111','2018-11-17 15:49:17');
insert into sm_busiactive_btn(dr,pk_busiactive,pk_butn,pk_relation,ts) values( 0,'1001AA10000000000O8D','1001AA10000000000O80','1001AA10000000000O8H','2018-11-17 15:49:17');
insert into sm_busiactive_btn(dr,pk_busiactive,pk_butn,pk_relation,ts) values( 0,'1001AA10000000000O8D','1001AA10000000000O81','1001AA10000000000O8I','2018-11-17 15:49:17');
insert into sm_busiactive_btn(dr,pk_busiactive,pk_butn,pk_relation,ts) values( 0,'1001AA10000000000O8D','1001AA10000000000O82','1001AA10000000000O8J','2018-11-17 15:49:17');
insert into sm_busiactive_btn(dr,pk_busiactive,pk_butn,pk_relation,ts) values( 0,'1001AA10000000000O8E','1001AA10000000000O81','1001AA10000000000O8K','2018-11-17 15:49:17');
insert into sm_busiactive_btn(dr,pk_busiactive,pk_butn,pk_relation,ts) values( 0,'1001AA10000000000O8E','1001AA10000000000O82','1001AA10000000000O8L','2018-11-17 15:49:17');
insert into sm_busiactive_btn(dr,pk_busiactive,pk_butn,pk_relation,ts) values( 0,'1001AA10000000000O8F','1001AA10000000000O8A','1001AA10000000000O8M','2018-11-17 15:49:17');
insert into sm_busiactive_btn(dr,pk_busiactive,pk_butn,pk_relation,ts) values( 0,'1001AA10000000000O8F','1001AA10000000000O8B','1001AA10000000000O8N','2018-11-17 15:49:17');
insert into sm_busiactive_btn(dr,pk_busiactive,pk_butn,pk_relation,ts) values( 0,'1001AA10000000000O8F','1001AA10000000000O8C','1001AA10000000000O8O','2018-11-17 15:49:17');
insert into sm_busiactive_btn(dr,pk_busiactive,pk_butn,pk_relation,ts) values( 0,'1001AA10000000000O8G','1001AA10000000000O86','1001AA10000000000O8P','2018-11-17 15:49:17');
insert into sm_busiactive_btn(dr,pk_busiactive,pk_butn,pk_relation,ts) values( 0,'1001AA10000000000O8G','1001AA10000000000O87','1001AA10000000000O8Q','2018-11-17 15:49:17');
insert into sm_menuitemreg(dr,funcode,iconpath,ismenutype,menudes,menuitemcode,menuitemname,nodeorder,pk_menu,pk_menuitem,resid,ts) values( 0,'C0J00153',null,'N','自定义档案C0J00116-分析类型','C0J00153','分析类型',null,'1004ZZ10000000000FFL','1001AA10000000000O7X',null,'2018-11-17 15:49:17');

insert into sm_funcregister(cfunid,class_name,dr,fun_desc,fun_name,fun_property,funcode,funtype,help_name,isbuttonpower,iscauserusable,isenable,isfunctype,mdid,orgtypecode,own_module,parent_id,pk_group,ts) values( '1001AA10000000000O8X','nc.ui.uif2.ToftPanelAdaptor',0,'自定义档案C0J00117-报告格式','报告格式',0,'C0J00165',0,'10140UDDB.htm','N',null,'Y','N','1001AA10000000000O2B','GLOBLE00000000000000','1014','0001Z010000000000XAE',null,'2018-11-17 15:49:31');
insert into sm_butnregister(btncode,btndesc,btnname,btnownertype,dr,isbuttonpower,isenable,iskeyfunc,parent_id,pk_btn,resid,ts) values( 'Add',null,'新增',0,0,'N','Y',null,'1001AA10000000000O8X','1001AA10000000000O91','UC001-0000108','2018-11-17 15:49:31');
insert into sm_butnregister(btncode,btndesc,btnname,btnownertype,dr,isbuttonpower,isenable,iskeyfunc,parent_id,pk_btn,resid,ts) values( 'Edit',null,'修改',0,0,'N','Y',null,'1001AA10000000000O8X','1001AA10000000000O92','UC001-0000045','2018-11-17 15:49:31');
insert into sm_butnregister(btncode,btndesc,btnname,btnownertype,dr,isbuttonpower,isenable,iskeyfunc,parent_id,pk_btn,resid,ts) values( 'Delete',null,'删除',0,0,'N','Y',null,'1001AA10000000000O8X','1001AA10000000000O93','UC001-0000039','2018-11-17 15:49:31');
insert into sm_butnregister(btncode,btndesc,btnname,btnownertype,dr,isbuttonpower,isenable,iskeyfunc,parent_id,pk_btn,resid,ts) values( 'Save',null,'保存',0,0,'N','Y',null,'1001AA10000000000O8X','1001AA10000000000O94','UC001-0000001','2018-11-17 15:49:31');
insert into sm_butnregister(btncode,btndesc,btnname,btnownertype,dr,isbuttonpower,isenable,iskeyfunc,parent_id,pk_btn,resid,ts) values( 'SaveAdd',null,'保存新增',0,0,'N','Y',null,'1001AA10000000000O8X','1001AA10000000000O95','UC001-0000115','2018-11-17 15:49:31');
insert into sm_butnregister(btncode,btndesc,btnname,btnownertype,dr,isbuttonpower,isenable,iskeyfunc,parent_id,pk_btn,resid,ts) values( 'Cancel',null,'取消',0,0,'N','Y',null,'1001AA10000000000O8X','1001AA10000000000O96','UC001-0000008','2018-11-17 15:49:31');
insert into sm_butnregister(btncode,btndesc,btnname,btnownertype,dr,isbuttonpower,isenable,iskeyfunc,parent_id,pk_btn,resid,ts) values( 'Enable',null,'启用',0,0,'N','Y',null,'1001AA10000000000O8X','1001AA10000000000O97','UC001-0000111','2018-11-17 15:49:31');
insert into sm_butnregister(btncode,btndesc,btnname,btnownertype,dr,isbuttonpower,isenable,iskeyfunc,parent_id,pk_btn,resid,ts) values( 'Disable',null,'停用',0,0,'N','Y',null,'1001AA10000000000O8X','1001AA10000000000O98','UC001-0000110','2018-11-17 15:49:31');
insert into sm_butnregister(btncode,btndesc,btnname,btnownertype,dr,isbuttonpower,isenable,iskeyfunc,parent_id,pk_btn,resid,ts) values( 'Refresh',null,'刷新',0,0,'N','Y',null,'1001AA10000000000O8X','1001AA10000000000O99','UC001-0000009','2018-11-17 15:49:31');
insert into sm_butnregister(btncode,btndesc,btnname,btnownertype,dr,isbuttonpower,isenable,iskeyfunc,parent_id,pk_btn,resid,ts) values( 'ShowDisable',null,'显示停用数据',0,0,'N','Y',null,'1001AA10000000000O8X','1001AA10000000000O9A','UC001-0000109','2018-11-17 15:49:31');
insert into sm_butnregister(btncode,btndesc,btnname,btnownertype,dr,isbuttonpower,isenable,iskeyfunc,parent_id,pk_btn,resid,ts) values( 'TempPreview',null,'模板预览',0,0,'N','Y',null,'1001AA10000000000O8X','1001AA10000000000O9B','UC001-0000113','2018-11-17 15:49:31');
insert into sm_butnregister(btncode,btndesc,btnname,btnownertype,dr,isbuttonpower,isenable,iskeyfunc,parent_id,pk_btn,resid,ts) values( 'TempPrint',null,'模板打印',0,0,'N','Y',null,'1001AA10000000000O8X','1001AA10000000000O9C','UC001-0000114','2018-11-17 15:49:31');
insert into sm_butnregister(btncode,btndesc,btnname,btnownertype,dr,isbuttonpower,isenable,iskeyfunc,parent_id,pk_btn,resid,ts) values( 'output',null,'输出',0,0,'N','Y',null,'1001AA10000000000O8X','1001AA10000000000O9D','UC001-0000148','2018-11-17 15:49:31');
insert into sm_paramregister(dr,paramname,paramvalue,parentid,pk_param,ts) values( 0,'BeanConfigFilePath','nc/ui/bd/defdoc/defdoc_listnode.xml','1001AA10000000000O8X','1001AA10000000000O8Z','2018-11-17 15:49:31');
insert into sm_paramregister(dr,paramname,paramvalue,parentid,pk_param,ts) values( 0,'defdoclistPk','1001AA10000000000O2B','1001AA10000000000O8X','1001AA10000000000O90','2018-11-17 15:49:31');
insert into sm_busiactivereg(busi_pk,code,description,dr,name,ownertype,parent_id,pk_busiactive,resid,ts) values( 'C0J00165_Add','Add',null,0,'新增',0,'1001AA10000000000O8X','1001AA10000000000O9E','UC001-0000108','2018-11-17 15:49:31');
insert into sm_busiactivereg(busi_pk,code,description,dr,name,ownertype,parent_id,pk_busiactive,resid,ts) values( 'C0J00165_Edit','Edit',null,0,'维护',0,'1001AA10000000000O8X','1001AA10000000000O9F','UC001-0000159','2018-11-17 15:49:31');
insert into sm_busiactivereg(busi_pk,code,description,dr,name,ownertype,parent_id,pk_busiactive,resid,ts) values( 'C0J00165_Print','Print',null,0,'打印',0,'1001AA10000000000O8X','1001AA10000000000O9G','UC001-0000007','2018-11-17 15:49:31');
insert into sm_busiactivereg(busi_pk,code,description,dr,name,ownertype,parent_id,pk_busiactive,resid,ts) values( 'C0J00165_Enable','Enable',null,0,'启用',0,'1001AA10000000000O8X','1001AA10000000000O9H','UC001-0000111','2018-11-17 15:49:31');
insert into sm_busiactive_btn(dr,pk_busiactive,pk_butn,pk_relation,ts) values( 0,'1001AA10000000000O9E','1001AA10000000000O91','1001AA10000000000O9I','2018-11-17 15:49:31');
insert into sm_busiactive_btn(dr,pk_busiactive,pk_butn,pk_relation,ts) values( 0,'1001AA10000000000O9E','1001AA10000000000O92','1001AA10000000000O9J','2018-11-17 15:49:31');
insert into sm_busiactive_btn(dr,pk_busiactive,pk_butn,pk_relation,ts) values( 0,'1001AA10000000000O9E','1001AA10000000000O93','1001AA10000000000O9K','2018-11-17 15:49:31');
insert into sm_busiactive_btn(dr,pk_busiactive,pk_butn,pk_relation,ts) values( 0,'1001AA10000000000O9F','1001AA10000000000O92','1001AA10000000000O9L','2018-11-17 15:49:31');
insert into sm_busiactive_btn(dr,pk_busiactive,pk_butn,pk_relation,ts) values( 0,'1001AA10000000000O9F','1001AA10000000000O93','1001AA10000000000O9M','2018-11-17 15:49:31');
insert into sm_busiactive_btn(dr,pk_busiactive,pk_butn,pk_relation,ts) values( 0,'1001AA10000000000O9G','1001AA10000000000O9B','1001AA10000000000O9N','2018-11-17 15:49:31');
insert into sm_busiactive_btn(dr,pk_busiactive,pk_butn,pk_relation,ts) values( 0,'1001AA10000000000O9G','1001AA10000000000O9C','1001AA10000000000O9O','2018-11-17 15:49:31');
insert into sm_busiactive_btn(dr,pk_busiactive,pk_butn,pk_relation,ts) values( 0,'1001AA10000000000O9G','1001AA10000000000O9D','1001AA10000000000O9P','2018-11-17 15:49:31');
insert into sm_busiactive_btn(dr,pk_busiactive,pk_butn,pk_relation,ts) values( 0,'1001AA10000000000O9H','1001AA10000000000O97','1001AA10000000000O9Q','2018-11-17 15:49:31');
insert into sm_busiactive_btn(dr,pk_busiactive,pk_butn,pk_relation,ts) values( 0,'1001AA10000000000O9H','1001AA10000000000O98','1001AA10000000000O9R','2018-11-17 15:49:31');
insert into sm_menuitemreg(dr,funcode,iconpath,ismenutype,menudes,menuitemcode,menuitemname,nodeorder,pk_menu,pk_menuitem,resid,ts) values( 0,'C0J00165',null,'N','自定义档案C0J00117-报告格式','C0J00165','报告格式',null,'1004ZZ10000000000FFL','1001AA10000000000O8Y',null,'2018-11-17 15:49:31');

insert into sm_funcregister(cfunid,class_name,dr,fun_desc,fun_name,fun_property,funcode,funtype,help_name,isbuttonpower,iscauserusable,isenable,isfunctype,mdid,orgtypecode,own_module,parent_id,pk_group,ts) values( '1001AA10000000000O9Y','nc.ui.uif2.ToftPanelAdaptor',0,'自定义档案C0J00118-报告语言','报告语言',0,'C0J00170',0,'10140UDDB.htm','N',null,'Y','N','1001AA10000000000O3K','GLOBLE00000000000000','1014','0001Z010000000000XAE',null,'2018-11-17 15:49:45');
insert into sm_butnregister(btncode,btndesc,btnname,btnownertype,dr,isbuttonpower,isenable,iskeyfunc,parent_id,pk_btn,resid,ts) values( 'Add',null,'新增',0,0,'N','Y',null,'1001AA10000000000O9Y','1001AA10000000000OA2','UC001-0000108','2018-11-17 15:49:45');
insert into sm_butnregister(btncode,btndesc,btnname,btnownertype,dr,isbuttonpower,isenable,iskeyfunc,parent_id,pk_btn,resid,ts) values( 'Edit',null,'修改',0,0,'N','Y',null,'1001AA10000000000O9Y','1001AA10000000000OA3','UC001-0000045','2018-11-17 15:49:45');
insert into sm_butnregister(btncode,btndesc,btnname,btnownertype,dr,isbuttonpower,isenable,iskeyfunc,parent_id,pk_btn,resid,ts) values( 'Delete',null,'删除',0,0,'N','Y',null,'1001AA10000000000O9Y','1001AA10000000000OA4','UC001-0000039','2018-11-17 15:49:45');
insert into sm_butnregister(btncode,btndesc,btnname,btnownertype,dr,isbuttonpower,isenable,iskeyfunc,parent_id,pk_btn,resid,ts) values( 'Save',null,'保存',0,0,'N','Y',null,'1001AA10000000000O9Y','1001AA10000000000OA5','UC001-0000001','2018-11-17 15:49:45');
insert into sm_butnregister(btncode,btndesc,btnname,btnownertype,dr,isbuttonpower,isenable,iskeyfunc,parent_id,pk_btn,resid,ts) values( 'SaveAdd',null,'保存新增',0,0,'N','Y',null,'1001AA10000000000O9Y','1001AA10000000000OA6','UC001-0000115','2018-11-17 15:49:45');
insert into sm_butnregister(btncode,btndesc,btnname,btnownertype,dr,isbuttonpower,isenable,iskeyfunc,parent_id,pk_btn,resid,ts) values( 'Cancel',null,'取消',0,0,'N','Y',null,'1001AA10000000000O9Y','1001AA10000000000OA7','UC001-0000008','2018-11-17 15:49:45');
insert into sm_butnregister(btncode,btndesc,btnname,btnownertype,dr,isbuttonpower,isenable,iskeyfunc,parent_id,pk_btn,resid,ts) values( 'Enable',null,'启用',0,0,'N','Y',null,'1001AA10000000000O9Y','1001AA10000000000OA8','UC001-0000111','2018-11-17 15:49:45');
insert into sm_butnregister(btncode,btndesc,btnname,btnownertype,dr,isbuttonpower,isenable,iskeyfunc,parent_id,pk_btn,resid,ts) values( 'Disable',null,'停用',0,0,'N','Y',null,'1001AA10000000000O9Y','1001AA10000000000OA9','UC001-0000110','2018-11-17 15:49:45');
insert into sm_butnregister(btncode,btndesc,btnname,btnownertype,dr,isbuttonpower,isenable,iskeyfunc,parent_id,pk_btn,resid,ts) values( 'Refresh',null,'刷新',0,0,'N','Y',null,'1001AA10000000000O9Y','1001AA10000000000OAA','UC001-0000009','2018-11-17 15:49:45');
insert into sm_butnregister(btncode,btndesc,btnname,btnownertype,dr,isbuttonpower,isenable,iskeyfunc,parent_id,pk_btn,resid,ts) values( 'ShowDisable',null,'显示停用数据',0,0,'N','Y',null,'1001AA10000000000O9Y','1001AA10000000000OAB','UC001-0000109','2018-11-17 15:49:45');
insert into sm_butnregister(btncode,btndesc,btnname,btnownertype,dr,isbuttonpower,isenable,iskeyfunc,parent_id,pk_btn,resid,ts) values( 'TempPreview',null,'模板预览',0,0,'N','Y',null,'1001AA10000000000O9Y','1001AA10000000000OAC','UC001-0000113','2018-11-17 15:49:45');
insert into sm_butnregister(btncode,btndesc,btnname,btnownertype,dr,isbuttonpower,isenable,iskeyfunc,parent_id,pk_btn,resid,ts) values( 'TempPrint',null,'模板打印',0,0,'N','Y',null,'1001AA10000000000O9Y','1001AA10000000000OAD','UC001-0000114','2018-11-17 15:49:45');
insert into sm_butnregister(btncode,btndesc,btnname,btnownertype,dr,isbuttonpower,isenable,iskeyfunc,parent_id,pk_btn,resid,ts) values( 'output',null,'输出',0,0,'N','Y',null,'1001AA10000000000O9Y','1001AA10000000000OAE','UC001-0000148','2018-11-17 15:49:45');
insert into sm_paramregister(dr,paramname,paramvalue,parentid,pk_param,ts) values( 0,'BeanConfigFilePath','nc/ui/bd/defdoc/defdoc_listnode.xml','1001AA10000000000O9Y','1001AA10000000000OA0','2018-11-17 15:49:45');
insert into sm_paramregister(dr,paramname,paramvalue,parentid,pk_param,ts) values( 0,'defdoclistPk','1001AA10000000000O3K','1001AA10000000000O9Y','1001AA10000000000OA1','2018-11-17 15:49:45');
insert into sm_busiactivereg(busi_pk,code,description,dr,name,ownertype,parent_id,pk_busiactive,resid,ts) values( 'C0J00170_Add','Add',null,0,'新增',0,'1001AA10000000000O9Y','1001AA10000000000OAF','UC001-0000108','2018-11-17 15:49:45');
insert into sm_busiactivereg(busi_pk,code,description,dr,name,ownertype,parent_id,pk_busiactive,resid,ts) values( 'C0J00170_Edit','Edit',null,0,'维护',0,'1001AA10000000000O9Y','1001AA10000000000OAG','UC001-0000159','2018-11-17 15:49:45');
insert into sm_busiactivereg(busi_pk,code,description,dr,name,ownertype,parent_id,pk_busiactive,resid,ts) values( 'C0J00170_Print','Print',null,0,'打印',0,'1001AA10000000000O9Y','1001AA10000000000OAH','UC001-0000007','2018-11-17 15:49:45');
insert into sm_busiactivereg(busi_pk,code,description,dr,name,ownertype,parent_id,pk_busiactive,resid,ts) values( 'C0J00170_Enable','Enable',null,0,'启用',0,'1001AA10000000000O9Y','1001AA10000000000OAI','UC001-0000111','2018-11-17 15:49:45');
insert into sm_busiactive_btn(dr,pk_busiactive,pk_butn,pk_relation,ts) values( 0,'1001AA10000000000OAF','1001AA10000000000OA2','1001AA10000000000OAJ','2018-11-17 15:49:45');
insert into sm_busiactive_btn(dr,pk_busiactive,pk_butn,pk_relation,ts) values( 0,'1001AA10000000000OAF','1001AA10000000000OA3','1001AA10000000000OAK','2018-11-17 15:49:45');
insert into sm_busiactive_btn(dr,pk_busiactive,pk_butn,pk_relation,ts) values( 0,'1001AA10000000000OAF','1001AA10000000000OA4','1001AA10000000000OAL','2018-11-17 15:49:45');
insert into sm_busiactive_btn(dr,pk_busiactive,pk_butn,pk_relation,ts) values( 0,'1001AA10000000000OAG','1001AA10000000000OA3','1001AA10000000000OAM','2018-11-17 15:49:45');
insert into sm_busiactive_btn(dr,pk_busiactive,pk_butn,pk_relation,ts) values( 0,'1001AA10000000000OAG','1001AA10000000000OA4','1001AA10000000000OAN','2018-11-17 15:49:45');
insert into sm_busiactive_btn(dr,pk_busiactive,pk_butn,pk_relation,ts) values( 0,'1001AA10000000000OAH','1001AA10000000000OAC','1001AA10000000000OAO','2018-11-17 15:49:45');
insert into sm_busiactive_btn(dr,pk_busiactive,pk_butn,pk_relation,ts) values( 0,'1001AA10000000000OAH','1001AA10000000000OAD','1001AA10000000000OAP','2018-11-17 15:49:45');
insert into sm_busiactive_btn(dr,pk_busiactive,pk_butn,pk_relation,ts) values( 0,'1001AA10000000000OAH','1001AA10000000000OAE','1001AA10000000000OAQ','2018-11-17 15:49:45');
insert into sm_busiactive_btn(dr,pk_busiactive,pk_butn,pk_relation,ts) values( 0,'1001AA10000000000OAI','1001AA10000000000OA8','1001AA10000000000OAR','2018-11-17 15:49:45');
insert into sm_busiactive_btn(dr,pk_busiactive,pk_butn,pk_relation,ts) values( 0,'1001AA10000000000OAI','1001AA10000000000OA9','1001AA10000000000OAS','2018-11-17 15:49:45');
insert into sm_menuitemreg(dr,funcode,iconpath,ismenutype,menudes,menuitemcode,menuitemname,nodeorder,pk_menu,pk_menuitem,resid,ts) values( 0,'C0J00170',null,'N','自定义档案C0J00118-报告语言','C0J00170','报告语言',null,'1004ZZ10000000000FFL','1001AA10000000000O9Z',null,'2018-11-17 15:49:45');

insert into sm_funcregister(cfunid,class_name,dr,fun_desc,fun_name,fun_property,funcode,funtype,help_name,isbuttonpower,iscauserusable,isenable,isfunctype,mdid,orgtypecode,own_module,parent_id,pk_group,ts) values( '1001AA10000000002IE3','nc.ui.uif2.ToftPanelAdaptor',0,'自定义档案C0J00123-TestList','Test List',0,'C0J00174',0,'10140UDDB.htm','N',null,'Y','N','1001AA10000000002IAC','GLOBLE00000000000000','1014','0001Z010000000000XAE',null,'2018-11-24 12:20:14');
insert into sm_butnregister(btncode,btndesc,btnname,btnownertype,dr,isbuttonpower,isenable,iskeyfunc,parent_id,pk_btn,resid,ts) values( 'Add',null,'新增',0,0,'N','Y',null,'1001AA10000000002IE3','1001AA10000000002IE7','UC001-0000108','2018-11-24 12:20:16');
insert into sm_butnregister(btncode,btndesc,btnname,btnownertype,dr,isbuttonpower,isenable,iskeyfunc,parent_id,pk_btn,resid,ts) values( 'Edit',null,'修改',0,0,'N','Y',null,'1001AA10000000002IE3','1001AA10000000002IE8','UC001-0000045','2018-11-24 12:20:16');
insert into sm_butnregister(btncode,btndesc,btnname,btnownertype,dr,isbuttonpower,isenable,iskeyfunc,parent_id,pk_btn,resid,ts) values( 'Delete',null,'删除',0,0,'N','Y',null,'1001AA10000000002IE3','1001AA10000000002IE9','UC001-0000039','2018-11-24 12:20:16');
insert into sm_butnregister(btncode,btndesc,btnname,btnownertype,dr,isbuttonpower,isenable,iskeyfunc,parent_id,pk_btn,resid,ts) values( 'Save',null,'保存',0,0,'N','Y',null,'1001AA10000000002IE3','1001AA10000000002IEA','UC001-0000001','2018-11-24 12:20:16');
insert into sm_butnregister(btncode,btndesc,btnname,btnownertype,dr,isbuttonpower,isenable,iskeyfunc,parent_id,pk_btn,resid,ts) values( 'SaveAdd',null,'保存新增',0,0,'N','Y',null,'1001AA10000000002IE3','1001AA10000000002IEB','UC001-0000115','2018-11-24 12:20:16');
insert into sm_butnregister(btncode,btndesc,btnname,btnownertype,dr,isbuttonpower,isenable,iskeyfunc,parent_id,pk_btn,resid,ts) values( 'Cancel',null,'取消',0,0,'N','Y',null,'1001AA10000000002IE3','1001AA10000000002IEC','UC001-0000008','2018-11-24 12:20:16');
insert into sm_butnregister(btncode,btndesc,btnname,btnownertype,dr,isbuttonpower,isenable,iskeyfunc,parent_id,pk_btn,resid,ts) values( 'Enable',null,'启用',0,0,'N','Y',null,'1001AA10000000002IE3','1001AA10000000002IED','UC001-0000111','2018-11-24 12:20:16');
insert into sm_butnregister(btncode,btndesc,btnname,btnownertype,dr,isbuttonpower,isenable,iskeyfunc,parent_id,pk_btn,resid,ts) values( 'Disable',null,'停用',0,0,'N','Y',null,'1001AA10000000002IE3','1001AA10000000002IEE','UC001-0000110','2018-11-24 12:20:16');
insert into sm_butnregister(btncode,btndesc,btnname,btnownertype,dr,isbuttonpower,isenable,iskeyfunc,parent_id,pk_btn,resid,ts) values( 'Refresh',null,'刷新',0,0,'N','Y',null,'1001AA10000000002IE3','1001AA10000000002IEF','UC001-0000009','2018-11-24 12:20:16');
insert into sm_butnregister(btncode,btndesc,btnname,btnownertype,dr,isbuttonpower,isenable,iskeyfunc,parent_id,pk_btn,resid,ts) values( 'ShowDisable',null,'显示停用数据',0,0,'N','Y',null,'1001AA10000000002IE3','1001AA10000000002IEG','UC001-0000109','2018-11-24 12:20:16');
insert into sm_butnregister(btncode,btndesc,btnname,btnownertype,dr,isbuttonpower,isenable,iskeyfunc,parent_id,pk_btn,resid,ts) values( 'TempPreview',null,'模板预览',0,0,'N','Y',null,'1001AA10000000002IE3','1001AA10000000002IEH','UC001-0000113','2018-11-24 12:20:16');
insert into sm_butnregister(btncode,btndesc,btnname,btnownertype,dr,isbuttonpower,isenable,iskeyfunc,parent_id,pk_btn,resid,ts) values( 'TempPrint',null,'模板打印',0,0,'N','Y',null,'1001AA10000000002IE3','1001AA10000000002IEI','UC001-0000114','2018-11-24 12:20:16');
insert into sm_butnregister(btncode,btndesc,btnname,btnownertype,dr,isbuttonpower,isenable,iskeyfunc,parent_id,pk_btn,resid,ts) values( 'output',null,'输出',0,0,'N','Y',null,'1001AA10000000002IE3','1001AA10000000002IEJ','UC001-0000148','2018-11-24 12:20:16');
insert into sm_paramregister(dr,paramname,paramvalue,parentid,pk_param,ts) values( 0,'BeanConfigFilePath','nc/ui/bd/defdoc/defdoc_listnode.xml','1001AA10000000002IE3','1001AA10000000002IE5','2018-11-24 12:20:15');
insert into sm_paramregister(dr,paramname,paramvalue,parentid,pk_param,ts) values( 0,'defdoclistPk','1001AA10000000002IAC','1001AA10000000002IE3','1001AA10000000002IE6','2018-11-24 12:20:15');
insert into sm_busiactivereg(busi_pk,code,description,dr,name,ownertype,parent_id,pk_busiactive,resid,ts) values( 'C0J00174_Add','Add',null,0,'新增',0,'1001AA10000000002IE3','1001AA10000000002IEK','UC001-0000108','2018-11-24 12:20:16');
insert into sm_busiactivereg(busi_pk,code,description,dr,name,ownertype,parent_id,pk_busiactive,resid,ts) values( 'C0J00174_Edit','Edit',null,0,'维护',0,'1001AA10000000002IE3','1001AA10000000002IEL','UC001-0000159','2018-11-24 12:20:16');
insert into sm_busiactivereg(busi_pk,code,description,dr,name,ownertype,parent_id,pk_busiactive,resid,ts) values( 'C0J00174_Print','Print',null,0,'打印',0,'1001AA10000000002IE3','1001AA10000000002IEM','UC001-0000007','2018-11-24 12:20:16');
insert into sm_busiactivereg(busi_pk,code,description,dr,name,ownertype,parent_id,pk_busiactive,resid,ts) values( 'C0J00174_Enable','Enable',null,0,'启用',0,'1001AA10000000002IE3','1001AA10000000002IEN','UC001-0000111','2018-11-24 12:20:16');
insert into sm_busiactive_btn(dr,pk_busiactive,pk_butn,pk_relation,ts) values( 0,'1001AA10000000002IEK','1001AA10000000002IE7','1001AA10000000002IEO','2018-11-24 12:20:17');
insert into sm_busiactive_btn(dr,pk_busiactive,pk_butn,pk_relation,ts) values( 0,'1001AA10000000002IEK','1001AA10000000002IE8','1001AA10000000002IEP','2018-11-24 12:20:17');
insert into sm_busiactive_btn(dr,pk_busiactive,pk_butn,pk_relation,ts) values( 0,'1001AA10000000002IEK','1001AA10000000002IE9','1001AA10000000002IEQ','2018-11-24 12:20:17');
insert into sm_busiactive_btn(dr,pk_busiactive,pk_butn,pk_relation,ts) values( 0,'1001AA10000000002IEL','1001AA10000000002IE8','1001AA10000000002IER','2018-11-24 12:20:17');
insert into sm_busiactive_btn(dr,pk_busiactive,pk_butn,pk_relation,ts) values( 0,'1001AA10000000002IEL','1001AA10000000002IE9','1001AA10000000002IES','2018-11-24 12:20:17');
insert into sm_busiactive_btn(dr,pk_busiactive,pk_butn,pk_relation,ts) values( 0,'1001AA10000000002IEM','1001AA10000000002IEH','1001AA10000000002IET','2018-11-24 12:20:17');
insert into sm_busiactive_btn(dr,pk_busiactive,pk_butn,pk_relation,ts) values( 0,'1001AA10000000002IEM','1001AA10000000002IEI','1001AA10000000002IEU','2018-11-24 12:20:17');
insert into sm_busiactive_btn(dr,pk_busiactive,pk_butn,pk_relation,ts) values( 0,'1001AA10000000002IEM','1001AA10000000002IEJ','1001AA10000000002IEV','2018-11-24 12:20:17');
insert into sm_busiactive_btn(dr,pk_busiactive,pk_butn,pk_relation,ts) values( 0,'1001AA10000000002IEN','1001AA10000000002IED','1001AA10000000002IEW','2018-11-24 12:20:17');
insert into sm_busiactive_btn(dr,pk_busiactive,pk_butn,pk_relation,ts) values( 0,'1001AA10000000002IEN','1001AA10000000002IEE','1001AA10000000002IEX','2018-11-24 12:20:17');
insert into sm_menuitemreg(dr,funcode,iconpath,ismenutype,menudes,menuitemcode,menuitemname,nodeorder,pk_menu,pk_menuitem,resid,ts) values( 0,'C0J00174',null,'N','自定义档案C0J00123-TestList','C0J00174','Test List',null,'1004ZZ10000000000FFL','1001AA10000000002IE4',null,'2018-11-24 12:20:15');

insert into sm_funcregister(cfunid,class_name,dr,fun_desc,fun_name,fun_property,funcode,funtype,help_name,isbuttonpower,iscauserusable,isenable,isfunctype,mdid,orgtypecode,own_module,parent_id,pk_group,ts) values( '1001AA10000000002IF4','nc.ui.uif2.ToftPanelAdaptor',0,'自定义档案C0J00124-ReportedName','ReportedName',0,'C0J00176',0,'10140UDDB.htm','N',null,'Y','N','1001AA10000000002IBL','GLOBLE00000000000000','1014','0001Z010000000000XAE',null,'2018-11-24 12:21:01');
insert into sm_butnregister(btncode,btndesc,btnname,btnownertype,dr,isbuttonpower,isenable,iskeyfunc,parent_id,pk_btn,resid,ts) values( 'Add',null,'新增',0,0,'N','Y',null,'1001AA10000000002IF4','1001AA10000000002IF8','UC001-0000108','2018-11-24 12:21:01');
insert into sm_butnregister(btncode,btndesc,btnname,btnownertype,dr,isbuttonpower,isenable,iskeyfunc,parent_id,pk_btn,resid,ts) values( 'Edit',null,'修改',0,0,'N','Y',null,'1001AA10000000002IF4','1001AA10000000002IF9','UC001-0000045','2018-11-24 12:21:01');
insert into sm_butnregister(btncode,btndesc,btnname,btnownertype,dr,isbuttonpower,isenable,iskeyfunc,parent_id,pk_btn,resid,ts) values( 'Delete',null,'删除',0,0,'N','Y',null,'1001AA10000000002IF4','1001AA10000000002IFA','UC001-0000039','2018-11-24 12:21:01');
insert into sm_butnregister(btncode,btndesc,btnname,btnownertype,dr,isbuttonpower,isenable,iskeyfunc,parent_id,pk_btn,resid,ts) values( 'Save',null,'保存',0,0,'N','Y',null,'1001AA10000000002IF4','1001AA10000000002IFB','UC001-0000001','2018-11-24 12:21:01');
insert into sm_butnregister(btncode,btndesc,btnname,btnownertype,dr,isbuttonpower,isenable,iskeyfunc,parent_id,pk_btn,resid,ts) values( 'SaveAdd',null,'保存新增',0,0,'N','Y',null,'1001AA10000000002IF4','1001AA10000000002IFC','UC001-0000115','2018-11-24 12:21:01');
insert into sm_butnregister(btncode,btndesc,btnname,btnownertype,dr,isbuttonpower,isenable,iskeyfunc,parent_id,pk_btn,resid,ts) values( 'Cancel',null,'取消',0,0,'N','Y',null,'1001AA10000000002IF4','1001AA10000000002IFD','UC001-0000008','2018-11-24 12:21:01');
insert into sm_butnregister(btncode,btndesc,btnname,btnownertype,dr,isbuttonpower,isenable,iskeyfunc,parent_id,pk_btn,resid,ts) values( 'Enable',null,'启用',0,0,'N','Y',null,'1001AA10000000002IF4','1001AA10000000002IFE','UC001-0000111','2018-11-24 12:21:01');
insert into sm_butnregister(btncode,btndesc,btnname,btnownertype,dr,isbuttonpower,isenable,iskeyfunc,parent_id,pk_btn,resid,ts) values( 'Disable',null,'停用',0,0,'N','Y',null,'1001AA10000000002IF4','1001AA10000000002IFF','UC001-0000110','2018-11-24 12:21:01');
insert into sm_butnregister(btncode,btndesc,btnname,btnownertype,dr,isbuttonpower,isenable,iskeyfunc,parent_id,pk_btn,resid,ts) values( 'Refresh',null,'刷新',0,0,'N','Y',null,'1001AA10000000002IF4','1001AA10000000002IFG','UC001-0000009','2018-11-24 12:21:01');
insert into sm_butnregister(btncode,btndesc,btnname,btnownertype,dr,isbuttonpower,isenable,iskeyfunc,parent_id,pk_btn,resid,ts) values( 'ShowDisable',null,'显示停用数据',0,0,'N','Y',null,'1001AA10000000002IF4','1001AA10000000002IFH','UC001-0000109','2018-11-24 12:21:01');
insert into sm_butnregister(btncode,btndesc,btnname,btnownertype,dr,isbuttonpower,isenable,iskeyfunc,parent_id,pk_btn,resid,ts) values( 'TempPreview',null,'模板预览',0,0,'N','Y',null,'1001AA10000000002IF4','1001AA10000000002IFI','UC001-0000113','2018-11-24 12:21:01');
insert into sm_butnregister(btncode,btndesc,btnname,btnownertype,dr,isbuttonpower,isenable,iskeyfunc,parent_id,pk_btn,resid,ts) values( 'TempPrint',null,'模板打印',0,0,'N','Y',null,'1001AA10000000002IF4','1001AA10000000002IFJ','UC001-0000114','2018-11-24 12:21:01');
insert into sm_butnregister(btncode,btndesc,btnname,btnownertype,dr,isbuttonpower,isenable,iskeyfunc,parent_id,pk_btn,resid,ts) values( 'output',null,'输出',0,0,'N','Y',null,'1001AA10000000002IF4','1001AA10000000002IFK','UC001-0000148','2018-11-24 12:21:01');
insert into sm_paramregister(dr,paramname,paramvalue,parentid,pk_param,ts) values( 0,'BeanConfigFilePath','nc/ui/bd/defdoc/defdoc_listnode.xml','1001AA10000000002IF4','1001AA10000000002IF6','2018-11-24 12:21:01');
insert into sm_paramregister(dr,paramname,paramvalue,parentid,pk_param,ts) values( 0,'defdoclistPk','1001AA10000000002IBL','1001AA10000000002IF4','1001AA10000000002IF7','2018-11-24 12:21:01');
insert into sm_busiactivereg(busi_pk,code,description,dr,name,ownertype,parent_id,pk_busiactive,resid,ts) values( 'C0J00176_Add','Add',null,0,'新增',0,'1001AA10000000002IF4','1001AA10000000002IFL','UC001-0000108','2018-11-24 12:21:01');
insert into sm_busiactivereg(busi_pk,code,description,dr,name,ownertype,parent_id,pk_busiactive,resid,ts) values( 'C0J00176_Edit','Edit',null,0,'维护',0,'1001AA10000000002IF4','1001AA10000000002IFM','UC001-0000159','2018-11-24 12:21:01');
insert into sm_busiactivereg(busi_pk,code,description,dr,name,ownertype,parent_id,pk_busiactive,resid,ts) values( 'C0J00176_Print','Print',null,0,'打印',0,'1001AA10000000002IF4','1001AA10000000002IFN','UC001-0000007','2018-11-24 12:21:01');
insert into sm_busiactivereg(busi_pk,code,description,dr,name,ownertype,parent_id,pk_busiactive,resid,ts) values( 'C0J00176_Enable','Enable',null,0,'启用',0,'1001AA10000000002IF4','1001AA10000000002IFO','UC001-0000111','2018-11-24 12:21:01');
insert into sm_busiactive_btn(dr,pk_busiactive,pk_butn,pk_relation,ts) values( 0,'1001AA10000000002IFL','1001AA10000000002IF8','1001AA10000000002IFP','2018-11-24 12:21:01');
insert into sm_busiactive_btn(dr,pk_busiactive,pk_butn,pk_relation,ts) values( 0,'1001AA10000000002IFL','1001AA10000000002IF9','1001AA10000000002IFQ','2018-11-24 12:21:01');
insert into sm_busiactive_btn(dr,pk_busiactive,pk_butn,pk_relation,ts) values( 0,'1001AA10000000002IFL','1001AA10000000002IFA','1001AA10000000002IFR','2018-11-24 12:21:01');
insert into sm_busiactive_btn(dr,pk_busiactive,pk_butn,pk_relation,ts) values( 0,'1001AA10000000002IFM','1001AA10000000002IF9','1001AA10000000002IFS','2018-11-24 12:21:01');
insert into sm_busiactive_btn(dr,pk_busiactive,pk_butn,pk_relation,ts) values( 0,'1001AA10000000002IFM','1001AA10000000002IFA','1001AA10000000002IFT','2018-11-24 12:21:01');
insert into sm_busiactive_btn(dr,pk_busiactive,pk_butn,pk_relation,ts) values( 0,'1001AA10000000002IFN','1001AA10000000002IFI','1001AA10000000002IFU','2018-11-24 12:21:01');
insert into sm_busiactive_btn(dr,pk_busiactive,pk_butn,pk_relation,ts) values( 0,'1001AA10000000002IFN','1001AA10000000002IFJ','1001AA10000000002IFV','2018-11-24 12:21:01');
insert into sm_busiactive_btn(dr,pk_busiactive,pk_butn,pk_relation,ts) values( 0,'1001AA10000000002IFN','1001AA10000000002IFK','1001AA10000000002IFW','2018-11-24 12:21:01');
insert into sm_busiactive_btn(dr,pk_busiactive,pk_butn,pk_relation,ts) values( 0,'1001AA10000000002IFO','1001AA10000000002IFE','1001AA10000000002IFX','2018-11-24 12:21:01');
insert into sm_busiactive_btn(dr,pk_busiactive,pk_butn,pk_relation,ts) values( 0,'1001AA10000000002IFO','1001AA10000000002IFF','1001AA10000000002IFY','2018-11-24 12:21:01');
insert into sm_menuitemreg(dr,funcode,iconpath,ismenutype,menudes,menuitemcode,menuitemname,nodeorder,pk_menu,pk_menuitem,resid,ts) values( 0,'C0J00176',null,'N','自定义档案C0J00124-ReportedName','C0J00176','ReportedName',null,'1004ZZ10000000000FFL','1001AA10000000002IF5',null,'2018-11-24 12:21:01');

insert into sm_funcregister(cfunid,class_name,dr,fun_desc,fun_name,fun_property,funcode,funtype,help_name,isbuttonpower,iscauserusable,isenable,isfunctype,mdid,orgtypecode,own_module,parent_id,pk_group,ts) values( '1001AA10000000002IG5','nc.ui.uif2.ToftPanelAdaptor',0,'自定义档案C0J00125-TAnalysisMethod','T Analysis Method',0,'C0J00177',0,'10140UDDB.htm','N',null,'Y','N','1001AA10000000002ICU','GLOBLE00000000000000','1014','0001Z010000000000XAE',null,'2018-11-24 12:21:46');
insert into sm_butnregister(btncode,btndesc,btnname,btnownertype,dr,isbuttonpower,isenable,iskeyfunc,parent_id,pk_btn,resid,ts) values( 'Add',null,'新增',0,0,'N','Y',null,'1001AA10000000002IG5','1001AA10000000002IG9','UC001-0000108','2018-11-24 12:21:47');
insert into sm_butnregister(btncode,btndesc,btnname,btnownertype,dr,isbuttonpower,isenable,iskeyfunc,parent_id,pk_btn,resid,ts) values( 'Edit',null,'修改',0,0,'N','Y',null,'1001AA10000000002IG5','1001AA10000000002IGA','UC001-0000045','2018-11-24 12:21:47');
insert into sm_butnregister(btncode,btndesc,btnname,btnownertype,dr,isbuttonpower,isenable,iskeyfunc,parent_id,pk_btn,resid,ts) values( 'Delete',null,'删除',0,0,'N','Y',null,'1001AA10000000002IG5','1001AA10000000002IGB','UC001-0000039','2018-11-24 12:21:47');
insert into sm_butnregister(btncode,btndesc,btnname,btnownertype,dr,isbuttonpower,isenable,iskeyfunc,parent_id,pk_btn,resid,ts) values( 'Save',null,'保存',0,0,'N','Y',null,'1001AA10000000002IG5','1001AA10000000002IGC','UC001-0000001','2018-11-24 12:21:47');
insert into sm_butnregister(btncode,btndesc,btnname,btnownertype,dr,isbuttonpower,isenable,iskeyfunc,parent_id,pk_btn,resid,ts) values( 'SaveAdd',null,'保存新增',0,0,'N','Y',null,'1001AA10000000002IG5','1001AA10000000002IGD','UC001-0000115','2018-11-24 12:21:47');
insert into sm_butnregister(btncode,btndesc,btnname,btnownertype,dr,isbuttonpower,isenable,iskeyfunc,parent_id,pk_btn,resid,ts) values( 'Cancel',null,'取消',0,0,'N','Y',null,'1001AA10000000002IG5','1001AA10000000002IGE','UC001-0000008','2018-11-24 12:21:47');
insert into sm_butnregister(btncode,btndesc,btnname,btnownertype,dr,isbuttonpower,isenable,iskeyfunc,parent_id,pk_btn,resid,ts) values( 'Enable',null,'启用',0,0,'N','Y',null,'1001AA10000000002IG5','1001AA10000000002IGF','UC001-0000111','2018-11-24 12:21:47');
insert into sm_butnregister(btncode,btndesc,btnname,btnownertype,dr,isbuttonpower,isenable,iskeyfunc,parent_id,pk_btn,resid,ts) values( 'Disable',null,'停用',0,0,'N','Y',null,'1001AA10000000002IG5','1001AA10000000002IGG','UC001-0000110','2018-11-24 12:21:47');
insert into sm_butnregister(btncode,btndesc,btnname,btnownertype,dr,isbuttonpower,isenable,iskeyfunc,parent_id,pk_btn,resid,ts) values( 'Refresh',null,'刷新',0,0,'N','Y',null,'1001AA10000000002IG5','1001AA10000000002IGH','UC001-0000009','2018-11-24 12:21:47');
insert into sm_butnregister(btncode,btndesc,btnname,btnownertype,dr,isbuttonpower,isenable,iskeyfunc,parent_id,pk_btn,resid,ts) values( 'ShowDisable',null,'显示停用数据',0,0,'N','Y',null,'1001AA10000000002IG5','1001AA10000000002IGI','UC001-0000109','2018-11-24 12:21:47');
insert into sm_butnregister(btncode,btndesc,btnname,btnownertype,dr,isbuttonpower,isenable,iskeyfunc,parent_id,pk_btn,resid,ts) values( 'TempPreview',null,'模板预览',0,0,'N','Y',null,'1001AA10000000002IG5','1001AA10000000002IGJ','UC001-0000113','2018-11-24 12:21:47');
insert into sm_butnregister(btncode,btndesc,btnname,btnownertype,dr,isbuttonpower,isenable,iskeyfunc,parent_id,pk_btn,resid,ts) values( 'TempPrint',null,'模板打印',0,0,'N','Y',null,'1001AA10000000002IG5','1001AA10000000002IGK','UC001-0000114','2018-11-24 12:21:47');
insert into sm_butnregister(btncode,btndesc,btnname,btnownertype,dr,isbuttonpower,isenable,iskeyfunc,parent_id,pk_btn,resid,ts) values( 'output',null,'输出',0,0,'N','Y',null,'1001AA10000000002IG5','1001AA10000000002IGL','UC001-0000148','2018-11-24 12:21:47');
insert into sm_paramregister(dr,paramname,paramvalue,parentid,pk_param,ts) values( 0,'BeanConfigFilePath','nc/ui/bd/defdoc/defdoc_listnode.xml','1001AA10000000002IG5','1001AA10000000002IG7','2018-11-24 12:21:47');
insert into sm_paramregister(dr,paramname,paramvalue,parentid,pk_param,ts) values( 0,'defdoclistPk','1001AA10000000002ICU','1001AA10000000002IG5','1001AA10000000002IG8','2018-11-24 12:21:47');
insert into sm_busiactivereg(busi_pk,code,description,dr,name,ownertype,parent_id,pk_busiactive,resid,ts) values( 'C0J00177_Add','Add',null,0,'新增',0,'1001AA10000000002IG5','1001AA10000000002IGM','UC001-0000108','2018-11-24 12:21:47');
insert into sm_busiactivereg(busi_pk,code,description,dr,name,ownertype,parent_id,pk_busiactive,resid,ts) values( 'C0J00177_Edit','Edit',null,0,'维护',0,'1001AA10000000002IG5','1001AA10000000002IGN','UC001-0000159','2018-11-24 12:21:47');
insert into sm_busiactivereg(busi_pk,code,description,dr,name,ownertype,parent_id,pk_busiactive,resid,ts) values( 'C0J00177_Print','Print',null,0,'打印',0,'1001AA10000000002IG5','1001AA10000000002IGO','UC001-0000007','2018-11-24 12:21:47');
insert into sm_busiactivereg(busi_pk,code,description,dr,name,ownertype,parent_id,pk_busiactive,resid,ts) values( 'C0J00177_Enable','Enable',null,0,'启用',0,'1001AA10000000002IG5','1001AA10000000002IGP','UC001-0000111','2018-11-24 12:21:47');
insert into sm_busiactive_btn(dr,pk_busiactive,pk_butn,pk_relation,ts) values( 0,'1001AA10000000002IGM','1001AA10000000002IG9','1001AA10000000002IGQ','2018-11-24 12:21:47');
insert into sm_busiactive_btn(dr,pk_busiactive,pk_butn,pk_relation,ts) values( 0,'1001AA10000000002IGM','1001AA10000000002IGA','1001AA10000000002IGR','2018-11-24 12:21:47');
insert into sm_busiactive_btn(dr,pk_busiactive,pk_butn,pk_relation,ts) values( 0,'1001AA10000000002IGM','1001AA10000000002IGB','1001AA10000000002IGS','2018-11-24 12:21:47');
insert into sm_busiactive_btn(dr,pk_busiactive,pk_butn,pk_relation,ts) values( 0,'1001AA10000000002IGN','1001AA10000000002IGA','1001AA10000000002IGT','2018-11-24 12:21:47');
insert into sm_busiactive_btn(dr,pk_busiactive,pk_butn,pk_relation,ts) values( 0,'1001AA10000000002IGN','1001AA10000000002IGB','1001AA10000000002IGU','2018-11-24 12:21:47');
insert into sm_busiactive_btn(dr,pk_busiactive,pk_butn,pk_relation,ts) values( 0,'1001AA10000000002IGO','1001AA10000000002IGJ','1001AA10000000002IGV','2018-11-24 12:21:47');
insert into sm_busiactive_btn(dr,pk_busiactive,pk_butn,pk_relation,ts) values( 0,'1001AA10000000002IGO','1001AA10000000002IGK','1001AA10000000002IGW','2018-11-24 12:21:47');
insert into sm_busiactive_btn(dr,pk_busiactive,pk_butn,pk_relation,ts) values( 0,'1001AA10000000002IGO','1001AA10000000002IGL','1001AA10000000002IGX','2018-11-24 12:21:47');
insert into sm_busiactive_btn(dr,pk_busiactive,pk_butn,pk_relation,ts) values( 0,'1001AA10000000002IGP','1001AA10000000002IGF','1001AA10000000002IGY','2018-11-24 12:21:47');
insert into sm_busiactive_btn(dr,pk_busiactive,pk_butn,pk_relation,ts) values( 0,'1001AA10000000002IGP','1001AA10000000002IGG','1001AA10000000002IGZ','2018-11-24 12:21:47');
insert into sm_menuitemreg(dr,funcode,iconpath,ismenutype,menudes,menuitemcode,menuitemname,nodeorder,pk_menu,pk_menuitem,resid,ts) values( 0,'C0J00177',null,'N','自定义档案C0J00125-TAnalysisMethod','C0J00177','T Analysis Method',null,'1004ZZ10000000000FFL','1001AA10000000002IG6',null,'2018-11-24 12:21:47');

insert into sm_funcregister(cfunid,class_name,dr,fun_desc,fun_name,fun_property,funcode,funtype,help_name,isbuttonpower,iscauserusable,isenable,isfunctype,mdid,orgtypecode,own_module,parent_id,pk_group,ts) values( '1001AA10000000002926','nc.ui.uif2.ToftPanelAdaptor',0,'自定义档案C0J00122-验后样品处理','验后样品处理',0,'C0J00173',0,'10140UDDB.htm','N',null,'Y','N','1001AA1000000000290S','GLOBLE00000000000000','1014','0001Z010000000000XAE',null,'2018-11-20 17:40:02');
insert into sm_butnregister(btncode,btndesc,btnname,btnownertype,dr,isbuttonpower,isenable,iskeyfunc,parent_id,pk_btn,resid,ts) values( 'Add',null,'新增',0,0,'N','Y',null,'1001AA10000000002926','1001AA1000000000292A','UC001-0000108','2018-11-20 17:40:02');
insert into sm_butnregister(btncode,btndesc,btnname,btnownertype,dr,isbuttonpower,isenable,iskeyfunc,parent_id,pk_btn,resid,ts) values( 'Edit',null,'修改',0,0,'N','Y',null,'1001AA10000000002926','1001AA1000000000292B','UC001-0000045','2018-11-20 17:40:02');
insert into sm_butnregister(btncode,btndesc,btnname,btnownertype,dr,isbuttonpower,isenable,iskeyfunc,parent_id,pk_btn,resid,ts) values( 'Delete',null,'删除',0,0,'N','Y',null,'1001AA10000000002926','1001AA1000000000292C','UC001-0000039','2018-11-20 17:40:02');
insert into sm_butnregister(btncode,btndesc,btnname,btnownertype,dr,isbuttonpower,isenable,iskeyfunc,parent_id,pk_btn,resid,ts) values( 'Save',null,'保存',0,0,'N','Y',null,'1001AA10000000002926','1001AA1000000000292D','UC001-0000001','2018-11-20 17:40:02');
insert into sm_butnregister(btncode,btndesc,btnname,btnownertype,dr,isbuttonpower,isenable,iskeyfunc,parent_id,pk_btn,resid,ts) values( 'SaveAdd',null,'保存新增',0,0,'N','Y',null,'1001AA10000000002926','1001AA1000000000292E','UC001-0000115','2018-11-20 17:40:02');
insert into sm_butnregister(btncode,btndesc,btnname,btnownertype,dr,isbuttonpower,isenable,iskeyfunc,parent_id,pk_btn,resid,ts) values( 'Cancel',null,'取消',0,0,'N','Y',null,'1001AA10000000002926','1001AA1000000000292F','UC001-0000008','2018-11-20 17:40:02');
insert into sm_butnregister(btncode,btndesc,btnname,btnownertype,dr,isbuttonpower,isenable,iskeyfunc,parent_id,pk_btn,resid,ts) values( 'Enable',null,'启用',0,0,'N','Y',null,'1001AA10000000002926','1001AA1000000000292G','UC001-0000111','2018-11-20 17:40:02');
insert into sm_butnregister(btncode,btndesc,btnname,btnownertype,dr,isbuttonpower,isenable,iskeyfunc,parent_id,pk_btn,resid,ts) values( 'Disable',null,'停用',0,0,'N','Y',null,'1001AA10000000002926','1001AA1000000000292H','UC001-0000110','2018-11-20 17:40:02');
insert into sm_butnregister(btncode,btndesc,btnname,btnownertype,dr,isbuttonpower,isenable,iskeyfunc,parent_id,pk_btn,resid,ts) values( 'Refresh',null,'刷新',0,0,'N','Y',null,'1001AA10000000002926','1001AA1000000000292I','UC001-0000009','2018-11-20 17:40:02');
insert into sm_butnregister(btncode,btndesc,btnname,btnownertype,dr,isbuttonpower,isenable,iskeyfunc,parent_id,pk_btn,resid,ts) values( 'ShowDisable',null,'显示停用数据',0,0,'N','Y',null,'1001AA10000000002926','1001AA1000000000292J','UC001-0000109','2018-11-20 17:40:02');
insert into sm_butnregister(btncode,btndesc,btnname,btnownertype,dr,isbuttonpower,isenable,iskeyfunc,parent_id,pk_btn,resid,ts) values( 'TempPreview',null,'模板预览',0,0,'N','Y',null,'1001AA10000000002926','1001AA1000000000292K','UC001-0000113','2018-11-20 17:40:02');
insert into sm_butnregister(btncode,btndesc,btnname,btnownertype,dr,isbuttonpower,isenable,iskeyfunc,parent_id,pk_btn,resid,ts) values( 'TempPrint',null,'模板打印',0,0,'N','Y',null,'1001AA10000000002926','1001AA1000000000292L','UC001-0000114','2018-11-20 17:40:02');
insert into sm_butnregister(btncode,btndesc,btnname,btnownertype,dr,isbuttonpower,isenable,iskeyfunc,parent_id,pk_btn,resid,ts) values( 'output',null,'输出',0,0,'N','Y',null,'1001AA10000000002926','1001AA1000000000292M','UC001-0000148','2018-11-20 17:40:02');
insert into sm_paramregister(dr,paramname,paramvalue,parentid,pk_param,ts) values( 0,'BeanConfigFilePath','nc/ui/bd/defdoc/defdoc_listnode.xml','1001AA10000000002926','1001AA10000000002928','2018-11-20 17:40:02');
insert into sm_paramregister(dr,paramname,paramvalue,parentid,pk_param,ts) values( 0,'defdoclistPk','1001AA1000000000290S','1001AA10000000002926','1001AA10000000002929','2018-11-20 17:40:02');
insert into sm_busiactivereg(busi_pk,code,description,dr,name,ownertype,parent_id,pk_busiactive,resid,ts) values( 'C0J00173_Add','Add',null,0,'新增',0,'1001AA10000000002926','1001AA1000000000292N','UC001-0000108','2018-11-20 17:40:02');
insert into sm_busiactivereg(busi_pk,code,description,dr,name,ownertype,parent_id,pk_busiactive,resid,ts) values( 'C0J00173_Edit','Edit',null,0,'维护',0,'1001AA10000000002926','1001AA1000000000292O','UC001-0000159','2018-11-20 17:40:02');
insert into sm_busiactivereg(busi_pk,code,description,dr,name,ownertype,parent_id,pk_busiactive,resid,ts) values( 'C0J00173_Print','Print',null,0,'打印',0,'1001AA10000000002926','1001AA1000000000292P','UC001-0000007','2018-11-20 17:40:02');
insert into sm_busiactivereg(busi_pk,code,description,dr,name,ownertype,parent_id,pk_busiactive,resid,ts) values( 'C0J00173_Enable','Enable',null,0,'启用',0,'1001AA10000000002926','1001AA1000000000292Q','UC001-0000111','2018-11-20 17:40:02');
insert into sm_busiactive_btn(dr,pk_busiactive,pk_butn,pk_relation,ts) values( 0,'1001AA1000000000292N','1001AA1000000000292A','1001AA1000000000292R','2018-11-20 17:40:02');
insert into sm_busiactive_btn(dr,pk_busiactive,pk_butn,pk_relation,ts) values( 0,'1001AA1000000000292N','1001AA1000000000292B','1001AA1000000000292S','2018-11-20 17:40:02');
insert into sm_busiactive_btn(dr,pk_busiactive,pk_butn,pk_relation,ts) values( 0,'1001AA1000000000292N','1001AA1000000000292C','1001AA1000000000292T','2018-11-20 17:40:02');
insert into sm_busiactive_btn(dr,pk_busiactive,pk_butn,pk_relation,ts) values( 0,'1001AA1000000000292O','1001AA1000000000292B','1001AA1000000000292U','2018-11-20 17:40:02');
insert into sm_busiactive_btn(dr,pk_busiactive,pk_butn,pk_relation,ts) values( 0,'1001AA1000000000292O','1001AA1000000000292C','1001AA1000000000292V','2018-11-20 17:40:02');
insert into sm_busiactive_btn(dr,pk_busiactive,pk_butn,pk_relation,ts) values( 0,'1001AA1000000000292P','1001AA1000000000292K','1001AA1000000000292W','2018-11-20 17:40:02');
insert into sm_busiactive_btn(dr,pk_busiactive,pk_butn,pk_relation,ts) values( 0,'1001AA1000000000292P','1001AA1000000000292L','1001AA1000000000292X','2018-11-20 17:40:02');
insert into sm_busiactive_btn(dr,pk_busiactive,pk_butn,pk_relation,ts) values( 0,'1001AA1000000000292P','1001AA1000000000292M','1001AA1000000000292Y','2018-11-20 17:40:02');
insert into sm_busiactive_btn(dr,pk_busiactive,pk_butn,pk_relation,ts) values( 0,'1001AA1000000000292Q','1001AA1000000000292G','1001AA1000000000292Z','2018-11-20 17:40:02');
insert into sm_busiactive_btn(dr,pk_busiactive,pk_butn,pk_relation,ts) values( 0,'1001AA1000000000292Q','1001AA1000000000292H','1001AA10000000002930','2018-11-20 17:40:02');
insert into sm_menuitemreg(dr,funcode,iconpath,ismenutype,menudes,menuitemcode,menuitemname,nodeorder,pk_menu,pk_menuitem,resid,ts) values( 0,'C0J00173',null,'N',null,'C0J00173','检后样品处理',null,'1004ZZ10000000000FFL','1001AA10000000002927',null,'2018-11-20 17:44:52');

--printtemplate
insert into pub_print_template(bdirector,bdispagenum,bdistotalpagenum,billspace,bnormalcolor,ctemplateid,devorg,dr,extendattr,ffontstyle,fpagination,ibotmargin,ibreakposition,ifontsize,igridcolor,ileftmargin,ipageheight,ipagelocate,ipagewidth,irightmargin,iscale,itopmargin,itype,layer,mdclass,model_type,modelheight,modelwidth,pk_corp,pk_org,prepare1,prepare2,ptemplateid,ts,vdefaultprinter,vfontname,vleftnote,vmidnote,vnodecode,vrightnote,vtemplatecode,vtemplatename) values( 'Y','N','N',null,'N','0001AA10000000000KWZ',null,0,'<nc.vo.pub.print.PrintTemplateExtVO>
  <isBindUp>false</isBindUp>
  <zdline__position>0.0</zdline__position>
  <pagehead__position>0.0</pagehead__position>
  <pagetail__position>0.0</pagetail__position>
  <pagenumber__position>0.0</pagenumber__position>
  <m__withFullPageNumber>false</m__withFullPageNumber>
  <baseLineWeight>0.65</baseLineWeight>
  <initPageNo>1</initPageNo>
</nc.vo.pub.print.PrintTemplateExtVO>',0,0,10,0,9,-4144960,10,596,'21',842,10,100,10,1,0,'fcbcdbe2-c0e7-4d0d-ac3f-6cfeeb0b036a',null,null,null,'@@@@',null,null,null,null,'2018-11-13 19:24:20',null,'dialog.plain',null,null,'C0J00202',null,'C0J00202','委托单');
insert into pub_print_cell(bunderline,ccellcode,ccellid,ccombineproperty,ccontentproperty,cisfrozen,cisheadtail,clineproperty,ctemplateid,dr,ffontstyle,fixedstyle,fshadowtype,ibgcolor,ibotlinecolor,ifgcolor,ifonrsize,iheight,ileftlinecolor,irightcolor,isdycolgroup,isdynrowheight,islastpagetrail,istartx,istarty,itoplinecolor,iwidth,options,prepare1,prepare2,table_code,ts,vfontname,vtext,vvar) values( '0','009010009010','0001AA10000000000L46','1009000','0020','10',null,'00000000','0001AA10000000000KWZ',0,1,null,0,-1,0,-16777216,12,20,0,0,null,null,null,800,175,0,80,'<nc.vo.pub.print.PrintCellExtVO>
  <height__decimal>0.0</height__decimal>
  <textDirection>0</textDirection>
  <lineSpaceBetween>0</lineSpaceBetween>
  <formatType>0</formatType>
</nc.vo.pub.print.PrintCellExtVO>',null,null,null,'2018-11-13 19:24:20','Dialog','样品子表',null);
insert into pub_print_cell(bunderline,ccellcode,ccellid,ccombineproperty,ccontentproperty,cisfrozen,cisheadtail,clineproperty,ctemplateid,dr,ffontstyle,fixedstyle,fshadowtype,ibgcolor,ibotlinecolor,ifgcolor,ifonrsize,iheight,ileftlinecolor,irightcolor,isdycolgroup,isdynrowheight,islastpagetrail,istartx,istarty,itoplinecolor,iwidth,options,prepare1,prepare2,table_code,ts,vfontname,vtext,vvar) values( '0','009000009010','0001AA10000000000L47','0','0020','10',null,'00000000','0001AA10000000000KWZ',0,1,null,0,-1,0,-16777216,12,20,0,0,null,null,null,0,175,0,880,'<nc.vo.pub.print.PrintCellExtVO>
  <height__decimal>0.0</height__decimal>
  <textDirection>0</textDirection>
  <lineSpaceBetween>0</lineSpaceBetween>
  <formatType>0</formatType>
</nc.vo.pub.print.PrintCellExtVO>',null,null,null,'2018-11-13 19:24:20','Dialog','样品子表',null);
insert into pub_print_cell(bunderline,ccellcode,ccellid,ccombineproperty,ccontentproperty,cisfrozen,cisheadtail,clineproperty,ctemplateid,dr,ffontstyle,fixedstyle,fshadowtype,ibgcolor,ibotlinecolor,ifgcolor,ifonrsize,iheight,ileftlinecolor,irightcolor,isdycolgroup,isdynrowheight,islastpagetrail,istartx,istarty,itoplinecolor,iwidth,options,prepare1,prepare2,table_code,ts,vfontname,vtext,vvar) values( '0','010000010000','0001AA10000000000L48','0','0110','N',null,'11111111','0001AA10000000000KWZ',0,0,null,0,-1,0,-16777216,12,20,0,0,null,null,null,0,195,0,80,'<nc.vo.pub.print.PrintCellExtVO>
  <height__decimal>0.0</height__decimal>
  <textDirection>0</textDirection>
  <lineSpaceBetween>0</lineSpaceBetween>
  <formatType>0</formatType>
</nc.vo.pub.print.PrintCellExtVO>',null,null,null,'2018-11-13 19:24:20','Dialog','产品系列',null);
insert into pub_print_cell(bunderline,ccellcode,ccellid,ccombineproperty,ccontentproperty,cisfrozen,cisheadtail,clineproperty,ctemplateid,dr,ffontstyle,fixedstyle,fshadowtype,ibgcolor,ibotlinecolor,ifgcolor,ifonrsize,iheight,ileftlinecolor,irightcolor,isdycolgroup,isdynrowheight,islastpagetrail,istartx,istarty,itoplinecolor,iwidth,options,prepare1,prepare2,table_code,ts,vfontname,vtext,vvar) values( '0','010001010001','0001AA10000000000L49','0','0110','N',null,'11111111','0001AA10000000000KWZ',0,0,null,0,-1,0,-16777216,12,20,0,0,null,null,null,80,195,0,80,'<nc.vo.pub.print.PrintCellExtVO>
  <height__decimal>0.0</height__decimal>
  <textDirection>0</textDirection>
  <lineSpaceBetween>0</lineSpaceBetween>
  <formatType>0</formatType>
</nc.vo.pub.print.PrintCellExtVO>',null,null,null,'2018-11-13 19:24:20','Dialog','行号',null);
insert into pub_print_cell(bunderline,ccellcode,ccellid,ccombineproperty,ccontentproperty,cisfrozen,cisheadtail,clineproperty,ctemplateid,dr,ffontstyle,fixedstyle,fshadowtype,ibgcolor,ibotlinecolor,ifgcolor,ifonrsize,iheight,ileftlinecolor,irightcolor,isdycolgroup,isdynrowheight,islastpagetrail,istartx,istarty,itoplinecolor,iwidth,options,prepare1,prepare2,table_code,ts,vfontname,vtext,vvar) values( '0','010002010002','0001AA10000000000L4A','0','0110','N',null,'11111111','0001AA10000000000KWZ',0,0,null,0,-1,0,-16777216,12,20,0,0,null,null,null,160,195,0,80,'<nc.vo.pub.print.PrintCellExtVO>
  <height__decimal>0.0</height__decimal>
  <textDirection>0</textDirection>
  <lineSpaceBetween>0</lineSpaceBetween>
  <formatType>0</formatType>
</nc.vo.pub.print.PrintCellExtVO>',null,null,null,'2018-11-13 19:24:20','Dialog','规格型号',null);
insert into pub_print_cell(bunderline,ccellcode,ccellid,ccombineproperty,ccontentproperty,cisfrozen,cisheadtail,clineproperty,ctemplateid,dr,ffontstyle,fixedstyle,fshadowtype,ibgcolor,ibotlinecolor,ifgcolor,ifonrsize,iheight,ileftlinecolor,irightcolor,isdycolgroup,isdynrowheight,islastpagetrail,istartx,istarty,itoplinecolor,iwidth,options,prepare1,prepare2,table_code,ts,vfontname,vtext,vvar) values( '0','010003010003','0001AA10000000000L4B','0','0110','N',null,'11111111','0001AA10000000000KWZ',0,0,null,0,-1,0,-16777216,12,20,0,0,null,null,null,240,195,0,80,'<nc.vo.pub.print.PrintCellExtVO>
  <height__decimal>0.0</height__decimal>
  <textDirection>0</textDirection>
  <lineSpaceBetween>0</lineSpaceBetween>
  <formatType>0</formatType>
</nc.vo.pub.print.PrintCellExtVO>',null,null,null,'2018-11-13 19:24:20','Dialog','测试温度',null);
insert into pub_print_cell(bunderline,ccellcode,ccellid,ccombineproperty,ccontentproperty,cisfrozen,cisheadtail,clineproperty,ctemplateid,dr,ffontstyle,fixedstyle,fshadowtype,ibgcolor,ibotlinecolor,ifgcolor,ifonrsize,iheight,ileftlinecolor,irightcolor,isdycolgroup,isdynrowheight,islastpagetrail,istartx,istarty,itoplinecolor,iwidth,options,prepare1,prepare2,table_code,ts,vfontname,vtext,vvar) values( '0','010004010004','0001AA10000000000L4C','0','0110','N',null,'11111111','0001AA10000000000KWZ',0,0,null,0,-1,0,-16777216,12,20,0,0,null,null,null,320,195,0,80,'<nc.vo.pub.print.PrintCellExtVO>
  <height__decimal>0.0</height__decimal>
  <textDirection>0</textDirection>
  <lineSpaceBetween>0</lineSpaceBetween>
  <formatType>0</formatType>
</nc.vo.pub.print.PrintCellExtVO>',null,null,null,'2018-11-13 19:24:20','Dialog','样品组别',null);
insert into pub_print_cell(bunderline,ccellcode,ccellid,ccombineproperty,ccontentproperty,cisfrozen,cisheadtail,clineproperty,ctemplateid,dr,ffontstyle,fixedstyle,fshadowtype,ibgcolor,ibotlinecolor,ifgcolor,ifonrsize,iheight,ileftlinecolor,irightcolor,isdycolgroup,isdynrowheight,islastpagetrail,istartx,istarty,itoplinecolor,iwidth,options,prepare1,prepare2,table_code,ts,vfontname,vtext,vvar) values( '0','010005010005','0001AA10000000000L4D','0','0110','N',null,'11111111','0001AA10000000000KWZ',0,0,null,0,-1,0,-16777216,12,20,0,0,null,null,null,400,195,0,80,'<nc.vo.pub.print.PrintCellExtVO>
  <height__decimal>0.0</height__decimal>
  <textDirection>0</textDirection>
  <lineSpaceBetween>0</lineSpaceBetween>
  <formatType>0</formatType>
</nc.vo.pub.print.PrintCellExtVO>',null,null,null,'2018-11-13 19:24:20','Dialog','样品数量',null);
insert into pub_print_cell(bunderline,ccellcode,ccellid,ccombineproperty,ccontentproperty,cisfrozen,cisheadtail,clineproperty,ctemplateid,dr,ffontstyle,fixedstyle,fshadowtype,ibgcolor,ibotlinecolor,ifgcolor,ifonrsize,iheight,ileftlinecolor,irightcolor,isdycolgroup,isdynrowheight,islastpagetrail,istartx,istarty,itoplinecolor,iwidth,options,prepare1,prepare2,table_code,ts,vfontname,vtext,vvar) values( '0','010006010006','0001AA10000000000L4E','0','0110','N',null,'11111111','0001AA10000000000KWZ',0,0,null,0,-1,0,-16777216,12,20,0,0,null,null,null,480,195,0,80,'<nc.vo.pub.print.PrintCellExtVO>
  <height__decimal>0.0</height__decimal>
  <textDirection>0</textDirection>
  <lineSpaceBetween>0</lineSpaceBetween>
  <formatType>0</formatType>
</nc.vo.pub.print.PrintCellExtVO>',null,null,null,'2018-11-13 19:24:20','Dialog','制造商',null);
insert into pub_print_cell(bunderline,ccellcode,ccellid,ccombineproperty,ccontentproperty,cisfrozen,cisheadtail,clineproperty,ctemplateid,dr,ffontstyle,fixedstyle,fshadowtype,ibgcolor,ibotlinecolor,ifgcolor,ifonrsize,iheight,ileftlinecolor,irightcolor,isdycolgroup,isdynrowheight,islastpagetrail,istartx,istarty,itoplinecolor,iwidth,options,prepare1,prepare2,table_code,ts,vfontname,vtext,vvar) values( '0','010007010007','0001AA10000000000L4F','0','0110','N',null,'11111111','0001AA10000000000KWZ',0,0,null,0,-1,0,-16777216,12,20,0,0,null,null,null,560,195,0,80,'<nc.vo.pub.print.PrintCellExtVO>
  <height__decimal>0.0</height__decimal>
  <textDirection>0</textDirection>
  <lineSpaceBetween>0</lineSpaceBetween>
  <formatType>0</formatType>
</nc.vo.pub.print.PrintCellExtVO>',null,null,null,'2018-11-13 19:24:20','Dialog','触点型号',null);
insert into pub_print_cell(bunderline,ccellcode,ccellid,ccombineproperty,ccontentproperty,cisfrozen,cisheadtail,clineproperty,ctemplateid,dr,ffontstyle,fixedstyle,fshadowtype,ibgcolor,ibotlinecolor,ifgcolor,ifonrsize,iheight,ileftlinecolor,irightcolor,isdycolgroup,isdynrowheight,islastpagetrail,istartx,istarty,itoplinecolor,iwidth,options,prepare1,prepare2,table_code,ts,vfontname,vtext,vvar) values( '0','010008010008','0001AA10000000000L4G','0','0110','N',null,'11111111','0001AA10000000000KWZ',0,0,null,0,-1,0,-16777216,12,20,0,0,null,null,null,640,195,0,80,'<nc.vo.pub.print.PrintCellExtVO>
  <height__decimal>0.0</height__decimal>
  <textDirection>0</textDirection>
  <lineSpaceBetween>0</lineSpaceBetween>
  <formatType>0</formatType>
</nc.vo.pub.print.PrintCellExtVO>',null,null,null,'2018-11-13 19:24:20','Dialog','其他信息',null);
insert into pub_print_cell(bunderline,ccellcode,ccellid,ccombineproperty,ccontentproperty,cisfrozen,cisheadtail,clineproperty,ctemplateid,dr,ffontstyle,fixedstyle,fshadowtype,ibgcolor,ibotlinecolor,ifgcolor,ifonrsize,iheight,ileftlinecolor,irightcolor,isdycolgroup,isdynrowheight,islastpagetrail,istartx,istarty,itoplinecolor,iwidth,options,prepare1,prepare2,table_code,ts,vfontname,vtext,vvar) values( '0','010009010009','0001AA10000000000L4H','0','0110','N',null,'11111111','0001AA10000000000KWZ',0,0,null,0,-1,0,-16777216,12,20,0,0,null,null,null,720,195,0,80,'<nc.vo.pub.print.PrintCellExtVO>
  <height__decimal>0.0</height__decimal>
  <textDirection>0</textDirection>
  <lineSpaceBetween>0</lineSpaceBetween>
  <formatType>0</formatType>
</nc.vo.pub.print.PrintCellExtVO>',null,null,null,'2018-11-13 19:24:20','Dialog','顺序号',null);
insert into pub_print_cell(bunderline,ccellcode,ccellid,ccombineproperty,ccontentproperty,cisfrozen,cisheadtail,clineproperty,ctemplateid,dr,ffontstyle,fixedstyle,fshadowtype,ibgcolor,ibotlinecolor,ifgcolor,ifonrsize,iheight,ileftlinecolor,irightcolor,isdycolgroup,isdynrowheight,islastpagetrail,istartx,istarty,itoplinecolor,iwidth,options,prepare1,prepare2,table_code,ts,vfontname,vtext,vvar) values( '0','010010010010','0001AA10000000000L4I','0','0110','N',null,'11111111','0001AA10000000000KWZ',0,0,null,0,-1,0,-16777216,12,20,0,0,null,null,null,800,195,0,80,'<nc.vo.pub.print.PrintCellExtVO>
  <height__decimal>0.0</height__decimal>
  <textDirection>0</textDirection>
  <lineSpaceBetween>0</lineSpaceBetween>
  <formatType>0</formatType>
</nc.vo.pub.print.PrintCellExtVO>',null,null,null,'2018-11-13 19:24:20','Dialog','试验前参数主键',null);
insert into pub_print_cell(bunderline,ccellcode,ccellid,ccombineproperty,ccontentproperty,cisfrozen,cisheadtail,clineproperty,ctemplateid,dr,ffontstyle,fixedstyle,fshadowtype,ibgcolor,ibotlinecolor,ifgcolor,ifonrsize,iheight,ileftlinecolor,irightcolor,isdycolgroup,isdynrowheight,islastpagetrail,istartx,istarty,itoplinecolor,iwidth,options,prepare1,prepare2,table_code,ts,vfontname,vtext,vvar) values( '0','011000011000','0001AA10000000000L4J','0','1110','N',null,'11111111','0001AA10000000000KWZ',0,0,null,0,-1,0,-16777216,12,20,0,0,null,null,null,0,215,0,80,'<nc.vo.pub.print.PrintCellExtVO>
  <height__decimal>0.0</height__decimal>
  <textDirection>0</textDirection>
  <lineSpaceBetween>0</lineSpaceBetween>
  <formatType>0</formatType>
</nc.vo.pub.print.PrintCellExtVO>',null,null,null,'2018-11-13 19:24:20','Dialog','产品系列','pk_commission_b.pk_productserial.name');
insert into pub_print_cell(bunderline,ccellcode,ccellid,ccombineproperty,ccontentproperty,cisfrozen,cisheadtail,clineproperty,ctemplateid,dr,ffontstyle,fixedstyle,fshadowtype,ibgcolor,ibotlinecolor,ifgcolor,ifonrsize,iheight,ileftlinecolor,irightcolor,isdycolgroup,isdynrowheight,islastpagetrail,istartx,istarty,itoplinecolor,iwidth,options,prepare1,prepare2,table_code,ts,vfontname,vtext,vvar) values( '0','011001011001','0001AA10000000000L4K','0','1110','N',null,'11111111','0001AA10000000000KWZ',0,0,null,0,-1,0,-16777216,12,20,0,0,null,null,null,80,215,0,80,'<nc.vo.pub.print.PrintCellExtVO>
  <height__decimal>0.0</height__decimal>
  <textDirection>0</textDirection>
  <lineSpaceBetween>0</lineSpaceBetween>
  <formatType>0</formatType>
</nc.vo.pub.print.PrintCellExtVO>',null,null,null,'2018-11-13 19:24:20','Dialog','行号','pk_commission_b.rowno');
insert into pub_print_cell(bunderline,ccellcode,ccellid,ccombineproperty,ccontentproperty,cisfrozen,cisheadtail,clineproperty,ctemplateid,dr,ffontstyle,fixedstyle,fshadowtype,ibgcolor,ibotlinecolor,ifgcolor,ifonrsize,iheight,ileftlinecolor,irightcolor,isdycolgroup,isdynrowheight,islastpagetrail,istartx,istarty,itoplinecolor,iwidth,options,prepare1,prepare2,table_code,ts,vfontname,vtext,vvar) values( '0','011002011002','0001AA10000000000L4L','0','1110','N',null,'11111111','0001AA10000000000KWZ',0,0,null,0,-1,0,-16777216,12,20,0,0,null,null,null,160,215,0,80,'<nc.vo.pub.print.PrintCellExtVO>
  <height__decimal>0.0</height__decimal>
  <textDirection>0</textDirection>
  <lineSpaceBetween>0</lineSpaceBetween>
  <formatType>0</formatType>
</nc.vo.pub.print.PrintCellExtVO>',null,null,null,'2018-11-13 19:24:20','Dialog','规格型号','pk_commission_b.typeno');
insert into pub_print_cell(bunderline,ccellcode,ccellid,ccombineproperty,ccontentproperty,cisfrozen,cisheadtail,clineproperty,ctemplateid,dr,ffontstyle,fixedstyle,fshadowtype,ibgcolor,ibotlinecolor,ifgcolor,ifonrsize,iheight,ileftlinecolor,irightcolor,isdycolgroup,isdynrowheight,islastpagetrail,istartx,istarty,itoplinecolor,iwidth,options,prepare1,prepare2,table_code,ts,vfontname,vtext,vvar) values( '0','011003011003','0001AA10000000000L4M','0','1110','N',null,'11111111','0001AA10000000000KWZ',0,0,null,0,-1,0,-16777216,12,20,0,0,null,null,null,240,215,0,80,'<nc.vo.pub.print.PrintCellExtVO>
  <height__decimal>0.0</height__decimal>
  <textDirection>0</textDirection>
  <lineSpaceBetween>0</lineSpaceBetween>
  <formatType>0</formatType>
</nc.vo.pub.print.PrintCellExtVO>',null,null,null,'2018-11-13 19:24:20','Dialog','测试温度','pk_commission_b.pk_testtemperature.name');
insert into pub_print_cell(bunderline,ccellcode,ccellid,ccombineproperty,ccontentproperty,cisfrozen,cisheadtail,clineproperty,ctemplateid,dr,ffontstyle,fixedstyle,fshadowtype,ibgcolor,ibotlinecolor,ifgcolor,ifonrsize,iheight,ileftlinecolor,irightcolor,isdycolgroup,isdynrowheight,islastpagetrail,istartx,istarty,itoplinecolor,iwidth,options,prepare1,prepare2,table_code,ts,vfontname,vtext,vvar) values( '0','011004011004','0001AA10000000000L4N','0','1110','N',null,'11111111','0001AA10000000000KWZ',0,0,null,0,-1,0,-16777216,12,20,0,0,null,null,null,320,215,0,80,'<nc.vo.pub.print.PrintCellExtVO>
  <height__decimal>0.0</height__decimal>
  <textDirection>0</textDirection>
  <lineSpaceBetween>0</lineSpaceBetween>
  <formatType>0</formatType>
</nc.vo.pub.print.PrintCellExtVO>',null,null,null,'2018-11-13 19:24:20','Dialog','样品组别','pk_commission_b.pk_samplegroup.name');
insert into pub_print_cell(bunderline,ccellcode,ccellid,ccombineproperty,ccontentproperty,cisfrozen,cisheadtail,clineproperty,ctemplateid,dr,ffontstyle,fixedstyle,fshadowtype,ibgcolor,ibotlinecolor,ifgcolor,ifonrsize,iheight,ileftlinecolor,irightcolor,isdycolgroup,isdynrowheight,islastpagetrail,istartx,istarty,itoplinecolor,iwidth,options,prepare1,prepare2,table_code,ts,vfontname,vtext,vvar) values( '0','011005011005','0001AA10000000000L4O','0','1110','N',null,'11111111','0001AA10000000000KWZ',0,0,null,0,-1,0,-16777216,12,20,0,0,null,null,null,400,215,0,80,'<nc.vo.pub.print.PrintCellExtVO>
  <height__decimal>0.0</height__decimal>
  <textDirection>0</textDirection>
  <lineSpaceBetween>0</lineSpaceBetween>
  <formatType>0</formatType>
</nc.vo.pub.print.PrintCellExtVO>',null,null,null,'2018-11-13 19:24:20','Dialog','样品数量','pk_commission_b.quantity');
insert into pub_print_cell(bunderline,ccellcode,ccellid,ccombineproperty,ccontentproperty,cisfrozen,cisheadtail,clineproperty,ctemplateid,dr,ffontstyle,fixedstyle,fshadowtype,ibgcolor,ibotlinecolor,ifgcolor,ifonrsize,iheight,ileftlinecolor,irightcolor,isdycolgroup,isdynrowheight,islastpagetrail,istartx,istarty,itoplinecolor,iwidth,options,prepare1,prepare2,table_code,ts,vfontname,vtext,vvar) values( '0','000000000000','0001AA10000000000L13','1000000','0110','10',null,'00000000','0001AA10000000000KWZ',0,1,null,0,-1,0,-16777216,16,30,0,0,null,null,null,0,0,0,80,'<nc.vo.pub.print.PrintCellExtVO>
  <height__decimal>0.0</height__decimal>
  <textDirection>0</textDirection>
  <lineSpaceBetween>0</lineSpaceBetween>
  <formatType>0</formatType>
</nc.vo.pub.print.PrintCellExtVO>',null,null,null,'2018-11-13 19:24:20','Dialog','委托单',null);
insert into pub_print_cell(bunderline,ccellcode,ccellid,ccombineproperty,ccontentproperty,cisfrozen,cisheadtail,clineproperty,ctemplateid,dr,ffontstyle,fixedstyle,fshadowtype,ibgcolor,ibotlinecolor,ifgcolor,ifonrsize,iheight,ileftlinecolor,irightcolor,isdycolgroup,isdynrowheight,islastpagetrail,istartx,istarty,itoplinecolor,iwidth,options,prepare1,prepare2,table_code,ts,vfontname,vtext,vvar) values( '0','000001000001','0001AA10000000000L14','1000000','0110','10',null,'00000000','0001AA10000000000KWZ',0,1,null,0,-1,0,-16777216,16,30,0,0,null,null,null,80,0,0,80,'<nc.vo.pub.print.PrintCellExtVO>
  <height__decimal>0.0</height__decimal>
  <textDirection>0</textDirection>
  <lineSpaceBetween>0</lineSpaceBetween>
  <formatType>0</formatType>
</nc.vo.pub.print.PrintCellExtVO>',null,null,null,'2018-11-13 19:24:20','Dialog','委托单',null);
insert into pub_print_cell(bunderline,ccellcode,ccellid,ccombineproperty,ccontentproperty,cisfrozen,cisheadtail,clineproperty,ctemplateid,dr,ffontstyle,fixedstyle,fshadowtype,ibgcolor,ibotlinecolor,ifgcolor,ifonrsize,iheight,ileftlinecolor,irightcolor,isdycolgroup,isdynrowheight,islastpagetrail,istartx,istarty,itoplinecolor,iwidth,options,prepare1,prepare2,table_code,ts,vfontname,vtext,vvar) values( '0','000002000002','0001AA10000000000L15','1000000','0110','10',null,'00000000','0001AA10000000000KWZ',0,1,null,0,-1,0,-16777216,16,30,0,0,null,null,null,160,0,0,80,'<nc.vo.pub.print.PrintCellExtVO>
  <height__decimal>0.0</height__decimal>
  <textDirection>0</textDirection>
  <lineSpaceBetween>0</lineSpaceBetween>
  <formatType>0</formatType>
</nc.vo.pub.print.PrintCellExtVO>',null,null,null,'2018-11-13 19:24:20','Dialog','委托单',null);
insert into pub_print_cell(bunderline,ccellcode,ccellid,ccombineproperty,ccontentproperty,cisfrozen,cisheadtail,clineproperty,ctemplateid,dr,ffontstyle,fixedstyle,fshadowtype,ibgcolor,ibotlinecolor,ifgcolor,ifonrsize,iheight,ileftlinecolor,irightcolor,isdycolgroup,isdynrowheight,islastpagetrail,istartx,istarty,itoplinecolor,iwidth,options,prepare1,prepare2,table_code,ts,vfontname,vtext,vvar) values( '0','000003000003','0001AA10000000000L16','1000000','0110','10',null,'00000000','0001AA10000000000KWZ',0,1,null,0,-1,0,-16777216,16,30,0,0,null,null,null,240,0,0,80,'<nc.vo.pub.print.PrintCellExtVO>
  <height__decimal>0.0</height__decimal>
  <textDirection>0</textDirection>
  <lineSpaceBetween>0</lineSpaceBetween>
  <formatType>0</formatType>
</nc.vo.pub.print.PrintCellExtVO>',null,null,null,'2018-11-13 19:24:20','Dialog','委托单',null);
insert into pub_print_cell(bunderline,ccellcode,ccellid,ccombineproperty,ccontentproperty,cisfrozen,cisheadtail,clineproperty,ctemplateid,dr,ffontstyle,fixedstyle,fshadowtype,ibgcolor,ibotlinecolor,ifgcolor,ifonrsize,iheight,ileftlinecolor,irightcolor,isdycolgroup,isdynrowheight,islastpagetrail,istartx,istarty,itoplinecolor,iwidth,options,prepare1,prepare2,table_code,ts,vfontname,vtext,vvar) values( '0','000004000004','0001AA10000000000L17','1000000','0110','10',null,'00000000','0001AA10000000000KWZ',0,1,null,0,-1,0,-16777216,16,30,0,0,null,null,null,320,0,0,80,'<nc.vo.pub.print.PrintCellExtVO>
  <height__decimal>0.0</height__decimal>
  <textDirection>0</textDirection>
  <lineSpaceBetween>0</lineSpaceBetween>
  <formatType>0</formatType>
</nc.vo.pub.print.PrintCellExtVO>',null,null,null,'2018-11-13 19:24:20','Dialog','委托单',null);
insert into pub_print_cell(bunderline,ccellcode,ccellid,ccombineproperty,ccontentproperty,cisfrozen,cisheadtail,clineproperty,ctemplateid,dr,ffontstyle,fixedstyle,fshadowtype,ibgcolor,ibotlinecolor,ifgcolor,ifonrsize,iheight,ileftlinecolor,irightcolor,isdycolgroup,isdynrowheight,islastpagetrail,istartx,istarty,itoplinecolor,iwidth,options,prepare1,prepare2,table_code,ts,vfontname,vtext,vvar) values( '0','000005000005','0001AA10000000000L18','1000000','0110','10',null,'00000000','0001AA10000000000KWZ',0,1,null,0,-1,0,-16777216,16,30,0,0,null,null,null,400,0,0,80,'<nc.vo.pub.print.PrintCellExtVO>
  <height__decimal>0.0</height__decimal>
  <textDirection>0</textDirection>
  <lineSpaceBetween>0</lineSpaceBetween>
  <formatType>0</formatType>
</nc.vo.pub.print.PrintCellExtVO>',null,null,null,'2018-11-13 19:24:20','Dialog','委托单',null);
insert into pub_print_cell(bunderline,ccellcode,ccellid,ccombineproperty,ccontentproperty,cisfrozen,cisheadtail,clineproperty,ctemplateid,dr,ffontstyle,fixedstyle,fshadowtype,ibgcolor,ibotlinecolor,ifgcolor,ifonrsize,iheight,ileftlinecolor,irightcolor,isdycolgroup,isdynrowheight,islastpagetrail,istartx,istarty,itoplinecolor,iwidth,options,prepare1,prepare2,table_code,ts,vfontname,vtext,vvar) values( '0','000006000006','0001AA10000000000L19','1000000','0110','10',null,'00000000','0001AA10000000000KWZ',0,1,null,0,-1,0,-16777216,16,30,0,0,null,null,null,480,0,0,80,'<nc.vo.pub.print.PrintCellExtVO>
  <height__decimal>0.0</height__decimal>
  <textDirection>0</textDirection>
  <lineSpaceBetween>0</lineSpaceBetween>
  <formatType>0</formatType>
</nc.vo.pub.print.PrintCellExtVO>',null,null,null,'2018-11-13 19:24:20','Dialog','委托单',null);
insert into pub_print_cell(bunderline,ccellcode,ccellid,ccombineproperty,ccontentproperty,cisfrozen,cisheadtail,clineproperty,ctemplateid,dr,ffontstyle,fixedstyle,fshadowtype,ibgcolor,ibotlinecolor,ifgcolor,ifonrsize,iheight,ileftlinecolor,irightcolor,isdycolgroup,isdynrowheight,islastpagetrail,istartx,istarty,itoplinecolor,iwidth,options,prepare1,prepare2,table_code,ts,vfontname,vtext,vvar) values( '0','000007000007','0001AA10000000000L1A','1000000','0110','10',null,'00000000','0001AA10000000000KWZ',0,1,null,0,-1,0,-16777216,16,30,0,0,null,null,null,560,0,0,80,'<nc.vo.pub.print.PrintCellExtVO>
  <height__decimal>0.0</height__decimal>
  <textDirection>0</textDirection>
  <lineSpaceBetween>0</lineSpaceBetween>
  <formatType>0</formatType>
</nc.vo.pub.print.PrintCellExtVO>',null,null,null,'2018-11-13 19:24:20','Dialog','委托单',null);
insert into pub_print_cell(bunderline,ccellcode,ccellid,ccombineproperty,ccontentproperty,cisfrozen,cisheadtail,clineproperty,ctemplateid,dr,ffontstyle,fixedstyle,fshadowtype,ibgcolor,ibotlinecolor,ifgcolor,ifonrsize,iheight,ileftlinecolor,irightcolor,isdycolgroup,isdynrowheight,islastpagetrail,istartx,istarty,itoplinecolor,iwidth,options,prepare1,prepare2,table_code,ts,vfontname,vtext,vvar) values( '0','000008000008','0001AA10000000000L1B','1000000','0110','10',null,'00000000','0001AA10000000000KWZ',0,1,null,0,-1,0,-16777216,16,30,0,0,null,null,null,640,0,0,80,'<nc.vo.pub.print.PrintCellExtVO>
  <height__decimal>0.0</height__decimal>
  <textDirection>0</textDirection>
  <lineSpaceBetween>0</lineSpaceBetween>
  <formatType>0</formatType>
</nc.vo.pub.print.PrintCellExtVO>',null,null,null,'2018-11-13 19:24:20','Dialog','委托单',null);
insert into pub_print_cell(bunderline,ccellcode,ccellid,ccombineproperty,ccontentproperty,cisfrozen,cisheadtail,clineproperty,ctemplateid,dr,ffontstyle,fixedstyle,fshadowtype,ibgcolor,ibotlinecolor,ifgcolor,ifonrsize,iheight,ileftlinecolor,irightcolor,isdycolgroup,isdynrowheight,islastpagetrail,istartx,istarty,itoplinecolor,iwidth,options,prepare1,prepare2,table_code,ts,vfontname,vtext,vvar) values( '0','000009000009','0001AA10000000000L1C','1000000','0110','10',null,'00000000','0001AA10000000000KWZ',0,1,null,0,-1,0,-16777216,16,30,0,0,null,null,null,720,0,0,80,'<nc.vo.pub.print.PrintCellExtVO>
  <height__decimal>0.0</height__decimal>
  <textDirection>0</textDirection>
  <lineSpaceBetween>0</lineSpaceBetween>
  <formatType>0</formatType>
</nc.vo.pub.print.PrintCellExtVO>',null,null,null,'2018-11-13 19:24:20','Dialog','委托单',null);
insert into pub_print_cell(bunderline,ccellcode,ccellid,ccombineproperty,ccontentproperty,cisfrozen,cisheadtail,clineproperty,ctemplateid,dr,ffontstyle,fixedstyle,fshadowtype,ibgcolor,ibotlinecolor,ifgcolor,ifonrsize,iheight,ileftlinecolor,irightcolor,isdycolgroup,isdynrowheight,islastpagetrail,istartx,istarty,itoplinecolor,iwidth,options,prepare1,prepare2,table_code,ts,vfontname,vtext,vvar) values( '0','000010000010','0001AA10000000000L1D','1000000','0110','10',null,'00000000','0001AA10000000000KWZ',0,1,null,0,-1,0,-16777216,16,30,0,0,null,null,null,800,0,0,80,'<nc.vo.pub.print.PrintCellExtVO>
  <height__decimal>0.0</height__decimal>
  <textDirection>0</textDirection>
  <lineSpaceBetween>0</lineSpaceBetween>
  <formatType>0</formatType>
</nc.vo.pub.print.PrintCellExtVO>',null,null,null,'2018-11-13 19:24:20','Dialog','委托单',null);
insert into pub_print_cell(bunderline,ccellcode,ccellid,ccombineproperty,ccontentproperty,cisfrozen,cisheadtail,clineproperty,ctemplateid,dr,ffontstyle,fixedstyle,fshadowtype,ibgcolor,ibotlinecolor,ifgcolor,ifonrsize,iheight,ileftlinecolor,irightcolor,isdycolgroup,isdynrowheight,islastpagetrail,istartx,istarty,itoplinecolor,iwidth,options,prepare1,prepare2,table_code,ts,vfontname,vtext,vvar) values( '0','000000000010','0001AA10000000000L1E','0','0110','10',null,'00000000','0001AA10000000000KWZ',0,1,null,0,-1,0,-16777216,16,30,0,0,null,null,null,0,0,0,880,'<nc.vo.pub.print.PrintCellExtVO>
  <height__decimal>0.0</height__decimal>
  <textDirection>0</textDirection>
  <lineSpaceBetween>0</lineSpaceBetween>
  <formatType>0</formatType>
</nc.vo.pub.print.PrintCellExtVO>',null,null,null,'2018-11-13 19:24:20','Dialog','委托单',null);
insert into pub_print_cell(bunderline,ccellcode,ccellid,ccombineproperty,ccontentproperty,cisfrozen,cisheadtail,clineproperty,ctemplateid,dr,ffontstyle,fixedstyle,fshadowtype,ibgcolor,ibotlinecolor,ifgcolor,ifonrsize,iheight,ileftlinecolor,irightcolor,isdycolgroup,isdynrowheight,islastpagetrail,istartx,istarty,itoplinecolor,iwidth,options,prepare1,prepare2,table_code,ts,vfontname,vtext,vvar) values( '0','001000001000','0001AA10000000000L1F','0','0110','10',null,'11111111','0001AA10000000000KWZ',0,0,null,0,-1,0,-16777216,12,20,0,0,null,null,null,0,30,0,80,'<nc.vo.pub.print.PrintCellExtVO>
  <height__decimal>0.0</height__decimal>
  <textDirection>0</textDirection>
  <lineSpaceBetween>0</lineSpaceBetween>
  <formatType>0</formatType>
</nc.vo.pub.print.PrintCellExtVO>',null,null,null,'2018-11-13 19:24:20','Dialog','最后修改时间',null);
insert into pub_print_cell(bunderline,ccellcode,ccellid,ccombineproperty,ccontentproperty,cisfrozen,cisheadtail,clineproperty,ctemplateid,dr,ffontstyle,fixedstyle,fshadowtype,ibgcolor,ibotlinecolor,ifgcolor,ifonrsize,iheight,ileftlinecolor,irightcolor,isdycolgroup,isdynrowheight,islastpagetrail,istartx,istarty,itoplinecolor,iwidth,options,prepare1,prepare2,table_code,ts,vfontname,vtext,vvar) values( '0','001001001001','0001AA10000000000L1G','0','1110','10',null,'11111111','0001AA10000000000KWZ',0,0,null,0,-1,0,-16777216,12,20,0,0,null,null,null,80,30,0,80,'<nc.vo.pub.print.PrintCellExtVO>
  <height__decimal>0.0</height__decimal>
  <textDirection>0</textDirection>
  <lineSpaceBetween>0</lineSpaceBetween>
  <formatType>0</formatType>
</nc.vo.pub.print.PrintCellExtVO>',null,null,null,'2018-11-13 19:24:20','Dialog','最后修改时间','lastmaketime');
insert into pub_print_cell(bunderline,ccellcode,ccellid,ccombineproperty,ccontentproperty,cisfrozen,cisheadtail,clineproperty,ctemplateid,dr,ffontstyle,fixedstyle,fshadowtype,ibgcolor,ibotlinecolor,ifgcolor,ifonrsize,iheight,ileftlinecolor,irightcolor,isdycolgroup,isdynrowheight,islastpagetrail,istartx,istarty,itoplinecolor,iwidth,options,prepare1,prepare2,table_code,ts,vfontname,vtext,vvar) values( '0','001002001002','0001AA10000000000L1H','0','0110','10',null,'11111111','0001AA10000000000KWZ',0,0,null,0,-1,0,-16777216,12,20,0,0,null,null,null,160,30,0,80,'<nc.vo.pub.print.PrintCellExtVO>
  <height__decimal>0.0</height__decimal>
  <textDirection>0</textDirection>
  <lineSpaceBetween>0</lineSpaceBetween>
  <formatType>0</formatType>
</nc.vo.pub.print.PrintCellExtVO>',null,null,null,'2018-11-13 19:24:20','Dialog','制单日期',null);
insert into pub_print_cell(bunderline,ccellcode,ccellid,ccombineproperty,ccontentproperty,cisfrozen,cisheadtail,clineproperty,ctemplateid,dr,ffontstyle,fixedstyle,fshadowtype,ibgcolor,ibotlinecolor,ifgcolor,ifonrsize,iheight,ileftlinecolor,irightcolor,isdycolgroup,isdynrowheight,islastpagetrail,istartx,istarty,itoplinecolor,iwidth,options,prepare1,prepare2,table_code,ts,vfontname,vtext,vvar) values( '0','001003001003','0001AA10000000000L1I','0','1110','10',null,'11111111','0001AA10000000000KWZ',0,0,null,0,-1,0,-16777216,12,20,0,0,null,null,null,240,30,0,80,'<nc.vo.pub.print.PrintCellExtVO>
  <height__decimal>0.0</height__decimal>
  <textDirection>0</textDirection>
  <lineSpaceBetween>0</lineSpaceBetween>
  <formatType>0</formatType>
</nc.vo.pub.print.PrintCellExtVO>',null,null,null,'2018-11-13 19:24:20','Dialog','制单日期','dmakedate');
insert into pub_print_cell(bunderline,ccellcode,ccellid,ccombineproperty,ccontentproperty,cisfrozen,cisheadtail,clineproperty,ctemplateid,dr,ffontstyle,fixedstyle,fshadowtype,ibgcolor,ibotlinecolor,ifgcolor,ifonrsize,iheight,ileftlinecolor,irightcolor,isdycolgroup,isdynrowheight,islastpagetrail,istartx,istarty,itoplinecolor,iwidth,options,prepare1,prepare2,table_code,ts,vfontname,vtext,vvar) values( '0','001004001004','0001AA10000000000L1J','0','0110','10',null,'11111111','0001AA10000000000KWZ',0,0,null,0,-1,0,-16777216,12,20,0,0,null,null,null,320,30,0,80,'<nc.vo.pub.print.PrintCellExtVO>
  <height__decimal>0.0</height__decimal>
  <textDirection>0</textDirection>
  <lineSpaceBetween>0</lineSpaceBetween>
  <formatType>0</formatType>
</nc.vo.pub.print.PrintCellExtVO>',null,null,null,'2018-11-13 19:24:20','Dialog','集团',null);
insert into pub_print_cell(bunderline,ccellcode,ccellid,ccombineproperty,ccontentproperty,cisfrozen,cisheadtail,clineproperty,ctemplateid,dr,ffontstyle,fixedstyle,fshadowtype,ibgcolor,ibotlinecolor,ifgcolor,ifonrsize,iheight,ileftlinecolor,irightcolor,isdycolgroup,isdynrowheight,islastpagetrail,istartx,istarty,itoplinecolor,iwidth,options,prepare1,prepare2,table_code,ts,vfontname,vtext,vvar) values( '0','001005001005','0001AA10000000000L1K','0','1110','10',null,'11111111','0001AA10000000000KWZ',0,0,null,0,-1,0,-16777216,12,20,0,0,null,null,null,400,30,0,80,'<nc.vo.pub.print.PrintCellExtVO>
  <height__decimal>0.0</height__decimal>
  <textDirection>0</textDirection>
  <lineSpaceBetween>0</lineSpaceBetween>
  <formatType>0</formatType>
</nc.vo.pub.print.PrintCellExtVO>',null,null,null,'2018-11-13 19:24:20','Dialog','集团','pk_group.name');
insert into pub_print_cell(bunderline,ccellcode,ccellid,ccombineproperty,ccontentproperty,cisfrozen,cisheadtail,clineproperty,ctemplateid,dr,ffontstyle,fixedstyle,fshadowtype,ibgcolor,ibotlinecolor,ifgcolor,ifonrsize,iheight,ileftlinecolor,irightcolor,isdycolgroup,isdynrowheight,islastpagetrail,istartx,istarty,itoplinecolor,iwidth,options,prepare1,prepare2,table_code,ts,vfontname,vtext,vvar) values( '0','001006001006','0001AA10000000000L1L','0','0110','10',null,'11111111','0001AA10000000000KWZ',0,0,null,0,-1,0,-16777216,12,20,0,0,null,null,null,480,30,0,80,'<nc.vo.pub.print.PrintCellExtVO>
  <height__decimal>0.0</height__decimal>
  <textDirection>0</textDirection>
  <lineSpaceBetween>0</lineSpaceBetween>
  <formatType>0</formatType>
</nc.vo.pub.print.PrintCellExtVO>',null,null,null,'2018-11-13 19:24:20','Dialog','组织',null);
insert into pub_print_cell(bunderline,ccellcode,ccellid,ccombineproperty,ccontentproperty,cisfrozen,cisheadtail,clineproperty,ctemplateid,dr,ffontstyle,fixedstyle,fshadowtype,ibgcolor,ibotlinecolor,ifgcolor,ifonrsize,iheight,ileftlinecolor,irightcolor,isdycolgroup,isdynrowheight,islastpagetrail,istartx,istarty,itoplinecolor,iwidth,options,prepare1,prepare2,table_code,ts,vfontname,vtext,vvar) values( '0','001007001007','0001AA10000000000L1M','0','1110','10',null,'11111111','0001AA10000000000KWZ',0,0,null,0,-1,0,-16777216,12,20,0,0,null,null,null,560,30,0,80,'<nc.vo.pub.print.PrintCellExtVO>
  <height__decimal>0.0</height__decimal>
  <textDirection>0</textDirection>
  <lineSpaceBetween>0</lineSpaceBetween>
  <formatType>0</formatType>
</nc.vo.pub.print.PrintCellExtVO>',null,null,null,'2018-11-13 19:24:20','Dialog','组织','pk_org.name');
insert into pub_print_cell(bunderline,ccellcode,ccellid,ccombineproperty,ccontentproperty,cisfrozen,cisheadtail,clineproperty,ctemplateid,dr,ffontstyle,fixedstyle,fshadowtype,ibgcolor,ibotlinecolor,ifgcolor,ifonrsize,iheight,ileftlinecolor,irightcolor,isdycolgroup,isdynrowheight,islastpagetrail,istartx,istarty,itoplinecolor,iwidth,options,prepare1,prepare2,table_code,ts,vfontname,vtext,vvar) values( '0','001008001008','0001AA10000000000L1N','0','0110','10',null,'11111111','0001AA10000000000KWZ',0,0,null,0,-1,0,-16777216,12,20,0,0,null,null,null,640,30,0,80,'<nc.vo.pub.print.PrintCellExtVO>
  <height__decimal>0.0</height__decimal>
  <textDirection>0</textDirection>
  <lineSpaceBetween>0</lineSpaceBetween>
  <formatType>0</formatType>
</nc.vo.pub.print.PrintCellExtVO>',null,null,null,'2018-11-13 19:24:20','Dialog','组织版本',null);
insert into pub_print_cell(bunderline,ccellcode,ccellid,ccombineproperty,ccontentproperty,cisfrozen,cisheadtail,clineproperty,ctemplateid,dr,ffontstyle,fixedstyle,fshadowtype,ibgcolor,ibotlinecolor,ifgcolor,ifonrsize,iheight,ileftlinecolor,irightcolor,isdycolgroup,isdynrowheight,islastpagetrail,istartx,istarty,itoplinecolor,iwidth,options,prepare1,prepare2,table_code,ts,vfontname,vtext,vvar) values( '0','001009001009','0001AA10000000000L1O','0','1110','10',null,'11111111','0001AA10000000000KWZ',0,0,null,0,-1,0,-16777216,12,20,0,0,null,null,null,720,30,0,80,'<nc.vo.pub.print.PrintCellExtVO>
  <height__decimal>0.0</height__decimal>
  <textDirection>0</textDirection>
  <lineSpaceBetween>0</lineSpaceBetween>
  <formatType>0</formatType>
</nc.vo.pub.print.PrintCellExtVO>',null,null,null,'2018-11-13 19:24:20','Dialog','组织版本','pk_org_v.name');
insert into pub_print_cell(bunderline,ccellcode,ccellid,ccombineproperty,ccontentproperty,cisfrozen,cisheadtail,clineproperty,ctemplateid,dr,ffontstyle,fixedstyle,fshadowtype,ibgcolor,ibotlinecolor,ifgcolor,ifonrsize,iheight,ileftlinecolor,irightcolor,isdycolgroup,isdynrowheight,islastpagetrail,istartx,istarty,itoplinecolor,iwidth,options,prepare1,prepare2,table_code,ts,vfontname,vtext,vvar) values( '0','001010001010','0001AA10000000000L1P','0','0110','10',null,'11111111','0001AA10000000000KWZ',0,0,null,0,-1,0,-16777216,12,20,0,0,null,null,null,800,30,0,80,'<nc.vo.pub.print.PrintCellExtVO>
  <height__decimal>0.0</height__decimal>
  <textDirection>0</textDirection>
  <lineSpaceBetween>0</lineSpaceBetween>
  <formatType>0</formatType>
</nc.vo.pub.print.PrintCellExtVO>',null,null,null,'2018-11-13 19:24:20','Dialog',null,null);
insert into pub_print_cell(bunderline,ccellcode,ccellid,ccombineproperty,ccontentproperty,cisfrozen,cisheadtail,clineproperty,ctemplateid,dr,ffontstyle,fixedstyle,fshadowtype,ibgcolor,ibotlinecolor,ifgcolor,ifonrsize,iheight,ileftlinecolor,irightcolor,isdycolgroup,isdynrowheight,islastpagetrail,istartx,istarty,itoplinecolor,iwidth,options,prepare1,prepare2,table_code,ts,vfontname,vtext,vvar) values( '0','002000002000','0001AA10000000000L1Q','0','0110','10',null,'11111111','0001AA10000000000KWZ',0,0,null,0,-1,0,-16777216,12,20,0,0,null,null,null,0,50,0,80,'<nc.vo.pub.print.PrintCellExtVO>
  <height__decimal>0.0</height__decimal>
  <textDirection>0</textDirection>
  <lineSpaceBetween>0</lineSpaceBetween>
  <formatType>0</formatType>
</nc.vo.pub.print.PrintCellExtVO>',null,null,null,'2018-11-13 19:24:20','Dialog','单据ID',null);
insert into pub_print_cell(bunderline,ccellcode,ccellid,ccombineproperty,ccontentproperty,cisfrozen,cisheadtail,clineproperty,ctemplateid,dr,ffontstyle,fixedstyle,fshadowtype,ibgcolor,ibotlinecolor,ifgcolor,ifonrsize,iheight,ileftlinecolor,irightcolor,isdycolgroup,isdynrowheight,islastpagetrail,istartx,istarty,itoplinecolor,iwidth,options,prepare1,prepare2,table_code,ts,vfontname,vtext,vvar) values( '0','002001002001','0001AA10000000000L1R','0','1110','10',null,'11111111','0001AA10000000000KWZ',0,0,null,0,-1,0,-16777216,12,20,0,0,null,null,null,80,50,0,80,'<nc.vo.pub.print.PrintCellExtVO>
  <height__decimal>0.0</height__decimal>
  <textDirection>0</textDirection>
  <lineSpaceBetween>0</lineSpaceBetween>
  <formatType>0</formatType>
</nc.vo.pub.print.PrintCellExtVO>',null,null,null,'2018-11-13 19:24:20','Dialog','单据ID','billid');
insert into pub_print_cell(bunderline,ccellcode,ccellid,ccombineproperty,ccontentproperty,cisfrozen,cisheadtail,clineproperty,ctemplateid,dr,ffontstyle,fixedstyle,fshadowtype,ibgcolor,ibotlinecolor,ifgcolor,ifonrsize,iheight,ileftlinecolor,irightcolor,isdycolgroup,isdynrowheight,islastpagetrail,istartx,istarty,itoplinecolor,iwidth,options,prepare1,prepare2,table_code,ts,vfontname,vtext,vvar) values( '0','002002002002','0001AA10000000000L1S','0','0110','10',null,'11111111','0001AA10000000000KWZ',0,0,null,0,-1,0,-16777216,12,20,0,0,null,null,null,160,50,0,80,'<nc.vo.pub.print.PrintCellExtVO>
  <height__decimal>0.0</height__decimal>
  <textDirection>0</textDirection>
  <lineSpaceBetween>0</lineSpaceBetween>
  <formatType>0</formatType>
</nc.vo.pub.print.PrintCellExtVO>',null,null,null,'2018-11-13 19:24:20','Dialog','单据号',null);
insert into pub_print_cell(bunderline,ccellcode,ccellid,ccombineproperty,ccontentproperty,cisfrozen,cisheadtail,clineproperty,ctemplateid,dr,ffontstyle,fixedstyle,fshadowtype,ibgcolor,ibotlinecolor,ifgcolor,ifonrsize,iheight,ileftlinecolor,irightcolor,isdycolgroup,isdynrowheight,islastpagetrail,istartx,istarty,itoplinecolor,iwidth,options,prepare1,prepare2,table_code,ts,vfontname,vtext,vvar) values( '0','002003002003','0001AA10000000000L1T','0','1110','10',null,'11111111','0001AA10000000000KWZ',0,0,null,0,-1,0,-16777216,12,20,0,0,null,null,null,240,50,0,80,'<nc.vo.pub.print.PrintCellExtVO>
  <height__decimal>0.0</height__decimal>
  <textDirection>0</textDirection>
  <lineSpaceBetween>0</lineSpaceBetween>
  <formatType>0</formatType>
</nc.vo.pub.print.PrintCellExtVO>',null,null,null,'2018-11-13 19:24:20','Dialog','单据号','billno');
insert into pub_print_cell(bunderline,ccellcode,ccellid,ccombineproperty,ccontentproperty,cisfrozen,cisheadtail,clineproperty,ctemplateid,dr,ffontstyle,fixedstyle,fshadowtype,ibgcolor,ibotlinecolor,ifgcolor,ifonrsize,iheight,ileftlinecolor,irightcolor,isdycolgroup,isdynrowheight,islastpagetrail,istartx,istarty,itoplinecolor,iwidth,options,prepare1,prepare2,table_code,ts,vfontname,vtext,vvar) values( '0','002004002004','0001AA10000000000L1U','0','0110','10',null,'11111111','0001AA10000000000KWZ',0,0,null,0,-1,0,-16777216,12,20,0,0,null,null,null,320,50,0,80,'<nc.vo.pub.print.PrintCellExtVO>
  <height__decimal>0.0</height__decimal>
  <textDirection>0</textDirection>
  <lineSpaceBetween>0</lineSpaceBetween>
  <formatType>0</formatType>
</nc.vo.pub.print.PrintCellExtVO>',null,null,null,'2018-11-13 19:24:20','Dialog','业务类型',null);
insert into pub_print_cell(bunderline,ccellcode,ccellid,ccombineproperty,ccontentproperty,cisfrozen,cisheadtail,clineproperty,ctemplateid,dr,ffontstyle,fixedstyle,fshadowtype,ibgcolor,ibotlinecolor,ifgcolor,ifonrsize,iheight,ileftlinecolor,irightcolor,isdycolgroup,isdynrowheight,islastpagetrail,istartx,istarty,itoplinecolor,iwidth,options,prepare1,prepare2,table_code,ts,vfontname,vtext,vvar) values( '0','002005002005','0001AA10000000000L1V','0','1110','10',null,'11111111','0001AA10000000000KWZ',0,0,null,0,-1,0,-16777216,12,20,0,0,null,null,null,400,50,0,80,'<nc.vo.pub.print.PrintCellExtVO>
  <height__decimal>0.0</height__decimal>
  <textDirection>0</textDirection>
  <lineSpaceBetween>0</lineSpaceBetween>
  <formatType>0</formatType>
</nc.vo.pub.print.PrintCellExtVO>',null,null,null,'2018-11-13 19:24:20','Dialog','业务类型','busitype');
insert into pub_print_cell(bunderline,ccellcode,ccellid,ccombineproperty,ccontentproperty,cisfrozen,cisheadtail,clineproperty,ctemplateid,dr,ffontstyle,fixedstyle,fshadowtype,ibgcolor,ibotlinecolor,ifgcolor,ifonrsize,iheight,ileftlinecolor,irightcolor,isdycolgroup,isdynrowheight,islastpagetrail,istartx,istarty,itoplinecolor,iwidth,options,prepare1,prepare2,table_code,ts,vfontname,vtext,vvar) values( '0','002006002006','0001AA10000000000L1W','0','0110','10',null,'11111111','0001AA10000000000KWZ',0,0,null,0,-1,0,-16777216,12,20,0,0,null,null,null,480,50,0,80,'<nc.vo.pub.print.PrintCellExtVO>
  <height__decimal>0.0</height__decimal>
  <textDirection>0</textDirection>
  <lineSpaceBetween>0</lineSpaceBetween>
  <formatType>0</formatType>
</nc.vo.pub.print.PrintCellExtVO>',null,null,null,'2018-11-13 19:24:20','Dialog','审批状态',null);
insert into pub_print_cell(bunderline,ccellcode,ccellid,ccombineproperty,ccontentproperty,cisfrozen,cisheadtail,clineproperty,ctemplateid,dr,ffontstyle,fixedstyle,fshadowtype,ibgcolor,ibotlinecolor,ifgcolor,ifonrsize,iheight,ileftlinecolor,irightcolor,isdycolgroup,isdynrowheight,islastpagetrail,istartx,istarty,itoplinecolor,iwidth,options,prepare1,prepare2,table_code,ts,vfontname,vtext,vvar) values( '0','002007002007','0001AA10000000000L1X','0','1110','10',null,'11111111','0001AA10000000000KWZ',0,0,null,0,-1,0,-16777216,12,20,0,0,null,null,null,560,50,0,80,'<nc.vo.pub.print.PrintCellExtVO>
  <height__decimal>0.0</height__decimal>
  <textDirection>0</textDirection>
  <lineSpaceBetween>0</lineSpaceBetween>
  <formatType>0</formatType>
</nc.vo.pub.print.PrintCellExtVO>',null,null,null,'2018-11-13 19:24:20','Dialog','审批状态','approvestatus');
insert into pub_print_cell(bunderline,ccellcode,ccellid,ccombineproperty,ccontentproperty,cisfrozen,cisheadtail,clineproperty,ctemplateid,dr,ffontstyle,fixedstyle,fshadowtype,ibgcolor,ibotlinecolor,ifgcolor,ifonrsize,iheight,ileftlinecolor,irightcolor,isdycolgroup,isdynrowheight,islastpagetrail,istartx,istarty,itoplinecolor,iwidth,options,prepare1,prepare2,table_code,ts,vfontname,vtext,vvar) values( '0','002008002008','0001AA10000000000L1Y','0','0110','10',null,'11111111','0001AA10000000000KWZ',0,0,null,0,-1,0,-16777216,12,20,0,0,null,null,null,640,50,0,80,'<nc.vo.pub.print.PrintCellExtVO>
  <height__decimal>0.0</height__decimal>
  <textDirection>0</textDirection>
  <lineSpaceBetween>0</lineSpaceBetween>
  <formatType>0</formatType>
</nc.vo.pub.print.PrintCellExtVO>',null,null,null,'2018-11-13 19:24:20','Dialog','审批批语',null);
insert into pub_print_cell(bunderline,ccellcode,ccellid,ccombineproperty,ccontentproperty,cisfrozen,cisheadtail,clineproperty,ctemplateid,dr,ffontstyle,fixedstyle,fshadowtype,ibgcolor,ibotlinecolor,ifgcolor,ifonrsize,iheight,ileftlinecolor,irightcolor,isdycolgroup,isdynrowheight,islastpagetrail,istartx,istarty,itoplinecolor,iwidth,options,prepare1,prepare2,table_code,ts,vfontname,vtext,vvar) values( '0','002009002009','0001AA10000000000L1Z','0','1110','10',null,'11111111','0001AA10000000000KWZ',0,0,null,0,-1,0,-16777216,12,20,0,0,null,null,null,720,50,0,80,'<nc.vo.pub.print.PrintCellExtVO>
  <height__decimal>0.0</height__decimal>
  <textDirection>0</textDirection>
  <lineSpaceBetween>0</lineSpaceBetween>
  <formatType>0</formatType>
</nc.vo.pub.print.PrintCellExtVO>',null,null,null,'2018-11-13 19:24:20','Dialog','审批批语','approvenote');
insert into pub_print_cell(bunderline,ccellcode,ccellid,ccombineproperty,ccontentproperty,cisfrozen,cisheadtail,clineproperty,ctemplateid,dr,ffontstyle,fixedstyle,fshadowtype,ibgcolor,ibotlinecolor,ifgcolor,ifonrsize,iheight,ileftlinecolor,irightcolor,isdycolgroup,isdynrowheight,islastpagetrail,istartx,istarty,itoplinecolor,iwidth,options,prepare1,prepare2,table_code,ts,vfontname,vtext,vvar) values( '0','002010002010','0001AA10000000000L20','0','0110','10',null,'11111111','0001AA10000000000KWZ',0,0,null,0,-1,0,-16777216,12,20,0,0,null,null,null,800,50,0,80,'<nc.vo.pub.print.PrintCellExtVO>
  <height__decimal>0.0</height__decimal>
  <textDirection>0</textDirection>
  <lineSpaceBetween>0</lineSpaceBetween>
  <formatType>0</formatType>
</nc.vo.pub.print.PrintCellExtVO>',null,null,null,'2018-11-13 19:24:20','Dialog',null,null);
insert into pub_print_cell(bunderline,ccellcode,ccellid,ccombineproperty,ccontentproperty,cisfrozen,cisheadtail,clineproperty,ctemplateid,dr,ffontstyle,fixedstyle,fshadowtype,ibgcolor,ibotlinecolor,ifgcolor,ifonrsize,iheight,ileftlinecolor,irightcolor,isdycolgroup,isdynrowheight,islastpagetrail,istartx,istarty,itoplinecolor,iwidth,options,prepare1,prepare2,table_code,ts,vfontname,vtext,vvar) values( '0','003000003000','0001AA10000000000L21','0','0110','10',null,'11111111','0001AA10000000000KWZ',0,0,null,0,-1,0,-16777216,12,20,0,0,null,null,null,0,70,0,80,'<nc.vo.pub.print.PrintCellExtVO>
  <height__decimal>0.0</height__decimal>
  <textDirection>0</textDirection>
  <lineSpaceBetween>0</lineSpaceBetween>
  <formatType>0</formatType>
</nc.vo.pub.print.PrintCellExtVO>',null,null,null,'2018-11-13 19:24:20','Dialog','交易类型',null);
insert into pub_print_cell(bunderline,ccellcode,ccellid,ccombineproperty,ccontentproperty,cisfrozen,cisheadtail,clineproperty,ctemplateid,dr,ffontstyle,fixedstyle,fshadowtype,ibgcolor,ibotlinecolor,ifgcolor,ifonrsize,iheight,ileftlinecolor,irightcolor,isdycolgroup,isdynrowheight,islastpagetrail,istartx,istarty,itoplinecolor,iwidth,options,prepare1,prepare2,table_code,ts,vfontname,vtext,vvar) values( '0','003001003001','0001AA10000000000L22','0','1110','10',null,'11111111','0001AA10000000000KWZ',0,0,null,0,-1,0,-16777216,12,20,0,0,null,null,null,80,70,0,80,'<nc.vo.pub.print.PrintCellExtVO>
  <height__decimal>0.0</height__decimal>
  <textDirection>0</textDirection>
  <lineSpaceBetween>0</lineSpaceBetween>
  <formatType>0</formatType>
</nc.vo.pub.print.PrintCellExtVO>',null,null,null,'2018-11-13 19:24:20','Dialog','交易类型','transtype');
insert into pub_print_cell(bunderline,ccellcode,ccellid,ccombineproperty,ccontentproperty,cisfrozen,cisheadtail,clineproperty,ctemplateid,dr,ffontstyle,fixedstyle,fshadowtype,ibgcolor,ibotlinecolor,ifgcolor,ifonrsize,iheight,ileftlinecolor,irightcolor,isdycolgroup,isdynrowheight,islastpagetrail,istartx,istarty,itoplinecolor,iwidth,options,prepare1,prepare2,table_code,ts,vfontname,vtext,vvar) values( '0','003002003002','0001AA10000000000L23','0','0110','10',null,'11111111','0001AA10000000000KWZ',0,0,null,0,-1,0,-16777216,12,20,0,0,null,null,null,160,70,0,80,'<nc.vo.pub.print.PrintCellExtVO>
  <height__decimal>0.0</height__decimal>
  <textDirection>0</textDirection>
  <lineSpaceBetween>0</lineSpaceBetween>
  <formatType>0</formatType>
</nc.vo.pub.print.PrintCellExtVO>',null,null,null,'2018-11-13 19:24:20','Dialog','审核日期',null);
insert into pub_print_cell(bunderline,ccellcode,ccellid,ccombineproperty,ccontentproperty,cisfrozen,cisheadtail,clineproperty,ctemplateid,dr,ffontstyle,fixedstyle,fshadowtype,ibgcolor,ibotlinecolor,ifgcolor,ifonrsize,iheight,ileftlinecolor,irightcolor,isdycolgroup,isdynrowheight,islastpagetrail,istartx,istarty,itoplinecolor,iwidth,options,prepare1,prepare2,table_code,ts,vfontname,vtext,vvar) values( '0','011006011006','0001AA10000000000L4P','0','1110','N',null,'11111111','0001AA10000000000KWZ',0,0,null,0,-1,0,-16777216,12,20,0,0,null,null,null,480,215,0,80,'<nc.vo.pub.print.PrintCellExtVO>
  <height__decimal>0.0</height__decimal>
  <textDirection>0</textDirection>
  <lineSpaceBetween>0</lineSpaceBetween>
  <formatType>0</formatType>
</nc.vo.pub.print.PrintCellExtVO>',null,null,null,'2018-11-13 19:24:20','Dialog','制造商','pk_commission_b.pk_manufacturer.name');
insert into pub_print_cell(bunderline,ccellcode,ccellid,ccombineproperty,ccontentproperty,cisfrozen,cisheadtail,clineproperty,ctemplateid,dr,ffontstyle,fixedstyle,fshadowtype,ibgcolor,ibotlinecolor,ifgcolor,ifonrsize,iheight,ileftlinecolor,irightcolor,isdycolgroup,isdynrowheight,islastpagetrail,istartx,istarty,itoplinecolor,iwidth,options,prepare1,prepare2,table_code,ts,vfontname,vtext,vvar) values( '0','011007011007','0001AA10000000000L4Q','0','1110','N',null,'11111111','0001AA10000000000KWZ',0,0,null,0,-1,0,-16777216,12,20,0,0,null,null,null,560,215,0,80,'<nc.vo.pub.print.PrintCellExtVO>
  <height__decimal>0.0</height__decimal>
  <textDirection>0</textDirection>
  <lineSpaceBetween>0</lineSpaceBetween>
  <formatType>0</formatType>
</nc.vo.pub.print.PrintCellExtVO>',null,null,null,'2018-11-13 19:24:20','Dialog','触点型号','pk_commission_b.contactorno');
insert into pub_print_cell(bunderline,ccellcode,ccellid,ccombineproperty,ccontentproperty,cisfrozen,cisheadtail,clineproperty,ctemplateid,dr,ffontstyle,fixedstyle,fshadowtype,ibgcolor,ibotlinecolor,ifgcolor,ifonrsize,iheight,ileftlinecolor,irightcolor,isdycolgroup,isdynrowheight,islastpagetrail,istartx,istarty,itoplinecolor,iwidth,options,prepare1,prepare2,table_code,ts,vfontname,vtext,vvar) values( '0','011008011008','0001AA10000000000L4R','0','1110','N',null,'11111111','0001AA10000000000KWZ',0,0,null,0,-1,0,-16777216,12,20,0,0,null,null,null,640,215,0,80,'<nc.vo.pub.print.PrintCellExtVO>
  <height__decimal>0.0</height__decimal>
  <textDirection>0</textDirection>
  <lineSpaceBetween>0</lineSpaceBetween>
  <formatType>0</formatType>
</nc.vo.pub.print.PrintCellExtVO>',null,null,null,'2018-11-13 19:24:20','Dialog','其他信息','pk_commission_b.otherinfo');
insert into pub_print_cell(bunderline,ccellcode,ccellid,ccombineproperty,ccontentproperty,cisfrozen,cisheadtail,clineproperty,ctemplateid,dr,ffontstyle,fixedstyle,fshadowtype,ibgcolor,ibotlinecolor,ifgcolor,ifonrsize,iheight,ileftlinecolor,irightcolor,isdycolgroup,isdynrowheight,islastpagetrail,istartx,istarty,itoplinecolor,iwidth,options,prepare1,prepare2,table_code,ts,vfontname,vtext,vvar) values( '0','011009011009','0001AA10000000000L4S','0','1110','N',null,'11111111','0001AA10000000000KWZ',0,0,null,0,-1,0,-16777216,12,20,0,0,null,null,null,720,215,0,80,'<nc.vo.pub.print.PrintCellExtVO>
  <height__decimal>0.0</height__decimal>
  <textDirection>0</textDirection>
  <lineSpaceBetween>0</lineSpaceBetween>
  <formatType>0</formatType>
</nc.vo.pub.print.PrintCellExtVO>',null,null,null,'2018-11-13 19:24:20','Dialog','顺序号','pk_commission_b.seqnum');
insert into pub_print_cell(bunderline,ccellcode,ccellid,ccombineproperty,ccontentproperty,cisfrozen,cisheadtail,clineproperty,ctemplateid,dr,ffontstyle,fixedstyle,fshadowtype,ibgcolor,ibotlinecolor,ifgcolor,ifonrsize,iheight,ileftlinecolor,irightcolor,isdycolgroup,isdynrowheight,islastpagetrail,istartx,istarty,itoplinecolor,iwidth,options,prepare1,prepare2,table_code,ts,vfontname,vtext,vvar) values( '0','011010011010','0001AA10000000000L4T','0','1110','N',null,'11111111','0001AA10000000000KWZ',0,0,null,0,-1,0,-16777216,12,20,0,0,null,null,null,800,215,0,80,'<nc.vo.pub.print.PrintCellExtVO>
  <height__decimal>0.0</height__decimal>
  <textDirection>0</textDirection>
  <lineSpaceBetween>0</lineSpaceBetween>
  <formatType>0</formatType>
</nc.vo.pub.print.PrintCellExtVO>',null,null,null,'2018-11-13 19:24:20','Dialog','试验前参数主键','pk_commission_b.pk_commission_r');
insert into pub_print_cell(bunderline,ccellcode,ccellid,ccombineproperty,ccontentproperty,cisfrozen,cisheadtail,clineproperty,ctemplateid,dr,ffontstyle,fixedstyle,fshadowtype,ibgcolor,ibotlinecolor,ifgcolor,ifonrsize,iheight,ileftlinecolor,irightcolor,isdycolgroup,isdynrowheight,islastpagetrail,istartx,istarty,itoplinecolor,iwidth,options,prepare1,prepare2,table_code,ts,vfontname,vtext,vvar) values( '0','012000012000','0001AA10000000000L4U','1012000','0020','Y',null,'00000000','0001AA10000000000KWZ',0,1,null,0,-1,0,-16777216,12,5,0,0,null,null,null,0,235,0,80,'<nc.vo.pub.print.PrintCellExtVO>
  <height__decimal>0.0</height__decimal>
  <textDirection>0</textDirection>
  <lineSpaceBetween>0</lineSpaceBetween>
  <formatType>0</formatType>
</nc.vo.pub.print.PrintCellExtVO>',null,null,null,'2018-11-13 19:24:20','Dialog',null,null);
insert into pub_print_cell(bunderline,ccellcode,ccellid,ccombineproperty,ccontentproperty,cisfrozen,cisheadtail,clineproperty,ctemplateid,dr,ffontstyle,fixedstyle,fshadowtype,ibgcolor,ibotlinecolor,ifgcolor,ifonrsize,iheight,ileftlinecolor,irightcolor,isdycolgroup,isdynrowheight,islastpagetrail,istartx,istarty,itoplinecolor,iwidth,options,prepare1,prepare2,table_code,ts,vfontname,vtext,vvar) values( '0','012001012001','0001AA10000000000L4V','1012000','0020','Y',null,'00000000','0001AA10000000000KWZ',0,1,null,0,-1,0,-16777216,12,5,0,0,null,null,null,80,235,0,80,'<nc.vo.pub.print.PrintCellExtVO>
  <height__decimal>0.0</height__decimal>
  <textDirection>0</textDirection>
  <lineSpaceBetween>0</lineSpaceBetween>
  <formatType>0</formatType>
</nc.vo.pub.print.PrintCellExtVO>',null,null,null,'2018-11-13 19:24:20','Dialog',null,null);
insert into pub_print_cell(bunderline,ccellcode,ccellid,ccombineproperty,ccontentproperty,cisfrozen,cisheadtail,clineproperty,ctemplateid,dr,ffontstyle,fixedstyle,fshadowtype,ibgcolor,ibotlinecolor,ifgcolor,ifonrsize,iheight,ileftlinecolor,irightcolor,isdycolgroup,isdynrowheight,islastpagetrail,istartx,istarty,itoplinecolor,iwidth,options,prepare1,prepare2,table_code,ts,vfontname,vtext,vvar) values( '0','012002012002','0001AA10000000000L4W','1012000','0020','Y',null,'00000000','0001AA10000000000KWZ',0,1,null,0,-1,0,-16777216,12,5,0,0,null,null,null,160,235,0,80,'<nc.vo.pub.print.PrintCellExtVO>
  <height__decimal>0.0</height__decimal>
  <textDirection>0</textDirection>
  <lineSpaceBetween>0</lineSpaceBetween>
  <formatType>0</formatType>
</nc.vo.pub.print.PrintCellExtVO>',null,null,null,'2018-11-13 19:24:20','Dialog',null,null);
insert into pub_print_cell(bunderline,ccellcode,ccellid,ccombineproperty,ccontentproperty,cisfrozen,cisheadtail,clineproperty,ctemplateid,dr,ffontstyle,fixedstyle,fshadowtype,ibgcolor,ibotlinecolor,ifgcolor,ifonrsize,iheight,ileftlinecolor,irightcolor,isdycolgroup,isdynrowheight,islastpagetrail,istartx,istarty,itoplinecolor,iwidth,options,prepare1,prepare2,table_code,ts,vfontname,vtext,vvar) values( '0','012003012003','0001AA10000000000L4X','1012000','0020','Y',null,'00000000','0001AA10000000000KWZ',0,1,null,0,-1,0,-16777216,12,5,0,0,null,null,null,240,235,0,80,'<nc.vo.pub.print.PrintCellExtVO>
  <height__decimal>0.0</height__decimal>
  <textDirection>0</textDirection>
  <lineSpaceBetween>0</lineSpaceBetween>
  <formatType>0</formatType>
</nc.vo.pub.print.PrintCellExtVO>',null,null,null,'2018-11-13 19:24:20','Dialog',null,null);
insert into pub_print_cell(bunderline,ccellcode,ccellid,ccombineproperty,ccontentproperty,cisfrozen,cisheadtail,clineproperty,ctemplateid,dr,ffontstyle,fixedstyle,fshadowtype,ibgcolor,ibotlinecolor,ifgcolor,ifonrsize,iheight,ileftlinecolor,irightcolor,isdycolgroup,isdynrowheight,islastpagetrail,istartx,istarty,itoplinecolor,iwidth,options,prepare1,prepare2,table_code,ts,vfontname,vtext,vvar) values( '0','012004012004','0001AA10000000000L4Y','1012000','0020','Y',null,'00000000','0001AA10000000000KWZ',0,1,null,0,-1,0,-16777216,12,5,0,0,null,null,null,320,235,0,80,'<nc.vo.pub.print.PrintCellExtVO>
  <height__decimal>0.0</height__decimal>
  <textDirection>0</textDirection>
  <lineSpaceBetween>0</lineSpaceBetween>
  <formatType>0</formatType>
</nc.vo.pub.print.PrintCellExtVO>',null,null,null,'2018-11-13 19:24:20','Dialog',null,null);
insert into pub_print_cell(bunderline,ccellcode,ccellid,ccombineproperty,ccontentproperty,cisfrozen,cisheadtail,clineproperty,ctemplateid,dr,ffontstyle,fixedstyle,fshadowtype,ibgcolor,ibotlinecolor,ifgcolor,ifonrsize,iheight,ileftlinecolor,irightcolor,isdycolgroup,isdynrowheight,islastpagetrail,istartx,istarty,itoplinecolor,iwidth,options,prepare1,prepare2,table_code,ts,vfontname,vtext,vvar) values( '0','012005012005','0001AA10000000000L4Z','1012000','0020','Y',null,'00000000','0001AA10000000000KWZ',0,1,null,0,-1,0,-16777216,12,5,0,0,null,null,null,400,235,0,80,'<nc.vo.pub.print.PrintCellExtVO>
  <height__decimal>0.0</height__decimal>
  <textDirection>0</textDirection>
  <lineSpaceBetween>0</lineSpaceBetween>
  <formatType>0</formatType>
</nc.vo.pub.print.PrintCellExtVO>',null,null,null,'2018-11-13 19:24:20','Dialog',null,null);
insert into pub_print_cell(bunderline,ccellcode,ccellid,ccombineproperty,ccontentproperty,cisfrozen,cisheadtail,clineproperty,ctemplateid,dr,ffontstyle,fixedstyle,fshadowtype,ibgcolor,ibotlinecolor,ifgcolor,ifonrsize,iheight,ileftlinecolor,irightcolor,isdycolgroup,isdynrowheight,islastpagetrail,istartx,istarty,itoplinecolor,iwidth,options,prepare1,prepare2,table_code,ts,vfontname,vtext,vvar) values( '0','012006012006','0001AA10000000000L50','1012000','0020','Y',null,'00000000','0001AA10000000000KWZ',0,1,null,0,-1,0,-16777216,12,5,0,0,null,null,null,480,235,0,80,'<nc.vo.pub.print.PrintCellExtVO>
  <height__decimal>0.0</height__decimal>
  <textDirection>0</textDirection>
  <lineSpaceBetween>0</lineSpaceBetween>
  <formatType>0</formatType>
</nc.vo.pub.print.PrintCellExtVO>',null,null,null,'2018-11-13 19:24:20','Dialog',null,null);
insert into pub_print_cell(bunderline,ccellcode,ccellid,ccombineproperty,ccontentproperty,cisfrozen,cisheadtail,clineproperty,ctemplateid,dr,ffontstyle,fixedstyle,fshadowtype,ibgcolor,ibotlinecolor,ifgcolor,ifonrsize,iheight,ileftlinecolor,irightcolor,isdycolgroup,isdynrowheight,islastpagetrail,istartx,istarty,itoplinecolor,iwidth,options,prepare1,prepare2,table_code,ts,vfontname,vtext,vvar) values( '0','012007012007','0001AA10000000000L51','1012000','0020','Y',null,'00000000','0001AA10000000000KWZ',0,1,null,0,-1,0,-16777216,12,5,0,0,null,null,null,560,235,0,80,'<nc.vo.pub.print.PrintCellExtVO>
  <height__decimal>0.0</height__decimal>
  <textDirection>0</textDirection>
  <lineSpaceBetween>0</lineSpaceBetween>
  <formatType>0</formatType>
</nc.vo.pub.print.PrintCellExtVO>',null,null,null,'2018-11-13 19:24:20','Dialog',null,null);
insert into pub_print_cell(bunderline,ccellcode,ccellid,ccombineproperty,ccontentproperty,cisfrozen,cisheadtail,clineproperty,ctemplateid,dr,ffontstyle,fixedstyle,fshadowtype,ibgcolor,ibotlinecolor,ifgcolor,ifonrsize,iheight,ileftlinecolor,irightcolor,isdycolgroup,isdynrowheight,islastpagetrail,istartx,istarty,itoplinecolor,iwidth,options,prepare1,prepare2,table_code,ts,vfontname,vtext,vvar) values( '0','012008012008','0001AA10000000000L52','1012000','0020','Y',null,'00000000','0001AA10000000000KWZ',0,1,null,0,-1,0,-16777216,12,5,0,0,null,null,null,640,235,0,80,'<nc.vo.pub.print.PrintCellExtVO>
  <height__decimal>0.0</height__decimal>
  <textDirection>0</textDirection>
  <lineSpaceBetween>0</lineSpaceBetween>
  <formatType>0</formatType>
</nc.vo.pub.print.PrintCellExtVO>',null,null,null,'2018-11-13 19:24:20','Dialog',null,null);
insert into pub_print_cell(bunderline,ccellcode,ccellid,ccombineproperty,ccontentproperty,cisfrozen,cisheadtail,clineproperty,ctemplateid,dr,ffontstyle,fixedstyle,fshadowtype,ibgcolor,ibotlinecolor,ifgcolor,ifonrsize,iheight,ileftlinecolor,irightcolor,isdycolgroup,isdynrowheight,islastpagetrail,istartx,istarty,itoplinecolor,iwidth,options,prepare1,prepare2,table_code,ts,vfontname,vtext,vvar) values( '0','012009012009','0001AA10000000000L53','1012000','0020','Y',null,'00000000','0001AA10000000000KWZ',0,1,null,0,-1,0,-16777216,12,5,0,0,null,null,null,720,235,0,80,'<nc.vo.pub.print.PrintCellExtVO>
  <height__decimal>0.0</height__decimal>
  <textDirection>0</textDirection>
  <lineSpaceBetween>0</lineSpaceBetween>
  <formatType>0</formatType>
</nc.vo.pub.print.PrintCellExtVO>',null,null,null,'2018-11-13 19:24:20','Dialog',null,null);
insert into pub_print_cell(bunderline,ccellcode,ccellid,ccombineproperty,ccontentproperty,cisfrozen,cisheadtail,clineproperty,ctemplateid,dr,ffontstyle,fixedstyle,fshadowtype,ibgcolor,ibotlinecolor,ifgcolor,ifonrsize,iheight,ileftlinecolor,irightcolor,isdycolgroup,isdynrowheight,islastpagetrail,istartx,istarty,itoplinecolor,iwidth,options,prepare1,prepare2,table_code,ts,vfontname,vtext,vvar) values( '0','012010012010','0001AA10000000000L54','1012000','0020','Y',null,'00000000','0001AA10000000000KWZ',0,1,null,0,-1,0,-16777216,12,5,0,0,null,null,null,800,235,0,80,'<nc.vo.pub.print.PrintCellExtVO>
  <height__decimal>0.0</height__decimal>
  <textDirection>0</textDirection>
  <lineSpaceBetween>0</lineSpaceBetween>
  <formatType>0</formatType>
</nc.vo.pub.print.PrintCellExtVO>',null,null,null,'2018-11-13 19:24:20','Dialog',null,null);
insert into pub_print_cell(bunderline,ccellcode,ccellid,ccombineproperty,ccontentproperty,cisfrozen,cisheadtail,clineproperty,ctemplateid,dr,ffontstyle,fixedstyle,fshadowtype,ibgcolor,ibotlinecolor,ifgcolor,ifonrsize,iheight,ileftlinecolor,irightcolor,isdycolgroup,isdynrowheight,islastpagetrail,istartx,istarty,itoplinecolor,iwidth,options,prepare1,prepare2,table_code,ts,vfontname,vtext,vvar) values( '0','012000012010','0001AA10000000000L55','0','0020','Y',null,'00000000','0001AA10000000000KWZ',0,1,null,0,-1,0,-16777216,12,5,0,0,null,null,null,0,235,0,880,'<nc.vo.pub.print.PrintCellExtVO>
  <height__decimal>0.0</height__decimal>
  <textDirection>0</textDirection>
  <lineSpaceBetween>0</lineSpaceBetween>
  <formatType>0</formatType>
</nc.vo.pub.print.PrintCellExtVO>',null,null,null,'2018-11-13 19:24:20','Dialog',null,null);
insert into pub_print_cell(bunderline,ccellcode,ccellid,ccombineproperty,ccontentproperty,cisfrozen,cisheadtail,clineproperty,ctemplateid,dr,ffontstyle,fixedstyle,fshadowtype,ibgcolor,ibotlinecolor,ifgcolor,ifonrsize,iheight,ileftlinecolor,irightcolor,isdycolgroup,isdynrowheight,islastpagetrail,istartx,istarty,itoplinecolor,iwidth,options,prepare1,prepare2,table_code,ts,vfontname,vtext,vvar) values( '0','003003003003','0001AA10000000000L24','0','1110','10',null,'11111111','0001AA10000000000KWZ',0,0,null,0,-1,0,-16777216,12,20,0,0,null,null,null,240,70,0,80,'<nc.vo.pub.print.PrintCellExtVO>
  <height__decimal>0.0</height__decimal>
  <textDirection>0</textDirection>
  <lineSpaceBetween>0</lineSpaceBetween>
  <formatType>0</formatType>
</nc.vo.pub.print.PrintCellExtVO>',null,null,null,'2018-11-13 19:24:20','Dialog','审核日期','taudittime');
insert into pub_print_cell(bunderline,ccellcode,ccellid,ccombineproperty,ccontentproperty,cisfrozen,cisheadtail,clineproperty,ctemplateid,dr,ffontstyle,fixedstyle,fshadowtype,ibgcolor,ibotlinecolor,ifgcolor,ifonrsize,iheight,ileftlinecolor,irightcolor,isdycolgroup,isdynrowheight,islastpagetrail,istartx,istarty,itoplinecolor,iwidth,options,prepare1,prepare2,table_code,ts,vfontname,vtext,vvar) values( '0','003004003004','0001AA10000000000L25','0','0110','10',null,'11111111','0001AA10000000000KWZ',0,0,null,0,-1,0,-16777216,12,20,0,0,null,null,null,320,70,0,80,'<nc.vo.pub.print.PrintCellExtVO>
  <height__decimal>0.0</height__decimal>
  <textDirection>0</textDirection>
  <lineSpaceBetween>0</lineSpaceBetween>
  <formatType>0</formatType>
</nc.vo.pub.print.PrintCellExtVO>',null,null,null,'2018-11-13 19:24:20','Dialog','单据类型',null);
insert into pub_print_cell(bunderline,ccellcode,ccellid,ccombineproperty,ccontentproperty,cisfrozen,cisheadtail,clineproperty,ctemplateid,dr,ffontstyle,fixedstyle,fshadowtype,ibgcolor,ibotlinecolor,ifgcolor,ifonrsize,iheight,ileftlinecolor,irightcolor,isdycolgroup,isdynrowheight,islastpagetrail,istartx,istarty,itoplinecolor,iwidth,options,prepare1,prepare2,table_code,ts,vfontname,vtext,vvar) values( '0','003005003005','0001AA10000000000L26','0','1110','10',null,'11111111','0001AA10000000000KWZ',0,0,null,0,-1,0,-16777216,12,20,0,0,null,null,null,400,70,0,80,'<nc.vo.pub.print.PrintCellExtVO>
  <height__decimal>0.0</height__decimal>
  <textDirection>0</textDirection>
  <lineSpaceBetween>0</lineSpaceBetween>
  <formatType>0</formatType>
</nc.vo.pub.print.PrintCellExtVO>',null,null,null,'2018-11-13 19:24:20','Dialog','单据类型','billtype');
insert into pub_print_cell(bunderline,ccellcode,ccellid,ccombineproperty,ccontentproperty,cisfrozen,cisheadtail,clineproperty,ctemplateid,dr,ffontstyle,fixedstyle,fshadowtype,ibgcolor,ibotlinecolor,ifgcolor,ifonrsize,iheight,ileftlinecolor,irightcolor,isdycolgroup,isdynrowheight,islastpagetrail,istartx,istarty,itoplinecolor,iwidth,options,prepare1,prepare2,table_code,ts,vfontname,vtext,vvar) values( '0','003006003006','0001AA10000000000L27','0','0110','10',null,'11111111','0001AA10000000000KWZ',0,0,null,0,-1,0,-16777216,12,20,0,0,null,null,null,480,70,0,80,'<nc.vo.pub.print.PrintCellExtVO>
  <height__decimal>0.0</height__decimal>
  <textDirection>0</textDirection>
  <lineSpaceBetween>0</lineSpaceBetween>
  <formatType>0</formatType>
</nc.vo.pub.print.PrintCellExtVO>',null,null,null,'2018-11-13 19:24:20','Dialog','交易类型pk',null);
insert into pub_print_cell(bunderline,ccellcode,ccellid,ccombineproperty,ccontentproperty,cisfrozen,cisheadtail,clineproperty,ctemplateid,dr,ffontstyle,fixedstyle,fshadowtype,ibgcolor,ibotlinecolor,ifgcolor,ifonrsize,iheight,ileftlinecolor,irightcolor,isdycolgroup,isdynrowheight,islastpagetrail,istartx,istarty,itoplinecolor,iwidth,options,prepare1,prepare2,table_code,ts,vfontname,vtext,vvar) values( '0','003007003007','0001AA10000000000L28','0','1110','10',null,'11111111','0001AA10000000000KWZ',0,0,null,0,-1,0,-16777216,12,20,0,0,null,null,null,560,70,0,80,'<nc.vo.pub.print.PrintCellExtVO>
  <height__decimal>0.0</height__decimal>
  <textDirection>0</textDirection>
  <lineSpaceBetween>0</lineSpaceBetween>
  <formatType>0</formatType>
</nc.vo.pub.print.PrintCellExtVO>',null,null,null,'2018-11-13 19:24:20','Dialog','交易类型pk','transtypepk');
insert into pub_print_cell(bunderline,ccellcode,ccellid,ccombineproperty,ccontentproperty,cisfrozen,cisheadtail,clineproperty,ctemplateid,dr,ffontstyle,fixedstyle,fshadowtype,ibgcolor,ibotlinecolor,ifgcolor,ifonrsize,iheight,ileftlinecolor,irightcolor,isdycolgroup,isdynrowheight,islastpagetrail,istartx,istarty,itoplinecolor,iwidth,options,prepare1,prepare2,table_code,ts,vfontname,vtext,vvar) values( '0','003008003008','0001AA10000000000L29','0','0110','10',null,'11111111','0001AA10000000000KWZ',0,0,null,0,-1,0,-16777216,12,20,0,0,null,null,null,640,70,0,80,'<nc.vo.pub.print.PrintCellExtVO>
  <height__decimal>0.0</height__decimal>
  <textDirection>0</textDirection>
  <lineSpaceBetween>0</lineSpaceBetween>
  <formatType>0</formatType>
</nc.vo.pub.print.PrintCellExtVO>',null,null,null,'2018-11-13 19:24:20','Dialog','来源单据类型',null);
insert into pub_print_cell(bunderline,ccellcode,ccellid,ccombineproperty,ccontentproperty,cisfrozen,cisheadtail,clineproperty,ctemplateid,dr,ffontstyle,fixedstyle,fshadowtype,ibgcolor,ibotlinecolor,ifgcolor,ifonrsize,iheight,ileftlinecolor,irightcolor,isdycolgroup,isdynrowheight,islastpagetrail,istartx,istarty,itoplinecolor,iwidth,options,prepare1,prepare2,table_code,ts,vfontname,vtext,vvar) values( '0','003009003009','0001AA10000000000L2A','0','1110','10',null,'11111111','0001AA10000000000KWZ',0,0,null,0,-1,0,-16777216,12,20,0,0,null,null,null,720,70,0,80,'<nc.vo.pub.print.PrintCellExtVO>
  <height__decimal>0.0</height__decimal>
  <textDirection>0</textDirection>
  <lineSpaceBetween>0</lineSpaceBetween>
  <formatType>0</formatType>
</nc.vo.pub.print.PrintCellExtVO>',null,null,null,'2018-11-13 19:24:20','Dialog','来源单据类型','srcbilltype');
insert into pub_print_cell(bunderline,ccellcode,ccellid,ccombineproperty,ccontentproperty,cisfrozen,cisheadtail,clineproperty,ctemplateid,dr,ffontstyle,fixedstyle,fshadowtype,ibgcolor,ibotlinecolor,ifgcolor,ifonrsize,iheight,ileftlinecolor,irightcolor,isdycolgroup,isdynrowheight,islastpagetrail,istartx,istarty,itoplinecolor,iwidth,options,prepare1,prepare2,table_code,ts,vfontname,vtext,vvar) values( '0','003010003010','0001AA10000000000L2B','0','0110','10',null,'11111111','0001AA10000000000KWZ',0,0,null,0,-1,0,-16777216,12,20,0,0,null,null,null,800,70,0,80,'<nc.vo.pub.print.PrintCellExtVO>
  <height__decimal>0.0</height__decimal>
  <textDirection>0</textDirection>
  <lineSpaceBetween>0</lineSpaceBetween>
  <formatType>0</formatType>
</nc.vo.pub.print.PrintCellExtVO>',null,null,null,'2018-11-13 19:24:20','Dialog',null,null);
insert into pub_print_cell(bunderline,ccellcode,ccellid,ccombineproperty,ccontentproperty,cisfrozen,cisheadtail,clineproperty,ctemplateid,dr,ffontstyle,fixedstyle,fshadowtype,ibgcolor,ibotlinecolor,ifgcolor,ifonrsize,iheight,ileftlinecolor,irightcolor,isdycolgroup,isdynrowheight,islastpagetrail,istartx,istarty,itoplinecolor,iwidth,options,prepare1,prepare2,table_code,ts,vfontname,vtext,vvar) values( '0','004000004000','0001AA10000000000L2C','0','0110','10',null,'11111111','0001AA10000000000KWZ',0,0,null,0,-1,0,-16777216,12,20,0,0,null,null,null,0,90,0,80,'<nc.vo.pub.print.PrintCellExtVO>
  <height__decimal>0.0</height__decimal>
  <textDirection>0</textDirection>
  <lineSpaceBetween>0</lineSpaceBetween>
  <formatType>0</formatType>
</nc.vo.pub.print.PrintCellExtVO>',null,null,null,'2018-11-13 19:24:20','Dialog','来源单据id',null);
insert into pub_print_cell(bunderline,ccellcode,ccellid,ccombineproperty,ccontentproperty,cisfrozen,cisheadtail,clineproperty,ctemplateid,dr,ffontstyle,fixedstyle,fshadowtype,ibgcolor,ibotlinecolor,ifgcolor,ifonrsize,iheight,ileftlinecolor,irightcolor,isdycolgroup,isdynrowheight,islastpagetrail,istartx,istarty,itoplinecolor,iwidth,options,prepare1,prepare2,table_code,ts,vfontname,vtext,vvar) values( '0','004001004001','0001AA10000000000L2D','0','1110','10',null,'11111111','0001AA10000000000KWZ',0,0,null,0,-1,0,-16777216,12,20,0,0,null,null,null,80,90,0,80,'<nc.vo.pub.print.PrintCellExtVO>
  <height__decimal>0.0</height__decimal>
  <textDirection>0</textDirection>
  <lineSpaceBetween>0</lineSpaceBetween>
  <formatType>0</formatType>
</nc.vo.pub.print.PrintCellExtVO>',null,null,null,'2018-11-13 19:24:20','Dialog','来源单据id','srcbillid');
insert into pub_print_cell(bunderline,ccellcode,ccellid,ccombineproperty,ccontentproperty,cisfrozen,cisheadtail,clineproperty,ctemplateid,dr,ffontstyle,fixedstyle,fshadowtype,ibgcolor,ibotlinecolor,ifgcolor,ifonrsize,iheight,ileftlinecolor,irightcolor,isdycolgroup,isdynrowheight,islastpagetrail,istartx,istarty,itoplinecolor,iwidth,options,prepare1,prepare2,table_code,ts,vfontname,vtext,vvar) values( '0','004002004002','0001AA10000000000L2E','0','0110','10',null,'11111111','0001AA10000000000KWZ',0,0,null,0,-1,0,-16777216,12,20,0,0,null,null,null,160,90,0,80,'<nc.vo.pub.print.PrintCellExtVO>
  <height__decimal>0.0</height__decimal>
  <textDirection>0</textDirection>
  <lineSpaceBetween>0</lineSpaceBetween>
  <formatType>0</formatType>
</nc.vo.pub.print.PrintCellExtVO>',null,null,null,'2018-11-13 19:24:20','Dialog','修订枚举',null);
insert into pub_print_cell(bunderline,ccellcode,ccellid,ccombineproperty,ccontentproperty,cisfrozen,cisheadtail,clineproperty,ctemplateid,dr,ffontstyle,fixedstyle,fshadowtype,ibgcolor,ibotlinecolor,ifgcolor,ifonrsize,iheight,ileftlinecolor,irightcolor,isdycolgroup,isdynrowheight,islastpagetrail,istartx,istarty,itoplinecolor,iwidth,options,prepare1,prepare2,table_code,ts,vfontname,vtext,vvar) values( '0','004003004003','0001AA10000000000L2F','0','1110','10',null,'11111111','0001AA10000000000KWZ',0,0,null,0,-1,0,-16777216,12,20,0,0,null,null,null,240,90,0,80,'<nc.vo.pub.print.PrintCellExtVO>
  <height__decimal>0.0</height__decimal>
  <textDirection>0</textDirection>
  <lineSpaceBetween>0</lineSpaceBetween>
  <formatType>0</formatType>
</nc.vo.pub.print.PrintCellExtVO>',null,null,null,'2018-11-13 19:24:20','Dialog','修订枚举','emendenum');
insert into pub_print_cell(bunderline,ccellcode,ccellid,ccombineproperty,ccontentproperty,cisfrozen,cisheadtail,clineproperty,ctemplateid,dr,ffontstyle,fixedstyle,fshadowtype,ibgcolor,ibotlinecolor,ifgcolor,ifonrsize,iheight,ileftlinecolor,irightcolor,isdycolgroup,isdynrowheight,islastpagetrail,istartx,istarty,itoplinecolor,iwidth,options,prepare1,prepare2,table_code,ts,vfontname,vtext,vvar) values( '0','004004004004','0001AA10000000000L2G','0','0110','10',null,'11111111','0001AA10000000000KWZ',0,0,null,0,-1,0,-16777216,12,20,0,0,null,null,null,320,90,0,80,'<nc.vo.pub.print.PrintCellExtVO>
  <height__decimal>0.0</height__decimal>
  <textDirection>0</textDirection>
  <lineSpaceBetween>0</lineSpaceBetween>
  <formatType>0</formatType>
</nc.vo.pub.print.PrintCellExtVO>',null,null,null,'2018-11-13 19:24:20','Dialog','单据版本pk',null);
insert into pub_print_cell(bunderline,ccellcode,ccellid,ccombineproperty,ccontentproperty,cisfrozen,cisheadtail,clineproperty,ctemplateid,dr,ffontstyle,fixedstyle,fshadowtype,ibgcolor,ibotlinecolor,ifgcolor,ifonrsize,iheight,ileftlinecolor,irightcolor,isdycolgroup,isdynrowheight,islastpagetrail,istartx,istarty,itoplinecolor,iwidth,options,prepare1,prepare2,table_code,ts,vfontname,vtext,vvar) values( '0','004005004005','0001AA10000000000L2H','0','1110','10',null,'11111111','0001AA10000000000KWZ',0,0,null,0,-1,0,-16777216,12,20,0,0,null,null,null,400,90,0,80,'<nc.vo.pub.print.PrintCellExtVO>
  <height__decimal>0.0</height__decimal>
  <textDirection>0</textDirection>
  <lineSpaceBetween>0</lineSpaceBetween>
  <formatType>0</formatType>
</nc.vo.pub.print.PrintCellExtVO>',null,null,null,'2018-11-13 19:24:20','Dialog','单据版本pk','billversionpk');
insert into pub_print_cell(bunderline,ccellcode,ccellid,ccombineproperty,ccontentproperty,cisfrozen,cisheadtail,clineproperty,ctemplateid,dr,ffontstyle,fixedstyle,fshadowtype,ibgcolor,ibotlinecolor,ifgcolor,ifonrsize,iheight,ileftlinecolor,irightcolor,isdycolgroup,isdynrowheight,islastpagetrail,istartx,istarty,itoplinecolor,iwidth,options,prepare1,prepare2,table_code,ts,vfontname,vtext,vvar) values( '0','004006004006','0001AA10000000000L2I','0','0110','10',null,'11111111','0001AA10000000000KWZ',0,0,null,0,-1,0,-16777216,12,20,0,0,null,null,null,480,90,0,80,'<nc.vo.pub.print.PrintCellExtVO>
  <height__decimal>0.0</height__decimal>
  <textDirection>0</textDirection>
  <lineSpaceBetween>0</lineSpaceBetween>
  <formatType>0</formatType>
</nc.vo.pub.print.PrintCellExtVO>',null,null,null,'2018-11-13 19:24:20','Dialog','委托单类型',null);
insert into pub_print_cell(bunderline,ccellcode,ccellid,ccombineproperty,ccontentproperty,cisfrozen,cisheadtail,clineproperty,ctemplateid,dr,ffontstyle,fixedstyle,fshadowtype,ibgcolor,ibotlinecolor,ifgcolor,ifonrsize,iheight,ileftlinecolor,irightcolor,isdycolgroup,isdynrowheight,islastpagetrail,istartx,istarty,itoplinecolor,iwidth,options,prepare1,prepare2,table_code,ts,vfontname,vtext,vvar) values( '0','004007004007','0001AA10000000000L2J','0','1110','10',null,'11111111','0001AA10000000000KWZ',0,0,null,0,-1,0,-16777216,12,20,0,0,null,null,null,560,90,0,80,'<nc.vo.pub.print.PrintCellExtVO>
  <height__decimal>0.0</height__decimal>
  <textDirection>0</textDirection>
  <lineSpaceBetween>0</lineSpaceBetween>
  <formatType>0</formatType>
</nc.vo.pub.print.PrintCellExtVO>',null,null,null,'2018-11-13 19:24:20','Dialog','委托单类型','pk_commissiontype.name');
insert into pub_print_cell(bunderline,ccellcode,ccellid,ccombineproperty,ccontentproperty,cisfrozen,cisheadtail,clineproperty,ctemplateid,dr,ffontstyle,fixedstyle,fshadowtype,ibgcolor,ibotlinecolor,ifgcolor,ifonrsize,iheight,ileftlinecolor,irightcolor,isdycolgroup,isdynrowheight,islastpagetrail,istartx,istarty,itoplinecolor,iwidth,options,prepare1,prepare2,table_code,ts,vfontname,vtext,vvar) values( '0','004008004008','0001AA10000000000L2K','0','0110','10',null,'11111111','0001AA10000000000KWZ',0,0,null,0,-1,0,-16777216,12,20,0,0,null,null,null,640,90,0,80,'<nc.vo.pub.print.PrintCellExtVO>
  <height__decimal>0.0</height__decimal>
  <textDirection>0</textDirection>
  <lineSpaceBetween>0</lineSpaceBetween>
  <formatType>0</formatType>
</nc.vo.pub.print.PrintCellExtVO>',null,null,null,'2018-11-13 19:24:20','Dialog','委托单位',null);
insert into pub_print_cell(bunderline,ccellcode,ccellid,ccombineproperty,ccontentproperty,cisfrozen,cisheadtail,clineproperty,ctemplateid,dr,ffontstyle,fixedstyle,fshadowtype,ibgcolor,ibotlinecolor,ifgcolor,ifonrsize,iheight,ileftlinecolor,irightcolor,isdycolgroup,isdynrowheight,islastpagetrail,istartx,istarty,itoplinecolor,iwidth,options,prepare1,prepare2,table_code,ts,vfontname,vtext,vvar) values( '0','004009004009','0001AA10000000000L2L','0','1110','10',null,'11111111','0001AA10000000000KWZ',0,0,null,0,-1,0,-16777216,12,20,0,0,null,null,null,720,90,0,80,'<nc.vo.pub.print.PrintCellExtVO>
  <height__decimal>0.0</height__decimal>
  <textDirection>0</textDirection>
  <lineSpaceBetween>0</lineSpaceBetween>
  <formatType>0</formatType>
</nc.vo.pub.print.PrintCellExtVO>',null,null,null,'2018-11-13 19:24:20','Dialog','委托单位','pk_owner.name');
insert into pub_print_cell(bunderline,ccellcode,ccellid,ccombineproperty,ccontentproperty,cisfrozen,cisheadtail,clineproperty,ctemplateid,dr,ffontstyle,fixedstyle,fshadowtype,ibgcolor,ibotlinecolor,ifgcolor,ifonrsize,iheight,ileftlinecolor,irightcolor,isdycolgroup,isdynrowheight,islastpagetrail,istartx,istarty,itoplinecolor,iwidth,options,prepare1,prepare2,table_code,ts,vfontname,vtext,vvar) values( '0','004010004010','0001AA10000000000L2M','0','0110','10',null,'11111111','0001AA10000000000KWZ',0,0,null,0,-1,0,-16777216,12,20,0,0,null,null,null,800,90,0,80,'<nc.vo.pub.print.PrintCellExtVO>
  <height__decimal>0.0</height__decimal>
  <textDirection>0</textDirection>
  <lineSpaceBetween>0</lineSpaceBetween>
  <formatType>0</formatType>
</nc.vo.pub.print.PrintCellExtVO>',null,null,null,'2018-11-13 19:24:20','Dialog',null,null);
insert into pub_print_cell(bunderline,ccellcode,ccellid,ccombineproperty,ccontentproperty,cisfrozen,cisheadtail,clineproperty,ctemplateid,dr,ffontstyle,fixedstyle,fshadowtype,ibgcolor,ibotlinecolor,ifgcolor,ifonrsize,iheight,ileftlinecolor,irightcolor,isdycolgroup,isdynrowheight,islastpagetrail,istartx,istarty,itoplinecolor,iwidth,options,prepare1,prepare2,table_code,ts,vfontname,vtext,vvar) values( '0','005000005000','0001AA10000000000L2N','0','0110','10',null,'11111111','0001AA10000000000KWZ',0,0,null,0,-1,0,-16777216,12,20,0,0,null,null,null,0,110,0,80,'<nc.vo.pub.print.PrintCellExtVO>
  <height__decimal>0.0</height__decimal>
  <textDirection>0</textDirection>
  <lineSpaceBetween>0</lineSpaceBetween>
  <formatType>0</formatType>
</nc.vo.pub.print.PrintCellExtVO>',null,null,null,'2018-11-13 19:24:20','Dialog','部门',null);
insert into pub_print_cell(bunderline,ccellcode,ccellid,ccombineproperty,ccontentproperty,cisfrozen,cisheadtail,clineproperty,ctemplateid,dr,ffontstyle,fixedstyle,fshadowtype,ibgcolor,ibotlinecolor,ifgcolor,ifonrsize,iheight,ileftlinecolor,irightcolor,isdycolgroup,isdynrowheight,islastpagetrail,istartx,istarty,itoplinecolor,iwidth,options,prepare1,prepare2,table_code,ts,vfontname,vtext,vvar) values( '0','005001005001','0001AA10000000000L2O','0','1110','10',null,'11111111','0001AA10000000000KWZ',0,0,null,0,-1,0,-16777216,12,20,0,0,null,null,null,80,110,0,80,'<nc.vo.pub.print.PrintCellExtVO>
  <height__decimal>0.0</height__decimal>
  <textDirection>0</textDirection>
  <lineSpaceBetween>0</lineSpaceBetween>
  <formatType>0</formatType>
</nc.vo.pub.print.PrintCellExtVO>',null,null,null,'2018-11-13 19:24:20','Dialog','部门','pk_dept.name');
insert into pub_print_cell(bunderline,ccellcode,ccellid,ccombineproperty,ccontentproperty,cisfrozen,cisheadtail,clineproperty,ctemplateid,dr,ffontstyle,fixedstyle,fshadowtype,ibgcolor,ibotlinecolor,ifgcolor,ifonrsize,iheight,ileftlinecolor,irightcolor,isdycolgroup,isdynrowheight,islastpagetrail,istartx,istarty,itoplinecolor,iwidth,options,prepare1,prepare2,table_code,ts,vfontname,vtext,vvar) values( '0','005002005002','0001AA10000000000L2P','0','0110','10',null,'11111111','0001AA10000000000KWZ',0,0,null,0,-1,0,-16777216,12,20,0,0,null,null,null,160,110,0,80,'<nc.vo.pub.print.PrintCellExtVO>
  <height__decimal>0.0</height__decimal>
  <textDirection>0</textDirection>
  <lineSpaceBetween>0</lineSpaceBetween>
  <formatType>0</formatType>
</nc.vo.pub.print.PrintCellExtVO>',null,null,null,'2018-11-13 19:24:20','Dialog','付费单位',null);
insert into pub_print_cell(bunderline,ccellcode,ccellid,ccombineproperty,ccontentproperty,cisfrozen,cisheadtail,clineproperty,ctemplateid,dr,ffontstyle,fixedstyle,fshadowtype,ibgcolor,ibotlinecolor,ifgcolor,ifonrsize,iheight,ileftlinecolor,irightcolor,isdycolgroup,isdynrowheight,islastpagetrail,istartx,istarty,itoplinecolor,iwidth,options,prepare1,prepare2,table_code,ts,vfontname,vtext,vvar) values( '0','005003005003','0001AA10000000000L2Q','0','1110','10',null,'11111111','0001AA10000000000KWZ',0,0,null,0,-1,0,-16777216,12,20,0,0,null,null,null,240,110,0,80,'<nc.vo.pub.print.PrintCellExtVO>
  <height__decimal>0.0</height__decimal>
  <textDirection>0</textDirection>
  <lineSpaceBetween>0</lineSpaceBetween>
  <formatType>0</formatType>
</nc.vo.pub.print.PrintCellExtVO>',null,null,null,'2018-11-13 19:24:20','Dialog','付费单位','pk_payer.name');
insert into pub_print_cell(bunderline,ccellcode,ccellid,ccombineproperty,ccontentproperty,cisfrozen,cisheadtail,clineproperty,ctemplateid,dr,ffontstyle,fixedstyle,fshadowtype,ibgcolor,ibotlinecolor,ifgcolor,ifonrsize,iheight,ileftlinecolor,irightcolor,isdycolgroup,isdynrowheight,islastpagetrail,istartx,istarty,itoplinecolor,iwidth,options,prepare1,prepare2,table_code,ts,vfontname,vtext,vvar) values( '0','005004005004','0001AA10000000000L2R','0','0110','10',null,'11111111','0001AA10000000000KWZ',0,0,null,0,-1,0,-16777216,12,20,0,0,null,null,null,320,110,0,80,'<nc.vo.pub.print.PrintCellExtVO>
  <height__decimal>0.0</height__decimal>
  <textDirection>0</textDirection>
  <lineSpaceBetween>0</lineSpaceBetween>
  <formatType>0</formatType>
</nc.vo.pub.print.PrintCellExtVO>',null,null,null,'2018-11-13 19:24:20','Dialog','产品大类',null);
insert into pub_print_cell(bunderline,ccellcode,ccellid,ccombineproperty,ccontentproperty,cisfrozen,cisheadtail,clineproperty,ctemplateid,dr,ffontstyle,fixedstyle,fshadowtype,ibgcolor,ibotlinecolor,ifgcolor,ifonrsize,iheight,ileftlinecolor,irightcolor,isdycolgroup,isdynrowheight,islastpagetrail,istartx,istarty,itoplinecolor,iwidth,options,prepare1,prepare2,table_code,ts,vfontname,vtext,vvar) values( '0','005005005005','0001AA10000000000L2S','0','1110','10',null,'11111111','0001AA10000000000KWZ',0,0,null,0,-1,0,-16777216,12,20,0,0,null,null,null,400,110,0,80,'<nc.vo.pub.print.PrintCellExtVO>
  <height__decimal>0.0</height__decimal>
  <textDirection>0</textDirection>
  <lineSpaceBetween>0</lineSpaceBetween>
  <formatType>0</formatType>
</nc.vo.pub.print.PrintCellExtVO>',null,null,null,'2018-11-13 19:24:20','Dialog','产品大类','pk_maincategory.name');
insert into pub_print_cell(bunderline,ccellcode,ccellid,ccombineproperty,ccontentproperty,cisfrozen,cisheadtail,clineproperty,ctemplateid,dr,ffontstyle,fixedstyle,fshadowtype,ibgcolor,ibotlinecolor,ifgcolor,ifonrsize,iheight,ileftlinecolor,irightcolor,isdycolgroup,isdynrowheight,islastpagetrail,istartx,istarty,itoplinecolor,iwidth,options,prepare1,prepare2,table_code,ts,vfontname,vtext,vvar) values( '0','005006005006','0001AA10000000000L2T','0','0110','10',null,'11111111','0001AA10000000000KWZ',0,0,null,0,-1,0,-16777216,12,20,0,0,null,null,null,480,110,0,80,'<nc.vo.pub.print.PrintCellExtVO>
  <height__decimal>0.0</height__decimal>
  <textDirection>0</textDirection>
  <lineSpaceBetween>0</lineSpaceBetween>
  <formatType>0</formatType>
</nc.vo.pub.print.PrintCellExtVO>',null,null,null,'2018-11-13 19:24:20','Dialog','二级分类',null);
insert into pub_print_cell(bunderline,ccellcode,ccellid,ccombineproperty,ccontentproperty,cisfrozen,cisheadtail,clineproperty,ctemplateid,dr,ffontstyle,fixedstyle,fshadowtype,ibgcolor,ibotlinecolor,ifgcolor,ifonrsize,iheight,ileftlinecolor,irightcolor,isdycolgroup,isdynrowheight,islastpagetrail,istartx,istarty,itoplinecolor,iwidth,options,prepare1,prepare2,table_code,ts,vfontname,vtext,vvar) values( '0','005007005007','0001AA10000000000L2U','0','1110','10',null,'11111111','0001AA10000000000KWZ',0,0,null,0,-1,0,-16777216,12,20,0,0,null,null,null,560,110,0,80,'<nc.vo.pub.print.PrintCellExtVO>
  <height__decimal>0.0</height__decimal>
  <textDirection>0</textDirection>
  <lineSpaceBetween>0</lineSpaceBetween>
  <formatType>0</formatType>
</nc.vo.pub.print.PrintCellExtVO>',null,null,null,'2018-11-13 19:24:20','Dialog','二级分类','pk_subcategory.name');
insert into pub_print_cell(bunderline,ccellcode,ccellid,ccombineproperty,ccontentproperty,cisfrozen,cisheadtail,clineproperty,ctemplateid,dr,ffontstyle,fixedstyle,fshadowtype,ibgcolor,ibotlinecolor,ifgcolor,ifonrsize,iheight,ileftlinecolor,irightcolor,isdycolgroup,isdynrowheight,islastpagetrail,istartx,istarty,itoplinecolor,iwidth,options,prepare1,prepare2,table_code,ts,vfontname,vtext,vvar) values( '0','005008005008','0001AA10000000000L2V','0','0110','10',null,'11111111','0001AA10000000000KWZ',0,0,null,0,-1,0,-16777216,12,20,0,0,null,null,null,640,110,0,80,'<nc.vo.pub.print.PrintCellExtVO>
  <height__decimal>0.0</height__decimal>
  <textDirection>0</textDirection>
  <lineSpaceBetween>0</lineSpaceBetween>
  <formatType>0</formatType>
</nc.vo.pub.print.PrintCellExtVO>',null,null,null,'2018-11-13 19:24:20','Dialog','三级分类',null);
insert into pub_print_cell(bunderline,ccellcode,ccellid,ccombineproperty,ccontentproperty,cisfrozen,cisheadtail,clineproperty,ctemplateid,dr,ffontstyle,fixedstyle,fshadowtype,ibgcolor,ibotlinecolor,ifgcolor,ifonrsize,iheight,ileftlinecolor,irightcolor,isdycolgroup,isdynrowheight,islastpagetrail,istartx,istarty,itoplinecolor,iwidth,options,prepare1,prepare2,table_code,ts,vfontname,vtext,vvar) values( '0','005009005009','0001AA10000000000L2W','0','1110','10',null,'11111111','0001AA10000000000KWZ',0,0,null,0,-1,0,-16777216,12,20,0,0,null,null,null,720,110,0,80,'<nc.vo.pub.print.PrintCellExtVO>
  <height__decimal>0.0</height__decimal>
  <textDirection>0</textDirection>
  <lineSpaceBetween>0</lineSpaceBetween>
  <formatType>0</formatType>
</nc.vo.pub.print.PrintCellExtVO>',null,null,null,'2018-11-13 19:24:20','Dialog','三级分类','pk_lastcategory.name');
insert into pub_print_cell(bunderline,ccellcode,ccellid,ccombineproperty,ccontentproperty,cisfrozen,cisheadtail,clineproperty,ctemplateid,dr,ffontstyle,fixedstyle,fshadowtype,ibgcolor,ibotlinecolor,ifgcolor,ifonrsize,iheight,ileftlinecolor,irightcolor,isdycolgroup,isdynrowheight,islastpagetrail,istartx,istarty,itoplinecolor,iwidth,options,prepare1,prepare2,table_code,ts,vfontname,vtext,vvar) values( '0','005010005010','0001AA10000000000L2X','0','0110','10',null,'11111111','0001AA10000000000KWZ',0,0,null,0,-1,0,-16777216,12,20,0,0,null,null,null,800,110,0,80,'<nc.vo.pub.print.PrintCellExtVO>
  <height__decimal>0.0</height__decimal>
  <textDirection>0</textDirection>
  <lineSpaceBetween>0</lineSpaceBetween>
  <formatType>0</formatType>
</nc.vo.pub.print.PrintCellExtVO>',null,null,null,'2018-11-13 19:24:20','Dialog',null,null);
insert into pub_print_cell(bunderline,ccellcode,ccellid,ccombineproperty,ccontentproperty,cisfrozen,cisheadtail,clineproperty,ctemplateid,dr,ffontstyle,fixedstyle,fshadowtype,ibgcolor,ibotlinecolor,ifgcolor,ifonrsize,iheight,ileftlinecolor,irightcolor,isdycolgroup,isdynrowheight,islastpagetrail,istartx,istarty,itoplinecolor,iwidth,options,prepare1,prepare2,table_code,ts,vfontname,vtext,vvar) values( '0','006000006000','0001AA10000000000L2Y','0','0110','10',null,'11111111','0001AA10000000000KWZ',0,0,null,0,-1,0,-16777216,12,20,0,0,null,null,null,0,130,0,80,'<nc.vo.pub.print.PrintCellExtVO>
  <height__decimal>0.0</height__decimal>
  <textDirection>0</textDirection>
  <lineSpaceBetween>0</lineSpaceBetween>
  <formatType>0</formatType>
</nc.vo.pub.print.PrintCellExtVO>',null,null,null,'2018-11-13 19:24:20','Dialog','联系人',null);
insert into pub_print_cell(bunderline,ccellcode,ccellid,ccombineproperty,ccontentproperty,cisfrozen,cisheadtail,clineproperty,ctemplateid,dr,ffontstyle,fixedstyle,fshadowtype,ibgcolor,ibotlinecolor,ifgcolor,ifonrsize,iheight,ileftlinecolor,irightcolor,isdycolgroup,isdynrowheight,islastpagetrail,istartx,istarty,itoplinecolor,iwidth,options,prepare1,prepare2,table_code,ts,vfontname,vtext,vvar) values( '0','006001006001','0001AA10000000000L2Z','0','1110','10',null,'11111111','0001AA10000000000KWZ',0,0,null,0,-1,0,-16777216,12,20,0,0,null,null,null,80,130,0,80,'<nc.vo.pub.print.PrintCellExtVO>
  <height__decimal>0.0</height__decimal>
  <textDirection>0</textDirection>
  <lineSpaceBetween>0</lineSpaceBetween>
  <formatType>0</formatType>
</nc.vo.pub.print.PrintCellExtVO>',null,null,null,'2018-11-13 19:24:20','Dialog','联系人','contract');
insert into pub_print_cell(bunderline,ccellcode,ccellid,ccombineproperty,ccontentproperty,cisfrozen,cisheadtail,clineproperty,ctemplateid,dr,ffontstyle,fixedstyle,fshadowtype,ibgcolor,ibotlinecolor,ifgcolor,ifonrsize,iheight,ileftlinecolor,irightcolor,isdycolgroup,isdynrowheight,islastpagetrail,istartx,istarty,itoplinecolor,iwidth,options,prepare1,prepare2,table_code,ts,vfontname,vtext,vvar) values( '0','006002006002','0001AA10000000000L30','0','0110','10',null,'11111111','0001AA10000000000KWZ',0,0,null,0,-1,0,-16777216,12,20,0,0,null,null,null,160,130,0,80,'<nc.vo.pub.print.PrintCellExtVO>
  <height__decimal>0.0</height__decimal>
  <textDirection>0</textDirection>
  <lineSpaceBetween>0</lineSpaceBetween>
  <formatType>0</formatType>
</nc.vo.pub.print.PrintCellExtVO>',null,null,null,'2018-11-13 19:24:20','Dialog','用户',null);
insert into pub_print_cell(bunderline,ccellcode,ccellid,ccombineproperty,ccontentproperty,cisfrozen,cisheadtail,clineproperty,ctemplateid,dr,ffontstyle,fixedstyle,fshadowtype,ibgcolor,ibotlinecolor,ifgcolor,ifonrsize,iheight,ileftlinecolor,irightcolor,isdycolgroup,isdynrowheight,islastpagetrail,istartx,istarty,itoplinecolor,iwidth,options,prepare1,prepare2,table_code,ts,vfontname,vtext,vvar) values( '0','006003006003','0001AA10000000000L31','0','1110','10',null,'11111111','0001AA10000000000KWZ',0,0,null,0,-1,0,-16777216,12,20,0,0,null,null,null,240,130,0,80,'<nc.vo.pub.print.PrintCellExtVO>
  <height__decimal>0.0</height__decimal>
  <textDirection>0</textDirection>
  <lineSpaceBetween>0</lineSpaceBetween>
  <formatType>0</formatType>
</nc.vo.pub.print.PrintCellExtVO>',null,null,null,'2018-11-13 19:24:20','Dialog','用户','cuserid.name');
insert into pub_print_cell(bunderline,ccellcode,ccellid,ccombineproperty,ccontentproperty,cisfrozen,cisheadtail,clineproperty,ctemplateid,dr,ffontstyle,fixedstyle,fshadowtype,ibgcolor,ibotlinecolor,ifgcolor,ifonrsize,iheight,ileftlinecolor,irightcolor,isdycolgroup,isdynrowheight,islastpagetrail,istartx,istarty,itoplinecolor,iwidth,options,prepare1,prepare2,table_code,ts,vfontname,vtext,vvar) values( '0','006004006004','0001AA10000000000L32','0','0110','10',null,'11111111','0001AA10000000000KWZ',0,0,null,0,-1,0,-16777216,12,20,0,0,null,null,null,320,130,0,80,'<nc.vo.pub.print.PrintCellExtVO>
  <height__decimal>0.0</height__decimal>
  <textDirection>0</textDirection>
  <lineSpaceBetween>0</lineSpaceBetween>
  <formatType>0</formatType>
</nc.vo.pub.print.PrintCellExtVO>',null,null,null,'2018-11-13 19:24:20','Dialog','电子邮件',null);
insert into pub_print_cell(bunderline,ccellcode,ccellid,ccombineproperty,ccontentproperty,cisfrozen,cisheadtail,clineproperty,ctemplateid,dr,ffontstyle,fixedstyle,fshadowtype,ibgcolor,ibotlinecolor,ifgcolor,ifonrsize,iheight,ileftlinecolor,irightcolor,isdycolgroup,isdynrowheight,islastpagetrail,istartx,istarty,itoplinecolor,iwidth,options,prepare1,prepare2,table_code,ts,vfontname,vtext,vvar) values( '0','006005006005','0001AA10000000000L33','0','1110','10',null,'11111111','0001AA10000000000KWZ',0,0,null,0,-1,0,-16777216,12,20,0,0,null,null,null,400,130,0,80,'<nc.vo.pub.print.PrintCellExtVO>
  <height__decimal>0.0</height__decimal>
  <textDirection>0</textDirection>
  <lineSpaceBetween>0</lineSpaceBetween>
  <formatType>0</formatType>
</nc.vo.pub.print.PrintCellExtVO>',null,null,null,'2018-11-13 19:24:20','Dialog','电子邮件','email');
insert into pub_print_cell(bunderline,ccellcode,ccellid,ccombineproperty,ccontentproperty,cisfrozen,cisheadtail,clineproperty,ctemplateid,dr,ffontstyle,fixedstyle,fshadowtype,ibgcolor,ibotlinecolor,ifgcolor,ifonrsize,iheight,ileftlinecolor,irightcolor,isdycolgroup,isdynrowheight,islastpagetrail,istartx,istarty,itoplinecolor,iwidth,options,prepare1,prepare2,table_code,ts,vfontname,vtext,vvar) values( '0','006006006006','0001AA10000000000L34','0','0110','10',null,'11111111','0001AA10000000000KWZ',0,0,null,0,-1,0,-16777216,12,20,0,0,null,null,null,480,130,0,80,'<nc.vo.pub.print.PrintCellExtVO>
  <height__decimal>0.0</height__decimal>
  <textDirection>0</textDirection>
  <lineSpaceBetween>0</lineSpaceBetween>
  <formatType>0</formatType>
</nc.vo.pub.print.PrintCellExtVO>',null,null,null,'2018-11-13 19:24:20','Dialog','联系电话',null);
insert into pub_print_cell(bunderline,ccellcode,ccellid,ccombineproperty,ccontentproperty,cisfrozen,cisheadtail,clineproperty,ctemplateid,dr,ffontstyle,fixedstyle,fshadowtype,ibgcolor,ibotlinecolor,ifgcolor,ifonrsize,iheight,ileftlinecolor,irightcolor,isdycolgroup,isdynrowheight,islastpagetrail,istartx,istarty,itoplinecolor,iwidth,options,prepare1,prepare2,table_code,ts,vfontname,vtext,vvar) values( '0','006007006007','0001AA10000000000L35','0','1110','10',null,'11111111','0001AA10000000000KWZ',0,0,null,0,-1,0,-16777216,12,20,0,0,null,null,null,560,130,0,80,'<nc.vo.pub.print.PrintCellExtVO>
  <height__decimal>0.0</height__decimal>
  <textDirection>0</textDirection>
  <lineSpaceBetween>0</lineSpaceBetween>
  <formatType>0</formatType>
</nc.vo.pub.print.PrintCellExtVO>',null,null,null,'2018-11-13 19:24:20','Dialog','联系电话','teleno');
insert into pub_print_cell(bunderline,ccellcode,ccellid,ccombineproperty,ccontentproperty,cisfrozen,cisheadtail,clineproperty,ctemplateid,dr,ffontstyle,fixedstyle,fshadowtype,ibgcolor,ibotlinecolor,ifgcolor,ifonrsize,iheight,ileftlinecolor,irightcolor,isdycolgroup,isdynrowheight,islastpagetrail,istartx,istarty,itoplinecolor,iwidth,options,prepare1,prepare2,table_code,ts,vfontname,vtext,vvar) values( '0','006008006008','0001AA10000000000L36','0','0110','10',null,'11111111','0001AA10000000000KWZ',0,0,null,0,-1,0,-16777216,12,20,0,0,null,null,null,640,130,0,80,'<nc.vo.pub.print.PrintCellExtVO>
  <height__decimal>0.0</height__decimal>
  <textDirection>0</textDirection>
  <lineSpaceBetween>0</lineSpaceBetween>
  <formatType>0</formatType>
</nc.vo.pub.print.PrintCellExtVO>',null,null,null,'2018-11-13 19:24:20','Dialog','报告格式',null);
insert into pub_print_cell(bunderline,ccellcode,ccellid,ccombineproperty,ccontentproperty,cisfrozen,cisheadtail,clineproperty,ctemplateid,dr,ffontstyle,fixedstyle,fshadowtype,ibgcolor,ibotlinecolor,ifgcolor,ifonrsize,iheight,ileftlinecolor,irightcolor,isdycolgroup,isdynrowheight,islastpagetrail,istartx,istarty,itoplinecolor,iwidth,options,prepare1,prepare2,table_code,ts,vfontname,vtext,vvar) values( '0','006009006009','0001AA10000000000L37','0','1110','10',null,'11111111','0001AA10000000000KWZ',0,0,null,0,-1,0,-16777216,12,20,0,0,null,null,null,720,130,0,80,'<nc.vo.pub.print.PrintCellExtVO>
  <height__decimal>0.0</height__decimal>
  <textDirection>0</textDirection>
  <lineSpaceBetween>0</lineSpaceBetween>
  <formatType>0</formatType>
</nc.vo.pub.print.PrintCellExtVO>',null,null,null,'2018-11-13 19:24:20','Dialog','报告格式','reportformat');
insert into pub_print_cell(bunderline,ccellcode,ccellid,ccombineproperty,ccontentproperty,cisfrozen,cisheadtail,clineproperty,ctemplateid,dr,ffontstyle,fixedstyle,fshadowtype,ibgcolor,ibotlinecolor,ifgcolor,ifonrsize,iheight,ileftlinecolor,irightcolor,isdycolgroup,isdynrowheight,islastpagetrail,istartx,istarty,itoplinecolor,iwidth,options,prepare1,prepare2,table_code,ts,vfontname,vtext,vvar) values( '0','006010006010','0001AA10000000000L38','0','0110','10',null,'11111111','0001AA10000000000KWZ',0,0,null,0,-1,0,-16777216,12,20,0,0,null,null,null,800,130,0,80,'<nc.vo.pub.print.PrintCellExtVO>
  <height__decimal>0.0</height__decimal>
  <textDirection>0</textDirection>
  <lineSpaceBetween>0</lineSpaceBetween>
  <formatType>0</formatType>
</nc.vo.pub.print.PrintCellExtVO>',null,null,null,'2018-11-13 19:24:20','Dialog',null,null);
insert into pub_print_cell(bunderline,ccellcode,ccellid,ccombineproperty,ccontentproperty,cisfrozen,cisheadtail,clineproperty,ctemplateid,dr,ffontstyle,fixedstyle,fshadowtype,ibgcolor,ibotlinecolor,ifgcolor,ifonrsize,iheight,ileftlinecolor,irightcolor,isdycolgroup,isdynrowheight,islastpagetrail,istartx,istarty,itoplinecolor,iwidth,options,prepare1,prepare2,table_code,ts,vfontname,vtext,vvar) values( '0','007000007000','0001AA10000000000L39','0','0110','10',null,'11111111','0001AA10000000000KWZ',0,0,null,0,-1,0,-16777216,12,20,0,0,null,null,null,0,150,0,80,'<nc.vo.pub.print.PrintCellExtVO>
  <height__decimal>0.0</height__decimal>
  <textDirection>0</textDirection>
  <lineSpaceBetween>0</lineSpaceBetween>
  <formatType>0</formatType>
</nc.vo.pub.print.PrintCellExtVO>',null,null,null,'2018-11-13 19:24:20','Dialog','报告语言',null);
insert into pub_print_cell(bunderline,ccellcode,ccellid,ccombineproperty,ccontentproperty,cisfrozen,cisheadtail,clineproperty,ctemplateid,dr,ffontstyle,fixedstyle,fshadowtype,ibgcolor,ibotlinecolor,ifgcolor,ifonrsize,iheight,ileftlinecolor,irightcolor,isdycolgroup,isdynrowheight,islastpagetrail,istartx,istarty,itoplinecolor,iwidth,options,prepare1,prepare2,table_code,ts,vfontname,vtext,vvar) values( '0','007001007001','0001AA10000000000L3A','0','1110','10',null,'11111111','0001AA10000000000KWZ',0,0,null,0,-1,0,-16777216,12,20,0,0,null,null,null,80,150,0,80,'<nc.vo.pub.print.PrintCellExtVO>
  <height__decimal>0.0</height__decimal>
  <textDirection>0</textDirection>
  <lineSpaceBetween>0</lineSpaceBetween>
  <formatType>0</formatType>
</nc.vo.pub.print.PrintCellExtVO>',null,null,null,'2018-11-13 19:24:20','Dialog','报告语言','reportlang');
insert into pub_print_cell(bunderline,ccellcode,ccellid,ccombineproperty,ccontentproperty,cisfrozen,cisheadtail,clineproperty,ctemplateid,dr,ffontstyle,fixedstyle,fshadowtype,ibgcolor,ibotlinecolor,ifgcolor,ifonrsize,iheight,ileftlinecolor,irightcolor,isdycolgroup,isdynrowheight,islastpagetrail,istartx,istarty,itoplinecolor,iwidth,options,prepare1,prepare2,table_code,ts,vfontname,vtext,vvar) values( '0','007002007002','0001AA10000000000L3B','0','0110','10',null,'11111111','0001AA10000000000KWZ',0,0,null,0,-1,0,-16777216,12,20,0,0,null,null,null,160,150,0,80,'<nc.vo.pub.print.PrintCellExtVO>
  <height__decimal>0.0</height__decimal>
  <textDirection>0</textDirection>
  <lineSpaceBetween>0</lineSpaceBetween>
  <formatType>0</formatType>
</nc.vo.pub.print.PrintCellExtVO>',null,null,null,'2018-11-13 19:24:20','Dialog','发送消息标记',null);
insert into pub_print_cell(bunderline,ccellcode,ccellid,ccombineproperty,ccontentproperty,cisfrozen,cisheadtail,clineproperty,ctemplateid,dr,ffontstyle,fixedstyle,fshadowtype,ibgcolor,ibotlinecolor,ifgcolor,ifonrsize,iheight,ileftlinecolor,irightcolor,isdycolgroup,isdynrowheight,islastpagetrail,istartx,istarty,itoplinecolor,iwidth,options,prepare1,prepare2,table_code,ts,vfontname,vtext,vvar) values( '0','007003007003','0001AA10000000000L3C','0','1110','10',null,'11111111','0001AA10000000000KWZ',0,0,null,0,-1,0,-16777216,12,20,0,0,null,null,null,240,150,0,80,'<nc.vo.pub.print.PrintCellExtVO>
  <height__decimal>0.0</height__decimal>
  <textDirection>0</textDirection>
  <lineSpaceBetween>0</lineSpaceBetween>
  <formatType>0</formatType>
</nc.vo.pub.print.PrintCellExtVO>',null,null,null,'2018-11-13 19:24:20','Dialog','发送消息标记','sendflag');
insert into pub_print_cell(bunderline,ccellcode,ccellid,ccombineproperty,ccontentproperty,cisfrozen,cisheadtail,clineproperty,ctemplateid,dr,ffontstyle,fixedstyle,fshadowtype,ibgcolor,ibotlinecolor,ifgcolor,ifonrsize,iheight,ileftlinecolor,irightcolor,isdycolgroup,isdynrowheight,islastpagetrail,istartx,istarty,itoplinecolor,iwidth,options,prepare1,prepare2,table_code,ts,vfontname,vtext,vvar) values( '0','007004007004','0001AA10000000000L3D','0','0110','10',null,'11111111','0001AA10000000000KWZ',0,0,null,0,-1,0,-16777216,12,20,0,0,null,null,null,320,150,0,80,'<nc.vo.pub.print.PrintCellExtVO>
  <height__decimal>0.0</height__decimal>
  <textDirection>0</textDirection>
  <lineSpaceBetween>0</lineSpaceBetween>
  <formatType>0</formatType>
</nc.vo.pub.print.PrintCellExtVO>',null,null,null,'2018-11-13 19:24:20','Dialog','检验后样品处理',null);
insert into pub_print_cell(bunderline,ccellcode,ccellid,ccombineproperty,ccontentproperty,cisfrozen,cisheadtail,clineproperty,ctemplateid,dr,ffontstyle,fixedstyle,fshadowtype,ibgcolor,ibotlinecolor,ifgcolor,ifonrsize,iheight,ileftlinecolor,irightcolor,isdycolgroup,isdynrowheight,islastpagetrail,istartx,istarty,itoplinecolor,iwidth,options,prepare1,prepare2,table_code,ts,vfontname,vtext,vvar) values( '0','007005007005','0001AA10000000000L3E','0','1110','10',null,'11111111','0001AA10000000000KWZ',0,0,null,0,-1,0,-16777216,12,20,0,0,null,null,null,400,150,0,80,'<nc.vo.pub.print.PrintCellExtVO>
  <height__decimal>0.0</height__decimal>
  <textDirection>0</textDirection>
  <lineSpaceBetween>0</lineSpaceBetween>
  <formatType>0</formatType>
</nc.vo.pub.print.PrintCellExtVO>',null,null,null,'2018-11-13 19:24:20','Dialog','检验后样品处理','sampledealtype');
insert into pub_print_cell(bunderline,ccellcode,ccellid,ccombineproperty,ccontentproperty,cisfrozen,cisheadtail,clineproperty,ctemplateid,dr,ffontstyle,fixedstyle,fshadowtype,ibgcolor,ibotlinecolor,ifgcolor,ifonrsize,iheight,ileftlinecolor,irightcolor,isdycolgroup,isdynrowheight,islastpagetrail,istartx,istarty,itoplinecolor,iwidth,options,prepare1,prepare2,table_code,ts,vfontname,vtext,vvar) values( '0','007006007006','0001AA10000000000L3F','0','0110','10',null,'11111111','0001AA10000000000KWZ',0,0,null,0,-1,0,-16777216,12,20,0,0,null,null,null,480,150,0,80,'<nc.vo.pub.print.PrintCellExtVO>
  <height__decimal>0.0</height__decimal>
  <textDirection>0</textDirection>
  <lineSpaceBetween>0</lineSpaceBetween>
  <formatType>0</formatType>
</nc.vo.pub.print.PrintCellExtVO>',null,null,null,'2018-11-13 19:24:20','Dialog',null,null);
insert into pub_print_cell(bunderline,ccellcode,ccellid,ccombineproperty,ccontentproperty,cisfrozen,cisheadtail,clineproperty,ctemplateid,dr,ffontstyle,fixedstyle,fshadowtype,ibgcolor,ibotlinecolor,ifgcolor,ifonrsize,iheight,ileftlinecolor,irightcolor,isdycolgroup,isdynrowheight,islastpagetrail,istartx,istarty,itoplinecolor,iwidth,options,prepare1,prepare2,table_code,ts,vfontname,vtext,vvar) values( '0','007007007007','0001AA10000000000L3G','0','0110','10',null,'11111111','0001AA10000000000KWZ',0,0,null,0,-1,0,-16777216,12,20,0,0,null,null,null,560,150,0,80,'<nc.vo.pub.print.PrintCellExtVO>
  <height__decimal>0.0</height__decimal>
  <textDirection>0</textDirection>
  <lineSpaceBetween>0</lineSpaceBetween>
  <formatType>0</formatType>
</nc.vo.pub.print.PrintCellExtVO>',null,null,null,'2018-11-13 19:24:20','Dialog',null,null);
insert into pub_print_cell(bunderline,ccellcode,ccellid,ccombineproperty,ccontentproperty,cisfrozen,cisheadtail,clineproperty,ctemplateid,dr,ffontstyle,fixedstyle,fshadowtype,ibgcolor,ibotlinecolor,ifgcolor,ifonrsize,iheight,ileftlinecolor,irightcolor,isdycolgroup,isdynrowheight,islastpagetrail,istartx,istarty,itoplinecolor,iwidth,options,prepare1,prepare2,table_code,ts,vfontname,vtext,vvar) values( '0','007008007008','0001AA10000000000L3H','0','0110','10',null,'11111111','0001AA10000000000KWZ',0,0,null,0,-1,0,-16777216,12,20,0,0,null,null,null,640,150,0,80,'<nc.vo.pub.print.PrintCellExtVO>
  <height__decimal>0.0</height__decimal>
  <textDirection>0</textDirection>
  <lineSpaceBetween>0</lineSpaceBetween>
  <formatType>0</formatType>
</nc.vo.pub.print.PrintCellExtVO>',null,null,null,'2018-11-13 19:24:20','Dialog',null,null);
insert into pub_print_cell(bunderline,ccellcode,ccellid,ccombineproperty,ccontentproperty,cisfrozen,cisheadtail,clineproperty,ctemplateid,dr,ffontstyle,fixedstyle,fshadowtype,ibgcolor,ibotlinecolor,ifgcolor,ifonrsize,iheight,ileftlinecolor,irightcolor,isdycolgroup,isdynrowheight,islastpagetrail,istartx,istarty,itoplinecolor,iwidth,options,prepare1,prepare2,table_code,ts,vfontname,vtext,vvar) values( '0','007009007009','0001AA10000000000L3I','0','0110','10',null,'11111111','0001AA10000000000KWZ',0,0,null,0,-1,0,-16777216,12,20,0,0,null,null,null,720,150,0,80,'<nc.vo.pub.print.PrintCellExtVO>
  <height__decimal>0.0</height__decimal>
  <textDirection>0</textDirection>
  <lineSpaceBetween>0</lineSpaceBetween>
  <formatType>0</formatType>
</nc.vo.pub.print.PrintCellExtVO>',null,null,null,'2018-11-13 19:24:20','Dialog',null,null);
insert into pub_print_cell(bunderline,ccellcode,ccellid,ccombineproperty,ccontentproperty,cisfrozen,cisheadtail,clineproperty,ctemplateid,dr,ffontstyle,fixedstyle,fshadowtype,ibgcolor,ibotlinecolor,ifgcolor,ifonrsize,iheight,ileftlinecolor,irightcolor,isdycolgroup,isdynrowheight,islastpagetrail,istartx,istarty,itoplinecolor,iwidth,options,prepare1,prepare2,table_code,ts,vfontname,vtext,vvar) values( '0','007010007010','0001AA10000000000L3J','0','0110','10',null,'11111111','0001AA10000000000KWZ',0,0,null,0,-1,0,-16777216,12,20,0,0,null,null,null,800,150,0,80,'<nc.vo.pub.print.PrintCellExtVO>
  <height__decimal>0.0</height__decimal>
  <textDirection>0</textDirection>
  <lineSpaceBetween>0</lineSpaceBetween>
  <formatType>0</formatType>
</nc.vo.pub.print.PrintCellExtVO>',null,null,null,'2018-11-13 19:24:20','Dialog',null,null);
insert into pub_print_cell(bunderline,ccellcode,ccellid,ccombineproperty,ccontentproperty,cisfrozen,cisheadtail,clineproperty,ctemplateid,dr,ffontstyle,fixedstyle,fshadowtype,ibgcolor,ibotlinecolor,ifgcolor,ifonrsize,iheight,ileftlinecolor,irightcolor,isdycolgroup,isdynrowheight,islastpagetrail,istartx,istarty,itoplinecolor,iwidth,options,prepare1,prepare2,table_code,ts,vfontname,vtext,vvar) values( '0','008000008000','0001AA10000000000L3K','1008000','0020','Y',null,'00000000','0001AA10000000000KWZ',0,1,null,0,-1,0,-16777216,12,5,0,0,null,null,null,0,170,0,80,'<nc.vo.pub.print.PrintCellExtVO>
  <height__decimal>0.0</height__decimal>
  <textDirection>0</textDirection>
  <lineSpaceBetween>0</lineSpaceBetween>
  <formatType>0</formatType>
</nc.vo.pub.print.PrintCellExtVO>',null,null,null,'2018-11-13 19:24:20','Dialog',null,null);
insert into pub_print_cell(bunderline,ccellcode,ccellid,ccombineproperty,ccontentproperty,cisfrozen,cisheadtail,clineproperty,ctemplateid,dr,ffontstyle,fixedstyle,fshadowtype,ibgcolor,ibotlinecolor,ifgcolor,ifonrsize,iheight,ileftlinecolor,irightcolor,isdycolgroup,isdynrowheight,islastpagetrail,istartx,istarty,itoplinecolor,iwidth,options,prepare1,prepare2,table_code,ts,vfontname,vtext,vvar) values( '0','008001008001','0001AA10000000000L3L','1008000','0020','Y',null,'00000000','0001AA10000000000KWZ',0,1,null,0,-1,0,-16777216,12,5,0,0,null,null,null,80,170,0,80,'<nc.vo.pub.print.PrintCellExtVO>
  <height__decimal>0.0</height__decimal>
  <textDirection>0</textDirection>
  <lineSpaceBetween>0</lineSpaceBetween>
  <formatType>0</formatType>
</nc.vo.pub.print.PrintCellExtVO>',null,null,null,'2018-11-13 19:24:20','Dialog',null,null);
insert into pub_print_cell(bunderline,ccellcode,ccellid,ccombineproperty,ccontentproperty,cisfrozen,cisheadtail,clineproperty,ctemplateid,dr,ffontstyle,fixedstyle,fshadowtype,ibgcolor,ibotlinecolor,ifgcolor,ifonrsize,iheight,ileftlinecolor,irightcolor,isdycolgroup,isdynrowheight,islastpagetrail,istartx,istarty,itoplinecolor,iwidth,options,prepare1,prepare2,table_code,ts,vfontname,vtext,vvar) values( '0','008002008002','0001AA10000000000L3M','1008000','0020','Y',null,'00000000','0001AA10000000000KWZ',0,1,null,0,-1,0,-16777216,12,5,0,0,null,null,null,160,170,0,80,'<nc.vo.pub.print.PrintCellExtVO>
  <height__decimal>0.0</height__decimal>
  <textDirection>0</textDirection>
  <lineSpaceBetween>0</lineSpaceBetween>
  <formatType>0</formatType>
</nc.vo.pub.print.PrintCellExtVO>',null,null,null,'2018-11-13 19:24:20','Dialog',null,null);
insert into pub_print_cell(bunderline,ccellcode,ccellid,ccombineproperty,ccontentproperty,cisfrozen,cisheadtail,clineproperty,ctemplateid,dr,ffontstyle,fixedstyle,fshadowtype,ibgcolor,ibotlinecolor,ifgcolor,ifonrsize,iheight,ileftlinecolor,irightcolor,isdycolgroup,isdynrowheight,islastpagetrail,istartx,istarty,itoplinecolor,iwidth,options,prepare1,prepare2,table_code,ts,vfontname,vtext,vvar) values( '0','008003008003','0001AA10000000000L3N','1008000','0020','Y',null,'00000000','0001AA10000000000KWZ',0,1,null,0,-1,0,-16777216,12,5,0,0,null,null,null,240,170,0,80,'<nc.vo.pub.print.PrintCellExtVO>
  <height__decimal>0.0</height__decimal>
  <textDirection>0</textDirection>
  <lineSpaceBetween>0</lineSpaceBetween>
  <formatType>0</formatType>
</nc.vo.pub.print.PrintCellExtVO>',null,null,null,'2018-11-13 19:24:20','Dialog',null,null);
insert into pub_print_cell(bunderline,ccellcode,ccellid,ccombineproperty,ccontentproperty,cisfrozen,cisheadtail,clineproperty,ctemplateid,dr,ffontstyle,fixedstyle,fshadowtype,ibgcolor,ibotlinecolor,ifgcolor,ifonrsize,iheight,ileftlinecolor,irightcolor,isdycolgroup,isdynrowheight,islastpagetrail,istartx,istarty,itoplinecolor,iwidth,options,prepare1,prepare2,table_code,ts,vfontname,vtext,vvar) values( '0','008004008004','0001AA10000000000L3O','1008000','0020','Y',null,'00000000','0001AA10000000000KWZ',0,1,null,0,-1,0,-16777216,12,5,0,0,null,null,null,320,170,0,80,'<nc.vo.pub.print.PrintCellExtVO>
  <height__decimal>0.0</height__decimal>
  <textDirection>0</textDirection>
  <lineSpaceBetween>0</lineSpaceBetween>
  <formatType>0</formatType>
</nc.vo.pub.print.PrintCellExtVO>',null,null,null,'2018-11-13 19:24:20','Dialog',null,null);
insert into pub_print_cell(bunderline,ccellcode,ccellid,ccombineproperty,ccontentproperty,cisfrozen,cisheadtail,clineproperty,ctemplateid,dr,ffontstyle,fixedstyle,fshadowtype,ibgcolor,ibotlinecolor,ifgcolor,ifonrsize,iheight,ileftlinecolor,irightcolor,isdycolgroup,isdynrowheight,islastpagetrail,istartx,istarty,itoplinecolor,iwidth,options,prepare1,prepare2,table_code,ts,vfontname,vtext,vvar) values( '0','008005008005','0001AA10000000000L3P','1008000','0020','Y',null,'00000000','0001AA10000000000KWZ',0,1,null,0,-1,0,-16777216,12,5,0,0,null,null,null,400,170,0,80,'<nc.vo.pub.print.PrintCellExtVO>
  <height__decimal>0.0</height__decimal>
  <textDirection>0</textDirection>
  <lineSpaceBetween>0</lineSpaceBetween>
  <formatType>0</formatType>
</nc.vo.pub.print.PrintCellExtVO>',null,null,null,'2018-11-13 19:24:20','Dialog',null,null);
insert into pub_print_cell(bunderline,ccellcode,ccellid,ccombineproperty,ccontentproperty,cisfrozen,cisheadtail,clineproperty,ctemplateid,dr,ffontstyle,fixedstyle,fshadowtype,ibgcolor,ibotlinecolor,ifgcolor,ifonrsize,iheight,ileftlinecolor,irightcolor,isdycolgroup,isdynrowheight,islastpagetrail,istartx,istarty,itoplinecolor,iwidth,options,prepare1,prepare2,table_code,ts,vfontname,vtext,vvar) values( '0','008006008006','0001AA10000000000L3Q','1008000','0020','Y',null,'00000000','0001AA10000000000KWZ',0,1,null,0,-1,0,-16777216,12,5,0,0,null,null,null,480,170,0,80,'<nc.vo.pub.print.PrintCellExtVO>
  <height__decimal>0.0</height__decimal>
  <textDirection>0</textDirection>
  <lineSpaceBetween>0</lineSpaceBetween>
  <formatType>0</formatType>
</nc.vo.pub.print.PrintCellExtVO>',null,null,null,'2018-11-13 19:24:20','Dialog',null,null);
insert into pub_print_cell(bunderline,ccellcode,ccellid,ccombineproperty,ccontentproperty,cisfrozen,cisheadtail,clineproperty,ctemplateid,dr,ffontstyle,fixedstyle,fshadowtype,ibgcolor,ibotlinecolor,ifgcolor,ifonrsize,iheight,ileftlinecolor,irightcolor,isdycolgroup,isdynrowheight,islastpagetrail,istartx,istarty,itoplinecolor,iwidth,options,prepare1,prepare2,table_code,ts,vfontname,vtext,vvar) values( '0','008007008007','0001AA10000000000L3R','1008000','0020','Y',null,'00000000','0001AA10000000000KWZ',0,1,null,0,-1,0,-16777216,12,5,0,0,null,null,null,560,170,0,80,'<nc.vo.pub.print.PrintCellExtVO>
  <height__decimal>0.0</height__decimal>
  <textDirection>0</textDirection>
  <lineSpaceBetween>0</lineSpaceBetween>
  <formatType>0</formatType>
</nc.vo.pub.print.PrintCellExtVO>',null,null,null,'2018-11-13 19:24:20','Dialog',null,null);
insert into pub_print_cell(bunderline,ccellcode,ccellid,ccombineproperty,ccontentproperty,cisfrozen,cisheadtail,clineproperty,ctemplateid,dr,ffontstyle,fixedstyle,fshadowtype,ibgcolor,ibotlinecolor,ifgcolor,ifonrsize,iheight,ileftlinecolor,irightcolor,isdycolgroup,isdynrowheight,islastpagetrail,istartx,istarty,itoplinecolor,iwidth,options,prepare1,prepare2,table_code,ts,vfontname,vtext,vvar) values( '0','008008008008','0001AA10000000000L3S','1008000','0020','Y',null,'00000000','0001AA10000000000KWZ',0,1,null,0,-1,0,-16777216,12,5,0,0,null,null,null,640,170,0,80,'<nc.vo.pub.print.PrintCellExtVO>
  <height__decimal>0.0</height__decimal>
  <textDirection>0</textDirection>
  <lineSpaceBetween>0</lineSpaceBetween>
  <formatType>0</formatType>
</nc.vo.pub.print.PrintCellExtVO>',null,null,null,'2018-11-13 19:24:20','Dialog',null,null);
insert into pub_print_cell(bunderline,ccellcode,ccellid,ccombineproperty,ccontentproperty,cisfrozen,cisheadtail,clineproperty,ctemplateid,dr,ffontstyle,fixedstyle,fshadowtype,ibgcolor,ibotlinecolor,ifgcolor,ifonrsize,iheight,ileftlinecolor,irightcolor,isdycolgroup,isdynrowheight,islastpagetrail,istartx,istarty,itoplinecolor,iwidth,options,prepare1,prepare2,table_code,ts,vfontname,vtext,vvar) values( '0','008009008009','0001AA10000000000L3T','1008000','0020','Y',null,'00000000','0001AA10000000000KWZ',0,1,null,0,-1,0,-16777216,12,5,0,0,null,null,null,720,170,0,80,'<nc.vo.pub.print.PrintCellExtVO>
  <height__decimal>0.0</height__decimal>
  <textDirection>0</textDirection>
  <lineSpaceBetween>0</lineSpaceBetween>
  <formatType>0</formatType>
</nc.vo.pub.print.PrintCellExtVO>',null,null,null,'2018-11-13 19:24:20','Dialog',null,null);
insert into pub_print_cell(bunderline,ccellcode,ccellid,ccombineproperty,ccontentproperty,cisfrozen,cisheadtail,clineproperty,ctemplateid,dr,ffontstyle,fixedstyle,fshadowtype,ibgcolor,ibotlinecolor,ifgcolor,ifonrsize,iheight,ileftlinecolor,irightcolor,isdycolgroup,isdynrowheight,islastpagetrail,istartx,istarty,itoplinecolor,iwidth,options,prepare1,prepare2,table_code,ts,vfontname,vtext,vvar) values( '0','008010008010','0001AA10000000000L3U','1008000','0020','Y',null,'00000000','0001AA10000000000KWZ',0,1,null,0,-1,0,-16777216,12,5,0,0,null,null,null,800,170,0,80,'<nc.vo.pub.print.PrintCellExtVO>
  <height__decimal>0.0</height__decimal>
  <textDirection>0</textDirection>
  <lineSpaceBetween>0</lineSpaceBetween>
  <formatType>0</formatType>
</nc.vo.pub.print.PrintCellExtVO>',null,null,null,'2018-11-13 19:24:20','Dialog',null,null);
insert into pub_print_cell(bunderline,ccellcode,ccellid,ccombineproperty,ccontentproperty,cisfrozen,cisheadtail,clineproperty,ctemplateid,dr,ffontstyle,fixedstyle,fshadowtype,ibgcolor,ibotlinecolor,ifgcolor,ifonrsize,iheight,ileftlinecolor,irightcolor,isdycolgroup,isdynrowheight,islastpagetrail,istartx,istarty,itoplinecolor,iwidth,options,prepare1,prepare2,table_code,ts,vfontname,vtext,vvar) values( '0','008000008010','0001AA10000000000L3V','0','0020','Y',null,'00000000','0001AA10000000000KWZ',0,1,null,0,-1,0,-16777216,12,5,0,0,null,null,null,0,170,0,880,'<nc.vo.pub.print.PrintCellExtVO>
  <height__decimal>0.0</height__decimal>
  <textDirection>0</textDirection>
  <lineSpaceBetween>0</lineSpaceBetween>
  <formatType>0</formatType>
</nc.vo.pub.print.PrintCellExtVO>',null,null,null,'2018-11-13 19:24:20','Dialog',null,null);
insert into pub_print_cell(bunderline,ccellcode,ccellid,ccombineproperty,ccontentproperty,cisfrozen,cisheadtail,clineproperty,ctemplateid,dr,ffontstyle,fixedstyle,fshadowtype,ibgcolor,ibotlinecolor,ifgcolor,ifonrsize,iheight,ileftlinecolor,irightcolor,isdycolgroup,isdynrowheight,islastpagetrail,istartx,istarty,itoplinecolor,iwidth,options,prepare1,prepare2,table_code,ts,vfontname,vtext,vvar) values( '0','009000009000','0001AA10000000000L3W','1009000','0020','10',null,'00000000','0001AA10000000000KWZ',0,1,null,0,-1,0,-16777216,12,20,0,0,null,null,null,0,175,0,80,'<nc.vo.pub.print.PrintCellExtVO>
  <height__decimal>0.0</height__decimal>
  <textDirection>0</textDirection>
  <lineSpaceBetween>0</lineSpaceBetween>
  <formatType>0</formatType>
</nc.vo.pub.print.PrintCellExtVO>',null,null,null,'2018-11-13 19:24:20','Dialog','样品子表',null);
insert into pub_print_cell(bunderline,ccellcode,ccellid,ccombineproperty,ccontentproperty,cisfrozen,cisheadtail,clineproperty,ctemplateid,dr,ffontstyle,fixedstyle,fshadowtype,ibgcolor,ibotlinecolor,ifgcolor,ifonrsize,iheight,ileftlinecolor,irightcolor,isdycolgroup,isdynrowheight,islastpagetrail,istartx,istarty,itoplinecolor,iwidth,options,prepare1,prepare2,table_code,ts,vfontname,vtext,vvar) values( '0','009001009001','0001AA10000000000L3X','1009000','0020','10',null,'00000000','0001AA10000000000KWZ',0,1,null,0,-1,0,-16777216,12,20,0,0,null,null,null,80,175,0,80,'<nc.vo.pub.print.PrintCellExtVO>
  <height__decimal>0.0</height__decimal>
  <textDirection>0</textDirection>
  <lineSpaceBetween>0</lineSpaceBetween>
  <formatType>0</formatType>
</nc.vo.pub.print.PrintCellExtVO>',null,null,null,'2018-11-13 19:24:20','Dialog','样品子表',null);
insert into pub_print_cell(bunderline,ccellcode,ccellid,ccombineproperty,ccontentproperty,cisfrozen,cisheadtail,clineproperty,ctemplateid,dr,ffontstyle,fixedstyle,fshadowtype,ibgcolor,ibotlinecolor,ifgcolor,ifonrsize,iheight,ileftlinecolor,irightcolor,isdycolgroup,isdynrowheight,islastpagetrail,istartx,istarty,itoplinecolor,iwidth,options,prepare1,prepare2,table_code,ts,vfontname,vtext,vvar) values( '0','009002009002','0001AA10000000000L3Y','1009000','0020','10',null,'00000000','0001AA10000000000KWZ',0,1,null,0,-1,0,-16777216,12,20,0,0,null,null,null,160,175,0,80,'<nc.vo.pub.print.PrintCellExtVO>
  <height__decimal>0.0</height__decimal>
  <textDirection>0</textDirection>
  <lineSpaceBetween>0</lineSpaceBetween>
  <formatType>0</formatType>
</nc.vo.pub.print.PrintCellExtVO>',null,null,null,'2018-11-13 19:24:20','Dialog','样品子表',null);
insert into pub_print_cell(bunderline,ccellcode,ccellid,ccombineproperty,ccontentproperty,cisfrozen,cisheadtail,clineproperty,ctemplateid,dr,ffontstyle,fixedstyle,fshadowtype,ibgcolor,ibotlinecolor,ifgcolor,ifonrsize,iheight,ileftlinecolor,irightcolor,isdycolgroup,isdynrowheight,islastpagetrail,istartx,istarty,itoplinecolor,iwidth,options,prepare1,prepare2,table_code,ts,vfontname,vtext,vvar) values( '0','009003009003','0001AA10000000000L3Z','1009000','0020','10',null,'00000000','0001AA10000000000KWZ',0,1,null,0,-1,0,-16777216,12,20,0,0,null,null,null,240,175,0,80,'<nc.vo.pub.print.PrintCellExtVO>
  <height__decimal>0.0</height__decimal>
  <textDirection>0</textDirection>
  <lineSpaceBetween>0</lineSpaceBetween>
  <formatType>0</formatType>
</nc.vo.pub.print.PrintCellExtVO>',null,null,null,'2018-11-13 19:24:20','Dialog','样品子表',null);
insert into pub_print_cell(bunderline,ccellcode,ccellid,ccombineproperty,ccontentproperty,cisfrozen,cisheadtail,clineproperty,ctemplateid,dr,ffontstyle,fixedstyle,fshadowtype,ibgcolor,ibotlinecolor,ifgcolor,ifonrsize,iheight,ileftlinecolor,irightcolor,isdycolgroup,isdynrowheight,islastpagetrail,istartx,istarty,itoplinecolor,iwidth,options,prepare1,prepare2,table_code,ts,vfontname,vtext,vvar) values( '0','009004009004','0001AA10000000000L40','1009000','0020','10',null,'00000000','0001AA10000000000KWZ',0,1,null,0,-1,0,-16777216,12,20,0,0,null,null,null,320,175,0,80,'<nc.vo.pub.print.PrintCellExtVO>
  <height__decimal>0.0</height__decimal>
  <textDirection>0</textDirection>
  <lineSpaceBetween>0</lineSpaceBetween>
  <formatType>0</formatType>
</nc.vo.pub.print.PrintCellExtVO>',null,null,null,'2018-11-13 19:24:20','Dialog','样品子表',null);
insert into pub_print_cell(bunderline,ccellcode,ccellid,ccombineproperty,ccontentproperty,cisfrozen,cisheadtail,clineproperty,ctemplateid,dr,ffontstyle,fixedstyle,fshadowtype,ibgcolor,ibotlinecolor,ifgcolor,ifonrsize,iheight,ileftlinecolor,irightcolor,isdycolgroup,isdynrowheight,islastpagetrail,istartx,istarty,itoplinecolor,iwidth,options,prepare1,prepare2,table_code,ts,vfontname,vtext,vvar) values( '0','009005009005','0001AA10000000000L41','1009000','0020','10',null,'00000000','0001AA10000000000KWZ',0,1,null,0,-1,0,-16777216,12,20,0,0,null,null,null,400,175,0,80,'<nc.vo.pub.print.PrintCellExtVO>
  <height__decimal>0.0</height__decimal>
  <textDirection>0</textDirection>
  <lineSpaceBetween>0</lineSpaceBetween>
  <formatType>0</formatType>
</nc.vo.pub.print.PrintCellExtVO>',null,null,null,'2018-11-13 19:24:20','Dialog','样品子表',null);
insert into pub_print_cell(bunderline,ccellcode,ccellid,ccombineproperty,ccontentproperty,cisfrozen,cisheadtail,clineproperty,ctemplateid,dr,ffontstyle,fixedstyle,fshadowtype,ibgcolor,ibotlinecolor,ifgcolor,ifonrsize,iheight,ileftlinecolor,irightcolor,isdycolgroup,isdynrowheight,islastpagetrail,istartx,istarty,itoplinecolor,iwidth,options,prepare1,prepare2,table_code,ts,vfontname,vtext,vvar) values( '0','009006009006','0001AA10000000000L42','1009000','0020','10',null,'00000000','0001AA10000000000KWZ',0,1,null,0,-1,0,-16777216,12,20,0,0,null,null,null,480,175,0,80,'<nc.vo.pub.print.PrintCellExtVO>
  <height__decimal>0.0</height__decimal>
  <textDirection>0</textDirection>
  <lineSpaceBetween>0</lineSpaceBetween>
  <formatType>0</formatType>
</nc.vo.pub.print.PrintCellExtVO>',null,null,null,'2018-11-13 19:24:20','Dialog','样品子表',null);
insert into pub_print_cell(bunderline,ccellcode,ccellid,ccombineproperty,ccontentproperty,cisfrozen,cisheadtail,clineproperty,ctemplateid,dr,ffontstyle,fixedstyle,fshadowtype,ibgcolor,ibotlinecolor,ifgcolor,ifonrsize,iheight,ileftlinecolor,irightcolor,isdycolgroup,isdynrowheight,islastpagetrail,istartx,istarty,itoplinecolor,iwidth,options,prepare1,prepare2,table_code,ts,vfontname,vtext,vvar) values( '0','009007009007','0001AA10000000000L43','1009000','0020','10',null,'00000000','0001AA10000000000KWZ',0,1,null,0,-1,0,-16777216,12,20,0,0,null,null,null,560,175,0,80,'<nc.vo.pub.print.PrintCellExtVO>
  <height__decimal>0.0</height__decimal>
  <textDirection>0</textDirection>
  <lineSpaceBetween>0</lineSpaceBetween>
  <formatType>0</formatType>
</nc.vo.pub.print.PrintCellExtVO>',null,null,null,'2018-11-13 19:24:20','Dialog','样品子表',null);
insert into pub_print_cell(bunderline,ccellcode,ccellid,ccombineproperty,ccontentproperty,cisfrozen,cisheadtail,clineproperty,ctemplateid,dr,ffontstyle,fixedstyle,fshadowtype,ibgcolor,ibotlinecolor,ifgcolor,ifonrsize,iheight,ileftlinecolor,irightcolor,isdycolgroup,isdynrowheight,islastpagetrail,istartx,istarty,itoplinecolor,iwidth,options,prepare1,prepare2,table_code,ts,vfontname,vtext,vvar) values( '0','009008009008','0001AA10000000000L44','1009000','0020','10',null,'00000000','0001AA10000000000KWZ',0,1,null,0,-1,0,-16777216,12,20,0,0,null,null,null,640,175,0,80,'<nc.vo.pub.print.PrintCellExtVO>
  <height__decimal>0.0</height__decimal>
  <textDirection>0</textDirection>
  <lineSpaceBetween>0</lineSpaceBetween>
  <formatType>0</formatType>
</nc.vo.pub.print.PrintCellExtVO>',null,null,null,'2018-11-13 19:24:20','Dialog','样品子表',null);
insert into pub_print_cell(bunderline,ccellcode,ccellid,ccombineproperty,ccontentproperty,cisfrozen,cisheadtail,clineproperty,ctemplateid,dr,ffontstyle,fixedstyle,fshadowtype,ibgcolor,ibotlinecolor,ifgcolor,ifonrsize,iheight,ileftlinecolor,irightcolor,isdycolgroup,isdynrowheight,islastpagetrail,istartx,istarty,itoplinecolor,iwidth,options,prepare1,prepare2,table_code,ts,vfontname,vtext,vvar) values( '0','009009009009','0001AA10000000000L45','1009000','0020','10',null,'00000000','0001AA10000000000KWZ',0,1,null,0,-1,0,-16777216,12,20,0,0,null,null,null,720,175,0,80,'<nc.vo.pub.print.PrintCellExtVO>
  <height__decimal>0.0</height__decimal>
  <textDirection>0</textDirection>
  <lineSpaceBetween>0</lineSpaceBetween>
  <formatType>0</formatType>
</nc.vo.pub.print.PrintCellExtVO>',null,null,null,'2018-11-13 19:24:20','Dialog','样品子表',null);

insert into pub_print_template(bdirector,bdispagenum,bdistotalpagenum,billspace,bnormalcolor,ctemplateid,devorg,dr,extendattr,ffontstyle,fpagination,ibotmargin,ibreakposition,ifontsize,igridcolor,ileftmargin,ipageheight,ipagelocate,ipagewidth,irightmargin,iscale,itopmargin,itype,layer,mdclass,model_type,modelheight,modelwidth,pk_corp,pk_org,prepare1,prepare2,ptemplateid,ts,vdefaultprinter,vfontname,vleftnote,vmidnote,vnodecode,vrightnote,vtemplatecode,vtemplatename) values( 'Y','N','N',null,'N','0001AA10000000001ITI',null,0,'<nc.vo.pub.print.PrintTemplateExtVO>
  <isBindUp>false</isBindUp>
  <zdline__position>0.0</zdline__position>
  <pagehead__position>0.0</pagehead__position>
  <pagetail__position>0.0</pagetail__position>
  <pagenumber__position>0.0</pagenumber__position>
  <m__withFullPageNumber>false</m__withFullPageNumber>
  <baseLineWeight>0.65</baseLineWeight>
  <initPageNo>1</initPageNo>
</nc.vo.pub.print.PrintTemplateExtVO>',0,0,10,0,9,-4144960,10,596,'21',842,10,100,10,1,0,'32f9293c-8094-4e7b-ba8a-21bbcfb17a5d',null,null,null,'@@@@',null,null,null,null,'2018-11-17 17:12:19',null,'dialog.plain',null,null,'C0J00119',null,'C0J00119','值类型');
insert into pub_print_cell(bunderline,ccellcode,ccellid,ccombineproperty,ccontentproperty,cisfrozen,cisheadtail,clineproperty,ctemplateid,dr,ffontstyle,fixedstyle,fshadowtype,ibgcolor,ibotlinecolor,ifgcolor,ifonrsize,iheight,ileftlinecolor,irightcolor,isdycolgroup,isdynrowheight,islastpagetrail,istartx,istarty,itoplinecolor,iwidth,options,prepare1,prepare2,table_code,ts,vfontname,vtext,vvar) values( '0','004000004000','0001AA10000000001IVM','0','0110','10',null,'11111111','0001AA10000000001ITI',0,0,null,0,-1,0,-16777216,12,20,0,0,null,null,null,0,90,0,80,'<nc.vo.pub.print.PrintCellExtVO>
  <height__decimal>0.0</height__decimal>
  <textDirection>0</textDirection>
  <lineSpaceBetween>0</lineSpaceBetween>
  <formatType>0</formatType>
</nc.vo.pub.print.PrintCellExtVO>',null,null,null,'2018-11-17 17:12:19','Dialog','最后修改时间',null);
insert into pub_print_cell(bunderline,ccellcode,ccellid,ccombineproperty,ccontentproperty,cisfrozen,cisheadtail,clineproperty,ctemplateid,dr,ffontstyle,fixedstyle,fshadowtype,ibgcolor,ibotlinecolor,ifgcolor,ifonrsize,iheight,ileftlinecolor,irightcolor,isdycolgroup,isdynrowheight,islastpagetrail,istartx,istarty,itoplinecolor,iwidth,options,prepare1,prepare2,table_code,ts,vfontname,vtext,vvar) values( '0','004001004001','0001AA10000000001IVN','0','1110','10',null,'11111111','0001AA10000000001ITI',0,0,null,0,-1,0,-16777216,12,20,0,0,null,null,null,80,90,0,80,'<nc.vo.pub.print.PrintCellExtVO>
  <height__decimal>0.0</height__decimal>
  <textDirection>0</textDirection>
  <lineSpaceBetween>0</lineSpaceBetween>
  <formatType>0</formatType>
</nc.vo.pub.print.PrintCellExtVO>',null,null,null,'2018-11-17 17:12:19','Dialog','最后修改时间','lastmaketime');
insert into pub_print_cell(bunderline,ccellcode,ccellid,ccombineproperty,ccontentproperty,cisfrozen,cisheadtail,clineproperty,ctemplateid,dr,ffontstyle,fixedstyle,fshadowtype,ibgcolor,ibotlinecolor,ifgcolor,ifonrsize,iheight,ileftlinecolor,irightcolor,isdycolgroup,isdynrowheight,islastpagetrail,istartx,istarty,itoplinecolor,iwidth,options,prepare1,prepare2,table_code,ts,vfontname,vtext,vvar) values( '0','004002004002','0001AA10000000001IVO','0','0110','10',null,'11111111','0001AA10000000001ITI',0,0,null,0,-1,0,-16777216,12,20,0,0,null,null,null,160,90,0,80,'<nc.vo.pub.print.PrintCellExtVO>
  <height__decimal>0.0</height__decimal>
  <textDirection>0</textDirection>
  <lineSpaceBetween>0</lineSpaceBetween>
  <formatType>0</formatType>
</nc.vo.pub.print.PrintCellExtVO>',null,null,null,'2018-11-17 17:12:19','Dialog','制单日期',null);
insert into pub_print_cell(bunderline,ccellcode,ccellid,ccombineproperty,ccontentproperty,cisfrozen,cisheadtail,clineproperty,ctemplateid,dr,ffontstyle,fixedstyle,fshadowtype,ibgcolor,ibotlinecolor,ifgcolor,ifonrsize,iheight,ileftlinecolor,irightcolor,isdycolgroup,isdynrowheight,islastpagetrail,istartx,istarty,itoplinecolor,iwidth,options,prepare1,prepare2,table_code,ts,vfontname,vtext,vvar) values( '0','004003004003','0001AA10000000001IVP','0','1110','10',null,'11111111','0001AA10000000001ITI',0,0,null,0,-1,0,-16777216,12,20,0,0,null,null,null,240,90,0,80,'<nc.vo.pub.print.PrintCellExtVO>
  <height__decimal>0.0</height__decimal>
  <textDirection>0</textDirection>
  <lineSpaceBetween>0</lineSpaceBetween>
  <formatType>0</formatType>
</nc.vo.pub.print.PrintCellExtVO>',null,null,null,'2018-11-17 17:12:19','Dialog','制单日期','dmakedate');
insert into pub_print_cell(bunderline,ccellcode,ccellid,ccombineproperty,ccontentproperty,cisfrozen,cisheadtail,clineproperty,ctemplateid,dr,ffontstyle,fixedstyle,fshadowtype,ibgcolor,ibotlinecolor,ifgcolor,ifonrsize,iheight,ileftlinecolor,irightcolor,isdycolgroup,isdynrowheight,islastpagetrail,istartx,istarty,itoplinecolor,iwidth,options,prepare1,prepare2,table_code,ts,vfontname,vtext,vvar) values( '0','004004004004','0001AA10000000001IVQ','0','0110','10',null,'11111111','0001AA10000000001ITI',0,0,null,0,-1,0,-16777216,12,20,0,0,null,null,null,320,90,0,80,'<nc.vo.pub.print.PrintCellExtVO>
  <height__decimal>0.0</height__decimal>
  <textDirection>0</textDirection>
  <lineSpaceBetween>0</lineSpaceBetween>
  <formatType>0</formatType>
</nc.vo.pub.print.PrintCellExtVO>',null,null,null,'2018-11-17 17:12:19','Dialog',null,null);
insert into pub_print_cell(bunderline,ccellcode,ccellid,ccombineproperty,ccontentproperty,cisfrozen,cisheadtail,clineproperty,ctemplateid,dr,ffontstyle,fixedstyle,fshadowtype,ibgcolor,ibotlinecolor,ifgcolor,ifonrsize,iheight,ileftlinecolor,irightcolor,isdycolgroup,isdynrowheight,islastpagetrail,istartx,istarty,itoplinecolor,iwidth,options,prepare1,prepare2,table_code,ts,vfontname,vtext,vvar) values( '0','005000005000','0001AA10000000001IVR','1005000','0020','Y',null,'00000000','0001AA10000000001ITI',0,1,null,0,-1,0,-16777216,12,5,0,0,null,null,null,0,110,0,80,'<nc.vo.pub.print.PrintCellExtVO>
  <height__decimal>0.0</height__decimal>
  <textDirection>0</textDirection>
  <lineSpaceBetween>0</lineSpaceBetween>
  <formatType>0</formatType>
</nc.vo.pub.print.PrintCellExtVO>',null,null,null,'2018-11-17 17:12:19','Dialog',null,null);
insert into pub_print_cell(bunderline,ccellcode,ccellid,ccombineproperty,ccontentproperty,cisfrozen,cisheadtail,clineproperty,ctemplateid,dr,ffontstyle,fixedstyle,fshadowtype,ibgcolor,ibotlinecolor,ifgcolor,ifonrsize,iheight,ileftlinecolor,irightcolor,isdycolgroup,isdynrowheight,islastpagetrail,istartx,istarty,itoplinecolor,iwidth,options,prepare1,prepare2,table_code,ts,vfontname,vtext,vvar) values( '0','005001005001','0001AA10000000001IVS','1005000','0020','Y',null,'00000000','0001AA10000000001ITI',0,1,null,0,-1,0,-16777216,12,5,0,0,null,null,null,80,110,0,80,'<nc.vo.pub.print.PrintCellExtVO>
  <height__decimal>0.0</height__decimal>
  <textDirection>0</textDirection>
  <lineSpaceBetween>0</lineSpaceBetween>
  <formatType>0</formatType>
</nc.vo.pub.print.PrintCellExtVO>',null,null,null,'2018-11-17 17:12:19','Dialog',null,null);
insert into pub_print_cell(bunderline,ccellcode,ccellid,ccombineproperty,ccontentproperty,cisfrozen,cisheadtail,clineproperty,ctemplateid,dr,ffontstyle,fixedstyle,fshadowtype,ibgcolor,ibotlinecolor,ifgcolor,ifonrsize,iheight,ileftlinecolor,irightcolor,isdycolgroup,isdynrowheight,islastpagetrail,istartx,istarty,itoplinecolor,iwidth,options,prepare1,prepare2,table_code,ts,vfontname,vtext,vvar) values( '0','005002005002','0001AA10000000001IVT','1005000','0020','Y',null,'00000000','0001AA10000000001ITI',0,1,null,0,-1,0,-16777216,12,5,0,0,null,null,null,160,110,0,80,'<nc.vo.pub.print.PrintCellExtVO>
  <height__decimal>0.0</height__decimal>
  <textDirection>0</textDirection>
  <lineSpaceBetween>0</lineSpaceBetween>
  <formatType>0</formatType>
</nc.vo.pub.print.PrintCellExtVO>',null,null,null,'2018-11-17 17:12:19','Dialog',null,null);
insert into pub_print_cell(bunderline,ccellcode,ccellid,ccombineproperty,ccontentproperty,cisfrozen,cisheadtail,clineproperty,ctemplateid,dr,ffontstyle,fixedstyle,fshadowtype,ibgcolor,ibotlinecolor,ifgcolor,ifonrsize,iheight,ileftlinecolor,irightcolor,isdycolgroup,isdynrowheight,islastpagetrail,istartx,istarty,itoplinecolor,iwidth,options,prepare1,prepare2,table_code,ts,vfontname,vtext,vvar) values( '0','005003005003','0001AA10000000001IVU','1005000','0020','Y',null,'00000000','0001AA10000000001ITI',0,1,null,0,-1,0,-16777216,12,5,0,0,null,null,null,240,110,0,80,'<nc.vo.pub.print.PrintCellExtVO>
  <height__decimal>0.0</height__decimal>
  <textDirection>0</textDirection>
  <lineSpaceBetween>0</lineSpaceBetween>
  <formatType>0</formatType>
</nc.vo.pub.print.PrintCellExtVO>',null,null,null,'2018-11-17 17:12:19','Dialog',null,null);
insert into pub_print_cell(bunderline,ccellcode,ccellid,ccombineproperty,ccontentproperty,cisfrozen,cisheadtail,clineproperty,ctemplateid,dr,ffontstyle,fixedstyle,fshadowtype,ibgcolor,ibotlinecolor,ifgcolor,ifonrsize,iheight,ileftlinecolor,irightcolor,isdycolgroup,isdynrowheight,islastpagetrail,istartx,istarty,itoplinecolor,iwidth,options,prepare1,prepare2,table_code,ts,vfontname,vtext,vvar) values( '0','005004005004','0001AA10000000001IVV','1005000','0020','Y',null,'00000000','0001AA10000000001ITI',0,1,null,0,-1,0,-16777216,12,5,0,0,null,null,null,320,110,0,80,'<nc.vo.pub.print.PrintCellExtVO>
  <height__decimal>0.0</height__decimal>
  <textDirection>0</textDirection>
  <lineSpaceBetween>0</lineSpaceBetween>
  <formatType>0</formatType>
</nc.vo.pub.print.PrintCellExtVO>',null,null,null,'2018-11-17 17:12:19','Dialog',null,null);
insert into pub_print_cell(bunderline,ccellcode,ccellid,ccombineproperty,ccontentproperty,cisfrozen,cisheadtail,clineproperty,ctemplateid,dr,ffontstyle,fixedstyle,fshadowtype,ibgcolor,ibotlinecolor,ifgcolor,ifonrsize,iheight,ileftlinecolor,irightcolor,isdycolgroup,isdynrowheight,islastpagetrail,istartx,istarty,itoplinecolor,iwidth,options,prepare1,prepare2,table_code,ts,vfontname,vtext,vvar) values( '0','005000005004','0001AA10000000001IVW','0','0020','Y',null,'00000000','0001AA10000000001ITI',0,1,null,0,-1,0,-16777216,12,5,0,0,null,null,null,0,110,0,400,'<nc.vo.pub.print.PrintCellExtVO>
  <height__decimal>0.0</height__decimal>
  <textDirection>0</textDirection>
  <lineSpaceBetween>0</lineSpaceBetween>
  <formatType>0</formatType>
</nc.vo.pub.print.PrintCellExtVO>',null,null,null,'2018-11-17 17:12:19','Dialog',null,null);
insert into pub_print_cell(bunderline,ccellcode,ccellid,ccombineproperty,ccontentproperty,cisfrozen,cisheadtail,clineproperty,ctemplateid,dr,ffontstyle,fixedstyle,fshadowtype,ibgcolor,ibotlinecolor,ifgcolor,ifonrsize,iheight,ileftlinecolor,irightcolor,isdycolgroup,isdynrowheight,islastpagetrail,istartx,istarty,itoplinecolor,iwidth,options,prepare1,prepare2,table_code,ts,vfontname,vtext,vvar) values( '0','006000006000','0001AA10000000001IVX','1006000','0020','10',null,'00000000','0001AA10000000001ITI',0,1,null,0,-1,0,-16777216,12,20,0,0,null,null,null,0,115,0,80,'<nc.vo.pub.print.PrintCellExtVO>
  <height__decimal>0.0</height__decimal>
  <textDirection>0</textDirection>
  <lineSpaceBetween>0</lineSpaceBetween>
  <formatType>0</formatType>
</nc.vo.pub.print.PrintCellExtVO>',null,null,null,'2018-11-17 17:12:19','Dialog','值集',null);
insert into pub_print_cell(bunderline,ccellcode,ccellid,ccombineproperty,ccontentproperty,cisfrozen,cisheadtail,clineproperty,ctemplateid,dr,ffontstyle,fixedstyle,fshadowtype,ibgcolor,ibotlinecolor,ifgcolor,ifonrsize,iheight,ileftlinecolor,irightcolor,isdycolgroup,isdynrowheight,islastpagetrail,istartx,istarty,itoplinecolor,iwidth,options,prepare1,prepare2,table_code,ts,vfontname,vtext,vvar) values( '0','006001006001','0001AA10000000001IVY','1006000','0020','10',null,'00000000','0001AA10000000001ITI',0,1,null,0,-1,0,-16777216,12,20,0,0,null,null,null,80,115,0,80,'<nc.vo.pub.print.PrintCellExtVO>
  <height__decimal>0.0</height__decimal>
  <textDirection>0</textDirection>
  <lineSpaceBetween>0</lineSpaceBetween>
  <formatType>0</formatType>
</nc.vo.pub.print.PrintCellExtVO>',null,null,null,'2018-11-17 17:12:19','Dialog','值集',null);
insert into pub_print_cell(bunderline,ccellcode,ccellid,ccombineproperty,ccontentproperty,cisfrozen,cisheadtail,clineproperty,ctemplateid,dr,ffontstyle,fixedstyle,fshadowtype,ibgcolor,ibotlinecolor,ifgcolor,ifonrsize,iheight,ileftlinecolor,irightcolor,isdycolgroup,isdynrowheight,islastpagetrail,istartx,istarty,itoplinecolor,iwidth,options,prepare1,prepare2,table_code,ts,vfontname,vtext,vvar) values( '0','006002006002','0001AA10000000001IVZ','1006000','0020','10',null,'00000000','0001AA10000000001ITI',0,1,null,0,-1,0,-16777216,12,20,0,0,null,null,null,160,115,0,80,'<nc.vo.pub.print.PrintCellExtVO>
  <height__decimal>0.0</height__decimal>
  <textDirection>0</textDirection>
  <lineSpaceBetween>0</lineSpaceBetween>
  <formatType>0</formatType>
</nc.vo.pub.print.PrintCellExtVO>',null,null,null,'2018-11-17 17:12:19','Dialog','值集',null);
insert into pub_print_cell(bunderline,ccellcode,ccellid,ccombineproperty,ccontentproperty,cisfrozen,cisheadtail,clineproperty,ctemplateid,dr,ffontstyle,fixedstyle,fshadowtype,ibgcolor,ibotlinecolor,ifgcolor,ifonrsize,iheight,ileftlinecolor,irightcolor,isdycolgroup,isdynrowheight,islastpagetrail,istartx,istarty,itoplinecolor,iwidth,options,prepare1,prepare2,table_code,ts,vfontname,vtext,vvar) values( '0','006003006003','0001AA10000000001IW0','1006000','0020','10',null,'00000000','0001AA10000000001ITI',0,1,null,0,-1,0,-16777216,12,20,0,0,null,null,null,240,115,0,80,'<nc.vo.pub.print.PrintCellExtVO>
  <height__decimal>0.0</height__decimal>
  <textDirection>0</textDirection>
  <lineSpaceBetween>0</lineSpaceBetween>
  <formatType>0</formatType>
</nc.vo.pub.print.PrintCellExtVO>',null,null,null,'2018-11-17 17:12:19','Dialog','值集',null);
insert into pub_print_cell(bunderline,ccellcode,ccellid,ccombineproperty,ccontentproperty,cisfrozen,cisheadtail,clineproperty,ctemplateid,dr,ffontstyle,fixedstyle,fshadowtype,ibgcolor,ibotlinecolor,ifgcolor,ifonrsize,iheight,ileftlinecolor,irightcolor,isdycolgroup,isdynrowheight,islastpagetrail,istartx,istarty,itoplinecolor,iwidth,options,prepare1,prepare2,table_code,ts,vfontname,vtext,vvar) values( '0','006004006004','0001AA10000000001IW1','1006000','0020','10',null,'00000000','0001AA10000000001ITI',0,1,null,0,-1,0,-16777216,12,20,0,0,null,null,null,320,115,0,80,'<nc.vo.pub.print.PrintCellExtVO>
  <height__decimal>0.0</height__decimal>
  <textDirection>0</textDirection>
  <lineSpaceBetween>0</lineSpaceBetween>
  <formatType>0</formatType>
</nc.vo.pub.print.PrintCellExtVO>',null,null,null,'2018-11-17 17:12:19','Dialog','值集',null);
insert into pub_print_cell(bunderline,ccellcode,ccellid,ccombineproperty,ccontentproperty,cisfrozen,cisheadtail,clineproperty,ctemplateid,dr,ffontstyle,fixedstyle,fshadowtype,ibgcolor,ibotlinecolor,ifgcolor,ifonrsize,iheight,ileftlinecolor,irightcolor,isdycolgroup,isdynrowheight,islastpagetrail,istartx,istarty,itoplinecolor,iwidth,options,prepare1,prepare2,table_code,ts,vfontname,vtext,vvar) values( '0','003003003003','0001AA10000000001IVK','0','1110','10',null,'11111111','0001AA10000000001ITI',0,0,null,0,-1,0,-16777216,12,20,0,0,null,null,null,240,70,0,80,'<nc.vo.pub.print.PrintCellExtVO>
  <height__decimal>0.0</height__decimal>
  <textDirection>0</textDirection>
  <lineSpaceBetween>0</lineSpaceBetween>
  <formatType>0</formatType>
</nc.vo.pub.print.PrintCellExtVO>',null,null,null,'2018-11-17 17:12:19','Dialog','制单时间','maketime');
insert into pub_print_cell(bunderline,ccellcode,ccellid,ccombineproperty,ccontentproperty,cisfrozen,cisheadtail,clineproperty,ctemplateid,dr,ffontstyle,fixedstyle,fshadowtype,ibgcolor,ibotlinecolor,ifgcolor,ifonrsize,iheight,ileftlinecolor,irightcolor,isdycolgroup,isdynrowheight,islastpagetrail,istartx,istarty,itoplinecolor,iwidth,options,prepare1,prepare2,table_code,ts,vfontname,vtext,vvar) values( '0','003004003004','0001AA10000000001IVL','0','0110','10',null,'11111111','0001AA10000000001ITI',0,0,null,0,-1,0,-16777216,12,20,0,0,null,null,null,320,70,0,80,'<nc.vo.pub.print.PrintCellExtVO>
  <height__decimal>0.0</height__decimal>
  <textDirection>0</textDirection>
  <lineSpaceBetween>0</lineSpaceBetween>
  <formatType>0</formatType>
</nc.vo.pub.print.PrintCellExtVO>',null,null,null,'2018-11-17 17:12:19','Dialog',null,null);
insert into pub_print_cell(bunderline,ccellcode,ccellid,ccombineproperty,ccontentproperty,cisfrozen,cisheadtail,clineproperty,ctemplateid,dr,ffontstyle,fixedstyle,fshadowtype,ibgcolor,ibotlinecolor,ifgcolor,ifonrsize,iheight,ileftlinecolor,irightcolor,isdycolgroup,isdynrowheight,islastpagetrail,istartx,istarty,itoplinecolor,iwidth,options,prepare1,prepare2,table_code,ts,vfontname,vtext,vvar) values( '0','006000006004','0001AA10000000001IW2','0','0020','10',null,'00000000','0001AA10000000001ITI',0,1,null,0,-1,0,-16777216,12,20,0,0,null,null,null,0,115,0,400,'<nc.vo.pub.print.PrintCellExtVO>
  <height__decimal>0.0</height__decimal>
  <textDirection>0</textDirection>
  <lineSpaceBetween>0</lineSpaceBetween>
  <formatType>0</formatType>
</nc.vo.pub.print.PrintCellExtVO>',null,null,null,'2018-11-17 17:12:19','Dialog','值集',null);
insert into pub_print_cell(bunderline,ccellcode,ccellid,ccombineproperty,ccontentproperty,cisfrozen,cisheadtail,clineproperty,ctemplateid,dr,ffontstyle,fixedstyle,fshadowtype,ibgcolor,ibotlinecolor,ifgcolor,ifonrsize,iheight,ileftlinecolor,irightcolor,isdycolgroup,isdynrowheight,islastpagetrail,istartx,istarty,itoplinecolor,iwidth,options,prepare1,prepare2,table_code,ts,vfontname,vtext,vvar) values( '0','007000007000','0001AA10000000001IW3','0','0110','N',null,'11111111','0001AA10000000001ITI',0,0,null,0,-1,0,-16777216,12,20,0,0,null,null,null,0,135,0,80,'<nc.vo.pub.print.PrintCellExtVO>
  <height__decimal>0.0</height__decimal>
  <textDirection>0</textDirection>
  <lineSpaceBetween>0</lineSpaceBetween>
  <formatType>0</formatType>
</nc.vo.pub.print.PrintCellExtVO>',null,null,null,'2018-11-17 17:12:19','Dialog','取值项目编码',null);
insert into pub_print_cell(bunderline,ccellcode,ccellid,ccombineproperty,ccontentproperty,cisfrozen,cisheadtail,clineproperty,ctemplateid,dr,ffontstyle,fixedstyle,fshadowtype,ibgcolor,ibotlinecolor,ifgcolor,ifonrsize,iheight,ileftlinecolor,irightcolor,isdycolgroup,isdynrowheight,islastpagetrail,istartx,istarty,itoplinecolor,iwidth,options,prepare1,prepare2,table_code,ts,vfontname,vtext,vvar) values( '0','007001007001','0001AA10000000001IW4','0','0110','N',null,'11111111','0001AA10000000001ITI',0,0,null,0,-1,0,-16777216,12,20,0,0,null,null,null,80,135,0,80,'<nc.vo.pub.print.PrintCellExtVO>
  <height__decimal>0.0</height__decimal>
  <textDirection>0</textDirection>
  <lineSpaceBetween>0</lineSpaceBetween>
  <formatType>0</formatType>
</nc.vo.pub.print.PrintCellExtVO>',null,null,null,'2018-11-17 17:12:19','Dialog','取值项目名称',null);
insert into pub_print_cell(bunderline,ccellcode,ccellid,ccombineproperty,ccontentproperty,cisfrozen,cisheadtail,clineproperty,ctemplateid,dr,ffontstyle,fixedstyle,fshadowtype,ibgcolor,ibotlinecolor,ifgcolor,ifonrsize,iheight,ileftlinecolor,irightcolor,isdycolgroup,isdynrowheight,islastpagetrail,istartx,istarty,itoplinecolor,iwidth,options,prepare1,prepare2,table_code,ts,vfontname,vtext,vvar) values( '0','007002007002','0001AA10000000001IW5','0','0110','N',null,'11111111','0001AA10000000001ITI',0,0,null,0,-1,0,-16777216,12,20,0,0,null,null,null,160,135,0,80,'<nc.vo.pub.print.PrintCellExtVO>
  <height__decimal>0.0</height__decimal>
  <textDirection>0</textDirection>
  <lineSpaceBetween>0</lineSpaceBetween>
  <formatType>0</formatType>
</nc.vo.pub.print.PrintCellExtVO>',null,null,null,'2018-11-17 17:12:19','Dialog','取值项目类型',null);
insert into pub_print_cell(bunderline,ccellcode,ccellid,ccombineproperty,ccontentproperty,cisfrozen,cisheadtail,clineproperty,ctemplateid,dr,ffontstyle,fixedstyle,fshadowtype,ibgcolor,ibotlinecolor,ifgcolor,ifonrsize,iheight,ileftlinecolor,irightcolor,isdycolgroup,isdynrowheight,islastpagetrail,istartx,istarty,itoplinecolor,iwidth,options,prepare1,prepare2,table_code,ts,vfontname,vtext,vvar) values( '0','007003007003','0001AA10000000001IW6','0','0110','N',null,'11111111','0001AA10000000001ITI',0,0,null,0,-1,0,-16777216,12,20,0,0,null,null,null,240,135,0,80,'<nc.vo.pub.print.PrintCellExtVO>
  <height__decimal>0.0</height__decimal>
  <textDirection>0</textDirection>
  <lineSpaceBetween>0</lineSpaceBetween>
  <formatType>0</formatType>
</nc.vo.pub.print.PrintCellExtVO>',null,null,null,'2018-11-17 17:12:19','Dialog','是否列表',null);
insert into pub_print_cell(bunderline,ccellcode,ccellid,ccombineproperty,ccontentproperty,cisfrozen,cisheadtail,clineproperty,ctemplateid,dr,ffontstyle,fixedstyle,fshadowtype,ibgcolor,ibotlinecolor,ifgcolor,ifonrsize,iheight,ileftlinecolor,irightcolor,isdycolgroup,isdynrowheight,islastpagetrail,istartx,istarty,itoplinecolor,iwidth,options,prepare1,prepare2,table_code,ts,vfontname,vtext,vvar) values( '0','007004007004','0001AA10000000001IW7','0','0110','N',null,'11111111','0001AA10000000001ITI',0,0,null,0,-1,0,-16777216,12,20,0,0,null,null,null,320,135,0,80,'<nc.vo.pub.print.PrintCellExtVO>
  <height__decimal>0.0</height__decimal>
  <textDirection>0</textDirection>
  <lineSpaceBetween>0</lineSpaceBetween>
  <formatType>0</formatType>
</nc.vo.pub.print.PrintCellExtVO>',null,null,null,'2018-11-17 17:12:19','Dialog','行号',null);
insert into pub_print_cell(bunderline,ccellcode,ccellid,ccombineproperty,ccontentproperty,cisfrozen,cisheadtail,clineproperty,ctemplateid,dr,ffontstyle,fixedstyle,fshadowtype,ibgcolor,ibotlinecolor,ifgcolor,ifonrsize,iheight,ileftlinecolor,irightcolor,isdycolgroup,isdynrowheight,islastpagetrail,istartx,istarty,itoplinecolor,iwidth,options,prepare1,prepare2,table_code,ts,vfontname,vtext,vvar) values( '0','008000008000','0001AA10000000001IW8','0','1110','N',null,'11111111','0001AA10000000001ITI',0,0,null,0,-1,0,-16777216,12,20,0,0,null,null,null,0,155,0,80,'<nc.vo.pub.print.PrintCellExtVO>
  <height__decimal>0.0</height__decimal>
  <textDirection>0</textDirection>
  <lineSpaceBetween>0</lineSpaceBetween>
  <formatType>0</formatType>
</nc.vo.pub.print.PrintCellExtVO>',null,null,null,'2018-11-17 17:12:19','Dialog','取值项目编码','pk_valuelist.code');
insert into pub_print_cell(bunderline,ccellcode,ccellid,ccombineproperty,ccontentproperty,cisfrozen,cisheadtail,clineproperty,ctemplateid,dr,ffontstyle,fixedstyle,fshadowtype,ibgcolor,ibotlinecolor,ifgcolor,ifonrsize,iheight,ileftlinecolor,irightcolor,isdycolgroup,isdynrowheight,islastpagetrail,istartx,istarty,itoplinecolor,iwidth,options,prepare1,prepare2,table_code,ts,vfontname,vtext,vvar) values( '0','008001008001','0001AA10000000001IW9','0','1110','N',null,'11111111','0001AA10000000001ITI',0,0,null,0,-1,0,-16777216,12,20,0,0,null,null,null,80,155,0,80,'<nc.vo.pub.print.PrintCellExtVO>
  <height__decimal>0.0</height__decimal>
  <textDirection>0</textDirection>
  <lineSpaceBetween>0</lineSpaceBetween>
  <formatType>0</formatType>
</nc.vo.pub.print.PrintCellExtVO>',null,null,null,'2018-11-17 17:12:19','Dialog','取值项目名称','pk_valuelist.name');
insert into pub_print_cell(bunderline,ccellcode,ccellid,ccombineproperty,ccontentproperty,cisfrozen,cisheadtail,clineproperty,ctemplateid,dr,ffontstyle,fixedstyle,fshadowtype,ibgcolor,ibotlinecolor,ifgcolor,ifonrsize,iheight,ileftlinecolor,irightcolor,isdycolgroup,isdynrowheight,islastpagetrail,istartx,istarty,itoplinecolor,iwidth,options,prepare1,prepare2,table_code,ts,vfontname,vtext,vvar) values( '0','008002008002','0001AA10000000001IWA','0','1110','N',null,'11111111','0001AA10000000001ITI',0,0,null,0,-1,0,-16777216,12,20,0,0,null,null,null,160,155,0,80,'<nc.vo.pub.print.PrintCellExtVO>
  <height__decimal>0.0</height__decimal>
  <textDirection>0</textDirection>
  <lineSpaceBetween>0</lineSpaceBetween>
  <formatType>0</formatType>
</nc.vo.pub.print.PrintCellExtVO>',null,null,null,'2018-11-17 17:12:19','Dialog','取值项目类型','pk_valuelist.datatype');
insert into pub_print_cell(bunderline,ccellcode,ccellid,ccombineproperty,ccontentproperty,cisfrozen,cisheadtail,clineproperty,ctemplateid,dr,ffontstyle,fixedstyle,fshadowtype,ibgcolor,ibotlinecolor,ifgcolor,ifonrsize,iheight,ileftlinecolor,irightcolor,isdycolgroup,isdynrowheight,islastpagetrail,istartx,istarty,itoplinecolor,iwidth,options,prepare1,prepare2,table_code,ts,vfontname,vtext,vvar) values( '0','008003008003','0001AA10000000001IWB','0','1110','N',null,'11111111','0001AA10000000001ITI',0,0,null,0,-1,0,-16777216,12,20,0,0,null,null,null,240,155,0,80,'<nc.vo.pub.print.PrintCellExtVO>
  <height__decimal>0.0</height__decimal>
  <textDirection>0</textDirection>
  <lineSpaceBetween>0</lineSpaceBetween>
  <formatType>0</formatType>
</nc.vo.pub.print.PrintCellExtVO>',null,null,null,'2018-11-17 17:12:19','Dialog','是否列表','pk_valuelist.islist');
insert into pub_print_cell(bunderline,ccellcode,ccellid,ccombineproperty,ccontentproperty,cisfrozen,cisheadtail,clineproperty,ctemplateid,dr,ffontstyle,fixedstyle,fshadowtype,ibgcolor,ibotlinecolor,ifgcolor,ifonrsize,iheight,ileftlinecolor,irightcolor,isdycolgroup,isdynrowheight,islastpagetrail,istartx,istarty,itoplinecolor,iwidth,options,prepare1,prepare2,table_code,ts,vfontname,vtext,vvar) values( '0','008004008004','0001AA10000000001IWC','0','1110','N',null,'11111111','0001AA10000000001ITI',0,0,null,0,-1,0,-16777216,12,20,0,0,null,null,null,320,155,0,80,'<nc.vo.pub.print.PrintCellExtVO>
  <height__decimal>0.0</height__decimal>
  <textDirection>0</textDirection>
  <lineSpaceBetween>0</lineSpaceBetween>
  <formatType>0</formatType>
</nc.vo.pub.print.PrintCellExtVO>',null,null,null,'2018-11-17 17:12:19','Dialog','行号','pk_valuelist.rowno');
insert into pub_print_cell(bunderline,ccellcode,ccellid,ccombineproperty,ccontentproperty,cisfrozen,cisheadtail,clineproperty,ctemplateid,dr,ffontstyle,fixedstyle,fshadowtype,ibgcolor,ibotlinecolor,ifgcolor,ifonrsize,iheight,ileftlinecolor,irightcolor,isdycolgroup,isdynrowheight,islastpagetrail,istartx,istarty,itoplinecolor,iwidth,options,prepare1,prepare2,table_code,ts,vfontname,vtext,vvar) values( '0','009000009000','0001AA10000000001IWD','1009000','0020','Y',null,'00000000','0001AA10000000001ITI',0,1,null,0,-1,0,-16777216,12,5,0,0,null,null,null,0,175,0,80,'<nc.vo.pub.print.PrintCellExtVO>
  <height__decimal>0.0</height__decimal>
  <textDirection>0</textDirection>
  <lineSpaceBetween>0</lineSpaceBetween>
  <formatType>0</formatType>
</nc.vo.pub.print.PrintCellExtVO>',null,null,null,'2018-11-17 17:12:19','Dialog',null,null);
insert into pub_print_cell(bunderline,ccellcode,ccellid,ccombineproperty,ccontentproperty,cisfrozen,cisheadtail,clineproperty,ctemplateid,dr,ffontstyle,fixedstyle,fshadowtype,ibgcolor,ibotlinecolor,ifgcolor,ifonrsize,iheight,ileftlinecolor,irightcolor,isdycolgroup,isdynrowheight,islastpagetrail,istartx,istarty,itoplinecolor,iwidth,options,prepare1,prepare2,table_code,ts,vfontname,vtext,vvar) values( '0','009001009001','0001AA10000000001IWE','1009000','0020','Y',null,'00000000','0001AA10000000001ITI',0,1,null,0,-1,0,-16777216,12,5,0,0,null,null,null,80,175,0,80,'<nc.vo.pub.print.PrintCellExtVO>
  <height__decimal>0.0</height__decimal>
  <textDirection>0</textDirection>
  <lineSpaceBetween>0</lineSpaceBetween>
  <formatType>0</formatType>
</nc.vo.pub.print.PrintCellExtVO>',null,null,null,'2018-11-17 17:12:19','Dialog',null,null);
insert into pub_print_cell(bunderline,ccellcode,ccellid,ccombineproperty,ccontentproperty,cisfrozen,cisheadtail,clineproperty,ctemplateid,dr,ffontstyle,fixedstyle,fshadowtype,ibgcolor,ibotlinecolor,ifgcolor,ifonrsize,iheight,ileftlinecolor,irightcolor,isdycolgroup,isdynrowheight,islastpagetrail,istartx,istarty,itoplinecolor,iwidth,options,prepare1,prepare2,table_code,ts,vfontname,vtext,vvar) values( '0','009002009002','0001AA10000000001IWF','1009000','0020','Y',null,'00000000','0001AA10000000001ITI',0,1,null,0,-1,0,-16777216,12,5,0,0,null,null,null,160,175,0,80,'<nc.vo.pub.print.PrintCellExtVO>
  <height__decimal>0.0</height__decimal>
  <textDirection>0</textDirection>
  <lineSpaceBetween>0</lineSpaceBetween>
  <formatType>0</formatType>
</nc.vo.pub.print.PrintCellExtVO>',null,null,null,'2018-11-17 17:12:19','Dialog',null,null);
insert into pub_print_cell(bunderline,ccellcode,ccellid,ccombineproperty,ccontentproperty,cisfrozen,cisheadtail,clineproperty,ctemplateid,dr,ffontstyle,fixedstyle,fshadowtype,ibgcolor,ibotlinecolor,ifgcolor,ifonrsize,iheight,ileftlinecolor,irightcolor,isdycolgroup,isdynrowheight,islastpagetrail,istartx,istarty,itoplinecolor,iwidth,options,prepare1,prepare2,table_code,ts,vfontname,vtext,vvar) values( '0','009003009003','0001AA10000000001IWG','1009000','0020','Y',null,'00000000','0001AA10000000001ITI',0,1,null,0,-1,0,-16777216,12,5,0,0,null,null,null,240,175,0,80,'<nc.vo.pub.print.PrintCellExtVO>
  <height__decimal>0.0</height__decimal>
  <textDirection>0</textDirection>
  <lineSpaceBetween>0</lineSpaceBetween>
  <formatType>0</formatType>
</nc.vo.pub.print.PrintCellExtVO>',null,null,null,'2018-11-17 17:12:19','Dialog',null,null);
insert into pub_print_cell(bunderline,ccellcode,ccellid,ccombineproperty,ccontentproperty,cisfrozen,cisheadtail,clineproperty,ctemplateid,dr,ffontstyle,fixedstyle,fshadowtype,ibgcolor,ibotlinecolor,ifgcolor,ifonrsize,iheight,ileftlinecolor,irightcolor,isdycolgroup,isdynrowheight,islastpagetrail,istartx,istarty,itoplinecolor,iwidth,options,prepare1,prepare2,table_code,ts,vfontname,vtext,vvar) values( '0','009004009004','0001AA10000000001IWH','1009000','0020','Y',null,'00000000','0001AA10000000001ITI',0,1,null,0,-1,0,-16777216,12,5,0,0,null,null,null,320,175,0,80,'<nc.vo.pub.print.PrintCellExtVO>
  <height__decimal>0.0</height__decimal>
  <textDirection>0</textDirection>
  <lineSpaceBetween>0</lineSpaceBetween>
  <formatType>0</formatType>
</nc.vo.pub.print.PrintCellExtVO>',null,null,null,'2018-11-17 17:12:19','Dialog',null,null);
insert into pub_print_cell(bunderline,ccellcode,ccellid,ccombineproperty,ccontentproperty,cisfrozen,cisheadtail,clineproperty,ctemplateid,dr,ffontstyle,fixedstyle,fshadowtype,ibgcolor,ibotlinecolor,ifgcolor,ifonrsize,iheight,ileftlinecolor,irightcolor,isdycolgroup,isdynrowheight,islastpagetrail,istartx,istarty,itoplinecolor,iwidth,options,prepare1,prepare2,table_code,ts,vfontname,vtext,vvar) values( '0','009000009004','0001AA10000000001IWI','0','0020','Y',null,'00000000','0001AA10000000001ITI',0,1,null,0,-1,0,-16777216,12,5,0,0,null,null,null,0,175,0,400,'<nc.vo.pub.print.PrintCellExtVO>
  <height__decimal>0.0</height__decimal>
  <textDirection>0</textDirection>
  <lineSpaceBetween>0</lineSpaceBetween>
  <formatType>0</formatType>
</nc.vo.pub.print.PrintCellExtVO>',null,null,null,'2018-11-17 17:12:19','Dialog',null,null);
insert into pub_print_cell(bunderline,ccellcode,ccellid,ccombineproperty,ccontentproperty,cisfrozen,cisheadtail,clineproperty,ctemplateid,dr,ffontstyle,fixedstyle,fshadowtype,ibgcolor,ibotlinecolor,ifgcolor,ifonrsize,iheight,ileftlinecolor,irightcolor,isdycolgroup,isdynrowheight,islastpagetrail,istartx,istarty,itoplinecolor,iwidth,options,prepare1,prepare2,table_code,ts,vfontname,vtext,vvar) values( '0','000000000000','0001AA10000000001IV1','1000000','0110','10',null,'00000000','0001AA10000000001ITI',0,1,null,0,-1,0,-16777216,16,30,0,0,null,null,null,0,0,0,80,'<nc.vo.pub.print.PrintCellExtVO>
  <height__decimal>0.0</height__decimal>
  <textDirection>0</textDirection>
  <lineSpaceBetween>0</lineSpaceBetween>
  <formatType>0</formatType>
</nc.vo.pub.print.PrintCellExtVO>',null,null,null,'2018-11-17 17:12:19','Dialog','值类型',null);
insert into pub_print_cell(bunderline,ccellcode,ccellid,ccombineproperty,ccontentproperty,cisfrozen,cisheadtail,clineproperty,ctemplateid,dr,ffontstyle,fixedstyle,fshadowtype,ibgcolor,ibotlinecolor,ifgcolor,ifonrsize,iheight,ileftlinecolor,irightcolor,isdycolgroup,isdynrowheight,islastpagetrail,istartx,istarty,itoplinecolor,iwidth,options,prepare1,prepare2,table_code,ts,vfontname,vtext,vvar) values( '0','000001000001','0001AA10000000001IV2','1000000','0110','10',null,'00000000','0001AA10000000001ITI',0,1,null,0,-1,0,-16777216,16,30,0,0,null,null,null,80,0,0,80,'<nc.vo.pub.print.PrintCellExtVO>
  <height__decimal>0.0</height__decimal>
  <textDirection>0</textDirection>
  <lineSpaceBetween>0</lineSpaceBetween>
  <formatType>0</formatType>
</nc.vo.pub.print.PrintCellExtVO>',null,null,null,'2018-11-17 17:12:19','Dialog','值类型',null);
insert into pub_print_cell(bunderline,ccellcode,ccellid,ccombineproperty,ccontentproperty,cisfrozen,cisheadtail,clineproperty,ctemplateid,dr,ffontstyle,fixedstyle,fshadowtype,ibgcolor,ibotlinecolor,ifgcolor,ifonrsize,iheight,ileftlinecolor,irightcolor,isdycolgroup,isdynrowheight,islastpagetrail,istartx,istarty,itoplinecolor,iwidth,options,prepare1,prepare2,table_code,ts,vfontname,vtext,vvar) values( '0','000002000002','0001AA10000000001IV3','1000000','0110','10',null,'00000000','0001AA10000000001ITI',0,1,null,0,-1,0,-16777216,16,30,0,0,null,null,null,160,0,0,80,'<nc.vo.pub.print.PrintCellExtVO>
  <height__decimal>0.0</height__decimal>
  <textDirection>0</textDirection>
  <lineSpaceBetween>0</lineSpaceBetween>
  <formatType>0</formatType>
</nc.vo.pub.print.PrintCellExtVO>',null,null,null,'2018-11-17 17:12:19','Dialog','值类型',null);
insert into pub_print_cell(bunderline,ccellcode,ccellid,ccombineproperty,ccontentproperty,cisfrozen,cisheadtail,clineproperty,ctemplateid,dr,ffontstyle,fixedstyle,fshadowtype,ibgcolor,ibotlinecolor,ifgcolor,ifonrsize,iheight,ileftlinecolor,irightcolor,isdycolgroup,isdynrowheight,islastpagetrail,istartx,istarty,itoplinecolor,iwidth,options,prepare1,prepare2,table_code,ts,vfontname,vtext,vvar) values( '0','000003000003','0001AA10000000001IV4','1000000','0110','10',null,'00000000','0001AA10000000001ITI',0,1,null,0,-1,0,-16777216,16,30,0,0,null,null,null,240,0,0,80,'<nc.vo.pub.print.PrintCellExtVO>
  <height__decimal>0.0</height__decimal>
  <textDirection>0</textDirection>
  <lineSpaceBetween>0</lineSpaceBetween>
  <formatType>0</formatType>
</nc.vo.pub.print.PrintCellExtVO>',null,null,null,'2018-11-17 17:12:19','Dialog','值类型',null);
insert into pub_print_cell(bunderline,ccellcode,ccellid,ccombineproperty,ccontentproperty,cisfrozen,cisheadtail,clineproperty,ctemplateid,dr,ffontstyle,fixedstyle,fshadowtype,ibgcolor,ibotlinecolor,ifgcolor,ifonrsize,iheight,ileftlinecolor,irightcolor,isdycolgroup,isdynrowheight,islastpagetrail,istartx,istarty,itoplinecolor,iwidth,options,prepare1,prepare2,table_code,ts,vfontname,vtext,vvar) values( '0','000004000004','0001AA10000000001IV5','1000000','0110','10',null,'00000000','0001AA10000000001ITI',0,1,null,0,-1,0,-16777216,16,30,0,0,null,null,null,320,0,0,80,'<nc.vo.pub.print.PrintCellExtVO>
  <height__decimal>0.0</height__decimal>
  <textDirection>0</textDirection>
  <lineSpaceBetween>0</lineSpaceBetween>
  <formatType>0</formatType>
</nc.vo.pub.print.PrintCellExtVO>',null,null,null,'2018-11-17 17:12:19','Dialog','值类型',null);
insert into pub_print_cell(bunderline,ccellcode,ccellid,ccombineproperty,ccontentproperty,cisfrozen,cisheadtail,clineproperty,ctemplateid,dr,ffontstyle,fixedstyle,fshadowtype,ibgcolor,ibotlinecolor,ifgcolor,ifonrsize,iheight,ileftlinecolor,irightcolor,isdycolgroup,isdynrowheight,islastpagetrail,istartx,istarty,itoplinecolor,iwidth,options,prepare1,prepare2,table_code,ts,vfontname,vtext,vvar) values( '0','000000000004','0001AA10000000001IV6','0','0110','10',null,'00000000','0001AA10000000001ITI',0,1,null,0,-1,0,-16777216,16,30,0,0,null,null,null,0,0,0,400,'<nc.vo.pub.print.PrintCellExtVO>
  <height__decimal>0.0</height__decimal>
  <textDirection>0</textDirection>
  <lineSpaceBetween>0</lineSpaceBetween>
  <formatType>0</formatType>
</nc.vo.pub.print.PrintCellExtVO>',null,null,null,'2018-11-17 17:12:19','Dialog','值类型',null);
insert into pub_print_cell(bunderline,ccellcode,ccellid,ccombineproperty,ccontentproperty,cisfrozen,cisheadtail,clineproperty,ctemplateid,dr,ffontstyle,fixedstyle,fshadowtype,ibgcolor,ibotlinecolor,ifgcolor,ifonrsize,iheight,ileftlinecolor,irightcolor,isdycolgroup,isdynrowheight,islastpagetrail,istartx,istarty,itoplinecolor,iwidth,options,prepare1,prepare2,table_code,ts,vfontname,vtext,vvar) values( '0','001000001000','0001AA10000000001IV7','0','0110','10',null,'11111111','0001AA10000000001ITI',0,0,null,0,-1,0,-16777216,12,20,0,0,null,null,null,0,30,0,80,'<nc.vo.pub.print.PrintCellExtVO>
  <height__decimal>0.0</height__decimal>
  <textDirection>0</textDirection>
  <lineSpaceBetween>0</lineSpaceBetween>
  <formatType>0</formatType>
</nc.vo.pub.print.PrintCellExtVO>',null,null,null,'2018-11-17 17:12:19','Dialog','集团',null);
insert into pub_print_cell(bunderline,ccellcode,ccellid,ccombineproperty,ccontentproperty,cisfrozen,cisheadtail,clineproperty,ctemplateid,dr,ffontstyle,fixedstyle,fshadowtype,ibgcolor,ibotlinecolor,ifgcolor,ifonrsize,iheight,ileftlinecolor,irightcolor,isdycolgroup,isdynrowheight,islastpagetrail,istartx,istarty,itoplinecolor,iwidth,options,prepare1,prepare2,table_code,ts,vfontname,vtext,vvar) values( '0','001001001001','0001AA10000000001IV8','0','1110','10',null,'11111111','0001AA10000000001ITI',0,0,null,0,-1,0,-16777216,12,20,0,0,null,null,null,80,30,0,80,'<nc.vo.pub.print.PrintCellExtVO>
  <height__decimal>0.0</height__decimal>
  <textDirection>0</textDirection>
  <lineSpaceBetween>0</lineSpaceBetween>
  <formatType>0</formatType>
</nc.vo.pub.print.PrintCellExtVO>',null,null,null,'2018-11-17 17:12:19','Dialog','集团','pk_group.name');
insert into pub_print_cell(bunderline,ccellcode,ccellid,ccombineproperty,ccontentproperty,cisfrozen,cisheadtail,clineproperty,ctemplateid,dr,ffontstyle,fixedstyle,fshadowtype,ibgcolor,ibotlinecolor,ifgcolor,ifonrsize,iheight,ileftlinecolor,irightcolor,isdycolgroup,isdynrowheight,islastpagetrail,istartx,istarty,itoplinecolor,iwidth,options,prepare1,prepare2,table_code,ts,vfontname,vtext,vvar) values( '0','001002001002','0001AA10000000001IV9','0','0110','10',null,'11111111','0001AA10000000001ITI',0,0,null,0,-1,0,-16777216,12,20,0,0,null,null,null,160,30,0,80,'<nc.vo.pub.print.PrintCellExtVO>
  <height__decimal>0.0</height__decimal>
  <textDirection>0</textDirection>
  <lineSpaceBetween>0</lineSpaceBetween>
  <formatType>0</formatType>
</nc.vo.pub.print.PrintCellExtVO>',null,null,null,'2018-11-17 17:12:19','Dialog','组织',null);
insert into pub_print_cell(bunderline,ccellcode,ccellid,ccombineproperty,ccontentproperty,cisfrozen,cisheadtail,clineproperty,ctemplateid,dr,ffontstyle,fixedstyle,fshadowtype,ibgcolor,ibotlinecolor,ifgcolor,ifonrsize,iheight,ileftlinecolor,irightcolor,isdycolgroup,isdynrowheight,islastpagetrail,istartx,istarty,itoplinecolor,iwidth,options,prepare1,prepare2,table_code,ts,vfontname,vtext,vvar) values( '0','001003001003','0001AA10000000001IVA','0','1110','10',null,'11111111','0001AA10000000001ITI',0,0,null,0,-1,0,-16777216,12,20,0,0,null,null,null,240,30,0,80,'<nc.vo.pub.print.PrintCellExtVO>
  <height__decimal>0.0</height__decimal>
  <textDirection>0</textDirection>
  <lineSpaceBetween>0</lineSpaceBetween>
  <formatType>0</formatType>
</nc.vo.pub.print.PrintCellExtVO>',null,null,null,'2018-11-17 17:12:19','Dialog','组织','pk_org.name');
insert into pub_print_cell(bunderline,ccellcode,ccellid,ccombineproperty,ccontentproperty,cisfrozen,cisheadtail,clineproperty,ctemplateid,dr,ffontstyle,fixedstyle,fshadowtype,ibgcolor,ibotlinecolor,ifgcolor,ifonrsize,iheight,ileftlinecolor,irightcolor,isdycolgroup,isdynrowheight,islastpagetrail,istartx,istarty,itoplinecolor,iwidth,options,prepare1,prepare2,table_code,ts,vfontname,vtext,vvar) values( '0','001004001004','0001AA10000000001IVB','0','0110','10',null,'11111111','0001AA10000000001ITI',0,0,null,0,-1,0,-16777216,12,20,0,0,null,null,null,320,30,0,80,'<nc.vo.pub.print.PrintCellExtVO>
  <height__decimal>0.0</height__decimal>
  <textDirection>0</textDirection>
  <lineSpaceBetween>0</lineSpaceBetween>
  <formatType>0</formatType>
</nc.vo.pub.print.PrintCellExtVO>',null,null,null,'2018-11-17 17:12:19','Dialog',null,null);
insert into pub_print_cell(bunderline,ccellcode,ccellid,ccombineproperty,ccontentproperty,cisfrozen,cisheadtail,clineproperty,ctemplateid,dr,ffontstyle,fixedstyle,fshadowtype,ibgcolor,ibotlinecolor,ifgcolor,ifonrsize,iheight,ileftlinecolor,irightcolor,isdycolgroup,isdynrowheight,islastpagetrail,istartx,istarty,itoplinecolor,iwidth,options,prepare1,prepare2,table_code,ts,vfontname,vtext,vvar) values( '0','002000002000','0001AA10000000001IVC','0','0110','10',null,'11111111','0001AA10000000001ITI',0,0,null,0,-1,0,-16777216,12,20,0,0,null,null,null,0,50,0,80,'<nc.vo.pub.print.PrintCellExtVO>
  <height__decimal>0.0</height__decimal>
  <textDirection>0</textDirection>
  <lineSpaceBetween>0</lineSpaceBetween>
  <formatType>0</formatType>
</nc.vo.pub.print.PrintCellExtVO>',null,null,null,'2018-11-17 17:12:19','Dialog','组织版本',null);
insert into pub_print_cell(bunderline,ccellcode,ccellid,ccombineproperty,ccontentproperty,cisfrozen,cisheadtail,clineproperty,ctemplateid,dr,ffontstyle,fixedstyle,fshadowtype,ibgcolor,ibotlinecolor,ifgcolor,ifonrsize,iheight,ileftlinecolor,irightcolor,isdycolgroup,isdynrowheight,islastpagetrail,istartx,istarty,itoplinecolor,iwidth,options,prepare1,prepare2,table_code,ts,vfontname,vtext,vvar) values( '0','002001002001','0001AA10000000001IVD','0','1110','10',null,'11111111','0001AA10000000001ITI',0,0,null,0,-1,0,-16777216,12,20,0,0,null,null,null,80,50,0,80,'<nc.vo.pub.print.PrintCellExtVO>
  <height__decimal>0.0</height__decimal>
  <textDirection>0</textDirection>
  <lineSpaceBetween>0</lineSpaceBetween>
  <formatType>0</formatType>
</nc.vo.pub.print.PrintCellExtVO>',null,null,null,'2018-11-17 17:12:19','Dialog','组织版本','pk_org_v.name');
insert into pub_print_cell(bunderline,ccellcode,ccellid,ccombineproperty,ccontentproperty,cisfrozen,cisheadtail,clineproperty,ctemplateid,dr,ffontstyle,fixedstyle,fshadowtype,ibgcolor,ibotlinecolor,ifgcolor,ifonrsize,iheight,ileftlinecolor,irightcolor,isdycolgroup,isdynrowheight,islastpagetrail,istartx,istarty,itoplinecolor,iwidth,options,prepare1,prepare2,table_code,ts,vfontname,vtext,vvar) values( '0','002002002002','0001AA10000000001IVE','0','0110','10',null,'11111111','0001AA10000000001ITI',0,0,null,0,-1,0,-16777216,12,20,0,0,null,null,null,160,50,0,80,'<nc.vo.pub.print.PrintCellExtVO>
  <height__decimal>0.0</height__decimal>
  <textDirection>0</textDirection>
  <lineSpaceBetween>0</lineSpaceBetween>
  <formatType>0</formatType>
</nc.vo.pub.print.PrintCellExtVO>',null,null,null,'2018-11-17 17:12:19','Dialog','编码',null);
insert into pub_print_cell(bunderline,ccellcode,ccellid,ccombineproperty,ccontentproperty,cisfrozen,cisheadtail,clineproperty,ctemplateid,dr,ffontstyle,fixedstyle,fshadowtype,ibgcolor,ibotlinecolor,ifgcolor,ifonrsize,iheight,ileftlinecolor,irightcolor,isdycolgroup,isdynrowheight,islastpagetrail,istartx,istarty,itoplinecolor,iwidth,options,prepare1,prepare2,table_code,ts,vfontname,vtext,vvar) values( '0','002003002003','0001AA10000000001IVF','0','1110','10',null,'11111111','0001AA10000000001ITI',0,0,null,0,-1,0,-16777216,12,20,0,0,null,null,null,240,50,0,80,'<nc.vo.pub.print.PrintCellExtVO>
  <height__decimal>0.0</height__decimal>
  <textDirection>0</textDirection>
  <lineSpaceBetween>0</lineSpaceBetween>
  <formatType>0</formatType>
</nc.vo.pub.print.PrintCellExtVO>',null,null,null,'2018-11-17 17:12:19','Dialog','编码','code');
insert into pub_print_cell(bunderline,ccellcode,ccellid,ccombineproperty,ccontentproperty,cisfrozen,cisheadtail,clineproperty,ctemplateid,dr,ffontstyle,fixedstyle,fshadowtype,ibgcolor,ibotlinecolor,ifgcolor,ifonrsize,iheight,ileftlinecolor,irightcolor,isdycolgroup,isdynrowheight,islastpagetrail,istartx,istarty,itoplinecolor,iwidth,options,prepare1,prepare2,table_code,ts,vfontname,vtext,vvar) values( '0','002004002004','0001AA10000000001IVG','0','0110','10',null,'11111111','0001AA10000000001ITI',0,0,null,0,-1,0,-16777216,12,20,0,0,null,null,null,320,50,0,80,'<nc.vo.pub.print.PrintCellExtVO>
  <height__decimal>0.0</height__decimal>
  <textDirection>0</textDirection>
  <lineSpaceBetween>0</lineSpaceBetween>
  <formatType>0</formatType>
</nc.vo.pub.print.PrintCellExtVO>',null,null,null,'2018-11-17 17:12:19','Dialog',null,null);
insert into pub_print_cell(bunderline,ccellcode,ccellid,ccombineproperty,ccontentproperty,cisfrozen,cisheadtail,clineproperty,ctemplateid,dr,ffontstyle,fixedstyle,fshadowtype,ibgcolor,ibotlinecolor,ifgcolor,ifonrsize,iheight,ileftlinecolor,irightcolor,isdycolgroup,isdynrowheight,islastpagetrail,istartx,istarty,itoplinecolor,iwidth,options,prepare1,prepare2,table_code,ts,vfontname,vtext,vvar) values( '0','003000003000','0001AA10000000001IVH','0','0110','10',null,'11111111','0001AA10000000001ITI',0,0,null,0,-1,0,-16777216,12,20,0,0,null,null,null,0,70,0,80,'<nc.vo.pub.print.PrintCellExtVO>
  <height__decimal>0.0</height__decimal>
  <textDirection>0</textDirection>
  <lineSpaceBetween>0</lineSpaceBetween>
  <formatType>0</formatType>
</nc.vo.pub.print.PrintCellExtVO>',null,null,null,'2018-11-17 17:12:19','Dialog','名称',null);
insert into pub_print_cell(bunderline,ccellcode,ccellid,ccombineproperty,ccontentproperty,cisfrozen,cisheadtail,clineproperty,ctemplateid,dr,ffontstyle,fixedstyle,fshadowtype,ibgcolor,ibotlinecolor,ifgcolor,ifonrsize,iheight,ileftlinecolor,irightcolor,isdycolgroup,isdynrowheight,islastpagetrail,istartx,istarty,itoplinecolor,iwidth,options,prepare1,prepare2,table_code,ts,vfontname,vtext,vvar) values( '0','003001003001','0001AA10000000001IVI','0','1110','10',null,'11111111','0001AA10000000001ITI',0,0,null,0,-1,0,-16777216,12,20,0,0,null,null,null,80,70,0,80,'<nc.vo.pub.print.PrintCellExtVO>
  <height__decimal>0.0</height__decimal>
  <textDirection>0</textDirection>
  <lineSpaceBetween>0</lineSpaceBetween>
  <formatType>0</formatType>
</nc.vo.pub.print.PrintCellExtVO>',null,null,null,'2018-11-17 17:12:19','Dialog','名称','name');
insert into pub_print_cell(bunderline,ccellcode,ccellid,ccombineproperty,ccontentproperty,cisfrozen,cisheadtail,clineproperty,ctemplateid,dr,ffontstyle,fixedstyle,fshadowtype,ibgcolor,ibotlinecolor,ifgcolor,ifonrsize,iheight,ileftlinecolor,irightcolor,isdycolgroup,isdynrowheight,islastpagetrail,istartx,istarty,itoplinecolor,iwidth,options,prepare1,prepare2,table_code,ts,vfontname,vtext,vvar) values( '0','003002003002','0001AA10000000001IVJ','0','0110','10',null,'11111111','0001AA10000000001ITI',0,0,null,0,-1,0,-16777216,12,20,0,0,null,null,null,160,70,0,80,'<nc.vo.pub.print.PrintCellExtVO>
  <height__decimal>0.0</height__decimal>
  <textDirection>0</textDirection>
  <lineSpaceBetween>0</lineSpaceBetween>
  <formatType>0</formatType>
</nc.vo.pub.print.PrintCellExtVO>',null,null,null,'2018-11-17 17:12:19','Dialog','制单时间',null);

insert into pub_print_template(bdirector,bdispagenum,bdistotalpagenum,billspace,bnormalcolor,ctemplateid,devorg,dr,extendattr,ffontstyle,fpagination,ibotmargin,ibreakposition,ifontsize,igridcolor,ileftmargin,ipageheight,ipagelocate,ipagewidth,irightmargin,iscale,itopmargin,itype,layer,mdclass,model_type,modelheight,modelwidth,pk_corp,pk_org,prepare1,prepare2,ptemplateid,ts,vdefaultprinter,vfontname,vleftnote,vmidnote,vnodecode,vrightnote,vtemplatecode,vtemplatename) values( 'Y','N','N',null,'N','0001AA10000000001IYR',null,0,'<nc.vo.pub.print.PrintTemplateExtVO>
  <isBindUp>false</isBindUp>
  <zdline__position>0.0</zdline__position>
  <pagehead__position>0.0</pagehead__position>
  <pagetail__position>0.0</pagetail__position>
  <pagenumber__position>0.0</pagenumber__position>
  <m__withFullPageNumber>false</m__withFullPageNumber>
  <baseLineWeight>0.65</baseLineWeight>
  <initPageNo>1</initPageNo>
</nc.vo.pub.print.PrintTemplateExtVO>',0,0,10,0,9,-4144960,10,596,'21',842,10,100,10,1,0,'48bf60f8-75c2-42cf-b409-688b26458f06',null,null,null,'@@@@',null,null,null,null,'2018-11-17 17:30:05',null,'dialog.plain',null,null,'C0J00121',null,'C0J00121','分析方法');
insert into pub_print_cell(bunderline,ccellcode,ccellid,ccombineproperty,ccontentproperty,cisfrozen,cisheadtail,clineproperty,ctemplateid,dr,ffontstyle,fixedstyle,fshadowtype,ibgcolor,ibotlinecolor,ifgcolor,ifonrsize,iheight,ileftlinecolor,irightcolor,isdycolgroup,isdynrowheight,islastpagetrail,istartx,istarty,itoplinecolor,iwidth,options,prepare1,prepare2,table_code,ts,vfontname,vtext,vvar) values( '0','000000000000','0001AA10000000001J05','1000000','0110','10',null,'00000000','0001AA10000000001IYR',0,1,null,0,-1,0,-16777216,16,30,0,0,null,null,null,0,0,0,80,'<nc.vo.pub.print.PrintCellExtVO>
  <height__decimal>0.0</height__decimal>
  <textDirection>0</textDirection>
  <lineSpaceBetween>0</lineSpaceBetween>
  <formatType>0</formatType>
</nc.vo.pub.print.PrintCellExtVO>',null,null,null,'2018-11-17 17:30:06','Dialog','分析方法',null);
insert into pub_print_cell(bunderline,ccellcode,ccellid,ccombineproperty,ccontentproperty,cisfrozen,cisheadtail,clineproperty,ctemplateid,dr,ffontstyle,fixedstyle,fshadowtype,ibgcolor,ibotlinecolor,ifgcolor,ifonrsize,iheight,ileftlinecolor,irightcolor,isdycolgroup,isdynrowheight,islastpagetrail,istartx,istarty,itoplinecolor,iwidth,options,prepare1,prepare2,table_code,ts,vfontname,vtext,vvar) values( '0','000001000001','0001AA10000000001J06','1000000','0110','10',null,'00000000','0001AA10000000001IYR',0,1,null,0,-1,0,-16777216,16,30,0,0,null,null,null,80,0,0,80,'<nc.vo.pub.print.PrintCellExtVO>
  <height__decimal>0.0</height__decimal>
  <textDirection>0</textDirection>
  <lineSpaceBetween>0</lineSpaceBetween>
  <formatType>0</formatType>
</nc.vo.pub.print.PrintCellExtVO>',null,null,null,'2018-11-17 17:30:06','Dialog','分析方法',null);
insert into pub_print_cell(bunderline,ccellcode,ccellid,ccombineproperty,ccontentproperty,cisfrozen,cisheadtail,clineproperty,ctemplateid,dr,ffontstyle,fixedstyle,fshadowtype,ibgcolor,ibotlinecolor,ifgcolor,ifonrsize,iheight,ileftlinecolor,irightcolor,isdycolgroup,isdynrowheight,islastpagetrail,istartx,istarty,itoplinecolor,iwidth,options,prepare1,prepare2,table_code,ts,vfontname,vtext,vvar) values( '0','000002000002','0001AA10000000001J07','1000000','0110','10',null,'00000000','0001AA10000000001IYR',0,1,null,0,-1,0,-16777216,16,30,0,0,null,null,null,160,0,0,80,'<nc.vo.pub.print.PrintCellExtVO>
  <height__decimal>0.0</height__decimal>
  <textDirection>0</textDirection>
  <lineSpaceBetween>0</lineSpaceBetween>
  <formatType>0</formatType>
</nc.vo.pub.print.PrintCellExtVO>',null,null,null,'2018-11-17 17:30:06','Dialog','分析方法',null);
insert into pub_print_cell(bunderline,ccellcode,ccellid,ccombineproperty,ccontentproperty,cisfrozen,cisheadtail,clineproperty,ctemplateid,dr,ffontstyle,fixedstyle,fshadowtype,ibgcolor,ibotlinecolor,ifgcolor,ifonrsize,iheight,ileftlinecolor,irightcolor,isdycolgroup,isdynrowheight,islastpagetrail,istartx,istarty,itoplinecolor,iwidth,options,prepare1,prepare2,table_code,ts,vfontname,vtext,vvar) values( '0','000000000002','0001AA10000000001J08','0','0110','10',null,'00000000','0001AA10000000001IYR',0,1,null,0,-1,0,-16777216,16,30,0,0,null,null,null,0,0,0,240,'<nc.vo.pub.print.PrintCellExtVO>
  <height__decimal>0.0</height__decimal>
  <textDirection>0</textDirection>
  <lineSpaceBetween>0</lineSpaceBetween>
  <formatType>0</formatType>
</nc.vo.pub.print.PrintCellExtVO>',null,null,null,'2018-11-17 17:30:06','Dialog','分析方法',null);
insert into pub_print_cell(bunderline,ccellcode,ccellid,ccombineproperty,ccontentproperty,cisfrozen,cisheadtail,clineproperty,ctemplateid,dr,ffontstyle,fixedstyle,fshadowtype,ibgcolor,ibotlinecolor,ifgcolor,ifonrsize,iheight,ileftlinecolor,irightcolor,isdycolgroup,isdynrowheight,islastpagetrail,istartx,istarty,itoplinecolor,iwidth,options,prepare1,prepare2,table_code,ts,vfontname,vtext,vvar) values( '0','001000001000','0001AA10000000001J09','0','0110','10',null,'11111111','0001AA10000000001IYR',0,0,null,0,-1,0,-16777216,12,20,0,0,null,null,null,0,30,0,80,'<nc.vo.pub.print.PrintCellExtVO>
  <height__decimal>0.0</height__decimal>
  <textDirection>0</textDirection>
  <lineSpaceBetween>0</lineSpaceBetween>
  <formatType>0</formatType>
</nc.vo.pub.print.PrintCellExtVO>',null,null,null,'2018-11-17 17:30:06','Dialog','集团',null);
insert into pub_print_cell(bunderline,ccellcode,ccellid,ccombineproperty,ccontentproperty,cisfrozen,cisheadtail,clineproperty,ctemplateid,dr,ffontstyle,fixedstyle,fshadowtype,ibgcolor,ibotlinecolor,ifgcolor,ifonrsize,iheight,ileftlinecolor,irightcolor,isdycolgroup,isdynrowheight,islastpagetrail,istartx,istarty,itoplinecolor,iwidth,options,prepare1,prepare2,table_code,ts,vfontname,vtext,vvar) values( '0','001001001001','0001AA10000000001J0A','0','1110','10',null,'11111111','0001AA10000000001IYR',0,0,null,0,-1,0,-16777216,12,20,0,0,null,null,null,80,30,0,80,'<nc.vo.pub.print.PrintCellExtVO>
  <height__decimal>0.0</height__decimal>
  <textDirection>0</textDirection>
  <lineSpaceBetween>0</lineSpaceBetween>
  <formatType>0</formatType>
</nc.vo.pub.print.PrintCellExtVO>',null,null,null,'2018-11-17 17:30:06','Dialog','集团','pk_group.name');
insert into pub_print_cell(bunderline,ccellcode,ccellid,ccombineproperty,ccontentproperty,cisfrozen,cisheadtail,clineproperty,ctemplateid,dr,ffontstyle,fixedstyle,fshadowtype,ibgcolor,ibotlinecolor,ifgcolor,ifonrsize,iheight,ileftlinecolor,irightcolor,isdycolgroup,isdynrowheight,islastpagetrail,istartx,istarty,itoplinecolor,iwidth,options,prepare1,prepare2,table_code,ts,vfontname,vtext,vvar) values( '0','001002001002','0001AA10000000001J0B','0','0110','10',null,'11111111','0001AA10000000001IYR',0,0,null,0,-1,0,-16777216,12,20,0,0,null,null,null,160,30,0,80,'<nc.vo.pub.print.PrintCellExtVO>
  <height__decimal>0.0</height__decimal>
  <textDirection>0</textDirection>
  <lineSpaceBetween>0</lineSpaceBetween>
  <formatType>0</formatType>
</nc.vo.pub.print.PrintCellExtVO>',null,null,null,'2018-11-17 17:30:06','Dialog',null,null);
insert into pub_print_cell(bunderline,ccellcode,ccellid,ccombineproperty,ccontentproperty,cisfrozen,cisheadtail,clineproperty,ctemplateid,dr,ffontstyle,fixedstyle,fshadowtype,ibgcolor,ibotlinecolor,ifgcolor,ifonrsize,iheight,ileftlinecolor,irightcolor,isdycolgroup,isdynrowheight,islastpagetrail,istartx,istarty,itoplinecolor,iwidth,options,prepare1,prepare2,table_code,ts,vfontname,vtext,vvar) values( '0','002000002000','0001AA10000000001J0C','0','0110','10',null,'11111111','0001AA10000000001IYR',0,0,null,0,-1,0,-16777216,12,20,0,0,null,null,null,0,50,0,80,'<nc.vo.pub.print.PrintCellExtVO>
  <height__decimal>0.0</height__decimal>
  <textDirection>0</textDirection>
  <lineSpaceBetween>0</lineSpaceBetween>
  <formatType>0</formatType>
</nc.vo.pub.print.PrintCellExtVO>',null,null,null,'2018-11-17 17:30:06','Dialog','组织',null);
insert into pub_print_cell(bunderline,ccellcode,ccellid,ccombineproperty,ccontentproperty,cisfrozen,cisheadtail,clineproperty,ctemplateid,dr,ffontstyle,fixedstyle,fshadowtype,ibgcolor,ibotlinecolor,ifgcolor,ifonrsize,iheight,ileftlinecolor,irightcolor,isdycolgroup,isdynrowheight,islastpagetrail,istartx,istarty,itoplinecolor,iwidth,options,prepare1,prepare2,table_code,ts,vfontname,vtext,vvar) values( '0','002001002001','0001AA10000000001J0D','0','1110','10',null,'11111111','0001AA10000000001IYR',0,0,null,0,-1,0,-16777216,12,20,0,0,null,null,null,80,50,0,80,'<nc.vo.pub.print.PrintCellExtVO>
  <height__decimal>0.0</height__decimal>
  <textDirection>0</textDirection>
  <lineSpaceBetween>0</lineSpaceBetween>
  <formatType>0</formatType>
</nc.vo.pub.print.PrintCellExtVO>',null,null,null,'2018-11-17 17:30:06','Dialog','组织','pk_org.name');
insert into pub_print_cell(bunderline,ccellcode,ccellid,ccombineproperty,ccontentproperty,cisfrozen,cisheadtail,clineproperty,ctemplateid,dr,ffontstyle,fixedstyle,fshadowtype,ibgcolor,ibotlinecolor,ifgcolor,ifonrsize,iheight,ileftlinecolor,irightcolor,isdycolgroup,isdynrowheight,islastpagetrail,istartx,istarty,itoplinecolor,iwidth,options,prepare1,prepare2,table_code,ts,vfontname,vtext,vvar) values( '0','002002002002','0001AA10000000001J0E','0','0110','10',null,'11111111','0001AA10000000001IYR',0,0,null,0,-1,0,-16777216,12,20,0,0,null,null,null,160,50,0,80,'<nc.vo.pub.print.PrintCellExtVO>
  <height__decimal>0.0</height__decimal>
  <textDirection>0</textDirection>
  <lineSpaceBetween>0</lineSpaceBetween>
  <formatType>0</formatType>
</nc.vo.pub.print.PrintCellExtVO>',null,null,null,'2018-11-17 17:30:06','Dialog',null,null);
insert into pub_print_cell(bunderline,ccellcode,ccellid,ccombineproperty,ccontentproperty,cisfrozen,cisheadtail,clineproperty,ctemplateid,dr,ffontstyle,fixedstyle,fshadowtype,ibgcolor,ibotlinecolor,ifgcolor,ifonrsize,iheight,ileftlinecolor,irightcolor,isdycolgroup,isdynrowheight,islastpagetrail,istartx,istarty,itoplinecolor,iwidth,options,prepare1,prepare2,table_code,ts,vfontname,vtext,vvar) values( '0','003000003000','0001AA10000000001J0F','0','0110','10',null,'11111111','0001AA10000000001IYR',0,0,null,0,-1,0,-16777216,12,20,0,0,null,null,null,0,70,0,80,'<nc.vo.pub.print.PrintCellExtVO>
  <height__decimal>0.0</height__decimal>
  <textDirection>0</textDirection>
  <lineSpaceBetween>0</lineSpaceBetween>
  <formatType>0</formatType>
</nc.vo.pub.print.PrintCellExtVO>',null,null,null,'2018-11-17 17:30:06','Dialog','组织版本',null);
insert into pub_print_cell(bunderline,ccellcode,ccellid,ccombineproperty,ccontentproperty,cisfrozen,cisheadtail,clineproperty,ctemplateid,dr,ffontstyle,fixedstyle,fshadowtype,ibgcolor,ibotlinecolor,ifgcolor,ifonrsize,iheight,ileftlinecolor,irightcolor,isdycolgroup,isdynrowheight,islastpagetrail,istartx,istarty,itoplinecolor,iwidth,options,prepare1,prepare2,table_code,ts,vfontname,vtext,vvar) values( '0','003001003001','0001AA10000000001J0G','0','1110','10',null,'11111111','0001AA10000000001IYR',0,0,null,0,-1,0,-16777216,12,20,0,0,null,null,null,80,70,0,80,'<nc.vo.pub.print.PrintCellExtVO>
  <height__decimal>0.0</height__decimal>
  <textDirection>0</textDirection>
  <lineSpaceBetween>0</lineSpaceBetween>
  <formatType>0</formatType>
</nc.vo.pub.print.PrintCellExtVO>',null,null,null,'2018-11-17 17:30:06','Dialog','组织版本','pk_org_v.name');
insert into pub_print_cell(bunderline,ccellcode,ccellid,ccombineproperty,ccontentproperty,cisfrozen,cisheadtail,clineproperty,ctemplateid,dr,ffontstyle,fixedstyle,fshadowtype,ibgcolor,ibotlinecolor,ifgcolor,ifonrsize,iheight,ileftlinecolor,irightcolor,isdycolgroup,isdynrowheight,islastpagetrail,istartx,istarty,itoplinecolor,iwidth,options,prepare1,prepare2,table_code,ts,vfontname,vtext,vvar) values( '0','003002003002','0001AA10000000001J0H','0','0110','10',null,'11111111','0001AA10000000001IYR',0,0,null,0,-1,0,-16777216,12,20,0,0,null,null,null,160,70,0,80,'<nc.vo.pub.print.PrintCellExtVO>
  <height__decimal>0.0</height__decimal>
  <textDirection>0</textDirection>
  <lineSpaceBetween>0</lineSpaceBetween>
  <formatType>0</formatType>
</nc.vo.pub.print.PrintCellExtVO>',null,null,null,'2018-11-17 17:30:06','Dialog',null,null);
insert into pub_print_cell(bunderline,ccellcode,ccellid,ccombineproperty,ccontentproperty,cisfrozen,cisheadtail,clineproperty,ctemplateid,dr,ffontstyle,fixedstyle,fshadowtype,ibgcolor,ibotlinecolor,ifgcolor,ifonrsize,iheight,ileftlinecolor,irightcolor,isdycolgroup,isdynrowheight,islastpagetrail,istartx,istarty,itoplinecolor,iwidth,options,prepare1,prepare2,table_code,ts,vfontname,vtext,vvar) values( '0','004000004000','0001AA10000000001J0I','0','0110','10',null,'11111111','0001AA10000000001IYR',0,0,null,0,-1,0,-16777216,12,20,0,0,null,null,null,0,90,0,80,'<nc.vo.pub.print.PrintCellExtVO>
  <height__decimal>0.0</height__decimal>
  <textDirection>0</textDirection>
  <lineSpaceBetween>0</lineSpaceBetween>
  <formatType>0</formatType>
</nc.vo.pub.print.PrintCellExtVO>',null,null,null,'2018-11-17 17:30:06','Dialog','编码',null);
insert into pub_print_cell(bunderline,ccellcode,ccellid,ccombineproperty,ccontentproperty,cisfrozen,cisheadtail,clineproperty,ctemplateid,dr,ffontstyle,fixedstyle,fshadowtype,ibgcolor,ibotlinecolor,ifgcolor,ifonrsize,iheight,ileftlinecolor,irightcolor,isdycolgroup,isdynrowheight,islastpagetrail,istartx,istarty,itoplinecolor,iwidth,options,prepare1,prepare2,table_code,ts,vfontname,vtext,vvar) values( '0','004001004001','0001AA10000000001J0J','0','1110','10',null,'11111111','0001AA10000000001IYR',0,0,null,0,-1,0,-16777216,12,20,0,0,null,null,null,80,90,0,80,'<nc.vo.pub.print.PrintCellExtVO>
  <height__decimal>0.0</height__decimal>
  <textDirection>0</textDirection>
  <lineSpaceBetween>0</lineSpaceBetween>
  <formatType>0</formatType>
</nc.vo.pub.print.PrintCellExtVO>',null,null,null,'2018-11-17 17:30:06','Dialog','编码','code');
insert into pub_print_cell(bunderline,ccellcode,ccellid,ccombineproperty,ccontentproperty,cisfrozen,cisheadtail,clineproperty,ctemplateid,dr,ffontstyle,fixedstyle,fshadowtype,ibgcolor,ibotlinecolor,ifgcolor,ifonrsize,iheight,ileftlinecolor,irightcolor,isdycolgroup,isdynrowheight,islastpagetrail,istartx,istarty,itoplinecolor,iwidth,options,prepare1,prepare2,table_code,ts,vfontname,vtext,vvar) values( '0','004002004002','0001AA10000000001J0K','0','0110','10',null,'11111111','0001AA10000000001IYR',0,0,null,0,-1,0,-16777216,12,20,0,0,null,null,null,160,90,0,80,'<nc.vo.pub.print.PrintCellExtVO>
  <height__decimal>0.0</height__decimal>
  <textDirection>0</textDirection>
  <lineSpaceBetween>0</lineSpaceBetween>
  <formatType>0</formatType>
</nc.vo.pub.print.PrintCellExtVO>',null,null,null,'2018-11-17 17:30:06','Dialog',null,null);
insert into pub_print_cell(bunderline,ccellcode,ccellid,ccombineproperty,ccontentproperty,cisfrozen,cisheadtail,clineproperty,ctemplateid,dr,ffontstyle,fixedstyle,fshadowtype,ibgcolor,ibotlinecolor,ifgcolor,ifonrsize,iheight,ileftlinecolor,irightcolor,isdycolgroup,isdynrowheight,islastpagetrail,istartx,istarty,itoplinecolor,iwidth,options,prepare1,prepare2,table_code,ts,vfontname,vtext,vvar) values( '0','005000005000','0001AA10000000001J0L','0','0110','10',null,'11111111','0001AA10000000001IYR',0,0,null,0,-1,0,-16777216,12,20,0,0,null,null,null,0,110,0,80,'<nc.vo.pub.print.PrintCellExtVO>
  <height__decimal>0.0</height__decimal>
  <textDirection>0</textDirection>
  <lineSpaceBetween>0</lineSpaceBetween>
  <formatType>0</formatType>
</nc.vo.pub.print.PrintCellExtVO>',null,null,null,'2018-11-17 17:30:06','Dialog','名称',null);
insert into pub_print_cell(bunderline,ccellcode,ccellid,ccombineproperty,ccontentproperty,cisfrozen,cisheadtail,clineproperty,ctemplateid,dr,ffontstyle,fixedstyle,fshadowtype,ibgcolor,ibotlinecolor,ifgcolor,ifonrsize,iheight,ileftlinecolor,irightcolor,isdycolgroup,isdynrowheight,islastpagetrail,istartx,istarty,itoplinecolor,iwidth,options,prepare1,prepare2,table_code,ts,vfontname,vtext,vvar) values( '0','005001005001','0001AA10000000001J0M','0','1110','10',null,'11111111','0001AA10000000001IYR',0,0,null,0,-1,0,-16777216,12,20,0,0,null,null,null,80,110,0,80,'<nc.vo.pub.print.PrintCellExtVO>
  <height__decimal>0.0</height__decimal>
  <textDirection>0</textDirection>
  <lineSpaceBetween>0</lineSpaceBetween>
  <formatType>0</formatType>
</nc.vo.pub.print.PrintCellExtVO>',null,null,null,'2018-11-17 17:30:06','Dialog','名称','name');
insert into pub_print_cell(bunderline,ccellcode,ccellid,ccombineproperty,ccontentproperty,cisfrozen,cisheadtail,clineproperty,ctemplateid,dr,ffontstyle,fixedstyle,fshadowtype,ibgcolor,ibotlinecolor,ifgcolor,ifonrsize,iheight,ileftlinecolor,irightcolor,isdycolgroup,isdynrowheight,islastpagetrail,istartx,istarty,itoplinecolor,iwidth,options,prepare1,prepare2,table_code,ts,vfontname,vtext,vvar) values( '0','005002005002','0001AA10000000001J0N','0','0110','10',null,'11111111','0001AA10000000001IYR',0,0,null,0,-1,0,-16777216,12,20,0,0,null,null,null,160,110,0,80,'<nc.vo.pub.print.PrintCellExtVO>
  <height__decimal>0.0</height__decimal>
  <textDirection>0</textDirection>
  <lineSpaceBetween>0</lineSpaceBetween>
  <formatType>0</formatType>
</nc.vo.pub.print.PrintCellExtVO>',null,null,null,'2018-11-17 17:30:06','Dialog',null,null);
insert into pub_print_cell(bunderline,ccellcode,ccellid,ccombineproperty,ccontentproperty,cisfrozen,cisheadtail,clineproperty,ctemplateid,dr,ffontstyle,fixedstyle,fshadowtype,ibgcolor,ibotlinecolor,ifgcolor,ifonrsize,iheight,ileftlinecolor,irightcolor,isdycolgroup,isdynrowheight,islastpagetrail,istartx,istarty,itoplinecolor,iwidth,options,prepare1,prepare2,table_code,ts,vfontname,vtext,vvar) values( '0','006000006000','0001AA10000000001J0O','0','0110','10',null,'11111111','0001AA10000000001IYR',0,0,null,0,-1,0,-16777216,12,20,0,0,null,null,null,0,130,0,80,'<nc.vo.pub.print.PrintCellExtVO>
  <height__decimal>0.0</height__decimal>
  <textDirection>0</textDirection>
  <lineSpaceBetween>0</lineSpaceBetween>
  <formatType>0</formatType>
</nc.vo.pub.print.PrintCellExtVO>',null,null,null,'2018-11-17 17:30:06','Dialog','分析类型',null);
insert into pub_print_cell(bunderline,ccellcode,ccellid,ccombineproperty,ccontentproperty,cisfrozen,cisheadtail,clineproperty,ctemplateid,dr,ffontstyle,fixedstyle,fshadowtype,ibgcolor,ibotlinecolor,ifgcolor,ifonrsize,iheight,ileftlinecolor,irightcolor,isdycolgroup,isdynrowheight,islastpagetrail,istartx,istarty,itoplinecolor,iwidth,options,prepare1,prepare2,table_code,ts,vfontname,vtext,vvar) values( '0','006001006001','0001AA10000000001J0P','0','1110','10',null,'11111111','0001AA10000000001IYR',0,0,null,0,-1,0,-16777216,12,20,0,0,null,null,null,80,130,0,80,'<nc.vo.pub.print.PrintCellExtVO>
  <height__decimal>0.0</height__decimal>
  <textDirection>0</textDirection>
  <lineSpaceBetween>0</lineSpaceBetween>
  <formatType>0</formatType>
</nc.vo.pub.print.PrintCellExtVO>',null,null,null,'2018-11-17 17:30:06','Dialog','分析类型','pk_analyzetype.name');
insert into pub_print_cell(bunderline,ccellcode,ccellid,ccombineproperty,ccontentproperty,cisfrozen,cisheadtail,clineproperty,ctemplateid,dr,ffontstyle,fixedstyle,fshadowtype,ibgcolor,ibotlinecolor,ifgcolor,ifonrsize,iheight,ileftlinecolor,irightcolor,isdycolgroup,isdynrowheight,islastpagetrail,istartx,istarty,itoplinecolor,iwidth,options,prepare1,prepare2,table_code,ts,vfontname,vtext,vvar) values( '0','006002006002','0001AA10000000001J0Q','0','0110','10',null,'11111111','0001AA10000000001IYR',0,0,null,0,-1,0,-16777216,12,20,0,0,null,null,null,160,130,0,80,'<nc.vo.pub.print.PrintCellExtVO>
  <height__decimal>0.0</height__decimal>
  <textDirection>0</textDirection>
  <lineSpaceBetween>0</lineSpaceBetween>
  <formatType>0</formatType>
</nc.vo.pub.print.PrintCellExtVO>',null,null,null,'2018-11-17 17:30:06','Dialog',null,null);
insert into pub_print_cell(bunderline,ccellcode,ccellid,ccombineproperty,ccontentproperty,cisfrozen,cisheadtail,clineproperty,ctemplateid,dr,ffontstyle,fixedstyle,fshadowtype,ibgcolor,ibotlinecolor,ifgcolor,ifonrsize,iheight,ileftlinecolor,irightcolor,isdycolgroup,isdynrowheight,islastpagetrail,istartx,istarty,itoplinecolor,iwidth,options,prepare1,prepare2,table_code,ts,vfontname,vtext,vvar) values( '0','007000007000','0001AA10000000001J0R','0','0110','10',null,'11111111','0001AA10000000001IYR',0,0,null,0,-1,0,-16777216,12,20,0,0,null,null,null,0,150,0,80,'<nc.vo.pub.print.PrintCellExtVO>
  <height__decimal>0.0</height__decimal>
  <textDirection>0</textDirection>
  <lineSpaceBetween>0</lineSpaceBetween>
  <formatType>0</formatType>
</nc.vo.pub.print.PrintCellExtVO>',null,null,null,'2018-11-17 17:30:06','Dialog','制单时间',null);
insert into pub_print_cell(bunderline,ccellcode,ccellid,ccombineproperty,ccontentproperty,cisfrozen,cisheadtail,clineproperty,ctemplateid,dr,ffontstyle,fixedstyle,fshadowtype,ibgcolor,ibotlinecolor,ifgcolor,ifonrsize,iheight,ileftlinecolor,irightcolor,isdycolgroup,isdynrowheight,islastpagetrail,istartx,istarty,itoplinecolor,iwidth,options,prepare1,prepare2,table_code,ts,vfontname,vtext,vvar) values( '0','007001007001','0001AA10000000001J0S','0','1110','10',null,'11111111','0001AA10000000001IYR',0,0,null,0,-1,0,-16777216,12,20,0,0,null,null,null,80,150,0,80,'<nc.vo.pub.print.PrintCellExtVO>
  <height__decimal>0.0</height__decimal>
  <textDirection>0</textDirection>
  <lineSpaceBetween>0</lineSpaceBetween>
  <formatType>0</formatType>
</nc.vo.pub.print.PrintCellExtVO>',null,null,null,'2018-11-17 17:30:06','Dialog','制单时间','maketime');
insert into pub_print_cell(bunderline,ccellcode,ccellid,ccombineproperty,ccontentproperty,cisfrozen,cisheadtail,clineproperty,ctemplateid,dr,ffontstyle,fixedstyle,fshadowtype,ibgcolor,ibotlinecolor,ifgcolor,ifonrsize,iheight,ileftlinecolor,irightcolor,isdycolgroup,isdynrowheight,islastpagetrail,istartx,istarty,itoplinecolor,iwidth,options,prepare1,prepare2,table_code,ts,vfontname,vtext,vvar) values( '0','007002007002','0001AA10000000001J0T','0','0110','10',null,'11111111','0001AA10000000001IYR',0,0,null,0,-1,0,-16777216,12,20,0,0,null,null,null,160,150,0,80,'<nc.vo.pub.print.PrintCellExtVO>
  <height__decimal>0.0</height__decimal>
  <textDirection>0</textDirection>
  <lineSpaceBetween>0</lineSpaceBetween>
  <formatType>0</formatType>
</nc.vo.pub.print.PrintCellExtVO>',null,null,null,'2018-11-17 17:30:06','Dialog',null,null);
insert into pub_print_cell(bunderline,ccellcode,ccellid,ccombineproperty,ccontentproperty,cisfrozen,cisheadtail,clineproperty,ctemplateid,dr,ffontstyle,fixedstyle,fshadowtype,ibgcolor,ibotlinecolor,ifgcolor,ifonrsize,iheight,ileftlinecolor,irightcolor,isdycolgroup,isdynrowheight,islastpagetrail,istartx,istarty,itoplinecolor,iwidth,options,prepare1,prepare2,table_code,ts,vfontname,vtext,vvar) values( '0','008000008000','0001AA10000000001J0U','0','0110','10',null,'11111111','0001AA10000000001IYR',0,0,null,0,-1,0,-16777216,12,20,0,0,null,null,null,0,170,0,80,'<nc.vo.pub.print.PrintCellExtVO>
  <height__decimal>0.0</height__decimal>
  <textDirection>0</textDirection>
  <lineSpaceBetween>0</lineSpaceBetween>
  <formatType>0</formatType>
</nc.vo.pub.print.PrintCellExtVO>',null,null,null,'2018-11-17 17:30:06','Dialog','最后修改时间',null);
insert into pub_print_cell(bunderline,ccellcode,ccellid,ccombineproperty,ccontentproperty,cisfrozen,cisheadtail,clineproperty,ctemplateid,dr,ffontstyle,fixedstyle,fshadowtype,ibgcolor,ibotlinecolor,ifgcolor,ifonrsize,iheight,ileftlinecolor,irightcolor,isdycolgroup,isdynrowheight,islastpagetrail,istartx,istarty,itoplinecolor,iwidth,options,prepare1,prepare2,table_code,ts,vfontname,vtext,vvar) values( '0','008001008001','0001AA10000000001J0V','0','1110','10',null,'11111111','0001AA10000000001IYR',0,0,null,0,-1,0,-16777216,12,20,0,0,null,null,null,80,170,0,80,'<nc.vo.pub.print.PrintCellExtVO>
  <height__decimal>0.0</height__decimal>
  <textDirection>0</textDirection>
  <lineSpaceBetween>0</lineSpaceBetween>
  <formatType>0</formatType>
</nc.vo.pub.print.PrintCellExtVO>',null,null,null,'2018-11-17 17:30:06','Dialog','最后修改时间','lastmaketime');
insert into pub_print_cell(bunderline,ccellcode,ccellid,ccombineproperty,ccontentproperty,cisfrozen,cisheadtail,clineproperty,ctemplateid,dr,ffontstyle,fixedstyle,fshadowtype,ibgcolor,ibotlinecolor,ifgcolor,ifonrsize,iheight,ileftlinecolor,irightcolor,isdycolgroup,isdynrowheight,islastpagetrail,istartx,istarty,itoplinecolor,iwidth,options,prepare1,prepare2,table_code,ts,vfontname,vtext,vvar) values( '0','008002008002','0001AA10000000001J0W','0','0110','10',null,'11111111','0001AA10000000001IYR',0,0,null,0,-1,0,-16777216,12,20,0,0,null,null,null,160,170,0,80,'<nc.vo.pub.print.PrintCellExtVO>
  <height__decimal>0.0</height__decimal>
  <textDirection>0</textDirection>
  <lineSpaceBetween>0</lineSpaceBetween>
  <formatType>0</formatType>
</nc.vo.pub.print.PrintCellExtVO>',null,null,null,'2018-11-17 17:30:06','Dialog',null,null);
insert into pub_print_cell(bunderline,ccellcode,ccellid,ccombineproperty,ccontentproperty,cisfrozen,cisheadtail,clineproperty,ctemplateid,dr,ffontstyle,fixedstyle,fshadowtype,ibgcolor,ibotlinecolor,ifgcolor,ifonrsize,iheight,ileftlinecolor,irightcolor,isdycolgroup,isdynrowheight,islastpagetrail,istartx,istarty,itoplinecolor,iwidth,options,prepare1,prepare2,table_code,ts,vfontname,vtext,vvar) values( '0','009000009000','0001AA10000000001J0X','0','0110','10',null,'11111111','0001AA10000000001IYR',0,0,null,0,-1,0,-16777216,12,20,0,0,null,null,null,0,190,0,80,'<nc.vo.pub.print.PrintCellExtVO>
  <height__decimal>0.0</height__decimal>
  <textDirection>0</textDirection>
  <lineSpaceBetween>0</lineSpaceBetween>
  <formatType>0</formatType>
</nc.vo.pub.print.PrintCellExtVO>',null,null,null,'2018-11-17 17:30:06','Dialog','制单日期',null);
insert into pub_print_cell(bunderline,ccellcode,ccellid,ccombineproperty,ccontentproperty,cisfrozen,cisheadtail,clineproperty,ctemplateid,dr,ffontstyle,fixedstyle,fshadowtype,ibgcolor,ibotlinecolor,ifgcolor,ifonrsize,iheight,ileftlinecolor,irightcolor,isdycolgroup,isdynrowheight,islastpagetrail,istartx,istarty,itoplinecolor,iwidth,options,prepare1,prepare2,table_code,ts,vfontname,vtext,vvar) values( '0','009001009001','0001AA10000000001J0Y','0','1110','10',null,'11111111','0001AA10000000001IYR',0,0,null,0,-1,0,-16777216,12,20,0,0,null,null,null,80,190,0,80,'<nc.vo.pub.print.PrintCellExtVO>
  <height__decimal>0.0</height__decimal>
  <textDirection>0</textDirection>
  <lineSpaceBetween>0</lineSpaceBetween>
  <formatType>0</formatType>
</nc.vo.pub.print.PrintCellExtVO>',null,null,null,'2018-11-17 17:30:06','Dialog','制单日期','dmakedate');
insert into pub_print_cell(bunderline,ccellcode,ccellid,ccombineproperty,ccontentproperty,cisfrozen,cisheadtail,clineproperty,ctemplateid,dr,ffontstyle,fixedstyle,fshadowtype,ibgcolor,ibotlinecolor,ifgcolor,ifonrsize,iheight,ileftlinecolor,irightcolor,isdycolgroup,isdynrowheight,islastpagetrail,istartx,istarty,itoplinecolor,iwidth,options,prepare1,prepare2,table_code,ts,vfontname,vtext,vvar) values( '0','009002009002','0001AA10000000001J0Z','0','0110','10',null,'11111111','0001AA10000000001IYR',0,0,null,0,-1,0,-16777216,12,20,0,0,null,null,null,160,190,0,80,'<nc.vo.pub.print.PrintCellExtVO>
  <height__decimal>0.0</height__decimal>
  <textDirection>0</textDirection>
  <lineSpaceBetween>0</lineSpaceBetween>
  <formatType>0</formatType>
</nc.vo.pub.print.PrintCellExtVO>',null,null,null,'2018-11-17 17:30:06','Dialog',null,null);
insert into pub_print_cell(bunderline,ccellcode,ccellid,ccombineproperty,ccontentproperty,cisfrozen,cisheadtail,clineproperty,ctemplateid,dr,ffontstyle,fixedstyle,fshadowtype,ibgcolor,ibotlinecolor,ifgcolor,ifonrsize,iheight,ileftlinecolor,irightcolor,isdycolgroup,isdynrowheight,islastpagetrail,istartx,istarty,itoplinecolor,iwidth,options,prepare1,prepare2,table_code,ts,vfontname,vtext,vvar) values( '0','010000010000','0001AA10000000001J10','1010000','0020','Y',null,'00000000','0001AA10000000001IYR',0,1,null,0,-1,0,-16777216,12,5,0,0,null,null,null,0,210,0,80,'<nc.vo.pub.print.PrintCellExtVO>
  <height__decimal>0.0</height__decimal>
  <textDirection>0</textDirection>
  <lineSpaceBetween>0</lineSpaceBetween>
  <formatType>0</formatType>
</nc.vo.pub.print.PrintCellExtVO>',null,null,null,'2018-11-17 17:30:06','Dialog',null,null);
insert into pub_print_cell(bunderline,ccellcode,ccellid,ccombineproperty,ccontentproperty,cisfrozen,cisheadtail,clineproperty,ctemplateid,dr,ffontstyle,fixedstyle,fshadowtype,ibgcolor,ibotlinecolor,ifgcolor,ifonrsize,iheight,ileftlinecolor,irightcolor,isdycolgroup,isdynrowheight,islastpagetrail,istartx,istarty,itoplinecolor,iwidth,options,prepare1,prepare2,table_code,ts,vfontname,vtext,vvar) values( '0','010001010001','0001AA10000000001J11','1010000','0020','Y',null,'00000000','0001AA10000000001IYR',0,1,null,0,-1,0,-16777216,12,5,0,0,null,null,null,80,210,0,80,'<nc.vo.pub.print.PrintCellExtVO>
  <height__decimal>0.0</height__decimal>
  <textDirection>0</textDirection>
  <lineSpaceBetween>0</lineSpaceBetween>
  <formatType>0</formatType>
</nc.vo.pub.print.PrintCellExtVO>',null,null,null,'2018-11-17 17:30:06','Dialog',null,null);
insert into pub_print_cell(bunderline,ccellcode,ccellid,ccombineproperty,ccontentproperty,cisfrozen,cisheadtail,clineproperty,ctemplateid,dr,ffontstyle,fixedstyle,fshadowtype,ibgcolor,ibotlinecolor,ifgcolor,ifonrsize,iheight,ileftlinecolor,irightcolor,isdycolgroup,isdynrowheight,islastpagetrail,istartx,istarty,itoplinecolor,iwidth,options,prepare1,prepare2,table_code,ts,vfontname,vtext,vvar) values( '0','010002010002','0001AA10000000001J12','1010000','0020','Y',null,'00000000','0001AA10000000001IYR',0,1,null,0,-1,0,-16777216,12,5,0,0,null,null,null,160,210,0,80,'<nc.vo.pub.print.PrintCellExtVO>
  <height__decimal>0.0</height__decimal>
  <textDirection>0</textDirection>
  <lineSpaceBetween>0</lineSpaceBetween>
  <formatType>0</formatType>
</nc.vo.pub.print.PrintCellExtVO>',null,null,null,'2018-11-17 17:30:06','Dialog',null,null);
insert into pub_print_cell(bunderline,ccellcode,ccellid,ccombineproperty,ccontentproperty,cisfrozen,cisheadtail,clineproperty,ctemplateid,dr,ffontstyle,fixedstyle,fshadowtype,ibgcolor,ibotlinecolor,ifgcolor,ifonrsize,iheight,ileftlinecolor,irightcolor,isdycolgroup,isdynrowheight,islastpagetrail,istartx,istarty,itoplinecolor,iwidth,options,prepare1,prepare2,table_code,ts,vfontname,vtext,vvar) values( '0','010000010002','0001AA10000000001J13','0','0020','Y',null,'00000000','0001AA10000000001IYR',0,1,null,0,-1,0,-16777216,12,5,0,0,null,null,null,0,210,0,240,'<nc.vo.pub.print.PrintCellExtVO>
  <height__decimal>0.0</height__decimal>
  <textDirection>0</textDirection>
  <lineSpaceBetween>0</lineSpaceBetween>
  <formatType>0</formatType>
</nc.vo.pub.print.PrintCellExtVO>',null,null,null,'2018-11-17 17:30:06','Dialog',null,null);
insert into pub_print_cell(bunderline,ccellcode,ccellid,ccombineproperty,ccontentproperty,cisfrozen,cisheadtail,clineproperty,ctemplateid,dr,ffontstyle,fixedstyle,fshadowtype,ibgcolor,ibotlinecolor,ifgcolor,ifonrsize,iheight,ileftlinecolor,irightcolor,isdycolgroup,isdynrowheight,islastpagetrail,istartx,istarty,itoplinecolor,iwidth,options,prepare1,prepare2,table_code,ts,vfontname,vtext,vvar) values( '0','011000011000','0001AA10000000001J14','1011000','0020','10',null,'00000000','0001AA10000000001IYR',0,1,null,0,-1,0,-16777216,12,20,0,0,null,null,null,0,215,0,80,'<nc.vo.pub.print.PrintCellExtVO>
  <height__decimal>0.0</height__decimal>
  <textDirection>0</textDirection>
  <lineSpaceBetween>0</lineSpaceBetween>
  <formatType>0</formatType>
</nc.vo.pub.print.PrintCellExtVO>',null,null,null,'2018-11-17 17:30:06','Dialog','测试条件',null);
insert into pub_print_cell(bunderline,ccellcode,ccellid,ccombineproperty,ccontentproperty,cisfrozen,cisheadtail,clineproperty,ctemplateid,dr,ffontstyle,fixedstyle,fshadowtype,ibgcolor,ibotlinecolor,ifgcolor,ifonrsize,iheight,ileftlinecolor,irightcolor,isdycolgroup,isdynrowheight,islastpagetrail,istartx,istarty,itoplinecolor,iwidth,options,prepare1,prepare2,table_code,ts,vfontname,vtext,vvar) values( '0','011001011001','0001AA10000000001J15','1011000','0020','10',null,'00000000','0001AA10000000001IYR',0,1,null,0,-1,0,-16777216,12,20,0,0,null,null,null,80,215,0,80,'<nc.vo.pub.print.PrintCellExtVO>
  <height__decimal>0.0</height__decimal>
  <textDirection>0</textDirection>
  <lineSpaceBetween>0</lineSpaceBetween>
  <formatType>0</formatType>
</nc.vo.pub.print.PrintCellExtVO>',null,null,null,'2018-11-17 17:30:06','Dialog','测试条件',null);
insert into pub_print_cell(bunderline,ccellcode,ccellid,ccombineproperty,ccontentproperty,cisfrozen,cisheadtail,clineproperty,ctemplateid,dr,ffontstyle,fixedstyle,fshadowtype,ibgcolor,ibotlinecolor,ifgcolor,ifonrsize,iheight,ileftlinecolor,irightcolor,isdycolgroup,isdynrowheight,islastpagetrail,istartx,istarty,itoplinecolor,iwidth,options,prepare1,prepare2,table_code,ts,vfontname,vtext,vvar) values( '0','011002011002','0001AA10000000001J16','1011000','0020','10',null,'00000000','0001AA10000000001IYR',0,1,null,0,-1,0,-16777216,12,20,0,0,null,null,null,160,215,0,80,'<nc.vo.pub.print.PrintCellExtVO>
  <height__decimal>0.0</height__decimal>
  <textDirection>0</textDirection>
  <lineSpaceBetween>0</lineSpaceBetween>
  <formatType>0</formatType>
</nc.vo.pub.print.PrintCellExtVO>',null,null,null,'2018-11-17 17:30:06','Dialog','测试条件',null);
insert into pub_print_cell(bunderline,ccellcode,ccellid,ccombineproperty,ccontentproperty,cisfrozen,cisheadtail,clineproperty,ctemplateid,dr,ffontstyle,fixedstyle,fshadowtype,ibgcolor,ibotlinecolor,ifgcolor,ifonrsize,iheight,ileftlinecolor,irightcolor,isdycolgroup,isdynrowheight,islastpagetrail,istartx,istarty,itoplinecolor,iwidth,options,prepare1,prepare2,table_code,ts,vfontname,vtext,vvar) values( '0','011000011002','0001AA10000000001J17','0','0020','10',null,'00000000','0001AA10000000001IYR',0,1,null,0,-1,0,-16777216,12,20,0,0,null,null,null,0,215,0,240,'<nc.vo.pub.print.PrintCellExtVO>
  <height__decimal>0.0</height__decimal>
  <textDirection>0</textDirection>
  <lineSpaceBetween>0</lineSpaceBetween>
  <formatType>0</formatType>
</nc.vo.pub.print.PrintCellExtVO>',null,null,null,'2018-11-17 17:30:06','Dialog','测试条件',null);
insert into pub_print_cell(bunderline,ccellcode,ccellid,ccombineproperty,ccontentproperty,cisfrozen,cisheadtail,clineproperty,ctemplateid,dr,ffontstyle,fixedstyle,fshadowtype,ibgcolor,ibotlinecolor,ifgcolor,ifonrsize,iheight,ileftlinecolor,irightcolor,isdycolgroup,isdynrowheight,islastpagetrail,istartx,istarty,itoplinecolor,iwidth,options,prepare1,prepare2,table_code,ts,vfontname,vtext,vvar) values( '0','012000012000','0001AA10000000001J18','0','0110','N',null,'11111111','0001AA10000000001IYR',0,0,null,0,-1,0,-16777216,12,20,0,0,null,null,null,0,235,0,80,'<nc.vo.pub.print.PrintCellExtVO>
  <height__decimal>0.0</height__decimal>
  <textDirection>0</textDirection>
  <lineSpaceBetween>0</lineSpaceBetween>
  <formatType>0</formatType>
</nc.vo.pub.print.PrintCellExtVO>',null,null,null,'2018-11-17 17:30:06','Dialog','测试条件名称',null);
insert into pub_print_cell(bunderline,ccellcode,ccellid,ccombineproperty,ccontentproperty,cisfrozen,cisheadtail,clineproperty,ctemplateid,dr,ffontstyle,fixedstyle,fshadowtype,ibgcolor,ibotlinecolor,ifgcolor,ifonrsize,iheight,ileftlinecolor,irightcolor,isdycolgroup,isdynrowheight,islastpagetrail,istartx,istarty,itoplinecolor,iwidth,options,prepare1,prepare2,table_code,ts,vfontname,vtext,vvar) values( '0','012001012001','0001AA10000000001J19','0','0110','N',null,'11111111','0001AA10000000001IYR',0,0,null,0,-1,0,-16777216,12,20,0,0,null,null,null,80,235,0,80,'<nc.vo.pub.print.PrintCellExtVO>
  <height__decimal>0.0</height__decimal>
  <textDirection>0</textDirection>
  <lineSpaceBetween>0</lineSpaceBetween>
  <formatType>0</formatType>
</nc.vo.pub.print.PrintCellExtVO>',null,null,null,'2018-11-17 17:30:06','Dialog','值类型',null);
insert into pub_print_cell(bunderline,ccellcode,ccellid,ccombineproperty,ccontentproperty,cisfrozen,cisheadtail,clineproperty,ctemplateid,dr,ffontstyle,fixedstyle,fshadowtype,ibgcolor,ibotlinecolor,ifgcolor,ifonrsize,iheight,ileftlinecolor,irightcolor,isdycolgroup,isdynrowheight,islastpagetrail,istartx,istarty,itoplinecolor,iwidth,options,prepare1,prepare2,table_code,ts,vfontname,vtext,vvar) values( '0','012002012002','0001AA10000000001J1A','0','0110','N',null,'11111111','0001AA10000000001IYR',0,0,null,0,-1,0,-16777216,12,20,0,0,null,null,null,160,235,0,80,'<nc.vo.pub.print.PrintCellExtVO>
  <height__decimal>0.0</height__decimal>
  <textDirection>0</textDirection>
  <lineSpaceBetween>0</lineSpaceBetween>
  <formatType>0</formatType>
</nc.vo.pub.print.PrintCellExtVO>',null,null,null,'2018-11-17 17:30:06','Dialog','行号',null);
insert into pub_print_cell(bunderline,ccellcode,ccellid,ccombineproperty,ccontentproperty,cisfrozen,cisheadtail,clineproperty,ctemplateid,dr,ffontstyle,fixedstyle,fshadowtype,ibgcolor,ibotlinecolor,ifgcolor,ifonrsize,iheight,ileftlinecolor,irightcolor,isdycolgroup,isdynrowheight,islastpagetrail,istartx,istarty,itoplinecolor,iwidth,options,prepare1,prepare2,table_code,ts,vfontname,vtext,vvar) values( '0','013000013000','0001AA10000000001J1B','0','1110','N',null,'11111111','0001AA10000000001IYR',0,0,null,0,-1,0,-16777216,12,20,0,0,null,null,null,0,255,0,80,'<nc.vo.pub.print.PrintCellExtVO>
  <height__decimal>0.0</height__decimal>
  <textDirection>0</textDirection>
  <lineSpaceBetween>0</lineSpaceBetween>
  <formatType>0</formatType>
</nc.vo.pub.print.PrintCellExtVO>',null,null,null,'2018-11-17 17:30:06','Dialog','测试条件名称','pk_analysecondition.name');
insert into pub_print_cell(bunderline,ccellcode,ccellid,ccombineproperty,ccontentproperty,cisfrozen,cisheadtail,clineproperty,ctemplateid,dr,ffontstyle,fixedstyle,fshadowtype,ibgcolor,ibotlinecolor,ifgcolor,ifonrsize,iheight,ileftlinecolor,irightcolor,isdycolgroup,isdynrowheight,islastpagetrail,istartx,istarty,itoplinecolor,iwidth,options,prepare1,prepare2,table_code,ts,vfontname,vtext,vvar) values( '0','013001013001','0001AA10000000001J1C','0','1110','N',null,'11111111','0001AA10000000001IYR',0,0,null,0,-1,0,-16777216,12,20,0,0,null,null,null,80,255,0,80,'<nc.vo.pub.print.PrintCellExtVO>
  <height__decimal>0.0</height__decimal>
  <textDirection>0</textDirection>
  <lineSpaceBetween>0</lineSpaceBetween>
  <formatType>0</formatType>
</nc.vo.pub.print.PrintCellExtVO>',null,null,null,'2018-11-17 17:30:06','Dialog','值类型','pk_analysecondition.pk_valuetype.name');
insert into pub_print_cell(bunderline,ccellcode,ccellid,ccombineproperty,ccontentproperty,cisfrozen,cisheadtail,clineproperty,ctemplateid,dr,ffontstyle,fixedstyle,fshadowtype,ibgcolor,ibotlinecolor,ifgcolor,ifonrsize,iheight,ileftlinecolor,irightcolor,isdycolgroup,isdynrowheight,islastpagetrail,istartx,istarty,itoplinecolor,iwidth,options,prepare1,prepare2,table_code,ts,vfontname,vtext,vvar) values( '0','013002013002','0001AA10000000001J1D','0','1110','N',null,'11111111','0001AA10000000001IYR',0,0,null,0,-1,0,-16777216,12,20,0,0,null,null,null,160,255,0,80,'<nc.vo.pub.print.PrintCellExtVO>
  <height__decimal>0.0</height__decimal>
  <textDirection>0</textDirection>
  <lineSpaceBetween>0</lineSpaceBetween>
  <formatType>0</formatType>
</nc.vo.pub.print.PrintCellExtVO>',null,null,null,'2018-11-17 17:30:06','Dialog','行号','pk_analysecondition.rowno');
insert into pub_print_cell(bunderline,ccellcode,ccellid,ccombineproperty,ccontentproperty,cisfrozen,cisheadtail,clineproperty,ctemplateid,dr,ffontstyle,fixedstyle,fshadowtype,ibgcolor,ibotlinecolor,ifgcolor,ifonrsize,iheight,ileftlinecolor,irightcolor,isdycolgroup,isdynrowheight,islastpagetrail,istartx,istarty,itoplinecolor,iwidth,options,prepare1,prepare2,table_code,ts,vfontname,vtext,vvar) values( '0','014000014000','0001AA10000000001J1E','1014000','0020','Y',null,'00000000','0001AA10000000001IYR',0,1,null,0,-1,0,-16777216,12,5,0,0,null,null,null,0,275,0,80,'<nc.vo.pub.print.PrintCellExtVO>
  <height__decimal>0.0</height__decimal>
  <textDirection>0</textDirection>
  <lineSpaceBetween>0</lineSpaceBetween>
  <formatType>0</formatType>
</nc.vo.pub.print.PrintCellExtVO>',null,null,null,'2018-11-17 17:30:06','Dialog',null,null);
insert into pub_print_cell(bunderline,ccellcode,ccellid,ccombineproperty,ccontentproperty,cisfrozen,cisheadtail,clineproperty,ctemplateid,dr,ffontstyle,fixedstyle,fshadowtype,ibgcolor,ibotlinecolor,ifgcolor,ifonrsize,iheight,ileftlinecolor,irightcolor,isdycolgroup,isdynrowheight,islastpagetrail,istartx,istarty,itoplinecolor,iwidth,options,prepare1,prepare2,table_code,ts,vfontname,vtext,vvar) values( '0','014001014001','0001AA10000000001J1F','1014000','0020','Y',null,'00000000','0001AA10000000001IYR',0,1,null,0,-1,0,-16777216,12,5,0,0,null,null,null,80,275,0,80,'<nc.vo.pub.print.PrintCellExtVO>
  <height__decimal>0.0</height__decimal>
  <textDirection>0</textDirection>
  <lineSpaceBetween>0</lineSpaceBetween>
  <formatType>0</formatType>
</nc.vo.pub.print.PrintCellExtVO>',null,null,null,'2018-11-17 17:30:06','Dialog',null,null);
insert into pub_print_cell(bunderline,ccellcode,ccellid,ccombineproperty,ccontentproperty,cisfrozen,cisheadtail,clineproperty,ctemplateid,dr,ffontstyle,fixedstyle,fshadowtype,ibgcolor,ibotlinecolor,ifgcolor,ifonrsize,iheight,ileftlinecolor,irightcolor,isdycolgroup,isdynrowheight,islastpagetrail,istartx,istarty,itoplinecolor,iwidth,options,prepare1,prepare2,table_code,ts,vfontname,vtext,vvar) values( '0','014002014002','0001AA10000000001J1G','1014000','0020','Y',null,'00000000','0001AA10000000001IYR',0,1,null,0,-1,0,-16777216,12,5,0,0,null,null,null,160,275,0,80,'<nc.vo.pub.print.PrintCellExtVO>
  <height__decimal>0.0</height__decimal>
  <textDirection>0</textDirection>
  <lineSpaceBetween>0</lineSpaceBetween>
  <formatType>0</formatType>
</nc.vo.pub.print.PrintCellExtVO>',null,null,null,'2018-11-17 17:30:06','Dialog',null,null);
insert into pub_print_cell(bunderline,ccellcode,ccellid,ccombineproperty,ccontentproperty,cisfrozen,cisheadtail,clineproperty,ctemplateid,dr,ffontstyle,fixedstyle,fshadowtype,ibgcolor,ibotlinecolor,ifgcolor,ifonrsize,iheight,ileftlinecolor,irightcolor,isdycolgroup,isdynrowheight,islastpagetrail,istartx,istarty,itoplinecolor,iwidth,options,prepare1,prepare2,table_code,ts,vfontname,vtext,vvar) values( '0','014000014002','0001AA10000000001J1H','0','0020','Y',null,'00000000','0001AA10000000001IYR',0,1,null,0,-1,0,-16777216,12,5,0,0,null,null,null,0,275,0,240,'<nc.vo.pub.print.PrintCellExtVO>
  <height__decimal>0.0</height__decimal>
  <textDirection>0</textDirection>
  <lineSpaceBetween>0</lineSpaceBetween>
  <formatType>0</formatType>
</nc.vo.pub.print.PrintCellExtVO>',null,null,null,'2018-11-17 17:30:06','Dialog',null,null);

--querytemplate
insert into pub_query_templet(description,devorg,dr,fixcondition,fixquerytree,id,layer,metaclass,model_code,model_name,node_code,parentid,pk_corp,pk_org,resid,ts) values( null,null,null,null,null,'0001AA10000000000KVS',0,'fcbcdbe2-c0e7-4d0d-ac3f-6cfeeb0b036a','C0J00202','委托单','C0J00202',null,'@@@@',null,null,'2018-11-19 10:32:18');
insert into pub_query_condition(consult_code,data_type,disp_sequence,disp_type,disp_value,dr,ext1,ext2,ext3,ext4,ext5,field_code,field_name,guideline,id,if_attrrefused,if_autocheck,if_datapower,if_default,if_desc,if_group,if_immobility,if_multicorpref,if_must,if_notmdcondition,if_order,if_subincluded,if_sum,if_sysfuncrefused,if_used,instrumentsql,iscondition,limits,max_length,opera_code,opera_name,order_sequence,pk_corp,pk_templet,prerestrict,resid,return_type,table_code,table_name,ts,userdefflag,value) values( '-99',0,0,1,null,0,null,null,null,null,null,'pk_commission_h',null,null,'0001AA10000000000KVT','N','Y','N','N',null,'N','N','N','N',null,'N','N','N','N','Y',null,'Y',9999,null,'=@like@left like@right like@','等于@包含@左包含@右包含@',0,'@@@@','0001AA10000000000KVS',null,null,2,null,null,'2018-11-13 19:24:19',null,null);
insert into pub_query_condition(consult_code,data_type,disp_sequence,disp_type,disp_value,dr,ext1,ext2,ext3,ext4,ext5,field_code,field_name,guideline,id,if_attrrefused,if_autocheck,if_datapower,if_default,if_desc,if_group,if_immobility,if_multicorpref,if_must,if_notmdcondition,if_order,if_subincluded,if_sum,if_sysfuncrefused,if_used,instrumentsql,iscondition,limits,max_length,opera_code,opera_name,order_sequence,pk_corp,pk_templet,prerestrict,resid,return_type,table_code,table_name,ts,userdefflag,value) values( '-99',0,1,1,null,0,null,null,null,null,null,'pk_commission_b',null,null,'0001AA10000000000KVU','N','Y','N','N',null,'N','N','N','N',null,'N','N','N','N','Y',null,'Y',9999,null,'=@like@left like@right like@','等于@包含@左包含@右包含@',0,'@@@@','0001AA10000000000KVS',null,null,2,null,null,'2018-11-13 19:24:19',null,null);
insert into pub_query_condition(consult_code,data_type,disp_sequence,disp_type,disp_value,dr,ext1,ext2,ext3,ext4,ext5,field_code,field_name,guideline,id,if_attrrefused,if_autocheck,if_datapower,if_default,if_desc,if_group,if_immobility,if_multicorpref,if_must,if_notmdcondition,if_order,if_subincluded,if_sum,if_sysfuncrefused,if_used,instrumentsql,iscondition,limits,max_length,opera_code,opera_name,order_sequence,pk_corp,pk_templet,prerestrict,resid,return_type,table_code,table_name,ts,userdefflag,value) values( '用户',5,2,1,null,0,null,null,null,null,null,'creator',null,null,'0001AA10000000000KVV','N','Y','N','N',null,'N','N','N','N',null,'N','N','N','N','Y',null,'Y',9999,null,'=','等于@',0,'@@@@','0001AA10000000000KVS',null,null,2,null,null,'2018-11-13 19:24:19',null,null);
insert into pub_query_condition(consult_code,data_type,disp_sequence,disp_type,disp_value,dr,ext1,ext2,ext3,ext4,ext5,field_code,field_name,guideline,id,if_attrrefused,if_autocheck,if_datapower,if_default,if_desc,if_group,if_immobility,if_multicorpref,if_must,if_notmdcondition,if_order,if_subincluded,if_sum,if_sysfuncrefused,if_used,instrumentsql,iscondition,limits,max_length,opera_code,opera_name,order_sequence,pk_corp,pk_templet,prerestrict,resid,return_type,table_code,table_name,ts,userdefflag,value) values( '-99',8,3,1,null,0,null,null,null,null,null,'creationtime',null,null,'0001AA10000000000KVW','N','Y','N','N',null,'N','N','N','N',null,'N','N','N','Y','Y',null,'Y',9999,null,'between@=@>@>=@<@<=@','介于@等于@大于@大于等于@小于@小于等于@',0,'@@@@','0001AA10000000000KVS',null,null,2,null,null,'2018-11-13 19:24:19',null,null);
insert into pub_query_condition(consult_code,data_type,disp_sequence,disp_type,disp_value,dr,ext1,ext2,ext3,ext4,ext5,field_code,field_name,guideline,id,if_attrrefused,if_autocheck,if_datapower,if_default,if_desc,if_group,if_immobility,if_multicorpref,if_must,if_notmdcondition,if_order,if_subincluded,if_sum,if_sysfuncrefused,if_used,instrumentsql,iscondition,limits,max_length,opera_code,opera_name,order_sequence,pk_corp,pk_templet,prerestrict,resid,return_type,table_code,table_name,ts,userdefflag,value) values( '用户',5,4,1,null,0,null,null,null,null,null,'modifier',null,null,'0001AA10000000000KVX','N','Y','N','N',null,'N','N','N','N',null,'N','N','N','N','Y',null,'Y',9999,null,'=','等于@',0,'@@@@','0001AA10000000000KVS',null,null,2,null,null,'2018-11-13 19:24:19',null,null);
insert into pub_query_condition(consult_code,data_type,disp_sequence,disp_type,disp_value,dr,ext1,ext2,ext3,ext4,ext5,field_code,field_name,guideline,id,if_attrrefused,if_autocheck,if_datapower,if_default,if_desc,if_group,if_immobility,if_multicorpref,if_must,if_notmdcondition,if_order,if_subincluded,if_sum,if_sysfuncrefused,if_used,instrumentsql,iscondition,limits,max_length,opera_code,opera_name,order_sequence,pk_corp,pk_templet,prerestrict,resid,return_type,table_code,table_name,ts,userdefflag,value) values( '-99',8,5,1,null,0,null,null,null,null,null,'modifiedtime',null,null,'0001AA10000000000KVY','N','Y','N','N',null,'N','N','N','N',null,'N','N','N','Y','Y',null,'Y',9999,null,'between@=@>@>=@<@<=@','介于@等于@大于@大于等于@小于@小于等于@',0,'@@@@','0001AA10000000000KVS',null,null,2,null,null,'2018-11-13 19:24:19',null,null);
insert into pub_query_condition(consult_code,data_type,disp_sequence,disp_type,disp_value,dr,ext1,ext2,ext3,ext4,ext5,field_code,field_name,guideline,id,if_attrrefused,if_autocheck,if_datapower,if_default,if_desc,if_group,if_immobility,if_multicorpref,if_must,if_notmdcondition,if_order,if_subincluded,if_sum,if_sysfuncrefused,if_used,instrumentsql,iscondition,limits,max_length,opera_code,opera_name,order_sequence,pk_corp,pk_templet,prerestrict,resid,return_type,table_code,table_name,ts,userdefflag,value) values( '-99',8,6,1,null,0,null,null,null,null,null,'lastmaketime',null,null,'0001AA10000000000KVZ','N','Y','N','N',null,'N','N','N','N',null,'N','N','N','Y','Y',null,'Y',9999,null,'between@=@>@>=@<@<=@','介于@等于@大于@大于等于@小于@小于等于@',0,'@@@@','0001AA10000000000KVS',null,null,2,null,null,'2018-11-13 19:24:19',null,null);
insert into pub_query_condition(consult_code,data_type,disp_sequence,disp_type,disp_value,dr,ext1,ext2,ext3,ext4,ext5,field_code,field_name,guideline,id,if_attrrefused,if_autocheck,if_datapower,if_default,if_desc,if_group,if_immobility,if_multicorpref,if_must,if_notmdcondition,if_order,if_subincluded,if_sum,if_sysfuncrefused,if_used,instrumentsql,iscondition,limits,max_length,opera_code,opera_name,order_sequence,pk_corp,pk_templet,prerestrict,resid,return_type,table_code,table_name,ts,userdefflag,value) values( '-99',3,7,0,null,null,null,null,null,null,null,'dmakedate',null,null,'0001AA10000000000KW0','N','Y','N','N','N','N','N','N','N','N','N','N','N','Y','Y',null,'Y',9999,null,'between@=@>@>=@<@<=@','介于@等于@大于@大于等于@小于@小于等于@',0,'@@@@','0001AA10000000000KVS',null,null,2,null,null,'2018-11-19 10:32:18','N','#day(0)#,#day(0)#');
insert into pub_query_condition(consult_code,data_type,disp_sequence,disp_type,disp_value,dr,ext1,ext2,ext3,ext4,ext5,field_code,field_name,guideline,id,if_attrrefused,if_autocheck,if_datapower,if_default,if_desc,if_group,if_immobility,if_multicorpref,if_must,if_notmdcondition,if_order,if_subincluded,if_sum,if_sysfuncrefused,if_used,instrumentsql,iscondition,limits,max_length,opera_code,opera_name,order_sequence,pk_corp,pk_templet,prerestrict,resid,return_type,table_code,table_name,ts,userdefflag,value) values( '集团',5,8,1,null,0,null,null,null,null,null,'pk_group',null,null,'0001AA10000000000KW1','N','Y','N','N',null,'N','N','N','N',null,'N','N','N','N','Y',null,'Y',9999,null,'=','等于@',0,'@@@@','0001AA10000000000KVS',null,null,2,null,null,'2018-11-13 19:24:19',null,null);
insert into pub_query_condition(consult_code,data_type,disp_sequence,disp_type,disp_value,dr,ext1,ext2,ext3,ext4,ext5,field_code,field_name,guideline,id,if_attrrefused,if_autocheck,if_datapower,if_default,if_desc,if_group,if_immobility,if_multicorpref,if_must,if_notmdcondition,if_order,if_subincluded,if_sum,if_sysfuncrefused,if_used,instrumentsql,iscondition,limits,max_length,opera_code,opera_name,order_sequence,pk_corp,pk_templet,prerestrict,resid,return_type,table_code,table_name,ts,userdefflag,value) values( '组织（包含全局）(所有)',5,9,1,null,0,null,null,null,null,null,'pk_org',null,null,'0001AA10000000000KW2','N','Y','N','Y',null,'N','N','N','Y',null,'N','N','N','Y','Y',null,'Y',9999,null,'=@','等于@',0,'@@@@','0001AA10000000000KVS',null,null,2,null,null,'2018-11-13 19:24:19',null,'#mainorg#');
insert into pub_query_condition(consult_code,data_type,disp_sequence,disp_type,disp_value,dr,ext1,ext2,ext3,ext4,ext5,field_code,field_name,guideline,id,if_attrrefused,if_autocheck,if_datapower,if_default,if_desc,if_group,if_immobility,if_multicorpref,if_must,if_notmdcondition,if_order,if_subincluded,if_sum,if_sysfuncrefused,if_used,instrumentsql,iscondition,limits,max_length,opera_code,opera_name,order_sequence,pk_corp,pk_templet,prerestrict,resid,return_type,table_code,table_name,ts,userdefflag,value) values( '业务单元版本',5,10,1,null,0,null,null,null,null,null,'pk_org_v',null,null,'0001AA10000000000KW3','N','Y','N','N',null,'N','N','N','N',null,'N','N','N','N','Y',null,'Y',9999,null,'=','等于@',0,'@@@@','0001AA10000000000KVS',null,null,2,null,null,'2018-11-13 19:24:19',null,null);
insert into pub_query_condition(consult_code,data_type,disp_sequence,disp_type,disp_value,dr,ext1,ext2,ext3,ext4,ext5,field_code,field_name,guideline,id,if_attrrefused,if_autocheck,if_datapower,if_default,if_desc,if_group,if_immobility,if_multicorpref,if_must,if_notmdcondition,if_order,if_subincluded,if_sum,if_sysfuncrefused,if_used,instrumentsql,iscondition,limits,max_length,opera_code,opera_name,order_sequence,pk_corp,pk_templet,prerestrict,resid,return_type,table_code,table_name,ts,userdefflag,value) values( '-99',0,11,1,null,0,null,null,null,null,null,'billid',null,null,'0001AA10000000000KW4','N','Y','N','N',null,'N','N','N','N',null,'N','N','N','N','Y',null,'Y',9999,null,'=@like@left like@right like@','等于@包含@左包含@右包含@',0,'@@@@','0001AA10000000000KVS',null,null,2,null,null,'2018-11-13 19:24:19',null,null);
insert into pub_query_condition(consult_code,data_type,disp_sequence,disp_type,disp_value,dr,ext1,ext2,ext3,ext4,ext5,field_code,field_name,guideline,id,if_attrrefused,if_autocheck,if_datapower,if_default,if_desc,if_group,if_immobility,if_multicorpref,if_must,if_notmdcondition,if_order,if_subincluded,if_sum,if_sysfuncrefused,if_used,instrumentsql,iscondition,limits,max_length,opera_code,opera_name,order_sequence,pk_corp,pk_templet,prerestrict,resid,return_type,table_code,table_name,ts,userdefflag,value) values( '-99',0,12,1,null,0,null,null,null,null,null,'billno',null,null,'0001AA10000000000KW5','N','Y','N','N',null,'N','N','N','N',null,'N','N','N','N','Y',null,'Y',9999,null,'=@like@left like@right like@','等于@包含@左包含@右包含@',0,'@@@@','0001AA10000000000KVS',null,null,2,null,null,'2018-11-13 19:24:19',null,null);
insert into pub_query_condition(consult_code,data_type,disp_sequence,disp_type,disp_value,dr,ext1,ext2,ext3,ext4,ext5,field_code,field_name,guideline,id,if_attrrefused,if_autocheck,if_datapower,if_default,if_desc,if_group,if_immobility,if_multicorpref,if_must,if_notmdcondition,if_order,if_subincluded,if_sum,if_sysfuncrefused,if_used,instrumentsql,iscondition,limits,max_length,opera_code,opera_name,order_sequence,pk_corp,pk_templet,prerestrict,resid,return_type,table_code,table_name,ts,userdefflag,value) values( '-99',0,13,1,null,0,null,null,null,null,null,'busitype',null,null,'0001AA10000000000KW6','N','Y','N','N',null,'N','N','N','N',null,'N','N','N','N','Y',null,'Y',9999,null,'=@like@left like@right like@','等于@包含@左包含@右包含@',0,'@@@@','0001AA10000000000KVS',null,null,2,null,null,'2018-11-13 19:24:19',null,null);
insert into pub_query_condition(consult_code,data_type,disp_sequence,disp_type,disp_value,dr,ext1,ext2,ext3,ext4,ext5,field_code,field_name,guideline,id,if_attrrefused,if_autocheck,if_datapower,if_default,if_desc,if_group,if_immobility,if_multicorpref,if_must,if_notmdcondition,if_order,if_subincluded,if_sum,if_sysfuncrefused,if_used,instrumentsql,iscondition,limits,max_length,opera_code,opera_name,order_sequence,pk_corp,pk_templet,prerestrict,resid,return_type,table_code,table_name,ts,userdefflag,value) values( '-99',0,14,1,null,0,null,null,null,null,null,'billmaker',null,null,'0001AA10000000000KW7','N','Y','N','N',null,'N','N','N','N',null,'N','N','N','N','Y',null,'Y',9999,null,'=@like@left like@right like@','等于@包含@左包含@右包含@',0,'@@@@','0001AA10000000000KVS',null,null,2,null,null,'2018-11-13 19:24:19',null,null);
insert into pub_query_condition(consult_code,data_type,disp_sequence,disp_type,disp_value,dr,ext1,ext2,ext3,ext4,ext5,field_code,field_name,guideline,id,if_attrrefused,if_autocheck,if_datapower,if_default,if_desc,if_group,if_immobility,if_multicorpref,if_must,if_notmdcondition,if_order,if_subincluded,if_sum,if_sysfuncrefused,if_used,instrumentsql,iscondition,limits,max_length,opera_code,opera_name,order_sequence,pk_corp,pk_templet,prerestrict,resid,return_type,table_code,table_name,ts,userdefflag,value) values( '-99',0,15,1,null,0,null,null,null,null,null,'approver',null,null,'0001AA10000000000KW8','N','Y','N','N',null,'N','N','N','N',null,'N','N','N','N','Y',null,'Y',9999,null,'=@like@left like@right like@','等于@包含@左包含@右包含@',0,'@@@@','0001AA10000000000KVS',null,null,2,null,null,'2018-11-13 19:24:19',null,null);
insert into pub_query_condition(consult_code,data_type,disp_sequence,disp_type,disp_value,dr,ext1,ext2,ext3,ext4,ext5,field_code,field_name,guideline,id,if_attrrefused,if_autocheck,if_datapower,if_default,if_desc,if_group,if_immobility,if_multicorpref,if_must,if_notmdcondition,if_order,if_subincluded,if_sum,if_sysfuncrefused,if_used,instrumentsql,iscondition,limits,max_length,opera_code,opera_name,order_sequence,pk_corp,pk_templet,prerestrict,resid,return_type,table_code,table_name,ts,userdefflag,value) values( 'IM,2ed33012-890c-4e5f-82a0-40ef0eeb4b45',6,16,1,null,0,null,null,null,null,null,'approvestatus',null,null,'0001AA10000000000KW9','N','Y','N','N',null,'N','N','N','N',null,'N','N','N','N','Y',null,'Y',9999,null,'=@<>@','等于@不等于@',0,'@@@@','0001AA10000000000KVS',null,null,2,null,null,'2018-11-13 19:24:19',null,null);
insert into pub_query_condition(consult_code,data_type,disp_sequence,disp_type,disp_value,dr,ext1,ext2,ext3,ext4,ext5,field_code,field_name,guideline,id,if_attrrefused,if_autocheck,if_datapower,if_default,if_desc,if_group,if_immobility,if_multicorpref,if_must,if_notmdcondition,if_order,if_subincluded,if_sum,if_sysfuncrefused,if_used,instrumentsql,iscondition,limits,max_length,opera_code,opera_name,order_sequence,pk_corp,pk_templet,prerestrict,resid,return_type,table_code,table_name,ts,userdefflag,value) values( '-99',0,17,1,null,0,null,null,null,null,null,'approvenote',null,null,'0001AA10000000000KWA','N','Y','N','N',null,'N','N','N','N',null,'N','N','N','N','Y',null,'Y',9999,null,'=@like@left like@right like@','等于@包含@左包含@右包含@',0,'@@@@','0001AA10000000000KVS',null,null,2,null,null,'2018-11-13 19:24:19',null,null);
insert into pub_query_condition(consult_code,data_type,disp_sequence,disp_type,disp_value,dr,ext1,ext2,ext3,ext4,ext5,field_code,field_name,guideline,id,if_attrrefused,if_autocheck,if_datapower,if_default,if_desc,if_group,if_immobility,if_multicorpref,if_must,if_notmdcondition,if_order,if_subincluded,if_sum,if_sysfuncrefused,if_used,instrumentsql,iscondition,limits,max_length,opera_code,opera_name,order_sequence,pk_corp,pk_templet,prerestrict,resid,return_type,table_code,table_name,ts,userdefflag,value) values( '-99',0,18,1,null,0,null,null,null,null,null,'transtype',null,null,'0001AA10000000000KWB','N','Y','N','N',null,'N','N','N','N',null,'N','N','N','N','Y',null,'Y',9999,null,'=@like@left like@right like@','等于@包含@左包含@右包含@',0,'@@@@','0001AA10000000000KVS',null,null,2,null,null,'2018-11-13 19:24:19',null,null);
insert into pub_query_condition(consult_code,data_type,disp_sequence,disp_type,disp_value,dr,ext1,ext2,ext3,ext4,ext5,field_code,field_name,guideline,id,if_attrrefused,if_autocheck,if_datapower,if_default,if_desc,if_group,if_immobility,if_multicorpref,if_must,if_notmdcondition,if_order,if_subincluded,if_sum,if_sysfuncrefused,if_used,instrumentsql,iscondition,limits,max_length,opera_code,opera_name,order_sequence,pk_corp,pk_templet,prerestrict,resid,return_type,table_code,table_name,ts,userdefflag,value) values( '-99',3,19,1,null,0,null,null,null,null,null,'taudittime',null,null,'0001AA10000000000KWC','N','Y','N','N',null,'N','N','N','N',null,'N','N','N','Y','Y',null,'Y',9999,null,'between@=@>@>=@<@<=@','介于@等于@大于@大于等于@小于@小于等于@',0,'@@@@','0001AA10000000000KVS',null,null,2,null,null,'2018-11-13 19:24:19',null,null);
insert into pub_query_condition(consult_code,data_type,disp_sequence,disp_type,disp_value,dr,ext1,ext2,ext3,ext4,ext5,field_code,field_name,guideline,id,if_attrrefused,if_autocheck,if_datapower,if_default,if_desc,if_group,if_immobility,if_multicorpref,if_must,if_notmdcondition,if_order,if_subincluded,if_sum,if_sysfuncrefused,if_used,instrumentsql,iscondition,limits,max_length,opera_code,opera_name,order_sequence,pk_corp,pk_templet,prerestrict,resid,return_type,table_code,table_name,ts,userdefflag,value) values( '-99',0,20,1,null,0,null,null,null,null,null,'billtype',null,null,'0001AA10000000000KWD','N','Y','N','N',null,'N','N','N','N',null,'N','N','N','N','Y',null,'Y',9999,null,'=@like@left like@right like@','等于@包含@左包含@右包含@',0,'@@@@','0001AA10000000000KVS',null,null,2,null,null,'2018-11-13 19:24:19',null,null);
insert into pub_query_condition(consult_code,data_type,disp_sequence,disp_type,disp_value,dr,ext1,ext2,ext3,ext4,ext5,field_code,field_name,guideline,id,if_attrrefused,if_autocheck,if_datapower,if_default,if_desc,if_group,if_immobility,if_multicorpref,if_must,if_notmdcondition,if_order,if_subincluded,if_sum,if_sysfuncrefused,if_used,instrumentsql,iscondition,limits,max_length,opera_code,opera_name,order_sequence,pk_corp,pk_templet,prerestrict,resid,return_type,table_code,table_name,ts,userdefflag,value) values( '-99',0,21,1,null,0,null,null,null,null,null,'transtypepk',null,null,'0001AA10000000000KWE','N','Y','N','N',null,'N','N','N','N',null,'N','N','N','N','Y',null,'Y',9999,null,'=@like@left like@right like@','等于@包含@左包含@右包含@',0,'@@@@','0001AA10000000000KVS',null,null,2,null,null,'2018-11-13 19:24:19',null,null);
insert into pub_query_condition(consult_code,data_type,disp_sequence,disp_type,disp_value,dr,ext1,ext2,ext3,ext4,ext5,field_code,field_name,guideline,id,if_attrrefused,if_autocheck,if_datapower,if_default,if_desc,if_group,if_immobility,if_multicorpref,if_must,if_notmdcondition,if_order,if_subincluded,if_sum,if_sysfuncrefused,if_used,instrumentsql,iscondition,limits,max_length,opera_code,opera_name,order_sequence,pk_corp,pk_templet,prerestrict,resid,return_type,table_code,table_name,ts,userdefflag,value) values( '-99',0,22,1,null,0,null,null,null,null,null,'srcbilltype',null,null,'0001AA10000000000KWF','N','Y','N','N',null,'N','N','N','N',null,'N','N','N','N','Y',null,'Y',9999,null,'=@like@left like@right like@','等于@包含@左包含@右包含@',0,'@@@@','0001AA10000000000KVS',null,null,2,null,null,'2018-11-13 19:24:19',null,null);
insert into pub_query_condition(consult_code,data_type,disp_sequence,disp_type,disp_value,dr,ext1,ext2,ext3,ext4,ext5,field_code,field_name,guideline,id,if_attrrefused,if_autocheck,if_datapower,if_default,if_desc,if_group,if_immobility,if_multicorpref,if_must,if_notmdcondition,if_order,if_subincluded,if_sum,if_sysfuncrefused,if_used,instrumentsql,iscondition,limits,max_length,opera_code,opera_name,order_sequence,pk_corp,pk_templet,prerestrict,resid,return_type,table_code,table_name,ts,userdefflag,value) values( '-99',0,23,1,null,0,null,null,null,null,null,'srcbillid',null,null,'0001AA10000000000KWG','N','Y','N','N',null,'N','N','N','N',null,'N','N','N','N','Y',null,'Y',9999,null,'=@like@left like@right like@','等于@包含@左包含@右包含@',0,'@@@@','0001AA10000000000KVS',null,null,2,null,null,'2018-11-13 19:24:19',null,null);
insert into pub_query_condition(consult_code,data_type,disp_sequence,disp_type,disp_value,dr,ext1,ext2,ext3,ext4,ext5,field_code,field_name,guideline,id,if_attrrefused,if_autocheck,if_datapower,if_default,if_desc,if_group,if_immobility,if_multicorpref,if_must,if_notmdcondition,if_order,if_subincluded,if_sum,if_sysfuncrefused,if_used,instrumentsql,iscondition,limits,max_length,opera_code,opera_name,order_sequence,pk_corp,pk_templet,prerestrict,resid,return_type,table_code,table_name,ts,userdefflag,value) values( '-99',1,24,1,null,0,null,null,null,null,null,'emendenum',null,null,'0001AA10000000000KWH','N','Y','N','N',null,'N','N','N','N',null,'N','N','N','N','Y',null,'Y',9999,null,'between@=@>@>=@<@<=@','介于@等于@大于@大于等于@小于@小于等于@',0,'@@@@','0001AA10000000000KVS',null,null,2,null,null,'2018-11-13 19:24:19',null,null);
insert into pub_query_condition(consult_code,data_type,disp_sequence,disp_type,disp_value,dr,ext1,ext2,ext3,ext4,ext5,field_code,field_name,guideline,id,if_attrrefused,if_autocheck,if_datapower,if_default,if_desc,if_group,if_immobility,if_multicorpref,if_must,if_notmdcondition,if_order,if_subincluded,if_sum,if_sysfuncrefused,if_used,instrumentsql,iscondition,limits,max_length,opera_code,opera_name,order_sequence,pk_corp,pk_templet,prerestrict,resid,return_type,table_code,table_name,ts,userdefflag,value) values( '-99',0,25,1,null,0,null,null,null,null,null,'billversionpk',null,null,'0001AA10000000000KWI','N','Y','N','N',null,'N','N','N','N',null,'N','N','N','N','Y',null,'Y',9999,null,'=@like@left like@right like@','等于@包含@左包含@右包含@',0,'@@@@','0001AA10000000000KVS',null,null,2,null,null,'2018-11-13 19:24:19',null,null);
insert into pub_query_condition(consult_code,data_type,disp_sequence,disp_type,disp_value,dr,ext1,ext2,ext3,ext4,ext5,field_code,field_name,guideline,id,if_attrrefused,if_autocheck,if_datapower,if_default,if_desc,if_group,if_immobility,if_multicorpref,if_must,if_notmdcondition,if_order,if_subincluded,if_sum,if_sysfuncrefused,if_used,instrumentsql,iscondition,limits,max_length,opera_code,opera_name,order_sequence,pk_corp,pk_templet,prerestrict,resid,return_type,table_code,table_name,ts,userdefflag,value) values( '-99',5,26,1,null,0,null,null,null,null,null,'pk_commissiontype',null,null,'0001AA10000000000KWJ','N','Y','N','N',null,'N','N','N','N',null,'N','N','N','N','Y',null,'Y',9999,null,'=','等于@',0,'@@@@','0001AA10000000000KVS',null,null,2,null,null,'2018-11-13 19:24:19',null,null);
insert into pub_query_condition(consult_code,data_type,disp_sequence,disp_type,disp_value,dr,ext1,ext2,ext3,ext4,ext5,field_code,field_name,guideline,id,if_attrrefused,if_autocheck,if_datapower,if_default,if_desc,if_group,if_immobility,if_multicorpref,if_must,if_notmdcondition,if_order,if_subincluded,if_sum,if_sysfuncrefused,if_used,instrumentsql,iscondition,limits,max_length,opera_code,opera_name,order_sequence,pk_corp,pk_templet,prerestrict,resid,return_type,table_code,table_name,ts,userdefflag,value) values( '业务单元',5,27,1,null,0,null,null,null,null,null,'pk_owner',null,null,'0001AA10000000000KWK','N','Y','N','N',null,'N','N','N','N',null,'N','N','N','N','Y',null,'Y',9999,null,'=','等于@',0,'@@@@','0001AA10000000000KVS',null,null,2,null,null,'2018-11-13 19:24:19',null,null);
insert into pub_query_condition(consult_code,data_type,disp_sequence,disp_type,disp_value,dr,ext1,ext2,ext3,ext4,ext5,field_code,field_name,guideline,id,if_attrrefused,if_autocheck,if_datapower,if_default,if_desc,if_group,if_immobility,if_multicorpref,if_must,if_notmdcondition,if_order,if_subincluded,if_sum,if_sysfuncrefused,if_used,instrumentsql,iscondition,limits,max_length,opera_code,opera_name,order_sequence,pk_corp,pk_templet,prerestrict,resid,return_type,table_code,table_name,ts,userdefflag,value) values( '部门',5,28,1,null,0,null,null,null,null,null,'pk_dept',null,null,'0001AA10000000000KWL','N','Y','N','N',null,'N','N','N','N',null,'N','N','N','N','Y',null,'Y',9999,null,'=','等于@',0,'@@@@','0001AA10000000000KVS',null,null,2,null,null,'2018-11-13 19:24:19',null,null);
insert into pub_query_condition(consult_code,data_type,disp_sequence,disp_type,disp_value,dr,ext1,ext2,ext3,ext4,ext5,field_code,field_name,guideline,id,if_attrrefused,if_autocheck,if_datapower,if_default,if_desc,if_group,if_immobility,if_multicorpref,if_must,if_notmdcondition,if_order,if_subincluded,if_sum,if_sysfuncrefused,if_used,instrumentsql,iscondition,limits,max_length,opera_code,opera_name,order_sequence,pk_corp,pk_templet,prerestrict,resid,return_type,table_code,table_name,ts,userdefflag,value) values( '业务单元',5,29,1,null,0,null,null,null,null,null,'pk_payer',null,null,'0001AA10000000000KWM','N','Y','N','N',null,'N','N','N','N',null,'N','N','N','N','Y',null,'Y',9999,null,'=','等于@',0,'@@@@','0001AA10000000000KVS',null,null,2,null,null,'2018-11-13 19:24:19',null,null);
insert into pub_query_condition(consult_code,data_type,disp_sequence,disp_type,disp_value,dr,ext1,ext2,ext3,ext4,ext5,field_code,field_name,guideline,id,if_attrrefused,if_autocheck,if_datapower,if_default,if_desc,if_group,if_immobility,if_multicorpref,if_must,if_notmdcondition,if_order,if_subincluded,if_sum,if_sysfuncrefused,if_used,instrumentsql,iscondition,limits,max_length,opera_code,opera_name,order_sequence,pk_corp,pk_templet,prerestrict,resid,return_type,table_code,table_name,ts,userdefflag,value) values( '-99',5,30,1,null,0,null,null,null,null,null,'pk_maincategory',null,null,'0001AA10000000000KWN','N','Y','N','N',null,'N','N','N','N',null,'N','N','N','N','Y',null,'Y',9999,null,'=','等于@',0,'@@@@','0001AA10000000000KVS',null,null,2,null,null,'2018-11-13 19:24:19',null,null);
insert into pub_query_condition(consult_code,data_type,disp_sequence,disp_type,disp_value,dr,ext1,ext2,ext3,ext4,ext5,field_code,field_name,guideline,id,if_attrrefused,if_autocheck,if_datapower,if_default,if_desc,if_group,if_immobility,if_multicorpref,if_must,if_notmdcondition,if_order,if_subincluded,if_sum,if_sysfuncrefused,if_used,instrumentsql,iscondition,limits,max_length,opera_code,opera_name,order_sequence,pk_corp,pk_templet,prerestrict,resid,return_type,table_code,table_name,ts,userdefflag,value) values( '-99',5,31,1,null,0,null,null,null,null,null,'pk_subcategory',null,null,'0001AA10000000000KWO','N','Y','N','N',null,'N','N','N','N',null,'N','N','N','N','Y',null,'Y',9999,null,'=','等于@',0,'@@@@','0001AA10000000000KVS',null,null,2,null,null,'2018-11-13 19:24:19',null,null);
insert into pub_query_condition(consult_code,data_type,disp_sequence,disp_type,disp_value,dr,ext1,ext2,ext3,ext4,ext5,field_code,field_name,guideline,id,if_attrrefused,if_autocheck,if_datapower,if_default,if_desc,if_group,if_immobility,if_multicorpref,if_must,if_notmdcondition,if_order,if_subincluded,if_sum,if_sysfuncrefused,if_used,instrumentsql,iscondition,limits,max_length,opera_code,opera_name,order_sequence,pk_corp,pk_templet,prerestrict,resid,return_type,table_code,table_name,ts,userdefflag,value) values( '-99',5,32,1,null,0,null,null,null,null,null,'pk_lastcategory',null,null,'0001AA10000000000KWP','N','Y','N','N',null,'N','N','N','N',null,'N','N','N','N','Y',null,'Y',9999,null,'=','等于@',0,'@@@@','0001AA10000000000KVS',null,null,2,null,null,'2018-11-13 19:24:19',null,null);
insert into pub_query_condition(consult_code,data_type,disp_sequence,disp_type,disp_value,dr,ext1,ext2,ext3,ext4,ext5,field_code,field_name,guideline,id,if_attrrefused,if_autocheck,if_datapower,if_default,if_desc,if_group,if_immobility,if_multicorpref,if_must,if_notmdcondition,if_order,if_subincluded,if_sum,if_sysfuncrefused,if_used,instrumentsql,iscondition,limits,max_length,opera_code,opera_name,order_sequence,pk_corp,pk_templet,prerestrict,resid,return_type,table_code,table_name,ts,userdefflag,value) values( '-99',0,33,1,null,0,null,null,null,null,null,'contract',null,null,'0001AA10000000000KWQ','N','Y','N','N',null,'N','N','N','N',null,'N','N','N','N','Y',null,'Y',9999,null,'=@like@left like@right like@','等于@包含@左包含@右包含@',0,'@@@@','0001AA10000000000KVS',null,null,2,null,null,'2018-11-13 19:24:19',null,null);
insert into pub_query_condition(consult_code,data_type,disp_sequence,disp_type,disp_value,dr,ext1,ext2,ext3,ext4,ext5,field_code,field_name,guideline,id,if_attrrefused,if_autocheck,if_datapower,if_default,if_desc,if_group,if_immobility,if_multicorpref,if_must,if_notmdcondition,if_order,if_subincluded,if_sum,if_sysfuncrefused,if_used,instrumentsql,iscondition,limits,max_length,opera_code,opera_name,order_sequence,pk_corp,pk_templet,prerestrict,resid,return_type,table_code,table_name,ts,userdefflag,value) values( '人员',5,34,1,null,0,null,null,null,null,null,'cuserid',null,null,'0001AA10000000000KWR','N','Y','N','N',null,'N','N','N','N',null,'N','N','N','N','Y',null,'Y',9999,null,'=','等于@',0,'@@@@','0001AA10000000000KVS',null,null,2,null,null,'2018-11-13 19:24:19',null,null);
insert into pub_query_condition(consult_code,data_type,disp_sequence,disp_type,disp_value,dr,ext1,ext2,ext3,ext4,ext5,field_code,field_name,guideline,id,if_attrrefused,if_autocheck,if_datapower,if_default,if_desc,if_group,if_immobility,if_multicorpref,if_must,if_notmdcondition,if_order,if_subincluded,if_sum,if_sysfuncrefused,if_used,instrumentsql,iscondition,limits,max_length,opera_code,opera_name,order_sequence,pk_corp,pk_templet,prerestrict,resid,return_type,table_code,table_name,ts,userdefflag,value) values( '-99',0,35,1,null,0,null,null,null,null,null,'email',null,null,'0001AA10000000000KWS','N','Y','N','N',null,'N','N','N','N',null,'N','N','N','N','Y',null,'Y',9999,null,'=@like@left like@right like@','等于@包含@左包含@右包含@',0,'@@@@','0001AA10000000000KVS',null,null,2,null,null,'2018-11-13 19:24:19',null,null);
insert into pub_query_condition(consult_code,data_type,disp_sequence,disp_type,disp_value,dr,ext1,ext2,ext3,ext4,ext5,field_code,field_name,guideline,id,if_attrrefused,if_autocheck,if_datapower,if_default,if_desc,if_group,if_immobility,if_multicorpref,if_must,if_notmdcondition,if_order,if_subincluded,if_sum,if_sysfuncrefused,if_used,instrumentsql,iscondition,limits,max_length,opera_code,opera_name,order_sequence,pk_corp,pk_templet,prerestrict,resid,return_type,table_code,table_name,ts,userdefflag,value) values( '-99',0,36,1,null,0,null,null,null,null,null,'teleno',null,null,'0001AA10000000000KWT','N','Y','N','N',null,'N','N','N','N',null,'N','N','N','N','Y',null,'Y',9999,null,'=@like@left like@right like@','等于@包含@左包含@右包含@',0,'@@@@','0001AA10000000000KVS',null,null,2,null,null,'2018-11-13 19:24:19',null,null);
insert into pub_query_condition(consult_code,data_type,disp_sequence,disp_type,disp_value,dr,ext1,ext2,ext3,ext4,ext5,field_code,field_name,guideline,id,if_attrrefused,if_autocheck,if_datapower,if_default,if_desc,if_group,if_immobility,if_multicorpref,if_must,if_notmdcondition,if_order,if_subincluded,if_sum,if_sysfuncrefused,if_used,instrumentsql,iscondition,limits,max_length,opera_code,opera_name,order_sequence,pk_corp,pk_templet,prerestrict,resid,return_type,table_code,table_name,ts,userdefflag,value) values( 'IM,539eec3e-ca7f-4604-8cbf-8775850bc5c7',6,37,1,null,0,null,null,null,null,null,'reportformat',null,null,'0001AA10000000000KWU','N','Y','N','N',null,'N','N','N','N',null,'N','N','N','N','Y',null,'Y',9999,null,'=@<>@','等于@不等于@',0,'@@@@','0001AA10000000000KVS',null,null,2,null,null,'2018-11-13 19:24:19',null,null);
insert into pub_query_condition(consult_code,data_type,disp_sequence,disp_type,disp_value,dr,ext1,ext2,ext3,ext4,ext5,field_code,field_name,guideline,id,if_attrrefused,if_autocheck,if_datapower,if_default,if_desc,if_group,if_immobility,if_multicorpref,if_must,if_notmdcondition,if_order,if_subincluded,if_sum,if_sysfuncrefused,if_used,instrumentsql,iscondition,limits,max_length,opera_code,opera_name,order_sequence,pk_corp,pk_templet,prerestrict,resid,return_type,table_code,table_name,ts,userdefflag,value) values( 'IM,f6ce1fc6-f44d-4fba-bbcc-0eeb358dcb38',6,38,1,null,0,null,null,null,null,null,'reportlang',null,null,'0001AA10000000000KWV','N','Y','N','N',null,'N','N','N','N',null,'N','N','N','N','Y',null,'Y',9999,null,'=@<>@','等于@不等于@',0,'@@@@','0001AA10000000000KVS',null,null,2,null,null,'2018-11-13 19:24:19',null,null);
insert into pub_query_condition(consult_code,data_type,disp_sequence,disp_type,disp_value,dr,ext1,ext2,ext3,ext4,ext5,field_code,field_name,guideline,id,if_attrrefused,if_autocheck,if_datapower,if_default,if_desc,if_group,if_immobility,if_multicorpref,if_must,if_notmdcondition,if_order,if_subincluded,if_sum,if_sysfuncrefused,if_used,instrumentsql,iscondition,limits,max_length,opera_code,opera_name,order_sequence,pk_corp,pk_templet,prerestrict,resid,return_type,table_code,table_name,ts,userdefflag,value) values( '-99',4,39,1,null,0,null,null,null,null,null,'sendflag',null,null,'0001AA10000000000KWW','N','Y','N','N',null,'N','N','N','N',null,'N','N','N','N','Y',null,'Y',9999,null,'=@','等于@',0,'@@@@','0001AA10000000000KVS',null,null,2,null,null,'2018-11-13 19:24:19',null,null);
insert into pub_query_condition(consult_code,data_type,disp_sequence,disp_type,disp_value,dr,ext1,ext2,ext3,ext4,ext5,field_code,field_name,guideline,id,if_attrrefused,if_autocheck,if_datapower,if_default,if_desc,if_group,if_immobility,if_multicorpref,if_must,if_notmdcondition,if_order,if_subincluded,if_sum,if_sysfuncrefused,if_used,instrumentsql,iscondition,limits,max_length,opera_code,opera_name,order_sequence,pk_corp,pk_templet,prerestrict,resid,return_type,table_code,table_name,ts,userdefflag,value) values( 'IM,1d54a1b6-062b-4774-8e4c-84e7899dc1b6',6,40,1,null,0,null,null,null,null,null,'sampledealtype',null,null,'0001AA10000000000KWX','N','Y','N','N',null,'N','N','N','N',null,'N','N','N','N','Y',null,'Y',9999,null,'=@<>@','等于@不等于@',0,'@@@@','0001AA10000000000KVS',null,null,2,null,null,'2018-11-13 19:24:19',null,null);

insert into pub_query_templet(description,devorg,dr,fixcondition,fixquerytree,id,layer,metaclass,model_code,model_name,node_code,parentid,pk_corp,pk_org,resid,ts) values( null,null,null,null,null,'0001AA10000000001IT2',0,'32f9293c-8094-4e7b-ba8a-21bbcfb17a5d','C0J00119','值类型','C0J00119',null,'@@@@',null,null,'2018-11-19 10:32:06');
insert into pub_query_condition(consult_code,data_type,disp_sequence,disp_type,disp_value,dr,ext1,ext2,ext3,ext4,ext5,field_code,field_name,guideline,id,if_attrrefused,if_autocheck,if_datapower,if_default,if_desc,if_group,if_immobility,if_multicorpref,if_must,if_notmdcondition,if_order,if_subincluded,if_sum,if_sysfuncrefused,if_used,instrumentsql,iscondition,limits,max_length,opera_code,opera_name,order_sequence,pk_corp,pk_templet,prerestrict,resid,return_type,table_code,table_name,ts,userdefflag,value) values( '-99',0,0,1,null,0,null,null,null,null,null,'pk_valuetype',null,null,'0001AA10000000001IT3','N','Y','N','N',null,'N','N','N','N',null,'N','N','N','N','Y',null,'Y',9999,null,'=@like@left like@right like@','等于@包含@左包含@右包含@',0,'@@@@','0001AA10000000001IT2',null,null,2,null,null,'2018-11-17 17:12:18',null,null);
insert into pub_query_condition(consult_code,data_type,disp_sequence,disp_type,disp_value,dr,ext1,ext2,ext3,ext4,ext5,field_code,field_name,guideline,id,if_attrrefused,if_autocheck,if_datapower,if_default,if_desc,if_group,if_immobility,if_multicorpref,if_must,if_notmdcondition,if_order,if_subincluded,if_sum,if_sysfuncrefused,if_used,instrumentsql,iscondition,limits,max_length,opera_code,opera_name,order_sequence,pk_corp,pk_templet,prerestrict,resid,return_type,table_code,table_name,ts,userdefflag,value) values( '-99',0,1,1,null,0,null,null,null,null,null,'pk_valuelist',null,null,'0001AA10000000001IT4','N','Y','N','N',null,'N','N','N','N',null,'N','N','N','N','Y',null,'Y',9999,null,'=@like@left like@right like@','等于@包含@左包含@右包含@',0,'@@@@','0001AA10000000001IT2',null,null,2,null,null,'2018-11-17 17:12:18',null,null);
insert into pub_query_condition(consult_code,data_type,disp_sequence,disp_type,disp_value,dr,ext1,ext2,ext3,ext4,ext5,field_code,field_name,guideline,id,if_attrrefused,if_autocheck,if_datapower,if_default,if_desc,if_group,if_immobility,if_multicorpref,if_must,if_notmdcondition,if_order,if_subincluded,if_sum,if_sysfuncrefused,if_used,instrumentsql,iscondition,limits,max_length,opera_code,opera_name,order_sequence,pk_corp,pk_templet,prerestrict,resid,return_type,table_code,table_name,ts,userdefflag,value) values( '集团',5,2,1,null,0,null,null,null,null,null,'pk_group',null,null,'0001AA10000000001IT5','N','Y','N','N',null,'N','N','N','N',null,'N','N','N','N','Y',null,'Y',9999,null,'=','等于@',0,'@@@@','0001AA10000000001IT2',null,null,2,null,null,'2018-11-17 17:12:18',null,null);
insert into pub_query_condition(consult_code,data_type,disp_sequence,disp_type,disp_value,dr,ext1,ext2,ext3,ext4,ext5,field_code,field_name,guideline,id,if_attrrefused,if_autocheck,if_datapower,if_default,if_desc,if_group,if_immobility,if_multicorpref,if_must,if_notmdcondition,if_order,if_subincluded,if_sum,if_sysfuncrefused,if_used,instrumentsql,iscondition,limits,max_length,opera_code,opera_name,order_sequence,pk_corp,pk_templet,prerestrict,resid,return_type,table_code,table_name,ts,userdefflag,value) values( '组织（包含全局）(所有)',5,3,1,null,0,null,null,null,null,null,'pk_org',null,null,'0001AA10000000001IT6','N','Y','N','Y',null,'N','N','N','Y',null,'N','N','N','Y','Y',null,'Y',9999,null,'=@','等于@',0,'@@@@','0001AA10000000001IT2',null,null,2,null,null,'2018-11-17 17:12:18',null,'#mainorg#');
insert into pub_query_condition(consult_code,data_type,disp_sequence,disp_type,disp_value,dr,ext1,ext2,ext3,ext4,ext5,field_code,field_name,guideline,id,if_attrrefused,if_autocheck,if_datapower,if_default,if_desc,if_group,if_immobility,if_multicorpref,if_must,if_notmdcondition,if_order,if_subincluded,if_sum,if_sysfuncrefused,if_used,instrumentsql,iscondition,limits,max_length,opera_code,opera_name,order_sequence,pk_corp,pk_templet,prerestrict,resid,return_type,table_code,table_name,ts,userdefflag,value) values( '业务单元版本',5,4,1,null,0,null,null,null,null,null,'pk_org_v',null,null,'0001AA10000000001IT7','N','Y','N','N',null,'N','N','N','N',null,'N','N','N','N','Y',null,'Y',9999,null,'=','等于@',0,'@@@@','0001AA10000000001IT2',null,null,2,null,null,'2018-11-17 17:12:18',null,null);
insert into pub_query_condition(consult_code,data_type,disp_sequence,disp_type,disp_value,dr,ext1,ext2,ext3,ext4,ext5,field_code,field_name,guideline,id,if_attrrefused,if_autocheck,if_datapower,if_default,if_desc,if_group,if_immobility,if_multicorpref,if_must,if_notmdcondition,if_order,if_subincluded,if_sum,if_sysfuncrefused,if_used,instrumentsql,iscondition,limits,max_length,opera_code,opera_name,order_sequence,pk_corp,pk_templet,prerestrict,resid,return_type,table_code,table_name,ts,userdefflag,value) values( '用户',5,5,1,null,0,null,null,null,null,null,'creator',null,null,'0001AA10000000001IT8','N','Y','N','N',null,'N','N','N','N',null,'N','N','N','N','Y',null,'Y',9999,null,'=','等于@',0,'@@@@','0001AA10000000001IT2',null,null,2,null,null,'2018-11-17 17:12:18',null,null);
insert into pub_query_condition(consult_code,data_type,disp_sequence,disp_type,disp_value,dr,ext1,ext2,ext3,ext4,ext5,field_code,field_name,guideline,id,if_attrrefused,if_autocheck,if_datapower,if_default,if_desc,if_group,if_immobility,if_multicorpref,if_must,if_notmdcondition,if_order,if_subincluded,if_sum,if_sysfuncrefused,if_used,instrumentsql,iscondition,limits,max_length,opera_code,opera_name,order_sequence,pk_corp,pk_templet,prerestrict,resid,return_type,table_code,table_name,ts,userdefflag,value) values( '-99',8,6,1,null,0,null,null,null,null,null,'creationtime',null,null,'0001AA10000000001IT9','N','Y','N','N',null,'N','N','N','N',null,'N','N','N','Y','Y',null,'Y',9999,null,'between@=@>@>=@<@<=@','介于@等于@大于@大于等于@小于@小于等于@',0,'@@@@','0001AA10000000001IT2',null,null,2,null,null,'2018-11-17 17:12:18',null,null);
insert into pub_query_condition(consult_code,data_type,disp_sequence,disp_type,disp_value,dr,ext1,ext2,ext3,ext4,ext5,field_code,field_name,guideline,id,if_attrrefused,if_autocheck,if_datapower,if_default,if_desc,if_group,if_immobility,if_multicorpref,if_must,if_notmdcondition,if_order,if_subincluded,if_sum,if_sysfuncrefused,if_used,instrumentsql,iscondition,limits,max_length,opera_code,opera_name,order_sequence,pk_corp,pk_templet,prerestrict,resid,return_type,table_code,table_name,ts,userdefflag,value) values( '用户',5,7,1,null,0,null,null,null,null,null,'modifier',null,null,'0001AA10000000001ITA','N','Y','N','N',null,'N','N','N','N',null,'N','N','N','N','Y',null,'Y',9999,null,'=','等于@',0,'@@@@','0001AA10000000001IT2',null,null,2,null,null,'2018-11-17 17:12:18',null,null);
insert into pub_query_condition(consult_code,data_type,disp_sequence,disp_type,disp_value,dr,ext1,ext2,ext3,ext4,ext5,field_code,field_name,guideline,id,if_attrrefused,if_autocheck,if_datapower,if_default,if_desc,if_group,if_immobility,if_multicorpref,if_must,if_notmdcondition,if_order,if_subincluded,if_sum,if_sysfuncrefused,if_used,instrumentsql,iscondition,limits,max_length,opera_code,opera_name,order_sequence,pk_corp,pk_templet,prerestrict,resid,return_type,table_code,table_name,ts,userdefflag,value) values( '-99',8,8,1,null,0,null,null,null,null,null,'modifiedtime',null,null,'0001AA10000000001ITB','N','Y','N','N',null,'N','N','N','N',null,'N','N','N','Y','Y',null,'Y',9999,null,'between@=@>@>=@<@<=@','介于@等于@大于@大于等于@小于@小于等于@',0,'@@@@','0001AA10000000001IT2',null,null,2,null,null,'2018-11-17 17:12:18',null,null);
insert into pub_query_condition(consult_code,data_type,disp_sequence,disp_type,disp_value,dr,ext1,ext2,ext3,ext4,ext5,field_code,field_name,guideline,id,if_attrrefused,if_autocheck,if_datapower,if_default,if_desc,if_group,if_immobility,if_multicorpref,if_must,if_notmdcondition,if_order,if_subincluded,if_sum,if_sysfuncrefused,if_used,instrumentsql,iscondition,limits,max_length,opera_code,opera_name,order_sequence,pk_corp,pk_templet,prerestrict,resid,return_type,table_code,table_name,ts,userdefflag,value) values( '-99',0,9,1,null,0,null,null,null,null,null,'code',null,null,'0001AA10000000001ITC','N','Y','N','N',null,'N','N','N','N',null,'N','N','N','N','Y',null,'Y',9999,null,'=@like@left like@right like@','等于@包含@左包含@右包含@',0,'@@@@','0001AA10000000001IT2',null,null,2,null,null,'2018-11-17 17:12:18',null,null);
insert into pub_query_condition(consult_code,data_type,disp_sequence,disp_type,disp_value,dr,ext1,ext2,ext3,ext4,ext5,field_code,field_name,guideline,id,if_attrrefused,if_autocheck,if_datapower,if_default,if_desc,if_group,if_immobility,if_multicorpref,if_must,if_notmdcondition,if_order,if_subincluded,if_sum,if_sysfuncrefused,if_used,instrumentsql,iscondition,limits,max_length,opera_code,opera_name,order_sequence,pk_corp,pk_templet,prerestrict,resid,return_type,table_code,table_name,ts,userdefflag,value) values( '-99',0,10,1,null,0,null,null,null,null,null,'name',null,null,'0001AA10000000001ITD','N','Y','N','N',null,'N','N','N','N',null,'N','N','N','N','Y',null,'Y',9999,null,'=@like@left like@right like@','等于@包含@左包含@右包含@',0,'@@@@','0001AA10000000001IT2',null,null,2,null,null,'2018-11-17 17:12:18',null,null);
insert into pub_query_condition(consult_code,data_type,disp_sequence,disp_type,disp_value,dr,ext1,ext2,ext3,ext4,ext5,field_code,field_name,guideline,id,if_attrrefused,if_autocheck,if_datapower,if_default,if_desc,if_group,if_immobility,if_multicorpref,if_must,if_notmdcondition,if_order,if_subincluded,if_sum,if_sysfuncrefused,if_used,instrumentsql,iscondition,limits,max_length,opera_code,opera_name,order_sequence,pk_corp,pk_templet,prerestrict,resid,return_type,table_code,table_name,ts,userdefflag,value) values( '-99',8,11,1,null,0,null,null,null,null,null,'maketime',null,null,'0001AA10000000001ITE','N','Y','N','N',null,'N','N','N','N',null,'N','N','N','Y','Y',null,'Y',9999,null,'between@=@>@>=@<@<=@','介于@等于@大于@大于等于@小于@小于等于@',0,'@@@@','0001AA10000000001IT2',null,null,2,null,null,'2018-11-17 17:12:18',null,null);
insert into pub_query_condition(consult_code,data_type,disp_sequence,disp_type,disp_value,dr,ext1,ext2,ext3,ext4,ext5,field_code,field_name,guideline,id,if_attrrefused,if_autocheck,if_datapower,if_default,if_desc,if_group,if_immobility,if_multicorpref,if_must,if_notmdcondition,if_order,if_subincluded,if_sum,if_sysfuncrefused,if_used,instrumentsql,iscondition,limits,max_length,opera_code,opera_name,order_sequence,pk_corp,pk_templet,prerestrict,resid,return_type,table_code,table_name,ts,userdefflag,value) values( '-99',8,12,1,null,0,null,null,null,null,null,'lastmaketime',null,null,'0001AA10000000001ITF','N','Y','N','N',null,'N','N','N','N',null,'N','N','N','Y','Y',null,'Y',9999,null,'between@=@>@>=@<@<=@','介于@等于@大于@大于等于@小于@小于等于@',0,'@@@@','0001AA10000000001IT2',null,null,2,null,null,'2018-11-17 17:12:18',null,null);
insert into pub_query_condition(consult_code,data_type,disp_sequence,disp_type,disp_value,dr,ext1,ext2,ext3,ext4,ext5,field_code,field_name,guideline,id,if_attrrefused,if_autocheck,if_datapower,if_default,if_desc,if_group,if_immobility,if_multicorpref,if_must,if_notmdcondition,if_order,if_subincluded,if_sum,if_sysfuncrefused,if_used,instrumentsql,iscondition,limits,max_length,opera_code,opera_name,order_sequence,pk_corp,pk_templet,prerestrict,resid,return_type,table_code,table_name,ts,userdefflag,value) values( '-99',3,13,0,null,null,null,null,null,null,null,'dmakedate',null,null,'0001AA10000000001ITG','N','Y','N','N','N','N','N','N','N','N','N','N','N','Y','Y',null,'Y',9999,null,'between@=@>@>=@<@<=@','介于@等于@大于@大于等于@小于@小于等于@',0,'@@@@','0001AA10000000001IT2',null,null,2,null,null,'2018-11-19 10:32:06','N','#day(0)#,#day(0)#');

insert into pub_query_templet(description,devorg,dr,fixcondition,fixquerytree,id,layer,metaclass,model_code,model_name,node_code,parentid,pk_corp,pk_org,resid,ts) values( null,null,null,null,null,'0001AA10000000001IYA',0,'48bf60f8-75c2-42cf-b409-688b26458f06','C0J00121','分析方法','C0J00121',null,'@@@@',null,null,'2018-11-19 10:31:56');
insert into pub_query_condition(consult_code,data_type,disp_sequence,disp_type,disp_value,dr,ext1,ext2,ext3,ext4,ext5,field_code,field_name,guideline,id,if_attrrefused,if_autocheck,if_datapower,if_default,if_desc,if_group,if_immobility,if_multicorpref,if_must,if_notmdcondition,if_order,if_subincluded,if_sum,if_sysfuncrefused,if_used,instrumentsql,iscondition,limits,max_length,opera_code,opera_name,order_sequence,pk_corp,pk_templet,prerestrict,resid,return_type,table_code,table_name,ts,userdefflag,value) values( '集团',5,2,1,null,0,null,null,null,null,null,'pk_group',null,null,'0001AA10000000001IYD','N','Y','N','N',null,'N','N','N','N',null,'N','N','N','N','Y',null,'Y',9999,null,'=','等于@',0,'@@@@','0001AA10000000001IYA',null,null,2,null,null,'2018-11-17 17:30:05',null,null);
insert into pub_query_condition(consult_code,data_type,disp_sequence,disp_type,disp_value,dr,ext1,ext2,ext3,ext4,ext5,field_code,field_name,guideline,id,if_attrrefused,if_autocheck,if_datapower,if_default,if_desc,if_group,if_immobility,if_multicorpref,if_must,if_notmdcondition,if_order,if_subincluded,if_sum,if_sysfuncrefused,if_used,instrumentsql,iscondition,limits,max_length,opera_code,opera_name,order_sequence,pk_corp,pk_templet,prerestrict,resid,return_type,table_code,table_name,ts,userdefflag,value) values( '组织（包含全局）(所有)',5,3,1,null,0,null,null,null,null,null,'pk_org',null,null,'0001AA10000000001IYE','N','Y','N','Y',null,'N','N','N','Y',null,'N','N','N','Y','Y',null,'Y',9999,null,'=@','等于@',0,'@@@@','0001AA10000000001IYA',null,null,2,null,null,'2018-11-17 17:30:05',null,'#mainorg#');
insert into pub_query_condition(consult_code,data_type,disp_sequence,disp_type,disp_value,dr,ext1,ext2,ext3,ext4,ext5,field_code,field_name,guideline,id,if_attrrefused,if_autocheck,if_datapower,if_default,if_desc,if_group,if_immobility,if_multicorpref,if_must,if_notmdcondition,if_order,if_subincluded,if_sum,if_sysfuncrefused,if_used,instrumentsql,iscondition,limits,max_length,opera_code,opera_name,order_sequence,pk_corp,pk_templet,prerestrict,resid,return_type,table_code,table_name,ts,userdefflag,value) values( '业务单元版本',5,4,1,null,0,null,null,null,null,null,'pk_org_v',null,null,'0001AA10000000001IYF','N','Y','N','N',null,'N','N','N','N',null,'N','N','N','N','Y',null,'Y',9999,null,'=','等于@',0,'@@@@','0001AA10000000001IYA',null,null,2,null,null,'2018-11-17 17:30:05',null,null);
insert into pub_query_condition(consult_code,data_type,disp_sequence,disp_type,disp_value,dr,ext1,ext2,ext3,ext4,ext5,field_code,field_name,guideline,id,if_attrrefused,if_autocheck,if_datapower,if_default,if_desc,if_group,if_immobility,if_multicorpref,if_must,if_notmdcondition,if_order,if_subincluded,if_sum,if_sysfuncrefused,if_used,instrumentsql,iscondition,limits,max_length,opera_code,opera_name,order_sequence,pk_corp,pk_templet,prerestrict,resid,return_type,table_code,table_name,ts,userdefflag,value) values( '用户',5,5,1,null,0,null,null,null,null,null,'creator',null,null,'0001AA10000000001IYG','N','Y','N','N',null,'N','N','N','N',null,'N','N','N','N','Y',null,'Y',9999,null,'=','等于@',0,'@@@@','0001AA10000000001IYA',null,null,2,null,null,'2018-11-17 17:30:05',null,null);
insert into pub_query_condition(consult_code,data_type,disp_sequence,disp_type,disp_value,dr,ext1,ext2,ext3,ext4,ext5,field_code,field_name,guideline,id,if_attrrefused,if_autocheck,if_datapower,if_default,if_desc,if_group,if_immobility,if_multicorpref,if_must,if_notmdcondition,if_order,if_subincluded,if_sum,if_sysfuncrefused,if_used,instrumentsql,iscondition,limits,max_length,opera_code,opera_name,order_sequence,pk_corp,pk_templet,prerestrict,resid,return_type,table_code,table_name,ts,userdefflag,value) values( '-99',8,6,1,null,0,null,null,null,null,null,'creationtime',null,null,'0001AA10000000001IYH','N','Y','N','N',null,'N','N','N','N',null,'N','N','N','Y','Y',null,'Y',9999,null,'between@=@>@>=@<@<=@','介于@等于@大于@大于等于@小于@小于等于@',0,'@@@@','0001AA10000000001IYA',null,null,2,null,null,'2018-11-17 17:30:05',null,null);
insert into pub_query_condition(consult_code,data_type,disp_sequence,disp_type,disp_value,dr,ext1,ext2,ext3,ext4,ext5,field_code,field_name,guideline,id,if_attrrefused,if_autocheck,if_datapower,if_default,if_desc,if_group,if_immobility,if_multicorpref,if_must,if_notmdcondition,if_order,if_subincluded,if_sum,if_sysfuncrefused,if_used,instrumentsql,iscondition,limits,max_length,opera_code,opera_name,order_sequence,pk_corp,pk_templet,prerestrict,resid,return_type,table_code,table_name,ts,userdefflag,value) values( '用户',5,7,1,null,0,null,null,null,null,null,'modifier',null,null,'0001AA10000000001IYI','N','Y','N','N',null,'N','N','N','N',null,'N','N','N','N','Y',null,'Y',9999,null,'=','等于@',0,'@@@@','0001AA10000000001IYA',null,null,2,null,null,'2018-11-17 17:30:05',null,null);
insert into pub_query_condition(consult_code,data_type,disp_sequence,disp_type,disp_value,dr,ext1,ext2,ext3,ext4,ext5,field_code,field_name,guideline,id,if_attrrefused,if_autocheck,if_datapower,if_default,if_desc,if_group,if_immobility,if_multicorpref,if_must,if_notmdcondition,if_order,if_subincluded,if_sum,if_sysfuncrefused,if_used,instrumentsql,iscondition,limits,max_length,opera_code,opera_name,order_sequence,pk_corp,pk_templet,prerestrict,resid,return_type,table_code,table_name,ts,userdefflag,value) values( '-99',8,8,1,null,0,null,null,null,null,null,'modifiedtime',null,null,'0001AA10000000001IYJ','N','Y','N','N',null,'N','N','N','N',null,'N','N','N','Y','Y',null,'Y',9999,null,'between@=@>@>=@<@<=@','介于@等于@大于@大于等于@小于@小于等于@',0,'@@@@','0001AA10000000001IYA',null,null,2,null,null,'2018-11-17 17:30:05',null,null);
insert into pub_query_condition(consult_code,data_type,disp_sequence,disp_type,disp_value,dr,ext1,ext2,ext3,ext4,ext5,field_code,field_name,guideline,id,if_attrrefused,if_autocheck,if_datapower,if_default,if_desc,if_group,if_immobility,if_multicorpref,if_must,if_notmdcondition,if_order,if_subincluded,if_sum,if_sysfuncrefused,if_used,instrumentsql,iscondition,limits,max_length,opera_code,opera_name,order_sequence,pk_corp,pk_templet,prerestrict,resid,return_type,table_code,table_name,ts,userdefflag,value) values( '-99',0,9,1,null,0,null,null,null,null,null,'code',null,null,'0001AA10000000001IYK','N','Y','N','N',null,'N','N','N','N',null,'N','N','N','N','Y',null,'Y',9999,null,'=@like@left like@right like@','等于@包含@左包含@右包含@',0,'@@@@','0001AA10000000001IYA',null,null,2,null,null,'2018-11-17 17:30:05',null,null);
insert into pub_query_condition(consult_code,data_type,disp_sequence,disp_type,disp_value,dr,ext1,ext2,ext3,ext4,ext5,field_code,field_name,guideline,id,if_attrrefused,if_autocheck,if_datapower,if_default,if_desc,if_group,if_immobility,if_multicorpref,if_must,if_notmdcondition,if_order,if_subincluded,if_sum,if_sysfuncrefused,if_used,instrumentsql,iscondition,limits,max_length,opera_code,opera_name,order_sequence,pk_corp,pk_templet,prerestrict,resid,return_type,table_code,table_name,ts,userdefflag,value) values( '-99',0,10,1,null,0,null,null,null,null,null,'name',null,null,'0001AA10000000001IYL','N','Y','N','N',null,'N','N','N','N',null,'N','N','N','N','Y',null,'Y',9999,null,'=@like@left like@right like@','等于@包含@左包含@右包含@',0,'@@@@','0001AA10000000001IYA',null,null,2,null,null,'2018-11-17 17:30:05',null,null);
insert into pub_query_condition(consult_code,data_type,disp_sequence,disp_type,disp_value,dr,ext1,ext2,ext3,ext4,ext5,field_code,field_name,guideline,id,if_attrrefused,if_autocheck,if_datapower,if_default,if_desc,if_group,if_immobility,if_multicorpref,if_must,if_notmdcondition,if_order,if_subincluded,if_sum,if_sysfuncrefused,if_used,instrumentsql,iscondition,limits,max_length,opera_code,opera_name,order_sequence,pk_corp,pk_templet,prerestrict,resid,return_type,table_code,table_name,ts,userdefflag,value) values( '分析类型(自定义档案)',5,11,1,null,0,null,null,null,null,null,'pk_analyzetype',null,null,'0001AA10000000001IYM','N','Y','N','N',null,'N','N','N','N',null,'N','N','N','N','Y',null,'Y',9999,null,'=','等于@',0,'@@@@','0001AA10000000001IYA',null,null,2,null,null,'2018-11-17 17:30:05',null,null);
insert into pub_query_condition(consult_code,data_type,disp_sequence,disp_type,disp_value,dr,ext1,ext2,ext3,ext4,ext5,field_code,field_name,guideline,id,if_attrrefused,if_autocheck,if_datapower,if_default,if_desc,if_group,if_immobility,if_multicorpref,if_must,if_notmdcondition,if_order,if_subincluded,if_sum,if_sysfuncrefused,if_used,instrumentsql,iscondition,limits,max_length,opera_code,opera_name,order_sequence,pk_corp,pk_templet,prerestrict,resid,return_type,table_code,table_name,ts,userdefflag,value) values( '-99',8,12,1,null,0,null,null,null,null,null,'maketime',null,null,'0001AA10000000001IYN','N','Y','N','N',null,'N','N','N','N',null,'N','N','N','Y','Y',null,'Y',9999,null,'between@=@>@>=@<@<=@','介于@等于@大于@大于等于@小于@小于等于@',0,'@@@@','0001AA10000000001IYA',null,null,2,null,null,'2018-11-17 17:30:05',null,null);
insert into pub_query_condition(consult_code,data_type,disp_sequence,disp_type,disp_value,dr,ext1,ext2,ext3,ext4,ext5,field_code,field_name,guideline,id,if_attrrefused,if_autocheck,if_datapower,if_default,if_desc,if_group,if_immobility,if_multicorpref,if_must,if_notmdcondition,if_order,if_subincluded,if_sum,if_sysfuncrefused,if_used,instrumentsql,iscondition,limits,max_length,opera_code,opera_name,order_sequence,pk_corp,pk_templet,prerestrict,resid,return_type,table_code,table_name,ts,userdefflag,value) values( '-99',8,13,1,null,0,null,null,null,null,null,'lastmaketime',null,null,'0001AA10000000001IYO','N','Y','N','N',null,'N','N','N','N',null,'N','N','N','Y','Y',null,'Y',9999,null,'between@=@>@>=@<@<=@','介于@等于@大于@大于等于@小于@小于等于@',0,'@@@@','0001AA10000000001IYA',null,null,2,null,null,'2018-11-17 17:30:05',null,null);
insert into pub_query_condition(consult_code,data_type,disp_sequence,disp_type,disp_value,dr,ext1,ext2,ext3,ext4,ext5,field_code,field_name,guideline,id,if_attrrefused,if_autocheck,if_datapower,if_default,if_desc,if_group,if_immobility,if_multicorpref,if_must,if_notmdcondition,if_order,if_subincluded,if_sum,if_sysfuncrefused,if_used,instrumentsql,iscondition,limits,max_length,opera_code,opera_name,order_sequence,pk_corp,pk_templet,prerestrict,resid,return_type,table_code,table_name,ts,userdefflag,value) values( '-99',3,14,0,null,null,null,null,null,null,null,'dmakedate',null,null,'0001AA10000000001IYP','N','Y','N','N','N','N','N','N','N','N','N','N','N','Y','Y',null,'Y',9999,null,'between@=@>@>=@<@<=@','介于@等于@大于@大于等于@小于@小于等于@',0,'@@@@','0001AA10000000001IYA',null,null,2,null,null,'2018-11-19 10:31:56','N','#day(0)#,#day(0)#');
insert into pub_query_condition(consult_code,data_type,disp_sequence,disp_type,disp_value,dr,ext1,ext2,ext3,ext4,ext5,field_code,field_name,guideline,id,if_attrrefused,if_autocheck,if_datapower,if_default,if_desc,if_group,if_immobility,if_multicorpref,if_must,if_notmdcondition,if_order,if_subincluded,if_sum,if_sysfuncrefused,if_used,instrumentsql,iscondition,limits,max_length,opera_code,opera_name,order_sequence,pk_corp,pk_templet,prerestrict,resid,return_type,table_code,table_name,ts,userdefflag,value) values( '-99',0,0,1,null,0,null,null,null,null,null,'pk_analysemethod',null,null,'0001AA10000000001IYB','N','Y','N','N',null,'N','N','N','N',null,'N','N','N','N','Y',null,'Y',9999,null,'=@like@left like@right like@','等于@包含@左包含@右包含@',0,'@@@@','0001AA10000000001IYA',null,null,2,null,null,'2018-11-17 17:30:05',null,null);
insert into pub_query_condition(consult_code,data_type,disp_sequence,disp_type,disp_value,dr,ext1,ext2,ext3,ext4,ext5,field_code,field_name,guideline,id,if_attrrefused,if_autocheck,if_datapower,if_default,if_desc,if_group,if_immobility,if_multicorpref,if_must,if_notmdcondition,if_order,if_subincluded,if_sum,if_sysfuncrefused,if_used,instrumentsql,iscondition,limits,max_length,opera_code,opera_name,order_sequence,pk_corp,pk_templet,prerestrict,resid,return_type,table_code,table_name,ts,userdefflag,value) values( '-99',0,1,1,null,0,null,null,null,null,null,'pk_analysecondition',null,null,'0001AA10000000001IYC','N','Y','N','N',null,'N','N','N','N',null,'N','N','N','N','Y',null,'Y',9999,null,'=@like@left like@right like@','等于@包含@左包含@右包含@',0,'@@@@','0001AA10000000001IYA',null,null,2,null,null,'2018-11-17 17:30:05',null,null);

insert into pub_query_templet(description,devorg,dr,fixcondition,fixquerytree,id,layer,metaclass,model_code,model_name,node_code,parentid,pk_corp,pk_org,resid,ts) values( null,null,0,null,null,'1001AA10000000000IIT',0,'47b4bc7f-ad7d-4c0e-9a9c-8f686df9ba1b','001','委托类型查询模板','C0J00201',null,'@@@@',null,null,'2018-11-16 00:23:02');

--systemplate
insert into pub_systemplate(dr,funnode,iscomm,moduleid,nodekey,operator,operator_type,orgtypecode,pk_busitype,pk_corp,pk_defaultorg,pk_org,pk_systemplate,sysflag,templateflag,templateid,tempstyle,ts) values( null,'C0J00101',null,'C0J0','bt',null,null,null,null,'0001A1100000000001NR',null,null,'0001AA10000000000AT5',null,'Y','0001AA10000000000A18',0,'2018-11-12 18:08:57');
insert into pub_systemplate(dr,funnode,iscomm,moduleid,nodekey,operator,operator_type,orgtypecode,pk_busitype,pk_corp,pk_defaultorg,pk_org,pk_systemplate,sysflag,templateflag,templateid,tempstyle,ts) values( null,'C0J00102',null,'1014',null,null,null,null,null,'0001A1100000000001NR',null,null,'1001AA100000000002CJ',null,'Y','1001Z0100000000012LS',1,'2018-11-12 18:12:01');
insert into pub_systemplate(dr,funnode,iscomm,moduleid,nodekey,operator,operator_type,orgtypecode,pk_busitype,pk_corp,pk_defaultorg,pk_org,pk_systemplate,sysflag,templateflag,templateid,tempstyle,ts) values( null,'C0J00102',null,'1014','list',null,null,null,null,'0001A1100000000001NR',null,null,'1001AA100000000002CL',null,'Y','1009Z0100000000004NH',0,'2018-11-12 18:12:01');
insert into pub_systemplate(dr,funnode,iscomm,moduleid,nodekey,operator,operator_type,orgtypecode,pk_busitype,pk_corp,pk_defaultorg,pk_org,pk_systemplate,sysflag,templateflag,templateid,tempstyle,ts) values( null,'C0J00102',null,'1014','defdoc_list',null,null,null,null,'0001A1100000000001NR',null,null,'1001AA100000000002CN',null,'Y','1001Z01000000004BZIK',3,'2018-11-12 18:12:01');
insert into pub_systemplate(dr,funnode,iscomm,moduleid,nodekey,operator,operator_type,orgtypecode,pk_busitype,pk_corp,pk_defaultorg,pk_org,pk_systemplate,sysflag,templateflag,templateid,tempstyle,ts) values( null,'C0J00125',null,'1014',null,null,null,null,null,'0001A1100000000001NR',null,null,'1001AA100000000002E3',null,'Y','1001Z0100000000012LS',1,'2018-11-12 18:40:01');
insert into pub_systemplate(dr,funnode,iscomm,moduleid,nodekey,operator,operator_type,orgtypecode,pk_busitype,pk_corp,pk_defaultorg,pk_org,pk_systemplate,sysflag,templateflag,templateid,tempstyle,ts) values( null,'C0J00125',null,'1014','list',null,null,null,null,'0001A1100000000001NR',null,null,'1001AA100000000002E5',null,'Y','1009Z0100000000004NH',0,'2018-11-12 18:40:01');
insert into pub_systemplate(dr,funnode,iscomm,moduleid,nodekey,operator,operator_type,orgtypecode,pk_busitype,pk_corp,pk_defaultorg,pk_org,pk_systemplate,sysflag,templateflag,templateid,tempstyle,ts) values( null,'C0J00125',null,'1014','defdoc_list',null,null,null,null,'0001A1100000000001NR',null,null,'1001AA100000000002E7',null,'Y','1001Z01000000004BZIK',3,'2018-11-12 18:40:01');
insert into pub_systemplate(dr,funnode,iscomm,moduleid,nodekey,operator,operator_type,orgtypecode,pk_busitype,pk_corp,pk_defaultorg,pk_org,pk_systemplate,sysflag,templateflag,templateid,tempstyle,ts) values( null,'C0J00135',null,'1014',null,null,null,null,null,'0001A1100000000001NR',null,null,'1001AA100000000002F4',null,'Y','1001Z0100000000012LS',1,'2018-11-12 18:40:55');
insert into pub_systemplate(dr,funnode,iscomm,moduleid,nodekey,operator,operator_type,orgtypecode,pk_busitype,pk_corp,pk_defaultorg,pk_org,pk_systemplate,sysflag,templateflag,templateid,tempstyle,ts) values( null,'C0J00135',null,'1014','list',null,null,null,null,'0001A1100000000001NR',null,null,'1001AA100000000002F6',null,'Y','1009Z0100000000004NH',0,'2018-11-12 18:40:55');
insert into pub_systemplate(dr,funnode,iscomm,moduleid,nodekey,operator,operator_type,orgtypecode,pk_busitype,pk_corp,pk_defaultorg,pk_org,pk_systemplate,sysflag,templateflag,templateid,tempstyle,ts) values( null,'C0J00135',null,'1014','defdoc_list',null,null,null,null,'0001A1100000000001NR',null,null,'1001AA100000000002F8',null,'Y','1001Z01000000004BZIK',3,'2018-11-12 18:40:55');
insert into pub_systemplate(dr,funnode,iscomm,moduleid,nodekey,operator,operator_type,orgtypecode,pk_busitype,pk_corp,pk_defaultorg,pk_org,pk_systemplate,sysflag,templateflag,templateid,tempstyle,ts) values( null,'C0J00145',null,'1014',null,null,null,null,null,'0001A1100000000001NR',null,null,'1001AA100000000002G5',null,'Y','1001Z0100000000012LS',1,'2018-11-12 18:41:13');
insert into pub_systemplate(dr,funnode,iscomm,moduleid,nodekey,operator,operator_type,orgtypecode,pk_busitype,pk_corp,pk_defaultorg,pk_org,pk_systemplate,sysflag,templateflag,templateid,tempstyle,ts) values( null,'C0J00145',null,'1014','list',null,null,null,null,'0001A1100000000001NR',null,null,'1001AA100000000002G7',null,'Y','1009Z0100000000004NH',0,'2018-11-12 18:41:13');
insert into pub_systemplate(dr,funnode,iscomm,moduleid,nodekey,operator,operator_type,orgtypecode,pk_busitype,pk_corp,pk_defaultorg,pk_org,pk_systemplate,sysflag,templateflag,templateid,tempstyle,ts) values( null,'C0J00145',null,'1014','defdoc_list',null,null,null,null,'0001A1100000000001NR',null,null,'1001AA100000000002G9',null,'Y','1001Z01000000004BZIK',3,'2018-11-12 18:41:13');
insert into pub_systemplate(dr,funnode,iscomm,moduleid,nodekey,operator,operator_type,orgtypecode,pk_busitype,pk_corp,pk_defaultorg,pk_org,pk_systemplate,sysflag,templateflag,templateid,tempstyle,ts) values( null,'C0J00150',null,'1014',null,null,null,null,null,'0001A1100000000001NR',null,null,'1001AA100000000002H6',null,'Y','1001Z0100000000012LS',1,'2018-11-12 18:41:30');
insert into pub_systemplate(dr,funnode,iscomm,moduleid,nodekey,operator,operator_type,orgtypecode,pk_busitype,pk_corp,pk_defaultorg,pk_org,pk_systemplate,sysflag,templateflag,templateid,tempstyle,ts) values( null,'C0J00150',null,'1014','list',null,null,null,null,'0001A1100000000001NR',null,null,'1001AA100000000002H8',null,'Y','1009Z0100000000004NH',0,'2018-11-12 18:41:30');
insert into pub_systemplate(dr,funnode,iscomm,moduleid,nodekey,operator,operator_type,orgtypecode,pk_busitype,pk_corp,pk_defaultorg,pk_org,pk_systemplate,sysflag,templateflag,templateid,tempstyle,ts) values( null,'C0J00150',null,'1014','defdoc_list',null,null,null,null,'0001A1100000000001NR',null,null,'1001AA100000000002HA',null,'Y','1001Z01000000004BZIK',3,'2018-11-12 18:41:30');
insert into pub_systemplate(dr,funnode,iscomm,moduleid,nodekey,operator,operator_type,orgtypecode,pk_busitype,pk_corp,pk_defaultorg,pk_org,pk_systemplate,sysflag,templateflag,templateid,tempstyle,ts) values( null,'C0J00143',null,'1014',null,null,null,null,null,'0001A1100000000001NR',null,null,'1001AA10000000000O5P',null,'Y','1001Z0100000000012LS',1,'2018-11-17 15:48:25');
insert into pub_systemplate(dr,funnode,iscomm,moduleid,nodekey,operator,operator_type,orgtypecode,pk_busitype,pk_corp,pk_defaultorg,pk_org,pk_systemplate,sysflag,templateflag,templateid,tempstyle,ts) values( null,'C0J00143',null,'1014','list',null,null,null,null,'0001A1100000000001NR',null,null,'1001AA10000000000O5R',null,'Y','1009Z0100000000004NH',0,'2018-11-17 15:48:25');
insert into pub_systemplate(dr,funnode,iscomm,moduleid,nodekey,operator,operator_type,orgtypecode,pk_busitype,pk_corp,pk_defaultorg,pk_org,pk_systemplate,sysflag,templateflag,templateid,tempstyle,ts) values( null,'C0J00143',null,'1014','defdoc_list',null,null,null,null,'0001A1100000000001NR',null,null,'1001AA10000000000O5T',null,'Y','1001Z01000000004BZIK',3,'2018-11-17 15:48:25');
insert into pub_systemplate(dr,funnode,iscomm,moduleid,nodekey,operator,operator_type,orgtypecode,pk_busitype,pk_corp,pk_defaultorg,pk_org,pk_systemplate,sysflag,templateflag,templateid,tempstyle,ts) values( null,'C0J00151',null,'1014',null,null,null,null,null,'0001A1100000000001NR',null,null,'1001AA10000000000O6Q',null,'Y','1001Z0100000000012LS',1,'2018-11-17 15:48:43');
insert into pub_systemplate(dr,funnode,iscomm,moduleid,nodekey,operator,operator_type,orgtypecode,pk_busitype,pk_corp,pk_defaultorg,pk_org,pk_systemplate,sysflag,templateflag,templateid,tempstyle,ts) values( null,'C0J00151',null,'1014','list',null,null,null,null,'0001A1100000000001NR',null,null,'1001AA10000000000O6S',null,'Y','1009Z0100000000004NH',0,'2018-11-17 15:48:43');
insert into pub_systemplate(dr,funnode,iscomm,moduleid,nodekey,operator,operator_type,orgtypecode,pk_busitype,pk_corp,pk_defaultorg,pk_org,pk_systemplate,sysflag,templateflag,templateid,tempstyle,ts) values( null,'C0J00151',null,'1014','defdoc_list',null,null,null,null,'0001A1100000000001NR',null,null,'1001AA10000000000O6U',null,'Y','1001Z01000000004BZIK',3,'2018-11-17 15:48:43');
insert into pub_systemplate(dr,funnode,iscomm,moduleid,nodekey,operator,operator_type,orgtypecode,pk_busitype,pk_corp,pk_defaultorg,pk_org,pk_systemplate,sysflag,templateflag,templateid,tempstyle,ts) values( null,'C0J00152',null,'1014',null,null,null,null,null,'0001A1100000000001NR',null,null,'1001AA10000000000O7R',null,'Y','1001Z0100000000012LS',1,'2018-11-17 15:49:02');
insert into pub_systemplate(dr,funnode,iscomm,moduleid,nodekey,operator,operator_type,orgtypecode,pk_busitype,pk_corp,pk_defaultorg,pk_org,pk_systemplate,sysflag,templateflag,templateid,tempstyle,ts) values( null,'C0J00152',null,'1014','list',null,null,null,null,'0001A1100000000001NR',null,null,'1001AA10000000000O7T',null,'Y','1009Z0100000000004NH',0,'2018-11-17 15:49:02');
insert into pub_systemplate(dr,funnode,iscomm,moduleid,nodekey,operator,operator_type,orgtypecode,pk_busitype,pk_corp,pk_defaultorg,pk_org,pk_systemplate,sysflag,templateflag,templateid,tempstyle,ts) values( null,'C0J00152',null,'1014','defdoc_list',null,null,null,null,'0001A1100000000001NR',null,null,'1001AA10000000000O7V',null,'Y','1001Z01000000004BZIK',3,'2018-11-17 15:49:02');
insert into pub_systemplate(dr,funnode,iscomm,moduleid,nodekey,operator,operator_type,orgtypecode,pk_busitype,pk_corp,pk_defaultorg,pk_org,pk_systemplate,sysflag,templateflag,templateid,tempstyle,ts) values( null,'C0J00153',null,'1014',null,null,null,null,null,'0001A1100000000001NR',null,null,'1001AA10000000000O8S',null,'Y','1001Z0100000000012LS',1,'2018-11-17 15:49:17');
insert into pub_systemplate(dr,funnode,iscomm,moduleid,nodekey,operator,operator_type,orgtypecode,pk_busitype,pk_corp,pk_defaultorg,pk_org,pk_systemplate,sysflag,templateflag,templateid,tempstyle,ts) values( null,'C0J00153',null,'1014','list',null,null,null,null,'0001A1100000000001NR',null,null,'1001AA10000000000O8U',null,'Y','1009Z0100000000004NH',0,'2018-11-17 15:49:17');
insert into pub_systemplate(dr,funnode,iscomm,moduleid,nodekey,operator,operator_type,orgtypecode,pk_busitype,pk_corp,pk_defaultorg,pk_org,pk_systemplate,sysflag,templateflag,templateid,tempstyle,ts) values( null,'C0J00153',null,'1014','defdoc_list',null,null,null,null,'0001A1100000000001NR',null,null,'1001AA10000000000O8W',null,'Y','1001Z01000000004BZIK',3,'2018-11-17 15:49:17');
insert into pub_systemplate(dr,funnode,iscomm,moduleid,nodekey,operator,operator_type,orgtypecode,pk_busitype,pk_corp,pk_defaultorg,pk_org,pk_systemplate,sysflag,templateflag,templateid,tempstyle,ts) values( null,'C0J00165',null,'1014',null,null,null,null,null,'0001A1100000000001NR',null,null,'1001AA10000000000O9T',null,'Y','1001Z0100000000012LS',1,'2018-11-17 15:49:31');
insert into pub_systemplate(dr,funnode,iscomm,moduleid,nodekey,operator,operator_type,orgtypecode,pk_busitype,pk_corp,pk_defaultorg,pk_org,pk_systemplate,sysflag,templateflag,templateid,tempstyle,ts) values( null,'C0J00165',null,'1014','list',null,null,null,null,'0001A1100000000001NR',null,null,'1001AA10000000000O9V',null,'Y','1009Z0100000000004NH',0,'2018-11-17 15:49:31');
insert into pub_systemplate(dr,funnode,iscomm,moduleid,nodekey,operator,operator_type,orgtypecode,pk_busitype,pk_corp,pk_defaultorg,pk_org,pk_systemplate,sysflag,templateflag,templateid,tempstyle,ts) values( null,'C0J00165',null,'1014','defdoc_list',null,null,null,null,'0001A1100000000001NR',null,null,'1001AA10000000000O9X',null,'Y','1001Z01000000004BZIK',3,'2018-11-17 15:49:31');
insert into pub_systemplate(dr,funnode,iscomm,moduleid,nodekey,operator,operator_type,orgtypecode,pk_busitype,pk_corp,pk_defaultorg,pk_org,pk_systemplate,sysflag,templateflag,templateid,tempstyle,ts) values( null,'C0J00170',null,'1014',null,null,null,null,null,'0001A1100000000001NR',null,null,'1001AA10000000000OAU',null,'Y','1001Z0100000000012LS',1,'2018-11-17 15:49:45');
insert into pub_systemplate(dr,funnode,iscomm,moduleid,nodekey,operator,operator_type,orgtypecode,pk_busitype,pk_corp,pk_defaultorg,pk_org,pk_systemplate,sysflag,templateflag,templateid,tempstyle,ts) values( null,'C0J00170',null,'1014','list',null,null,null,null,'0001A1100000000001NR',null,null,'1001AA10000000000OAW',null,'Y','1009Z0100000000004NH',0,'2018-11-17 15:49:45');
insert into pub_systemplate(dr,funnode,iscomm,moduleid,nodekey,operator,operator_type,orgtypecode,pk_busitype,pk_corp,pk_defaultorg,pk_org,pk_systemplate,sysflag,templateflag,templateid,tempstyle,ts) values( null,'C0J00170',null,'1014','defdoc_list',null,null,null,null,'0001A1100000000001NR',null,null,'1001AA10000000000OAY',null,'Y','1001Z01000000004BZIK',3,'2018-11-17 15:49:45');
insert into pub_systemplate(dr,funnode,iscomm,moduleid,nodekey,operator,operator_type,orgtypecode,pk_busitype,pk_corp,pk_defaultorg,pk_org,pk_systemplate,sysflag,templateflag,templateid,tempstyle,ts) values( null,'C0J00173',null,'1014',null,null,null,null,null,'0001A1100000000001NR',null,null,'1001AA10000000002932',null,'Y','1001Z0100000000012LS',1,'2018-11-20 17:40:02');
insert into pub_systemplate(dr,funnode,iscomm,moduleid,nodekey,operator,operator_type,orgtypecode,pk_busitype,pk_corp,pk_defaultorg,pk_org,pk_systemplate,sysflag,templateflag,templateid,tempstyle,ts) values( null,'C0J00173',null,'1014','list',null,null,null,null,'0001A1100000000001NR',null,null,'1001AA10000000002934',null,'Y','1009Z0100000000004NH',0,'2018-11-20 17:40:02');
insert into pub_systemplate(dr,funnode,iscomm,moduleid,nodekey,operator,operator_type,orgtypecode,pk_busitype,pk_corp,pk_defaultorg,pk_org,pk_systemplate,sysflag,templateflag,templateid,tempstyle,ts) values( null,'C0J00173',null,'1014','defdoc_list',null,null,null,null,'0001A1100000000001NR',null,null,'1001AA10000000002936',null,'Y','1001Z01000000004BZIK',3,'2018-11-20 17:40:02');
insert into pub_systemplate(dr,funnode,iscomm,moduleid,nodekey,operator,operator_type,orgtypecode,pk_busitype,pk_corp,pk_defaultorg,pk_org,pk_systemplate,sysflag,templateflag,templateid,tempstyle,ts) values( null,'C0J00174',null,'1014',null,null,null,null,null,'0001A1100000000001NR',null,null,'1001AA10000000002IEZ',null,'Y','1001Z0100000000012LS',1,'2018-11-24 12:20:18');
insert into pub_systemplate(dr,funnode,iscomm,moduleid,nodekey,operator,operator_type,orgtypecode,pk_busitype,pk_corp,pk_defaultorg,pk_org,pk_systemplate,sysflag,templateflag,templateid,tempstyle,ts) values( null,'C0J00174',null,'1014','list',null,null,null,null,'0001A1100000000001NR',null,null,'1001AA10000000002IF1',null,'Y','1009Z0100000000004NH',0,'2018-11-24 12:20:18');
insert into pub_systemplate(dr,funnode,iscomm,moduleid,nodekey,operator,operator_type,orgtypecode,pk_busitype,pk_corp,pk_defaultorg,pk_org,pk_systemplate,sysflag,templateflag,templateid,tempstyle,ts) values( null,'C0J00174',null,'1014','defdoc_list',null,null,null,null,'0001A1100000000001NR',null,null,'1001AA10000000002IF3',null,'Y','1001Z01000000004BZIK',3,'2018-11-24 12:20:18');
insert into pub_systemplate(dr,funnode,iscomm,moduleid,nodekey,operator,operator_type,orgtypecode,pk_busitype,pk_corp,pk_defaultorg,pk_org,pk_systemplate,sysflag,templateflag,templateid,tempstyle,ts) values( null,'C0J00176',null,'1014',null,null,null,null,null,'0001A1100000000001NR',null,null,'1001AA10000000002IG0',null,'Y','1001Z0100000000012LS',1,'2018-11-24 12:21:01');
insert into pub_systemplate(dr,funnode,iscomm,moduleid,nodekey,operator,operator_type,orgtypecode,pk_busitype,pk_corp,pk_defaultorg,pk_org,pk_systemplate,sysflag,templateflag,templateid,tempstyle,ts) values( null,'C0J00176',null,'1014','list',null,null,null,null,'0001A1100000000001NR',null,null,'1001AA10000000002IG2',null,'Y','1009Z0100000000004NH',0,'2018-11-24 12:21:01');
insert into pub_systemplate(dr,funnode,iscomm,moduleid,nodekey,operator,operator_type,orgtypecode,pk_busitype,pk_corp,pk_defaultorg,pk_org,pk_systemplate,sysflag,templateflag,templateid,tempstyle,ts) values( null,'C0J00176',null,'1014','defdoc_list',null,null,null,null,'0001A1100000000001NR',null,null,'1001AA10000000002IG4',null,'Y','1001Z01000000004BZIK',3,'2018-11-24 12:21:01');
insert into pub_systemplate(dr,funnode,iscomm,moduleid,nodekey,operator,operator_type,orgtypecode,pk_busitype,pk_corp,pk_defaultorg,pk_org,pk_systemplate,sysflag,templateflag,templateid,tempstyle,ts) values( null,'C0J00177',null,'1014',null,null,null,null,null,'0001A1100000000001NR',null,null,'1001AA10000000002IH1',null,'Y','1001Z0100000000012LS',1,'2018-11-24 12:21:47');
insert into pub_systemplate(dr,funnode,iscomm,moduleid,nodekey,operator,operator_type,orgtypecode,pk_busitype,pk_corp,pk_defaultorg,pk_org,pk_systemplate,sysflag,templateflag,templateid,tempstyle,ts) values( null,'C0J00177',null,'1014','list',null,null,null,null,'0001A1100000000001NR',null,null,'1001AA10000000002IH3',null,'Y','1009Z0100000000004NH',0,'2018-11-24 12:21:47');
insert into pub_systemplate(dr,funnode,iscomm,moduleid,nodekey,operator,operator_type,orgtypecode,pk_busitype,pk_corp,pk_defaultorg,pk_org,pk_systemplate,sysflag,templateflag,templateid,tempstyle,ts) values( null,'C0J00177',null,'1014','defdoc_list',null,null,null,null,'0001A1100000000001NR',null,null,'1001AA10000000002IH5',null,'Y','1001Z01000000004BZIK',3,'2018-11-24 12:21:47');

insert into pub_systemplate_base(devorg,dr,funnode,layer,moduleid,nodekey,pk_country,pk_industry,pk_systemplate,templateid,tempstyle,ts) values( 'yonyouBQ',0,'C0J00101',0,'C0J0','bt',null,null,'0001AA10000000000A1M','0001AA10000000000A18',0,'2018-11-12 18:02:36');
insert into pub_systemplate_base(devorg,dr,funnode,layer,moduleid,nodekey,pk_country,pk_industry,pk_systemplate,templateid,tempstyle,ts) values( 'yonyouBQ',0,'C0J00103',0,'C0J0','bt',null,null,'0001AA10000000000A26','0001AA10000000000A1S',0,'2018-11-12 18:21:33');
insert into pub_systemplate_base(devorg,dr,funnode,layer,moduleid,nodekey,pk_country,pk_industry,pk_systemplate,templateid,tempstyle,ts) values( 'yonyouBQ',0,'C0J00104',0,'C0J0','bt',null,null,'0001AA10000000000A2N','0001AA10000000000A2A',0,'2018-11-12 18:34:50');
insert into pub_systemplate_base(devorg,dr,funnode,layer,moduleid,nodekey,pk_country,pk_industry,pk_systemplate,templateid,tempstyle,ts) values( 'yonyouBQ',0,'C0J00106',0,'C0J0','bt',null,null,'0001AA10000000000A35','0001AA10000000000A2R',0,'2018-11-12 18:47:34');
insert into pub_systemplate_base(devorg,dr,funnode,layer,moduleid,nodekey,pk_country,pk_industry,pk_systemplate,templateid,tempstyle,ts) values( 'yonyouBQ',0,'C0J00108',0,'C0J0','bt',null,null,'0001AA10000000000A3M','0001AA10000000000A39',0,'2018-11-12 19:00:52');
insert into pub_systemplate_base(devorg,dr,funnode,layer,moduleid,nodekey,pk_country,pk_industry,pk_systemplate,templateid,tempstyle,ts) values( 'yonyouBQ',0,'C0J00119',0,'C0J0','bt',null,null,'0001AA10000000001IT1','0001AA10000000001ISC',0,'2018-11-17 17:12:18');
insert into pub_systemplate_base(devorg,dr,funnode,layer,moduleid,nodekey,pk_country,pk_industry,pk_systemplate,templateid,tempstyle,ts) values( 'yonyouBQ',0,'C0J00119',0,'C0J0','qt',null,null,'0001AA10000000001ITH','0001AA10000000001IT2',1,'2018-11-17 17:12:18');
insert into pub_systemplate_base(devorg,dr,funnode,layer,moduleid,nodekey,pk_country,pk_industry,pk_systemplate,templateid,tempstyle,ts) values( 'yonyouBQ',0,'C0J00119',0,'C0J0','ot',null,null,'0001AA10000000001IWJ','0001AA10000000001ITI',3,'2018-11-17 17:12:19');
insert into pub_systemplate_base(devorg,dr,funnode,layer,moduleid,nodekey,pk_country,pk_industry,pk_systemplate,templateid,tempstyle,ts) values( 'yonyouBQ',0,'C0J00120',0,'C0J0','bt',null,null,'0001AA10000000001IXH','0001AA10000000001IWX',0,'2018-11-17 17:21:19');
insert into pub_systemplate_base(devorg,dr,funnode,layer,moduleid,nodekey,pk_country,pk_industry,pk_systemplate,templateid,tempstyle,ts) values( 'yonyouBQ',0,'C0J00121',0,'C0J0','bt',null,null,'0001AA10000000001IY9','0001AA10000000001IXL',0,'2018-11-17 17:30:04');
insert into pub_systemplate_base(devorg,dr,funnode,layer,moduleid,nodekey,pk_country,pk_industry,pk_systemplate,templateid,tempstyle,ts) values( 'yonyouBQ',0,'C0J00121',0,'C0J0','qt',null,null,'0001AA10000000001IYQ','0001AA10000000001IYA',1,'2018-11-17 17:30:05');
insert into pub_systemplate_base(devorg,dr,funnode,layer,moduleid,nodekey,pk_country,pk_industry,pk_systemplate,templateid,tempstyle,ts) values( 'yonyouBQ',0,'C0J00121',0,'C0J0','ot',null,null,'0001AA10000000001J1I','0001AA10000000001IYR',3,'2018-11-17 17:30:06');
insert into pub_systemplate_base(devorg,dr,funnode,layer,moduleid,nodekey,pk_country,pk_industry,pk_systemplate,templateid,tempstyle,ts) values( 'yonyouBQ',0,'C0J00111',0,'C0J0','bt',null,null,'0001AA10000000002LDW','0001AA10000000002LDA',0,'2018-11-18 17:09:15');
insert into pub_systemplate_base(devorg,dr,funnode,layer,moduleid,nodekey,pk_country,pk_industry,pk_systemplate,templateid,tempstyle,ts) values( null,0,'C0J00102',0,'1014',null,null,null,'1001AA100000000002CI','1001Z0100000000012LS',1,'2018-11-12 18:12:01');
insert into pub_systemplate_base(devorg,dr,funnode,layer,moduleid,nodekey,pk_country,pk_industry,pk_systemplate,templateid,tempstyle,ts) values( null,0,'C0J00102',0,'1014','list',null,null,'1001AA100000000002CK','1009Z0100000000004NH',0,'2018-11-12 18:12:01');
insert into pub_systemplate_base(devorg,dr,funnode,layer,moduleid,nodekey,pk_country,pk_industry,pk_systemplate,templateid,tempstyle,ts) values( null,0,'C0J00102',0,'1014','defdoc_list',null,null,'1001AA100000000002CM','1001Z01000000004BZIK',3,'2018-11-12 18:12:01');
insert into pub_systemplate_base(devorg,dr,funnode,layer,moduleid,nodekey,pk_country,pk_industry,pk_systemplate,templateid,tempstyle,ts) values( null,0,'C0J00125',0,'1014',null,null,null,'1001AA100000000002E2','1001Z0100000000012LS',1,'2018-11-12 18:40:01');
insert into pub_systemplate_base(devorg,dr,funnode,layer,moduleid,nodekey,pk_country,pk_industry,pk_systemplate,templateid,tempstyle,ts) values( null,0,'C0J00125',0,'1014','list',null,null,'1001AA100000000002E4','1009Z0100000000004NH',0,'2018-11-12 18:40:01');
insert into pub_systemplate_base(devorg,dr,funnode,layer,moduleid,nodekey,pk_country,pk_industry,pk_systemplate,templateid,tempstyle,ts) values( null,0,'C0J00125',0,'1014','defdoc_list',null,null,'1001AA100000000002E6','1001Z01000000004BZIK',3,'2018-11-12 18:40:01');
insert into pub_systemplate_base(devorg,dr,funnode,layer,moduleid,nodekey,pk_country,pk_industry,pk_systemplate,templateid,tempstyle,ts) values( null,0,'C0J00135',0,'1014',null,null,null,'1001AA100000000002F3','1001Z0100000000012LS',1,'2018-11-12 18:40:55');
insert into pub_systemplate_base(devorg,dr,funnode,layer,moduleid,nodekey,pk_country,pk_industry,pk_systemplate,templateid,tempstyle,ts) values( null,0,'C0J00135',0,'1014','list',null,null,'1001AA100000000002F5','1009Z0100000000004NH',0,'2018-11-12 18:40:55');
insert into pub_systemplate_base(devorg,dr,funnode,layer,moduleid,nodekey,pk_country,pk_industry,pk_systemplate,templateid,tempstyle,ts) values( null,0,'C0J00135',0,'1014','defdoc_list',null,null,'1001AA100000000002F7','1001Z01000000004BZIK',3,'2018-11-12 18:40:55');
insert into pub_systemplate_base(devorg,dr,funnode,layer,moduleid,nodekey,pk_country,pk_industry,pk_systemplate,templateid,tempstyle,ts) values( null,0,'C0J00145',0,'1014',null,null,null,'1001AA100000000002G4','1001Z0100000000012LS',1,'2018-11-12 18:41:13');
insert into pub_systemplate_base(devorg,dr,funnode,layer,moduleid,nodekey,pk_country,pk_industry,pk_systemplate,templateid,tempstyle,ts) values( null,0,'C0J00145',0,'1014','list',null,null,'1001AA100000000002G6','1009Z0100000000004NH',0,'2018-11-12 18:41:13');
insert into pub_systemplate_base(devorg,dr,funnode,layer,moduleid,nodekey,pk_country,pk_industry,pk_systemplate,templateid,tempstyle,ts) values( null,0,'C0J00145',0,'1014','defdoc_list',null,null,'1001AA100000000002G8','1001Z01000000004BZIK',3,'2018-11-12 18:41:13');
insert into pub_systemplate_base(devorg,dr,funnode,layer,moduleid,nodekey,pk_country,pk_industry,pk_systemplate,templateid,tempstyle,ts) values( null,0,'C0J00150',0,'1014',null,null,null,'1001AA100000000002H5','1001Z0100000000012LS',1,'2018-11-12 18:41:30');
insert into pub_systemplate_base(devorg,dr,funnode,layer,moduleid,nodekey,pk_country,pk_industry,pk_systemplate,templateid,tempstyle,ts) values( null,0,'C0J00150',0,'1014','list',null,null,'1001AA100000000002H7','1009Z0100000000004NH',0,'2018-11-12 18:41:30');
insert into pub_systemplate_base(devorg,dr,funnode,layer,moduleid,nodekey,pk_country,pk_industry,pk_systemplate,templateid,tempstyle,ts) values( null,0,'C0J00150',0,'1014','defdoc_list',null,null,'1001AA100000000002H9','1001Z01000000004BZIK',3,'2018-11-12 18:41:30');
insert into pub_systemplate_base(devorg,dr,funnode,layer,moduleid,nodekey,pk_country,pk_industry,pk_systemplate,templateid,tempstyle,ts) values( 'yonyouBQ',0,'C0J00202',0,'C0J0','bt',null,null,'1001AA1000000000099H','0001AA10000000000KU4',0,'2018-11-14 10:11:34');
insert into pub_systemplate_base(devorg,dr,funnode,layer,moduleid,nodekey,pk_country,pk_industry,pk_systemplate,templateid,tempstyle,ts) values( 'yonyouBQ',0,'C0J00202',0,'C0J0','qt',null,null,'1001AA1000000000099I','0001AA10000000000KVS',1,'2018-11-14 10:11:34');
insert into pub_systemplate_base(devorg,dr,funnode,layer,moduleid,nodekey,pk_country,pk_industry,pk_systemplate,templateid,tempstyle,ts) values( 'yonyouBQ',0,'C0J00202',0,'C0J0','ot',null,null,'1001AA1000000000099J','0001AA10000000000KWZ',3,'2018-11-14 10:11:34');
insert into pub_systemplate_base(devorg,dr,funnode,layer,moduleid,nodekey,pk_country,pk_industry,pk_systemplate,templateid,tempstyle,ts) values( null,0,'C0J00202',0,'C0J0','param',null,null,'1001AA1000000000099K','1001AA100000000006A6',0,'2018-11-14 10:11:34');
insert into pub_systemplate_base(devorg,dr,funnode,layer,moduleid,nodekey,pk_country,pk_industry,pk_systemplate,templateid,tempstyle,ts) values( 'yonyouBQ',0,'C0J00201',0,'C0J0','bt',null,null,'1001AA10000000000IIV','0001AA10000000000A4G',0,'2018-11-16 00:23:43');
insert into pub_systemplate_base(devorg,dr,funnode,layer,moduleid,nodekey,pk_country,pk_industry,pk_systemplate,templateid,tempstyle,ts) values( null,0,'C0J00201',0,'C0J0','qt',null,null,'1001AA10000000000IIW','1001AA10000000000IIT',1,'2018-11-16 00:23:43');
insert into pub_systemplate_base(devorg,dr,funnode,layer,moduleid,nodekey,pk_country,pk_industry,pk_systemplate,templateid,tempstyle,ts) values( null,0,'C0J00143',0,'1014',null,null,null,'1001AA10000000000O5O','1001Z0100000000012LS',1,'2018-11-17 15:48:25');
insert into pub_systemplate_base(devorg,dr,funnode,layer,moduleid,nodekey,pk_country,pk_industry,pk_systemplate,templateid,tempstyle,ts) values( null,0,'C0J00143',0,'1014','list',null,null,'1001AA10000000000O5Q','1009Z0100000000004NH',0,'2018-11-17 15:48:25');
insert into pub_systemplate_base(devorg,dr,funnode,layer,moduleid,nodekey,pk_country,pk_industry,pk_systemplate,templateid,tempstyle,ts) values( null,0,'C0J00143',0,'1014','defdoc_list',null,null,'1001AA10000000000O5S','1001Z01000000004BZIK',3,'2018-11-17 15:48:25');
insert into pub_systemplate_base(devorg,dr,funnode,layer,moduleid,nodekey,pk_country,pk_industry,pk_systemplate,templateid,tempstyle,ts) values( null,0,'C0J00151',0,'1014',null,null,null,'1001AA10000000000O6P','1001Z0100000000012LS',1,'2018-11-17 15:48:43');
insert into pub_systemplate_base(devorg,dr,funnode,layer,moduleid,nodekey,pk_country,pk_industry,pk_systemplate,templateid,tempstyle,ts) values( null,0,'C0J00151',0,'1014','list',null,null,'1001AA10000000000O6R','1009Z0100000000004NH',0,'2018-11-17 15:48:43');
insert into pub_systemplate_base(devorg,dr,funnode,layer,moduleid,nodekey,pk_country,pk_industry,pk_systemplate,templateid,tempstyle,ts) values( null,0,'C0J00151',0,'1014','defdoc_list',null,null,'1001AA10000000000O6T','1001Z01000000004BZIK',3,'2018-11-17 15:48:43');
insert into pub_systemplate_base(devorg,dr,funnode,layer,moduleid,nodekey,pk_country,pk_industry,pk_systemplate,templateid,tempstyle,ts) values( null,0,'C0J00152',0,'1014',null,null,null,'1001AA10000000000O7Q','1001Z0100000000012LS',1,'2018-11-17 15:49:02');
insert into pub_systemplate_base(devorg,dr,funnode,layer,moduleid,nodekey,pk_country,pk_industry,pk_systemplate,templateid,tempstyle,ts) values( null,0,'C0J00152',0,'1014','list',null,null,'1001AA10000000000O7S','1009Z0100000000004NH',0,'2018-11-17 15:49:02');
insert into pub_systemplate_base(devorg,dr,funnode,layer,moduleid,nodekey,pk_country,pk_industry,pk_systemplate,templateid,tempstyle,ts) values( null,0,'C0J00152',0,'1014','defdoc_list',null,null,'1001AA10000000000O7U','1001Z01000000004BZIK',3,'2018-11-17 15:49:02');
insert into pub_systemplate_base(devorg,dr,funnode,layer,moduleid,nodekey,pk_country,pk_industry,pk_systemplate,templateid,tempstyle,ts) values( null,0,'C0J00153',0,'1014',null,null,null,'1001AA10000000000O8R','1001Z0100000000012LS',1,'2018-11-17 15:49:17');
insert into pub_systemplate_base(devorg,dr,funnode,layer,moduleid,nodekey,pk_country,pk_industry,pk_systemplate,templateid,tempstyle,ts) values( null,0,'C0J00153',0,'1014','list',null,null,'1001AA10000000000O8T','1009Z0100000000004NH',0,'2018-11-17 15:49:17');
insert into pub_systemplate_base(devorg,dr,funnode,layer,moduleid,nodekey,pk_country,pk_industry,pk_systemplate,templateid,tempstyle,ts) values( null,0,'C0J00153',0,'1014','defdoc_list',null,null,'1001AA10000000000O8V','1001Z01000000004BZIK',3,'2018-11-17 15:49:17');
insert into pub_systemplate_base(devorg,dr,funnode,layer,moduleid,nodekey,pk_country,pk_industry,pk_systemplate,templateid,tempstyle,ts) values( null,0,'C0J00165',0,'1014',null,null,null,'1001AA10000000000O9S','1001Z0100000000012LS',1,'2018-11-17 15:49:31');
insert into pub_systemplate_base(devorg,dr,funnode,layer,moduleid,nodekey,pk_country,pk_industry,pk_systemplate,templateid,tempstyle,ts) values( null,0,'C0J00165',0,'1014','list',null,null,'1001AA10000000000O9U','1009Z0100000000004NH',0,'2018-11-17 15:49:31');
insert into pub_systemplate_base(devorg,dr,funnode,layer,moduleid,nodekey,pk_country,pk_industry,pk_systemplate,templateid,tempstyle,ts) values( null,0,'C0J00165',0,'1014','defdoc_list',null,null,'1001AA10000000000O9W','1001Z01000000004BZIK',3,'2018-11-17 15:49:31');
insert into pub_systemplate_base(devorg,dr,funnode,layer,moduleid,nodekey,pk_country,pk_industry,pk_systemplate,templateid,tempstyle,ts) values( null,0,'C0J00170',0,'1014',null,null,null,'1001AA10000000000OAT','1001Z0100000000012LS',1,'2018-11-17 15:49:45');
insert into pub_systemplate_base(devorg,dr,funnode,layer,moduleid,nodekey,pk_country,pk_industry,pk_systemplate,templateid,tempstyle,ts) values( null,0,'C0J00170',0,'1014','list',null,null,'1001AA10000000000OAV','1009Z0100000000004NH',0,'2018-11-17 15:49:45');
insert into pub_systemplate_base(devorg,dr,funnode,layer,moduleid,nodekey,pk_country,pk_industry,pk_systemplate,templateid,tempstyle,ts) values( null,0,'C0J00170',0,'1014','defdoc_list',null,null,'1001AA10000000000OAX','1001Z01000000004BZIK',3,'2018-11-17 15:49:45');
insert into pub_systemplate_base(devorg,dr,funnode,layer,moduleid,nodekey,pk_country,pk_industry,pk_systemplate,templateid,tempstyle,ts) values( null,0,'C0J00173',0,'1014',null,null,null,'1001AA10000000002931','1001Z0100000000012LS',1,'2018-11-20 17:40:02');
insert into pub_systemplate_base(devorg,dr,funnode,layer,moduleid,nodekey,pk_country,pk_industry,pk_systemplate,templateid,tempstyle,ts) values( null,0,'C0J00173',0,'1014','list',null,null,'1001AA10000000002933','1009Z0100000000004NH',0,'2018-11-20 17:40:02');
insert into pub_systemplate_base(devorg,dr,funnode,layer,moduleid,nodekey,pk_country,pk_industry,pk_systemplate,templateid,tempstyle,ts) values( null,0,'C0J00173',0,'1014','defdoc_list',null,null,'1001AA10000000002935','1001Z01000000004BZIK',3,'2018-11-20 17:40:02');
insert into pub_systemplate_base(devorg,dr,funnode,layer,moduleid,nodekey,pk_country,pk_industry,pk_systemplate,templateid,tempstyle,ts) values( null,0,'C0J00174',0,'1014',null,null,null,'1001AA10000000002IEY','1001Z0100000000012LS',1,'2018-11-24 12:20:17');
insert into pub_systemplate_base(devorg,dr,funnode,layer,moduleid,nodekey,pk_country,pk_industry,pk_systemplate,templateid,tempstyle,ts) values( null,0,'C0J00174',0,'1014','list',null,null,'1001AA10000000002IF0','1009Z0100000000004NH',0,'2018-11-24 12:20:18');
insert into pub_systemplate_base(devorg,dr,funnode,layer,moduleid,nodekey,pk_country,pk_industry,pk_systemplate,templateid,tempstyle,ts) values( null,0,'C0J00174',0,'1014','defdoc_list',null,null,'1001AA10000000002IF2','1001Z01000000004BZIK',3,'2018-11-24 12:20:18');
insert into pub_systemplate_base(devorg,dr,funnode,layer,moduleid,nodekey,pk_country,pk_industry,pk_systemplate,templateid,tempstyle,ts) values( null,0,'C0J00176',0,'1014',null,null,null,'1001AA10000000002IFZ','1001Z0100000000012LS',1,'2018-11-24 12:21:01');
insert into pub_systemplate_base(devorg,dr,funnode,layer,moduleid,nodekey,pk_country,pk_industry,pk_systemplate,templateid,tempstyle,ts) values( null,0,'C0J00176',0,'1014','list',null,null,'1001AA10000000002IG1','1009Z0100000000004NH',0,'2018-11-24 12:21:01');
insert into pub_systemplate_base(devorg,dr,funnode,layer,moduleid,nodekey,pk_country,pk_industry,pk_systemplate,templateid,tempstyle,ts) values( null,0,'C0J00176',0,'1014','defdoc_list',null,null,'1001AA10000000002IG3','1001Z01000000004BZIK',3,'2018-11-24 12:21:01');
insert into pub_systemplate_base(devorg,dr,funnode,layer,moduleid,nodekey,pk_country,pk_industry,pk_systemplate,templateid,tempstyle,ts) values( null,0,'C0J00177',0,'1014',null,null,null,'1001AA10000000002IH0','1001Z0100000000012LS',1,'2018-11-24 12:21:47');
insert into pub_systemplate_base(devorg,dr,funnode,layer,moduleid,nodekey,pk_country,pk_industry,pk_systemplate,templateid,tempstyle,ts) values( null,0,'C0J00177',0,'1014','list',null,null,'1001AA10000000002IH2','1009Z0100000000004NH',0,'2018-11-24 12:21:47');
insert into pub_systemplate_base(devorg,dr,funnode,layer,moduleid,nodekey,pk_country,pk_industry,pk_systemplate,templateid,tempstyle,ts) values( null,0,'C0J00177',0,'1014','defdoc_list',null,null,'1001AA10000000002IH4','1001Z01000000004BZIK',3,'2018-11-24 12:21:47');

--dapsystem
insert into dap_dapsystem(appscope,def1,def2,def3,devmodule,dr,isaccount,isitem,isncinnermodule,isrelatedev,moduleid,nodeorder,orgtypecode,parentcode,productscope,resid,supportcloseaccbook,systypecode,systypename,ts) values( 0,null,null,null,'qc',0,'N','N','Y',null,'C0',null,'GLOBLE00000000000000',null,null,'C0_01','N','QC','质量检测','2018-11-12 17:40:58');
insert into dap_dapsystem(appscope,def1,def2,def3,devmodule,dr,isaccount,isitem,isncinnermodule,isrelatedev,moduleid,nodeorder,orgtypecode,parentcode,productscope,resid,supportcloseaccbook,systypecode,systypename,ts) values( 0,null,null,null,'qcco',0,'N','N','Y',null,'C0J0',null,'GLOBLE00000000000000','C0',null,'C0J0_01','N','QCCO','质检委托','2018-11-12 17:41:57');

--vmenu
INSERT INTO SM_MENUITEMREG (DR, FUNCODE, ICONPATH, ISMENUTYPE, MENUDES, MENUITEMCODE, MENUITEMNAME, NODEORDER, PK_MENU, PK_MENUITEM, RESID, TS) VALUES (0, null, null, 'Y', null, 'C0J0', '质检委托', null, '1004ZZ10000000000FFL', '1002Z81000000000CMMS', null, '2011-06-28 19:45:32');
INSERT INTO SM_MENUITEMREG (DR, FUNCODE, ICONPATH, ISMENUTYPE, MENUDES, MENUITEMCODE, MENUITEMNAME, NODEORDER, PK_MENU, PK_MENUITEM, RESID, TS) VALUES (0, null, null, 'Y', null, 'C0J001', '基础档案', null, '1004ZZ10000000000FFL', '1002Z81000000000CMBD', null, '2011-06-28 19:45:32');
INSERT INTO SM_MENUITEMREG (DR, FUNCODE, ICONPATH, ISMENUTYPE, MENUDES, MENUITEMCODE, MENUITEMNAME, NODEORDER, PK_MENU, PK_MENUITEM, RESID, TS) VALUES (0, null, null, 'Y', null, 'C0J002', '委托单', null, '1004ZZ10000000000FFL', '1002Z81000000000CMRC', null, '2011-06-28 19:45:32');

INSERT INTO SM_FUNCREGISTER (CFUNID, CLASS_NAME, DR, FUN_DESC, FUN_NAME, FUN_PROPERTY, FUNCODE, FUNTYPE, HELP_NAME, ISBUTTONPOWER, ISCAUSERUSABLE, ISENABLE, ISFUNCTYPE, MDID, ORGTYPECODE, OWN_MODULE, PARENT_ID, PK_GROUP, TS) VALUES ('1001AA100000000001GZ', null, 0, null, '基础档案', null, 'C0J001', null, null, 'N', null, 'N', 'Y', null, null, 'C0J0', null, '~', '2013-03-26 23:10:28');
INSERT INTO SM_FUNCREGISTER (CFUNID, CLASS_NAME, DR, FUN_DESC, FUN_NAME, FUN_PROPERTY, FUNCODE, FUNTYPE, HELP_NAME, ISBUTTONPOWER, ISCAUSERUSABLE, ISENABLE, ISFUNCTYPE, MDID, ORGTYPECODE, OWN_MODULE, PARENT_ID, PK_GROUP, TS) VALUES ('1001AA100000000001H0', null, 0, null, '委托单', null, 'C0J002', null, null, 'N', null, 'N', 'Y', null, null, 'C0J0', null, '~', '2013-03-26 23:10:28');

